time,flux,flux_err,timecorr,cadenceno,centroid_col,centroid_row,sap_flux,sap_flux_err,sap_bkg,sap_bkg_err,pdcsap_flux,pdcsap_flux_err,quality,psf_centr1,psf_centr1_err,psf_centr2,psf_centr2_err,mom_centr1,mom_centr1_err,mom_centr2,mom_centr2_err,pos_corr1,pos_corr2
2718.6387826758187,7388.7017,5.778817,-0.003561319,214730,1671.5389595321997,200.00547885025063,6835.474,4.949834,1963.9843,1.8501805,7388.7017,5.778817,0,,,,,1671.5389595321997,0.000544058,200.00547885025063,0.0006051833,0.027655404,-0.05087301
2718.6457268935415,7361.6274,5.7752085,-0.0035615426,214731,1671.537980776961,200.00207878198108,6814.1836,4.946743,1966.7108,1.8511013,7361.6274,5.7752085,0,,,,,1671.537980776961,0.0005446248,200.00207878198108,0.0006067475,0.024501897,-0.054514628
2718.6526711114984,7379.1694,5.774368,-0.003561766,214732,1671.5378641398402,200.0046157905778,6826.592,4.946023,1961.9819,1.8486549,7379.1694,5.774368,0,,,,,1671.5378641398402,0.0005438785,200.0046157905778,0.00060567504,0.02565853,-0.052111242
2718.6596153299215,7375.94,5.776297,-0.0035619887,214733,1671.5384351780522,200.00457065743748,6829.692,4.9476757,1962.8353,1.8492986,7375.94,5.776297,0,,,,,1671.5384351780522,0.0005436565,200.00457065743748,0.0006052732,0.025268346,-0.05060691
2718.6665595485774,7380.724,5.7767363,-0.0035622113,214734,1671.5391665032403,200.00665017094389,6831.812,4.9480515,1962.6023,1.8502853,7380.724,5.7767363,0,,,,,1671.5391665032403,0.00054374756,200.00665017094389,0.00060486473,0.027778653,-0.047210086
2718.6735037674657,7379.529,5.7770553,-0.0035624336,214735,1671.5359434891466,200.0025589515734,6821.471,4.9483247,1963.8757,1.8509253,7379.529,5.7770553,0,,,,,1671.5359434891466,0.0005452195,200.0025589515734,0.00060642575,0.02297954,-0.055531234
2718.680447986819,7379.9077,5.7797365,-0.0035626555,214736,1671.5370308433814,200.00454181027297,6829.621,4.9506216,1963.4288,1.8506105,7379.9077,5.7797365,0,,,,,1671.5370308433814,0.00054357556,200.00454181027297,0.0006058571,0.024232183,-0.05064854
2718.687392206639,7381.4604,5.7755885,-0.003562877,214737,1671.5361834246248,200.00522341850433,6825.4526,4.947068,1961.8203,1.849876,7381.4604,5.7755885,0,,,,,1671.5361834246248,0.000543962,200.00522341850433,0.00060590997,0.023703579,-0.050535325
2718.6943364266904,7380.5073,5.779322,-0.0035630981,214738,1671.5368118730598,200.0055177594932,6828.456,4.950267,1963.5696,1.8509661,7380.5073,5.779322,0,,,,,1671.5368118730598,0.00054438494,200.0055177594932,0.0006058477,0.024283292,-0.049857933
2718.7012806469756,7360.1807,5.772235,-0.003563319,214739,1671.5352159374727,200.0043883888898,6810.393,4.944196,1965.8702,1.8503854,7360.1807,5.772235,0,,,,,1671.5352159374727,0.00054479344,200.0043883888898,0.00060688524,0.022073397,-0.051612195
2718.708224867727,7387.3037,5.7782154,-0.0035635396,214740,1671.5368038858612,200.00767817102886,6834.733,4.9493184,1962.2524,1.8497466,7387.3037,5.7782154,0,,,,,1671.5368038858612,0.000543514,200.00767817102886,0.0006049497,0.025609186,-0.046894625
2718.7151690887113,7383.307,5.776989,-0.0035637598,214741,1671.5366954400333,200.0057439107966,6821.4253,4.948268,1964.4553,1.8510295,7383.307,5.776989,0,,,,,1671.5366954400333,0.0005447756,200.0057439107966,0.00060652854,0.023134818,-0.050357115
2718.722113309928,7381.946,5.7755327,-0.0035639799,214742,1671.5362551239061,200.00585785851897,6830.314,4.9470205,1959.899,1.8490752,7381.946,5.7755327,0,,,,,1671.5362551239061,0.000543656,200.00585785851897,0.0006049861,0.02409991,-0.04814047
2718.7290575316097,7381.6533,5.7755456,-0.0035641994,214743,1671.5357069706017,200.00557276675568,6830.0557,4.947032,1961.6149,1.848614,7381.6533,5.7755456,0,,,,,1671.5357069706017,0.0005433822,200.00557276675568,0.0006051854,0.021847088,-0.050859075
2718.7360017535243,7371.2305,5.775939,-0.0035644188,214744,1671.5350323584928,200.0067405108706,6819.785,4.947369,1965.4592,1.8503414,7371.2305,5.775939,0,,,,,1671.5350323584928,0.0005450546,200.0067405108706,0.0006057837,0.021530405,-0.047590837
2718.7429459759046,7383.377,5.777403,-0.0035646376,214745,1671.5373678554881,200.0071061805391,6827.45,4.9486227,1964.7285,1.8530272,7383.377,5.777403,0,,,,,1671.5373678554881,0.0005439622,200.0071061805391,0.00060562446,0.024370316,-0.048141647
2718.7498901985177,7386.0557,5.778904,-0.0035648562,214746,1671.5363035530615,200.00704984484364,6836.704,4.9499087,1963.1011,1.8506839,7386.0557,5.778904,0,,,,,1671.5363035530615,0.00054347486,200.00704984484364,0.0006050409,0.023897303,-0.04708752
2718.756834421365,7379.317,5.77495,-0.0035650746,214747,1671.5343136196818,200.00529570214317,6819.1055,4.9465218,1965.6029,1.8503098,7379.317,5.77495,0,,,,,1671.5343136196818,0.000544217,200.00529570214317,0.0006063084,0.020432292,-0.049545106
2718.7637786444448,7382.3647,5.7801085,-0.0035652928,214748,1671.53642506463,200.0063938633759,6829.0063,4.95094,1963.2224,1.8515041,7382.3647,5.7801085,0,,,,,1671.53642506463,0.00054480106,200.0063938633759,0.00060568686,0.023617404,-0.048369303
2718.7707228679897,7391.216,5.7844944,-0.0035655105,214749,1671.5355962570825,200.00636953291485,6837.5156,4.9546967,1969.4694,1.8542144,7391.216,5.7844944,0,,,,,1671.5355962570825,0.0005442894,200.00636953291485,0.00060558214,0.022533173,-0.048570108
2718.777667092,7391.09,5.7888246,-0.0035657277,214750,1671.5352250748572,200.00618236981316,6836.454,4.9584055,1982.4186,1.8592175,7391.09,5.7888246,0,,,,,1671.5352250748572,0.00054383476,200.00618236981316,0.0006061401,0.022305775,-0.047570996
2718.78461131601,7378.207,5.7881575,-0.003565945,214751,1671.5349698328105,200.0071188333559,6822.374,4.9578342,1990.6815,1.8601563,7378.207,5.7881575,0,,,,,1671.5349698328105,0.0005456874,200.0071188333559,0.0006070915,0.02220514,-0.04787133
2718.7915555404857,7387.192,5.796908,-0.0035661617,214752,1671.5347828356257,200.00706423495063,6831.9355,4.9653296,2009.3135,1.8647503,7387.192,5.796908,0,,,,,1671.5347828356257,0.0005454664,200.00706423495063,0.00060752843,0.021623444,-0.047798306
2718.7984997651943,7381.4565,5.8055563,-0.0035663783,214753,1671.5362449857166,200.0064949128247,6826.2573,4.9727373,2037.0337,1.8738046,7381.4565,5.8055563,0,,,,,1671.5362449857166,0.00054695713,200.0064949128247,0.00060862105,0.02296701,-0.04677832
2718.8054439901366,7392.31,5.818899,-0.0035665946,214754,1671.534369466958,200.007841100412,6834.503,4.984166,2060.9055,1.8823076,7392.31,5.818899,0,,,,,1671.534369466958,0.00054793904,200.007841100412,0.0006096047,0.021364672,-0.04715007
2718.812388215545,7376.141,5.827668,-0.0035668104,214755,1671.5350062159096,200.00713125578366,6822.0684,4.991677,2092.1997,1.8923028,7376.141,5.827668,0,,,,,1671.5350062159096,0.00054965325,200.00713125578366,0.00061198144,0.02200385,-0.04681408
2718.8193324411855,7376.755,5.843688,-0.003567026,214756,1671.5330698427708,200.00562658813718,6818.9736,5.005399,2129.6108,1.9051644,7376.755,5.843688,0,,,,,1671.5330698427708,0.0005517216,200.00562658813718,0.000614066,0.019633165,-0.049467433
2718.826276667058,7387.4937,5.860618,-0.0035672414,214757,1671.533951723412,200.00916922177868,6824.436,5.019901,2165.1458,1.9173213,7387.4937,5.860618,0,,,,,1671.533951723412,0.0005534772,200.00916922177868,0.0006157609,0.020240437,-0.045868892
2718.833220893164,7384.041,5.8800106,-0.0035674565,214758,1671.536157970925,200.00590694332217,6826.5894,5.036511,2208.68,1.9305148,7384.041,5.8800106,0,,,,,1671.536157970925,0.00055513275,200.00590694332217,0.00061758707,0.022581512,-0.046584096
2718.840165119735,7367.115,5.893965,-0.0035676712,214759,1671.5340058755803,200.00650175430835,6810.8345,5.0484633,2254.8213,1.9483047,7367.115,5.893965,0,,,,,1671.5340058755803,0.00055702537,200.00650175430835,0.0006205627,0.020736206,-0.048183847
2718.847109346539,7392.383,5.916536,-0.0035678856,214760,1671.5344372118134,200.00669925867516,6833.897,5.0677967,2297.4287,1.9589094,7392.383,5.916536,0,,,,,1671.5344372118134,0.0005584312,200.00669925867516,0.0006213422,0.02119488,-0.04755889
2718.854053573344,7386.9897,5.934309,-0.0035681,214761,1671.535542496506,200.00741807686228,6827.463,5.08302,2343.7705,1.973382,7386.9897,5.934309,0,,,,,1671.535542496506,0.00056040415,200.00741807686228,0.0006239115,0.022561664,-0.04590968
2718.860997800847,7385.383,5.9523005,-0.0035683138,214762,1671.5351157266518,200.0073636698088,6827.9946,5.098431,2394.0884,1.9883486,7385.383,5.9523005,0,,,,,1671.5351157266518,0.0005622083,200.0073636698088,0.000625934,0.021862842,-0.046541087
2718.86794202835,7393.132,5.972052,-0.0035685275,214763,1671.5361559278601,200.00944799183625,6832.0034,5.1153493,2441.2996,2.0028536,7393.132,5.972052,0,,,,,1671.5361559278601,0.0005635259,200.00944799183625,0.00062838703,0.022473624,-0.044397946
2718.8748862560865,7374.8203,5.989653,-0.003568741,214764,1671.5336519197758,200.0070102584723,6817.243,5.130425,2491.7874,2.0195456,7374.8203,5.989653,0,,,,,1671.5336519197758,0.0005666523,200.0070102584723,0.0006313001,0.01971501,-0.047053184
2718.8818304842875,7384.2036,6.0096126,-0.003568954,214765,1671.531975824684,200.0060916130051,6826.417,5.147521,2534.6287,2.0320113,7384.2036,6.0096126,0,,,,,1671.531975824684,0.00056799385,200.0060916130051,0.00063331216,0.018743828,-0.04859013
2718.8887747127214,7395.5645,6.026457,-0.0035691669,214766,1671.5362076522586,200.0092009511389,6834.327,5.161949,2577.1223,2.0431874,7395.5645,6.026457,0,,,,,1671.5362076522586,0.00056942966,200.0092009511389,0.0006341412,0.023033753,-0.044246018
2718.895718941388,7395.64,6.045232,-0.0035693794,214767,1671.533395624147,200.00650134170945,6831.4766,5.178031,2623.7053,2.0587316,7395.64,6.045232,0,,,,,1671.533395624147,0.00057145156,200.00650134170945,0.00063692743,0.019218305,-0.04865729
2718.9026631702886,7390.0547,6.063033,-0.0035695918,214768,1671.5344393566156,200.00823531913485,6831.4307,5.1932783,2665.256,2.0717068,7390.0547,6.063033,0,,,,,1671.5344393566156,0.00057322736,200.00823531913485,0.00063856924,0.021220911,-0.043996077
2718.909607399421,7388.83,6.0785766,-0.003569804,214769,1671.5350334307088,200.00786984301288,6824.979,5.206592,2709.339,2.0853567,7388.83,6.0785766,0,,,,,1671.5350334307088,0.0005752021,200.00786984301288,0.0006415516,0.021682361,-0.046592202
2718.916551628787,7399.3813,6.0974936,-0.0035700158,214770,1671.5353041224137,200.00922184259073,6839.2363,5.222796,2748.058,2.0976098,7399.3813,6.0974936,0,,,,,1671.5353041224137,0.0005762862,200.00922184259073,0.0006419131,0.022017071,-0.04371362
2718.923495858385,7393.549,6.112623,-0.0035702274,214771,1671.534144162424,200.00790459147004,6825.716,5.235755,2792.1777,2.10967,7393.549,6.112623,0,,,,,1671.534144162424,0.00057880953,200.00790459147004,0.0006458388,0.020738635,-0.046600662
2718.9304400884494,7386.3735,6.129211,-0.0035704386,214772,1671.5332565722133,200.0082566240356,6828.006,5.2499633,2835.061,2.121567,7386.3735,6.129211,0,,,,,1671.5332565722133,0.0005807249,200.0082566240356,0.0006470547,0.020245679,-0.045297004
2718.9373843185135,7397.7905,6.1450934,-0.0035706498,214773,1671.53397981225,200.00723848442445,6828.4976,5.263567,2879.0918,2.1337802,7397.7905,6.1450934,0,,,,,1671.53397981225,0.00058197306,200.00723848442445,0.0006487536,0.020433199,-0.04601501
2718.944328549043,7396.8203,6.1599426,-0.0035708605,214774,1671.5343701671131,200.00933167081968,6833.253,5.276286,2915.8386,2.1463878,7396.8203,6.1599426,0,,,,,1671.5343701671131,0.00058296905,200.00933167081968,0.0006502671,0.021284118,-0.044772126
2718.951272779573,7399.1284,6.1765184,-0.0035710712,214775,1671.5327649561527,200.00633198860604,6838.2905,5.290484,2954.1885,2.1556911,7399.1284,6.1765184,0,,,,,1671.5327649561527,0.0005841386,200.00633198860604,0.00065140566,0.019399494,-0.048539452
2718.958217010568,7386.6333,6.1892614,-0.0035712814,214776,1671.5338292185886,200.00754724084558,6825.8086,5.301399,2995.2302,2.1670878,7386.6333,6.1892614,0,,,,,1671.5338292185886,0.000586742,200.00754724084558,0.0006541458,0.021163626,-0.045975495
2718.9651612417965,7390.36,6.2059207,-0.0035714915,214777,1671.5357262938628,200.00924442335466,6826.1475,5.3156686,3033.2107,2.1788752,7390.36,6.2059207,0,,,,,1671.5357262938628,0.00058835075,200.00924442335466,0.00065618334,0.021620149,-0.044179708
2718.972105473025,7395.887,6.220761,-0.0035717015,214778,1671.5337161222735,200.00669383560285,6836.351,5.32838,3071.8677,2.1888711,7395.887,6.220761,0,,,,,1671.5337161222735,0.00058900064,200.00669383560285,0.000656647,0.020242697,-0.04602472
2718.979049704719,7396.168,6.2357945,-0.003571911,214779,1671.534445968398,200.00814927527242,6834.5176,5.341257,3110.0076,2.2001173,7396.168,6.2357945,0,,,,,1671.534445968398,0.00059071794,200.00814927527242,0.0006590445,0.021276765,-0.04629145
2718.9859939366456,7403.8354,6.2544656,-0.0035721203,214780,1671.533688889227,200.00708223518558,6842.7827,5.3572497,3150.0007,2.2125757,7403.8354,6.2544656,0,,,,,1671.533688889227,0.00059156277,200.00708223518558,0.0006600926,0.019660518,-0.046559963
2718.992938168572,7385.849,6.265,-0.0035723296,214781,1671.5345310322307,200.0066710934125,6827.3496,5.3662724,3191.1377,2.2224574,7385.849,6.265,0,,,,,1671.5345310322307,0.00059477636,200.0066710934125,0.0006627319,0.022656973,-0.04615347
2718.999882400965,7406.5156,6.283378,-0.0035725385,214782,1671.5334387592188,200.00835265607594,6844.837,5.3820148,3227.895,2.2321322,7406.5156,6.283378,0,,,,,1671.5334387592188,0.00059470994,200.00835265607594,0.0006631823,0.02070714,-0.044443868
2719.0068266335898,7389.1904,6.2962275,-0.003572747,214783,1671.5339527491542,200.0080011416414,6830.419,5.3930206,3267.9395,2.2466254,7389.1904,6.2962275,0,,,,,1671.5339527491542,0.0005972172,200.0080011416414,0.00066624983,0.019925447,-0.045485623
2719.013770866215,7392.5464,6.3105245,-0.0035729557,214784,1671.534582323964,200.0080104548275,6834.6245,5.405267,3307.8328,2.254562,7392.5464,6.3105245,0,,,,,1671.534582323964,0.00059842266,200.0080104548275,0.00066723925,0.021847274,-0.04483324
2719.020715099306,7392.746,6.3269777,-0.0035731639,214785,1671.535273603273,200.00843544009703,6832.8203,5.4193597,3348.0786,2.2664323,7392.746,6.3269777,0,,,,,1671.535273603273,0.0006003859,200.00843544009703,0.000669513,0.021970961,-0.04501772
2719.0276593323965,7396.5244,6.3380723,-0.003573372,214786,1671.5333624708776,200.0067554996846,6839.0205,5.428863,3380.7495,2.2738419,7396.5244,6.3380723,0,,,,,1671.5333624708776,0.0006007444,200.0067554996846,0.0006702057,0.01948075,-0.046766937
2719.034603565953,7396.775,6.355474,-0.0035735797,214787,1671.5348482515126,200.00810591941013,6835.63,5.443768,3422.276,2.2868195,7396.775,6.355474,0,,,,,1671.5348482515126,0.00060262607,200.00810591941013,0.0006726342,0.020502152,-0.04454966
2719.0415477995098,7403.2856,6.3704686,-0.0035737874,214788,1671.5338385077607,200.00911199409222,6840.8687,5.4566116,3453.7473,2.2959611,7403.2856,6.3704686,0,,,,,1671.5338385077607,0.0006038979,200.00911199409222,0.0006740189,0.02076155,-0.045281146
2719.0484920332997,7391.258,6.3782206,-0.0035739949,214789,1671.5333815964152,200.00894935456617,6831.721,5.4632516,3485.7683,2.3035607,7391.258,6.3782206,0,,,,,1671.5333815964152,0.00060565997,200.00894935456617,0.0006753588,0.020699576,-0.044601265
2719.0554362673215,7398.576,6.3881187,-0.003574202,214790,1671.5330402014824,200.00779267200616,6838.1577,5.4717298,3512.379,2.3097005,7398.576,6.3881187,0,,,,,1671.5330402014824,0.00060614024,200.00779267200616,0.00067626045,0.019350972,-0.045769002
2719.062380501576,7387.366,6.3982086,-0.003574409,214791,1671.5346429473407,200.00786487566413,6831.6494,5.4803724,3536.7388,2.318603,7387.366,6.3982086,0,,,,,1671.5346429473407,0.00060727535,200.00786487566413,0.0006779113,0.021186624,-0.046744395
2719.0693247360637,7400.614,6.408064,-0.0035746158,214792,1671.5330879377032,200.00846369999132,6842.6504,5.488814,3559.148,2.322882,7400.614,6.408064,0,,,,,1671.5330879377032,0.0006077223,200.00846369999132,0.0006778369,0.02032707,-0.04366435
2719.076268970785,7385.5977,6.413545,-0.0035748223,214793,1671.5329261087527,200.00688589884814,6828.0635,5.493509,3584.109,2.3294573,7385.5977,6.413545,0,,,,,1671.5329261087527,0.0006094762,200.00688589884814,0.0006796467,0.019148882,-0.04568767
2719.083213205505,7399.5283,6.4198008,-0.0035750289,214794,1671.5357446159053,200.00772879645328,6840.618,5.498867,3592.854,2.331502,7399.5283,6.4198008,0,,,,,1671.5357446159053,0.0006090375,200.00772879645328,0.00067974854,0.02091927,-0.04620305
2719.090157440692,7382.89,6.423817,-0.003575235,214795,1671.5338128861947,200.00952840547797,6827.655,5.5023074,3610.8716,2.3369524,7382.89,6.423817,0,,,,,1671.5338128861947,0.0006107518,200.00952840547797,0.0006810141,0.02065853,-0.04364747
2719.097101675879,7389.177,6.4288254,-0.003575441,214796,1671.5332595463312,200.00757812229295,6832.2407,5.506597,3621.867,2.3386323,7389.177,6.4288254,0,,,,,1671.5332595463312,0.00061078777,200.00757812229295,0.00068115204,0.018735828,-0.045521364
2719.1040459115306,7391.7144,6.4329886,-0.0035756466,214797,1671.53488199711,200.00922051163207,6834.0684,5.5101633,3631.555,2.3415403,7391.7144,6.4329886,0,,,,,1671.53488199711,0.0006114072,200.00922051163207,0.00068179617,0.021339756,-0.043893196
2719.1109901471823,7389.5396,6.4340415,-0.0035758521,214798,1671.5328627039964,200.00763125418638,6832.261,5.511065,3638.0464,2.342797,7389.5396,6.4340415,0,,,,,1671.5328627039964,0.00061135157,200.00763125418638,0.0006819053,0.018520698,-0.046060406
2719.117934382834,7402.2607,6.4373355,-0.0035760577,214799,1671.5345460719873,200.0084220565378,6842.6777,5.5138865,3640.6416,2.3432953,7402.2607,6.4373355,0,,,,,1671.5345460719873,0.0006109446,200.0084220565378,0.0006813649,0.021654777,-0.044529673
2719.124878618952,7399.964,6.4375305,-0.0035762629,214800,1671.534372696714,200.0089005142958,6839.9507,5.514054,3640.4697,2.3443656,7399.964,6.4375305,0,,,,,1671.534372696714,0.0006108278,200.0089005142958,0.00068175996,0.019160584,-0.045348905
2719.1318228553023,7384.954,6.439579,-0.0035764677,214801,1671.5337107754547,200.00803477602784,6827.8247,5.515808,3648.3862,2.348617,7384.954,6.439579,0,,,,,1671.5337107754547,0.0006120547,200.00803477602784,0.0006829531,0.02030124,-0.04581725
2719.138767091653,7391.48,6.442618,-0.0035766726,214802,1671.5328730042227,200.00899493617922,6833.632,5.518411,3657.008,2.3486602,7391.48,6.442618,0,,,,,1671.5328730042227,0.00061193504,200.00899493617922,0.0006826364,0.019871466,-0.04383872
2719.145711328237,7389.0435,6.439891,-0.0035768773,214803,1671.5326473797857,200.00686438527214,6831.829,5.516075,3654.1562,2.3469496,7389.0435,6.439891,0,,,,,1671.5326473797857,0.0006120758,200.00686438527214,0.00068262144,0.018802116,-0.045731723
2719.1526555650526,7397.563,6.443304,-0.0035770817,214804,1671.5346559114328,200.009293883011,6840.3174,5.518999,3658.2046,2.3488941,7397.563,6.443304,0,,,,,1671.5346559114328,0.0006114937,200.009293883011,0.00068184716,0.021441134,-0.043098565
2719.159599801868,7389.3057,6.444758,-0.0035772861,214805,1671.5329807986932,200.0060089693806,6832.104,5.5202446,3661.0466,2.3508253,7389.3057,6.444758,0,,,,,1671.5329807986932,0.0006127434,200.0060089693806,0.0006831765,0.01915519,-0.045886
2719.1665440391503,7401.052,6.4465585,-0.00357749,214806,1671.5334326742768,200.0091530692948,6842.823,5.521786,3663.6511,2.35066,7401.052,6.4465585,0,,,,,1671.5334326742768,0.00061179884,200.0091530692948,0.0006821109,0.019621821,-0.043963082
2719.1734882764317,7391.7036,6.4440575,-0.003577694,214807,1671.5342692227161,200.00878232534188,6834.1567,5.519644,3663.1548,2.3499386,7391.7036,6.4440575,0,,,,,1671.5342692227161,0.0006120548,200.00878232534188,0.0006831016,0.019702736,-0.045200393
2719.1804325139465,7395.2837,6.4445434,-0.0035778978,214808,1671.532557573227,200.01018046437704,6838.259,5.5200605,3662.6218,2.3499727,7395.2837,6.4445434,0,,,,,1671.532557573227,0.00061201875,200.01018046437704,0.000682224,0.01912357,-0.04378398
2719.1873767516945,7405.554,6.443581,-0.0035781013,214809,1671.5333154920106,200.00899286029178,6846.791,5.519236,3651.257,2.3470712,7405.554,6.443581,0,,,,,1671.5333154920106,0.00061118254,200.00899286029178,0.00068152306,0.0201246,-0.043775216
2719.1943209894425,7381.6445,6.4380703,-0.0035783048,214810,1671.5327861184392,200.00682537362064,6826.9697,5.514516,3645.7751,2.346176,7381.6445,6.4380703,0,,,,,1671.5327861184392,0.00061210466,200.00682537362064,0.00068302726,0.018900992,-0.04506087
2719.201265227422,7398.978,6.4365597,-0.003578508,214811,1671.534011373261,200.0098772845283,6837.3115,5.5132217,3634.9775,2.345459,7398.978,6.4365597,0,,,,,1671.534011373261,0.00061101955,200.0098772845283,0.0006816761,0.020467276,-0.043073375
2719.208209465635,7386.3647,6.4307394,-0.003578711,214812,1671.5328850440817,200.00741650581355,6829.502,5.508237,3623.1853,2.339958,7386.3647,6.4307394,0,,,,,1671.5328850440817,0.0006110993,200.00741650581355,0.000682126,0.018160896,-0.046214953
2719.2151537040813,7389.3438,6.4257245,-0.0035789139,214813,1671.5337818448672,200.00821740262057,6832.9775,5.503941,3606.7617,2.3360517,7389.3438,6.4257245,0,,,,,1671.5337818448672,0.000610266,200.00821740262057,0.000680614,0.019656364,-0.043756794
2719.222097942527,7389.6934,6.418644,-0.0035791167,214814,1671.5350336442723,200.00822038538772,6832.7134,5.497876,3591.9053,2.3313055,7389.6934,6.418644,0,,,,,1671.5350336442723,0.00060974574,200.00822038538772,0.00068012474,0.019497374,-0.044466153
2719.229042181206,7400.0903,6.4117007,-0.0035793192,214815,1671.533861761478,200.0089519565518,6842.7783,5.491929,3568.8508,2.3269484,7400.0903,6.4117007,0,,,,,1671.533861761478,0.0006079781,200.0089519565518,0.00067825906,0.020123877,-0.043436356
2719.235986420118,7400.967,6.4046626,-0.0035795216,214816,1671.5339638626072,200.00939047466588,6842.675,5.4859004,3551.674,2.3211272,7400.967,6.4046626,0,,,,,1671.5339638626072,0.0006073326,200.00939047466588,0.00067729846,0.019692061,-0.043466423
2719.2429306590298,7381.816,6.3963776,-0.0035797239,214817,1671.532992416917,200.008992081213,6827.5557,5.4788036,3535.0898,2.317124,7381.816,6.3963776,0,,,,,1671.532992416917,0.00060809695,200.008992081213,0.00067780167,0.018473187,-0.0440549
2719.249874898173,7390.858,6.3957806,-0.003579926,214818,1671.533390928902,200.0094528168231,6835.4976,5.4782925,3521.4575,2.3130946,7390.858,6.3957806,0,,,,,1671.533390928902,0.0006069101,200.0094528168231,0.0006772327,0.020253967,-0.042669076
2719.2568191375503,7380.287,6.3861957,-0.0035801278,214819,1671.5328483564,200.00786882672202,6825.5435,5.4700828,3511.131,2.3122458,7380.287,6.3861957,0,,,,,1671.5328483564,0.00060692104,200.00786882672202,0.00067688985,0.020519484,-0.046321478
2719.2637633769286,7394.2188,6.3823376,-0.0035803297,214820,1671.5335850498714,200.00961544921694,6838.3066,5.4667783,3485.086,2.303866,7394.2188,6.3823376,0,,,,,1671.5335850498714,0.00060513185,200.00961544921694,0.00067556335,0.019769546,-0.043332793
2719.2707076165384,7386.3096,6.373531,-0.0035805313,214821,1671.5326370466948,200.00867838907035,6831.13,5.459235,3472.1133,2.2996366,7386.3096,6.373531,0,,,,,1671.5326370466948,0.00060503575,200.00867838907035,0.0006752736,0.018775295,-0.044262376
2719.2776518563815,7390.807,6.3676205,-0.0035807327,214822,1671.533855787795,200.00856554329013,6833.8545,5.4541726,3458.5212,2.2960443,7390.807,6.3676205,0,,,,,1671.533855787795,0.0006042531,200.00856554329013,0.00067368604,0.02010083,-0.043006603
2719.284596096458,7391.8706,6.359029,-0.003580934,214823,1671.5324917391301,200.0095140015876,6836.1294,5.446813,3434.7874,2.2891126,7391.8706,6.359029,0,,,,,1671.5324917391301,0.0006035528,200.0095140015876,0.0006726637,0.019501707,-0.043608703
2719.2915403365337,7386.4443,6.355822,-0.003581135,214824,1671.5325744991637,200.00858710317283,6830.7627,5.444066,3427.642,2.2879364,7386.4443,6.355822,0,,,,,1671.5325744991637,0.00060348486,200.00858710317283,0.0006729225,0.019501405,-0.043750312
2719.298484576841,7383.9272,6.350513,-0.003581336,214825,1671.5326267148112,200.008756934144,6828.6826,5.439519,3409.7053,2.283442,7383.9272,6.350513,0,,,,,1671.5326267148112,0.00060288905,200.008756934144,0.0006725542,0.018990353,-0.044261128
2719.3054288171497,7384.404,6.3448057,-0.003581537,214826,1671.5330677974775,200.00914706164806,6830.1953,5.4346304,3398.5618,2.281129,7384.404,6.3448057,0,,,,,1671.5330677974775,0.0006020358,200.00914706164806,0.00067133346,0.019282078,-0.04249881
2719.3123730576917,7386.7676,6.3405337,-0.0035817376,214827,1671.532640883432,200.0092873877605,6832.659,5.4309716,3387.8828,2.276666,7386.7676,6.3405337,0,,,,,1671.532640883432,0.0006016635,200.0092873877605,0.0006707174,0.019421736,-0.042420745
2719.319317298466,7384.7964,6.3375044,-0.003581938,214828,1671.5319167490106,200.00914401831042,6830.3457,5.428376,3377.76,2.27373,7384.7964,6.3375044,0,,,,,1671.5319167490106,0.00060159946,200.00914401831042,0.000670696,0.01851515,-0.042850368
2719.3262615392405,7400.5327,6.3335342,-0.0035821386,214829,1671.5332643568702,200.00927404691572,6844.0337,5.424976,3360.76,2.2696009,7400.5327,6.3335342,0,,,,,1671.5332643568702,0.00059992215,200.00927404691572,0.0006687685,0.020010218,-0.042737976
2719.3332057802477,7395.865,6.328758,-0.0035823388,214830,1671.533038912201,200.0088103130095,6839.307,5.4208846,3354.6018,2.2665803,7395.865,6.328758,0,,,,,1671.533038912201,0.00059986254,200.0088103130095,0.0006689065,0.018550098,-0.04457229
2719.3401500212544,7393.2163,6.3270273,-0.003582539,214831,1671.5315969864723,200.01152642724932,6837.119,5.419402,3350.7876,2.2661767,7393.2163,6.3270273,0,,,,,1671.5315969864723,0.0005998233,200.01152642724932,0.0006685254,0.018618751,-0.04188037
2719.347094262494,7403.515,6.3289666,-0.003582739,214832,1671.5322163467802,200.00905463269862,6847.572,5.4210634,3346.1914,2.265839,7403.515,6.3289666,0,,,,,1671.5322163467802,0.00059888547,200.00905463269862,0.0006680363,0.018235007,-0.043814164
2719.354038503967,7389.267,6.3230624,-0.0035829388,214833,1671.5332922036105,200.00888163268502,6835.1284,5.416006,3341.3203,2.264713,7389.267,6.3230624,0,,,,,1671.5332922036105,0.0005994939,200.00888163268502,0.0006683356,0.019649278,-0.04222015
2719.36098274544,7390.6387,6.3237343,-0.0035831386,214834,1671.5325355109796,200.00833519011644,6835.813,5.416582,3339.2053,2.2634137,7390.6387,6.3237343,0,,,,,1671.5325355109796,0.00059965753,200.00833519011644,0.00066857314,0.01845994,-0.04330865
2719.367926987146,7382.48,6.3222017,-0.003583338,214835,1671.5323464456508,200.00898803026925,6827.663,5.4152694,3338.8884,2.2628646,7382.48,6.3222017,0,,,,,1671.5323464456508,0.0006001775,200.00898803026925,0.0006691524,0.018585395,-0.042374164
2719.3748712290835,7386.9883,6.3243175,-0.0035835374,214836,1671.5320285112566,200.00981057574316,6832.8325,5.4170814,3337.1262,2.2642827,7386.9883,6.3243175,0,,,,,1671.5320285112566,0.00059980503,200.00981057574316,0.00066886964,0.018627094,-0.042028777
2719.381815471022,7394.326,6.3249764,-0.0035837367,214837,1671.5310387991035,200.00955308974247,6838.0366,5.417646,3338.587,2.2629938,7394.326,6.3249764,0,,,,,1671.5310387991035,0.0005993728,200.00955308974247,0.0006686378,0.016093064,-0.04317267
2719.388759712961,7387.396,6.3266635,-0.003583936,214838,1671.532239352613,200.00989728603838,6832.443,5.4190907,3344.602,2.2663329,7387.396,6.3266635,0,,,,,1671.532239352613,0.00060012506,200.00989728603838,0.00066922954,0.020080183,-0.042002175
2719.395703955132,7395.449,6.331763,-0.003584135,214839,1671.532696663825,200.009789018871,6840.337,5.4234586,3350.6768,2.2667687,7395.449,6.331763,0,,,,,1671.532696663825,0.0005999498,200.009789018871,0.00066916336,0.017929899,-0.04210838
2719.402648197536,7390.0625,6.32841,-0.003584334,214840,1671.5334288153515,200.00942982952856,6835.9565,5.4205866,3353.9285,2.266909,7390.0625,6.32841,0,,,,,1671.5334288153515,0.0005999764,200.00942982952856,0.00066913915,0.019258946,-0.04192199
2719.4095924401736,7386.567,6.3288355,-0.0035845325,214841,1671.5317436281723,200.00956163828596,6832.823,5.420951,3356.395,2.2685194,7386.567,6.3288355,0,,,,,1671.5317436281723,0.00060048694,200.00956163828596,0.0006692143,0.0178932,-0.042050492
2719.4165366825778,7387.568,6.333983,-0.0035847314,214842,1671.5316222876902,200.00895681538813,6832.78,5.42536,3365.9233,2.2713745,7387.568,6.333983,0,,,,,1671.5316222876902,0.000601294,200.00895681538813,0.0006699164,0.017548822,-0.042947687
2719.4234809254463,7393.3345,6.3365583,-0.0035849297,214843,1671.5323599367928,200.0099909415136,6838.3687,5.427566,3376.4175,2.2731204,7393.3345,6.3365583,0,,,,,1671.5323599367928,0.0006008137,200.0099909415136,0.00066960603,0.01887871,-0.041564256
2719.4304251683166,7391.4194,6.3400717,-0.003585128,214844,1671.5316987157469,200.00974857547754,6837.975,5.4305754,3384.8438,2.2746723,7391.4194,6.3400717,0,,,,,1671.5316987157469,0.00060112186,200.00974857547754,0.0006701345,0.018972674,-0.041723844
2719.437369411187,7394.787,6.346159,-0.0035853265,214845,1671.5308828019763,200.0095520065246,6840.6377,5.4357896,3397.754,2.2799325,7394.787,6.346159,0,,,,,1671.5308828019763,0.00060153205,200.0095520065246,0.0006705544,0.017145174,-0.04182609
2719.444313654289,7380.379,6.3487215,-0.0035855246,214846,1671.533011948573,200.01005524310358,6828.2695,5.4379845,3412.0798,2.284037,7380.379,6.3487215,0,,,,,1671.533011948573,0.0006026883,200.01005524310358,0.0006720918,0.018380307,-0.04248739
2719.4512578976246,7384.901,6.354418,-0.0035857225,214847,1671.5314342976578,200.01011347315173,6831.244,5.4428635,3426.6455,2.2870996,7384.901,6.354418,0,,,,,1671.5314342976578,0.00060280954,200.01011347315173,0.0006727813,0.018347051,-0.041558065
2719.4582021409606,7393.6196,6.3635626,-0.0035859204,214848,1671.5330031489204,200.01071330992818,6839.7437,5.4506965,3438.8606,2.2910776,7393.6196,6.3635626,0,,,,,1671.5330031489204,0.00060340663,200.01071330992818,0.0006726801,0.018396774,-0.041938677
2719.465146384528,7399.4233,6.370792,-0.003586118,214849,1671.5315636968064,200.0098726391256,6843.8804,5.4568887,3459.3853,2.2963943,7399.4233,6.370792,0,,,,,1671.5315636968064,0.00060393935,200.0098726391256,0.0006735752,0.017272407,-0.042333685
2719.4720906280954,7395.4336,6.3781304,-0.0035863158,214850,1671.532098191879,200.0116173948268,6842.1626,5.463175,3480.6375,2.3016503,7395.4336,6.3781304,0,,,,,1671.532098191879,0.0006045099,200.0116173948268,0.00067411707,0.019134311,-0.04061519
2719.479034871897,7376.5503,6.3848276,-0.0035865132,214851,1671.5314245002128,200.01013187123192,6824.468,5.4689107,3505.971,2.3092504,7376.5503,6.3848276,0,,,,,1671.5314245002128,0.00060679944,200.01013187123192,0.0006769633,0.017891932,-0.042046294
2719.4859791156982,7399.4775,6.3928266,-0.0035867107,214852,1671.5319709611492,200.01063968274946,6844.9136,5.4757624,3520.119,2.3121412,7399.4775,6.3928266,0,,,,,1671.5319709611492,0.0006058328,200.01063968274946,0.000675748,0.017893968,-0.040800817
2719.492923359732,7393.576,6.402513,-0.0035869079,214853,1671.5322174902792,200.01016906374937,6840.7,5.4840593,3541.0977,2.3202662,7393.576,6.402513,0,,,,,1671.5322174902792,0.0006072008,200.01016906374937,0.00067701156,0.018045474,-0.04155666
2719.4998676037667,7386.8706,6.4071336,-0.003587105,214854,1671.5314070274158,200.01058130185814,6834.7207,5.488017,3564.2432,2.3239312,7386.8706,6.4071336,0,,,,,1671.5314070274158,0.00060800335,200.01058130185814,0.000678196,0.01771586,-0.041544303
2719.5068118480335,7381.19,6.4128466,-0.003587302,214855,1671.5316752378847,200.00986300429693,6829.867,5.492911,3575.4324,2.3279765,7381.19,6.4128466,0,,,,,1671.5316752378847,0.000609883,200.00986300429693,0.0006791027,0.017140852,-0.041879185
2719.513756092299,7398.776,6.4167066,-0.003587499,214856,1671.532309504355,200.01029765273256,6844.8604,5.496217,3583.5583,2.3293173,7398.776,6.4167066,0,,,,,1671.532309504355,0.0006083143,200.01029765273256,0.0006786048,0.018226322,-0.04169272
2719.5207003367987,7408.554,6.425596,-0.0035876958,214857,1671.531909785252,200.01127235445196,6852.228,5.5038314,3599.7698,2.333563,7408.554,6.425596,0,,,,,1671.531909785252,0.0006086024,200.01127235445196,0.0006787389,0.018524924,-0.0402977
2719.527644581299,7391.545,6.4263096,-0.0035878925,214858,1671.5316070360102,200.01067622268522,6838.331,5.504442,3610.1433,2.336092,7391.545,6.4263096,0,,,,,1671.5316070360102,0.0006094888,200.01067622268522,0.0006802562,0.016394073,-0.041205805
2719.5345888260313,7399.6304,6.4373264,-0.003588089,214859,1671.531570416929,200.0107518733772,6844.9736,5.513879,3626.3647,2.3414412,7399.6304,6.4373264,0,,,,,1671.531570416929,0.0006103668,200.0107518733772,0.0006810599,0.017767923,-0.04082772
2719.5415330707633,7387.3906,6.436024,-0.0035882855,214860,1671.5307964214421,200.010659504166,6833.875,5.512763,3634.9556,2.3446395,7387.3906,6.436024,0,,,,,1671.5307964214421,0.00061120064,200.010659504166,0.00068172463,0.017267969,-0.04097332
2719.548477315496,7392.2075,6.4387436,-0.003588482,214861,1671.5320776711435,200.01054488001932,6839.7544,5.5150924,3643.0828,2.3447657,7392.2075,6.4387436,0,,,,,1671.5320776711435,0.0006109977,200.01054488001932,0.00068160746,0.017567353,-0.04034945
2719.555421560694,7385.8228,6.445587,-0.003588678,214862,1671.5317241208334,200.01131508714792,6833.718,5.5209546,3654.2983,2.3514235,7385.8228,6.445587,0,,,,,1671.5317241208334,0.0006116555,200.01131508714792,0.0006832976,0.017284252,-0.04102908
2719.562365805659,7392.1514,6.4457717,-0.0035888744,214863,1671.530485463347,200.01240760578509,6837.1895,5.521113,3660.425,2.3511832,7392.1514,6.4457717,0,,,,,1671.530485463347,0.0006120838,200.01240760578509,0.00068254455,0.016131792,-0.040165532
2719.569310050857,7394.6196,6.449235,-0.0035890704,214864,1671.5320186501754,200.01108126332656,6841.0107,5.5240793,3671.1372,2.351887,7394.6196,6.449235,0,,,,,1671.5320186501754,0.00061149645,200.01108126332656,0.00068265776,0.01705299,-0.040404238
2719.5762542962884,7399.7896,6.449612,-0.0035892662,214865,1671.530501084799,200.01099501671317,6844.6797,5.524402,3672.9707,2.3521137,7399.7896,6.449612,0,,,,,1671.530501084799,0.0006118075,200.01099501671317,0.000681938,0.017381923,-0.04000368
2719.5831985417194,7394.868,6.450004,-0.003589462,214866,1671.5305408176225,200.01083791521899,6841.522,5.524738,3673.5024,2.3523593,7394.868,6.450004,0,,,,,1671.5305408176225,0.00061196764,200.01083791521899,0.0006824997,0.016377112,-0.04031138
2719.590142787383,7399.0693,6.4559226,-0.0035896576,214867,1671.5312816257697,200.0118727460382,6845.8496,5.529807,3672.4053,2.353769,7399.0693,6.4559226,0,,,,,1671.5312816257697,0.00061250385,200.0118727460382,0.00068301905,0.017347531,-0.040748816
2719.5970870328133,7392.3726,6.4466076,-0.0035898534,214868,1671.531235595242,200.012051159053,6839.046,5.5218287,3668.2441,2.3511944,7392.3726,6.4466076,0,,,,,1671.531235595242,0.00061175623,200.012051159053,0.00068253337,0.01777657,-0.03946138
2719.6040312787104,7396.5957,6.444172,-0.0035900488,214869,1671.5304061368154,200.0124345605101,6839.841,5.519742,3660.4731,2.3489966,7396.5957,6.444172,0,,,,,1671.5304061368154,0.0006113222,200.0124345605101,0.00068203185,0.01718881,-0.040469125
2719.6109755246066,7385.1567,6.4384007,-0.003590244,214870,1671.5294232576027,200.01157170984217,6833.0103,5.514799,3648.2527,2.346046,7385.1567,6.4384007,0,,,,,1671.5294232576027,0.00061112107,200.01157170984217,0.0006821087,0.015550865,-0.040100347
2719.6179197705032,7399.363,6.438263,-0.0035904394,214871,1671.5310067850867,200.01166083431036,6844.8164,5.514681,3643.4434,2.3447359,7399.363,6.438263,0,,,,,1671.5310067850867,0.0006106054,200.01166083431036,0.00068082387,0.017384456,-0.03934785
2719.624864016633,7386.131,6.4344006,-0.0035906346,214872,1671.5317772414094,200.0114327857902,6834.008,5.511373,3636.8687,2.3432593,7386.131,6.4344006,0,,,,,1671.5317772414094,0.0006110379,200.0114327857902,0.00068155734,0.016333707,-0.039845206
2719.6318082627627,7399.5225,6.434957,-0.0035908297,214873,1671.5300175915236,200.0121070956795,6845.8413,5.511849,3628.4329,2.3418608,7399.5225,6.434957,0,,,,,1671.5300175915236,0.00061012775,200.0121070956795,0.00068043265,0.015890585,-0.039457638
2719.6387525091236,7395.2544,6.4322615,-0.0035910245,214874,1671.5311749645248,200.01142940996746,6840.815,5.50954,3623.851,2.340479,7395.2544,6.4322615,0,,,,,1671.5311749645248,0.0006099755,200.01142940996746,0.0006806888,0.016887758,-0.04006958
2719.645696755486,7398.3203,6.432877,-0.0035912194,214875,1671.5303320139199,200.0129456384913,6844.0835,5.5100675,3615.5261,2.3390477,7398.3203,6.432877,0,,,,,1671.5303320139199,0.0006101442,200.0129456384913,0.00068029994,0.016838752,-0.039333872
2719.6526410018487,7405.267,6.4275126,-0.0035914143,214876,1671.531517114477,200.01149209146752,6849.5293,5.5054727,3608.8735,2.335464,7405.267,6.4275126,0,,,,,1671.531517114477,0.00060901226,200.01149209146752,0.00067916873,0.017102692,-0.039407946
2719.659585248444,7394.0767,6.425872,-0.003591609,214877,1671.5314590694927,200.01148334697297,6840.864,5.504067,3608.4949,2.3366954,7394.0767,6.425872,0,,,,,1671.5314590694927,0.0006095478,200.01148334697297,0.0006795653,0.016900491,-0.039164174
2719.666529495272,7398.7627,6.420082,-0.0035918034,214878,1671.5316442830945,200.0123822185811,6844.2407,5.4991083,3593.253,2.33145,7398.7627,6.420082,0,,,,,1671.5316442830945,0.00060856115,200.0123822185811,0.00067867956,0.017132213,-0.038450677
2719.6734737418674,7397.907,6.41763,-0.003591998,214879,1671.532369443467,200.0109866841536,6841.3467,5.497008,3584.0142,2.329742,7397.907,6.41763,0,,,,,1671.532369443467,0.000609157,200.0109866841536,0.00067875144,0.016798573,-0.038954716
2719.6804179889273,7388.116,6.411967,-0.0035921922,214880,1671.5288310714327,200.0106761150894,6835.43,5.492157,3573.536,2.3284845,7388.116,6.411967,0,,,,,1671.5288310714327,0.0006084655,200.0106761150894,0.0006785386,0.013702448,-0.04058172
2719.6873622357543,7395.453,6.4122753,-0.0035923866,214881,1671.5313259435761,200.01187026937626,6839.692,5.492421,3566.7827,2.3266473,7395.453,6.4122753,0,,,,,1671.5313259435761,0.0006079617,200.01187026937626,0.000678601,0.016653828,-0.038949177
2719.6943064828156,7393.2256,6.4126368,-0.0035925808,214882,1671.5299178344112,200.01120923026767,6839.41,5.492731,3563.8489,2.3261018,7393.2256,6.4126368,0,,,,,1671.5299178344112,0.0006078668,200.01120923026767,0.00067840854,0.01653537,-0.040336657
2719.7012507301097,7391.0493,6.4058757,-0.0035927747,214883,1671.530936319514,200.0134640720581,6835.1963,5.4869394,3559.7292,2.3232934,7391.0493,6.4058757,0,,,,,1671.530936319514,0.00060769793,200.0134640720581,0.00067782187,0.016854828,-0.037825968
2719.7081949774033,7386.587,6.401897,-0.0035929687,214884,1671.5298698962306,200.01174713164127,6829.848,5.4835315,3555.4429,2.3205037,7386.587,6.401897,0,,,,,1671.5298698962306,0.0006080395,200.01174713164127,0.000678165,0.015316384,-0.0395773
2719.7151392246965,7386.595,6.404614,-0.0035931626,214885,1671.5305178560843,200.01366988583092,6833.3906,5.4858594,3554.3657,2.321738,7386.595,6.404614,0,,,,,1671.5305178560843,0.0006081763,200.01366988583092,0.00067797926,0.015844774,-0.038619503
2719.722083472223,7394.383,6.4048953,-0.0035933563,214886,1671.5300971107247,200.01286564596273,6840.093,5.4860997,3553.4353,2.3239267,7394.383,6.4048953,0,,,,,1671.5300971107247,0.00060732,200.01286564596273,0.0006772569,0.015759336,-0.037617046
2719.7290277197485,7384.119,6.4039536,-0.00359355,214887,1671.5312941445159,200.01096856910345,6831.4307,5.4852934,3557.962,2.3221993,7384.119,6.4039536,0,,,,,1671.5312941445159,0.000607963,200.01096856910345,0.00067825604,0.01631477,-0.039188556
2719.735971967275,7395.3955,6.408263,-0.0035937438,214888,1671.5305172411597,200.01196266046935,6841.0303,5.488985,3563.0898,2.3240607,7395.3955,6.408263,0,,,,,1671.5305172411597,0.00060744624,200.01196266046935,0.0006780192,0.016497517,-0.039224453
2719.7429162150347,7399.5312,6.4124804,-0.0035939373,214889,1671.5305246567655,200.01157149549675,6845.695,5.492597,3563.9807,2.325655,7399.5312,6.4124804,0,,,,,1671.5305246567655,0.0006078411,200.01157149549675,0.000677657,0.0163597,-0.038753133
2719.7498604630273,7395.3154,6.4101286,-0.0035941305,214890,1671.5295490166284,200.01240220593084,6840.388,5.4905825,3568.089,2.325198,7395.3154,6.4101286,0,,,,,1671.5295490166284,0.00060793676,200.01240220593084,0.0006779674,0.015949946,-0.037976123
2719.7568047107866,7406.425,6.413725,-0.003594324,214891,1671.5309840836912,200.01226231234475,6850.1113,5.493663,3570.2847,2.3258383,7406.425,6.413725,0,,,,,1671.5309840836912,0.0006073043,200.01226231234475,0.0006776961,0.015831668,-0.037925325
2719.7637489587773,7395.083,6.416987,-0.0035945172,214892,1671.5294713705298,200.01320357044892,6839.091,5.496457,3580.3477,2.3289156,7395.083,6.416987,0,,,,,1671.5294713705298,0.0006090223,200.01320357044892,0.00067891774,0.016082756,-0.038987275
2719.7706932070023,7398.2715,6.418498,-0.0035947103,214893,1671.5298806807834,200.01251028242177,6843.2026,5.497751,3584.8833,2.3296342,7398.2715,6.418498,0,,,,,1671.5298806807834,0.00060859474,200.01251028242177,0.0006786869,0.014959838,-0.037730217
2719.7776374552273,7392.9346,6.4189377,-0.0035949033,214894,1671.529716349759,200.01237659863767,6838.817,5.498128,3589.8015,2.331686,7392.9346,6.4189377,0,,,,,1671.529716349759,0.00060874573,200.01237659863767,0.0006790194,0.015729671,-0.039052427
2719.784581703452,7388.261,6.4230146,-0.0035950963,214895,1671.528779051523,200.01348425225072,6834.1763,5.5016203,3604.9868,2.3347325,7388.261,6.4230146,0,,,,,1671.528779051523,0.0006098504,200.01348425225072,0.00067987264,0.0149544915,-0.03831476
2719.7915259519104,7405.9116,6.4316487,-0.003595289,214896,1671.5296226089238,200.01130974040024,6850.5044,5.5090156,3611.5386,2.338283,7405.9116,6.4316487,0,,,,,1671.5296226089238,0.0006091846,200.01130974040024,0.00067963323,0.01544829,-0.037939582
2719.7984702003682,7391.198,6.428249,-0.0035954819,214897,1671.531237047628,200.01085616133608,6837.172,5.506103,3623.4102,2.338478,7391.198,6.428249,0,,,,,1671.531237047628,0.0006099541,200.01085616133608,0.00068059744,0.016499333,-0.0392339
2719.8054144488246,7395.0273,6.436576,-0.0035956746,214898,1671.5304226788423,200.01362568108792,6841.2495,5.5132356,3638.8914,2.3435838,7395.0273,6.436576,0,,,,,1671.5304226788423,0.0006103018,200.01362568108792,0.0006808345,0.016119447,-0.037751775
2719.8123586975153,7396.809,6.4376407,-0.0035958672,214899,1671.5286938699248,200.01370843702557,6843.1265,5.5141478,3642.4258,2.3436258,7396.809,6.4376407,0,,,,,1671.5286938699248,0.00061039213,200.01370843702557,0.0006809328,0.014687298,-0.03773838
2719.8193029462063,7395.6294,6.443006,-0.0035960597,214900,1671.5297802750817,200.01259972048288,6841.122,5.518744,3652.4387,2.3473465,7395.6294,6.443006,0,,,,,1671.5297802750817,0.000611178,200.01259972048288,0.00068188156,0.015144801,-0.0377446
2719.82624719513,7398.2856,6.444296,-0.003596252,214901,1671.528917797243,200.0115249592254,6842.79,5.5198483,3658.406,2.3489513,7398.2856,6.444296,0,,,,,1671.528917797243,0.00061132177,200.0115249592254,0.0006815317,0.015200514,-0.03772247
2719.8331914440528,7392.732,6.44634,-0.0035964444,214902,1671.5299314523652,200.01314617262656,6840.1406,5.5215993,3667.3298,2.3509948,7392.732,6.44634,0,,,,,1671.5299314523652,0.000611389,200.01314617262656,0.0006820365,0.016074326,-0.037415724
2719.840135692977,7399.0205,6.4509363,-0.0035966367,214903,1671.529931270785,200.01268963408512,6845.3154,5.5255365,3674.637,2.3533885,7399.0205,6.4509363,0,,,,,1671.529931270785,0.0006115609,200.01268963408512,0.0006820734,0.015696622,-0.037969373
2719.8470799421325,7390.4277,6.4525933,-0.0035968288,214904,1671.5290065084698,200.01156670423723,6838.122,5.526956,3684.7332,2.3543859,7390.4277,6.4525933,0,,,,,1671.5290065084698,0.0006122214,200.01156670423723,0.0006828638,0.014704103,-0.038158216
2719.854024191288,7400.056,6.4571533,-0.0035970209,214905,1671.5295820799251,200.01237117275898,6845.395,5.5308614,3690.7412,2.3573043,7400.056,6.4571533,0,,,,,1671.5295820799251,0.0006119921,200.01237117275898,0.0006827495,0.015295665,-0.037155148
2719.8609684404446,7396.8535,6.4598327,-0.003597213,214906,1671.52951922167,200.01263629902869,6843.3877,5.5331564,3697.9797,2.3592231,7396.8535,6.4598327,0,,,,,1671.52951922167,0.0006127106,200.01263629902869,0.00068318826,0.014424704,-0.03713433
2719.867912689834,7387.24,6.460749,-0.0035974048,214907,1671.5301317018345,200.01216910551886,6834.7036,5.5339413,3706.2292,2.361127,7387.24,6.460749,0,,,,,1671.5301317018345,0.00061366137,200.01216910551886,0.0006841874,0.015896156,-0.03780399
2719.8748569392233,7402.0254,6.4640956,-0.0035975967,214908,1671.5288112712979,200.0129209754298,6846.835,5.536808,3702.433,2.3608973,7402.0254,6.4640956,0,,,,,1671.5288112712979,0.00061255624,200.0129209754298,0.00068356,0.014660928,-0.037215643
2719.881801188612,7399.8477,6.4625425,-0.0035977885,214909,1671.5290578589331,200.01354836932472,6846.397,5.5354776,3709.1301,2.362072,7399.8477,6.4625425,0,,,,,1671.5290578589331,0.0006123385,200.01354836932472,0.00068333064,0.013583708,-0.037757535
2719.8887454382334,7399.624,6.4681964,-0.0035979801,214910,1671.5287298859798,200.01372568574698,6845.774,5.5403204,3712.2583,2.364868,7399.624,6.4681964,0,,,,,1671.5287298859798,0.00061351457,200.01372568574698,0.00068409275,0.016291643,-0.037476063
2719.895689687855,7391.279,6.465029,-0.0035981718,214911,1671.5291503697276,200.01289594940963,6837.5947,5.537607,3718.5044,2.3635895,7391.279,6.465029,0,,,,,1671.5291503697276,0.0006136966,200.01289594940963,0.00068459724,0.015108688,-0.03736217
2719.9026339377097,7396.278,6.4653344,-0.0035983631,214912,1671.5292376480913,200.01315534213467,6843.1104,5.5378685,3716.848,2.3623917,7396.278,6.4653344,0,,,,,1671.5292376480913,0.00061328994,200.01315534213467,0.0006840539,0.014643988,-0.03697174
2719.909578187565,7396.751,6.4679236,-0.0035985545,214913,1671.5290770125926,200.01387978530224,6842.7217,5.5400867,3721.3447,2.3656344,7396.751,6.4679236,0,,,,,1671.5290770125926,0.00061378634,200.01387978530224,0.0006843529,0.014639104,-0.03678492
2719.91652243742,7393.2896,6.4656105,-0.003598746,214914,1671.529953833055,200.01262311240686,6840.2827,5.538105,3716.8997,2.363418,7393.2896,6.4656105,0,,,,,1671.529953833055,0.00061313016,200.01262311240686,0.0006845401,0.014861147,-0.037278123
2719.9234666875077,7399.15,6.4723015,-0.003598937,214915,1671.529496226213,200.01223365174158,6844.6,5.5438366,3712.856,2.3680937,7399.15,6.4723015,0,,,,,1671.529496226213,0.0006134418,200.01223365174158,0.0006851933,0.0150486715,-0.037337605
2719.930410937594,7399.8457,6.4646664,-0.0035991282,214916,1671.527722082195,200.01307197116375,6844.5244,5.537297,3711.2039,2.3625176,7399.8457,6.4646664,0,,,,,1671.527722082195,0.0006128614,200.01307197116375,0.00068383093,0.014364419,-0.036409613
2719.9373551876815,7403.76,6.4620132,-0.0035993194,214917,1671.529121586028,200.01317105563635,6848.566,5.5350246,3706.336,2.3600457,7403.76,6.4620132,0,,,,,1671.529121586028,0.00061242346,200.01317105563635,0.0006832833,0.014917123,-0.037292212
2719.944299438002,7399.7935,6.4611325,-0.0035995103,214918,1671.5306689439517,200.01338284177083,6846.215,5.53427,3701.4165,2.3594792,7399.7935,6.4611325,0,,,,,1671.5306689439517,0.0006124193,200.01338284177083,0.00068328326,0.014896409,-0.03652243
2719.951243688089,7396.8965,6.4575324,-0.0035997014,214919,1671.528934737937,200.01242536308004,6842.7373,5.531186,3693.2913,2.3575938,7396.8965,6.4575324,0,,,,,1671.528934737937,0.00061271095,200.01242536308004,0.00068289903,0.014240383,-0.035858165
2719.9581879386433,7391.1865,6.4551783,-0.0035998921,214920,1671.5284892396655,200.01197629930397,6837.3833,5.5291696,3688.2344,2.3578696,7391.1865,6.4551783,0,,,,,1671.5284892396655,0.0006127504,200.01197629930397,0.0006830847,0.013852084,-0.03683313
2719.965132188964,7402.3477,6.454542,-0.003600083,214921,1671.5295027739662,200.01307999993332,6847.5356,5.528625,3680.8652,2.3563416,7402.3477,6.454542,0,,,,,1671.5295027739662,0.00061159977,200.01307999993332,0.0006822306,0.01469118,-0.035930254
2719.9720764395165,7392.8945,6.452851,-0.0036002737,214922,1671.5291433312289,200.0125035333922,6839.8486,5.5271764,3672.9277,2.3519888,7392.8945,6.452851,0,,,,,1671.5291433312289,0.0006119095,200.0125035333922,0.00068307057,0.014920668,-0.037877172
2719.9790206903017,7391.7734,6.4449005,-0.0036004642,214923,1671.5294185833056,200.01303194055566,6838.82,5.520366,3663.3481,2.3496304,7391.7734,6.4449005,0,,,,,1671.5294185833056,0.0006113572,200.01303194055566,0.0006821464,0.014327423,-0.03696519
2719.9859649408554,7391.7505,6.439943,-0.003600655,214924,1671.527658625312,200.01369460360428,6838.0093,5.5161195,3652.6755,2.3462002,7391.7505,6.439943,0,,,,,1671.527658625312,0.00061096536,200.01369460360428,0.00068158796,0.013686113,-0.03530356
2719.9929091916415,7399.916,6.4426017,-0.0036008453,214925,1671.5289604051106,200.01377773275354,6845.8096,5.518398,3644.5056,2.3472557,7399.916,6.4426017,0,,,,,1671.5289604051106,0.00061036256,200.01377773275354,0.0006811275,0.014264786,-0.03563675
2719.99985344266,7402.064,6.435764,-0.0036010356,214926,1671.5293705707863,200.0122135652017,6846.567,5.5125403,3634.6738,2.341571,7402.064,6.435764,0,,,,,1671.5293705707863,0.000610208,200.0122135652017,0.000680176,0.01413987,-0.036864426
2720.0067976934465,7399.5566,6.4305964,-0.003601226,214927,1671.528392660375,200.01327182299244,6844.8535,5.508114,3623.376,2.3390284,7399.5566,6.4305964,0,,,,,1671.528392660375,0.00060938805,200.01327182299244,0.0006795552,0.013833713,-0.035543308
2720.013741944466,7402.9917,6.4302225,-0.0036014162,214928,1671.5283911312597,200.01343095348605,6847.922,5.507794,3615.8926,2.3376884,7402.9917,6.4302225,0,,,,,1671.5283911312597,0.0006093952,200.01343095348605,0.0006795715,0.0146710435,-0.036502022
2720.0206861957163,7398.7275,6.4250135,-0.0036016062,214929,1671.5284897571744,200.01318319648746,6844.6245,5.5033326,3605.5557,2.3347745,7398.7275,6.4250135,0,,,,,1671.5284897571744,0.00060883857,200.01318319648746,0.0006793868,0.013799829,-0.03688145
2720.027630446735,7391.354,6.4191585,-0.0036017965,214930,1671.5291972766122,200.01455239777658,6837.6367,5.4983172,3594.2742,2.3322992,7391.354,6.4191585,0,,,,,1671.5291972766122,0.00060924905,200.01455239777658,0.0006791466,0.014824532,-0.035692003
2720.0345746979874,7384.3926,6.416858,-0.0036019864,214931,1671.5272769471649,200.01456755412005,6831.9517,5.496347,3588.1663,2.3298976,7384.3926,6.416858,0,,,,,1671.5272769471649,0.0006096965,200.01456755412005,0.00067972974,0.013491516,-0.03547141
2720.041518949239,7388.0586,6.41269,-0.0036021764,214932,1671.528180131344,200.01302960809085,6835.501,5.492777,3578.992,2.327388,7388.0586,6.41269,0,,,,,1671.528180131344,0.0006087085,200.01302960809085,0.0006786059,0.014506878,-0.03525525
2720.0484632007233,7410.402,6.413297,-0.0036023662,214933,1671.5294399875145,200.01325050956737,6853.463,5.4932966,3570.6711,2.324886,7410.402,6.413297,0,,,,,1671.5294399875145,0.00060720876,200.01325050956737,0.0006766405,0.01491043,-0.035763077
2720.0554074522074,7389.5264,6.40636,-0.003602556,214934,1671.5283176112487,200.01320257930607,6835.5737,5.4873543,3561.9521,2.3231313,7389.5264,6.40636,0,,,,,1671.5283176112487,0.0006078337,200.01320257930607,0.00067783444,0.0141492,-0.036144666
2720.0623517036925,7388.895,6.4042716,-0.0036027457,214935,1671.5277741292002,200.01457985119862,6836.882,5.4855657,3552.4148,2.3204064,7388.895,6.4042716,0,,,,,1671.5277741292002,0.0006077365,200.01457985119862,0.00067724247,0.013473673,-0.035271596
2720.0692959554094,7393.3745,6.3992667,-0.0036029352,214936,1671.527180185363,200.01420815074033,6839.683,5.4812794,3539.0972,2.31582,7393.3745,6.3992667,0,,,,,1671.527180185363,0.00060658494,200.01420815074033,0.0006766853,0.013672295,-0.035733066
2720.076240206894,7403.736,6.3986387,-0.003603125,214937,1671.527846853934,200.0148202721815,6848.8193,5.4807405,3530.2168,2.315046,7403.736,6.3986387,0,,,,,1671.527846853934,0.0006056676,200.0148202721815,0.0006756261,0.0144658135,-0.034964863
2720.0831844588447,7394.631,6.392969,-0.0036033143,214938,1671.5283061171244,200.01401444832578,6841.0054,5.4758844,3519.7207,2.3124466,7394.631,6.392969,0,,,,,1671.5283061171244,0.0006059108,200.01401444832578,0.00067581324,0.013522673,-0.035212483
2720.090128710561,7392.1016,6.390255,-0.0036035038,214939,1671.5290702989303,200.01395528850287,6838.535,5.47356,3515.9763,2.3105867,7392.1016,6.390255,0,,,,,1671.5290702989303,0.0006060269,200.01395528850287,0.0006753261,0.014188156,-0.03562832
2720.0970729625105,7389.977,6.3855224,-0.003603693,214940,1671.5295935710958,200.01340974781456,6836.7314,5.469506,3506.5154,2.307827,7389.977,6.3855224,0,,,,,1671.5295935710958,0.00060546916,200.01340974781456,0.00067549094,0.014213589,-0.03583666
2720.1040172144612,7401.061,6.384588,-0.0036038824,214941,1671.528504291597,200.01368563722795,6846.6675,5.468705,3499.135,2.3061178,7401.061,6.384588,0,,,,,1671.528504291597,0.0006046909,200.01368563722795,0.0006743032,0.013147236,-0.035162542
2720.1109614664115,7387.927,6.381975,-0.0036040717,214942,1671.5271301849123,200.0156568071449,6835.886,5.466468,3496.36,2.3055744,7387.927,6.381975,0,,,,,1671.5271301849123,0.0006049743,200.0156568071449,0.0006750524,0.013169571,-0.034751102
2720.117905718594,7387.1504,6.3795514,-0.0036042607,214943,1671.5287949510716,200.01554776955203,6833.755,5.4643917,3492.4526,2.3038902,7387.1504,6.3795514,0,,,,,1671.5287949510716,0.0006052347,200.01554776955203,0.00067495427,0.014104522,-0.034769684
2720.1248499707776,7399.0044,6.3792343,-0.0036044498,214944,1671.5274745150334,200.01466904081224,6844.1245,5.46412,3486.2554,2.3019664,7399.0044,6.3792343,0,,,,,1671.5274745150334,0.00060428446,200.01466904081224,0.0006737935,0.013190056,-0.03460266
2720.131794222961,7399.518,6.379571,-0.0036046389,214945,1671.528705744932,200.01383241634062,6844.884,5.4644084,3482.053,2.30168,7399.518,6.379571,0,,,,,1671.528705744932,0.00060396036,200.01383241634062,0.0006741672,0.01314349,-0.0354094
2720.1387384753757,7402.328,6.379868,-0.0036048277,214946,1671.5283752409896,200.0141667504296,6847.0376,5.464663,3483.861,2.3026738,7402.328,6.379868,0,,,,,1671.5283752409896,0.00060380535,200.0141667504296,0.0006734343,0.01403317,-0.03458202
2720.1456827277916,7386.961,6.375244,-0.0036050165,214947,1671.5284368253403,200.01413139716246,6834.408,5.4607024,3477.7014,2.3003876,7386.961,6.375244,0,,,,,1671.5284368253403,0.000604557,200.01413139716246,0.00067431893,0.0139073515,-0.03458456
2720.152626980208,7399.264,6.378591,-0.0036052053,214948,1671.5293584958815,200.01273898816237,6844.4917,5.463569,3479.8958,2.3010142,7399.264,6.378591,0,,,,,1671.5293584958815,0.0006041524,200.01273898816237,0.0006736999,0.0135650365,-0.035092372
2720.1595712328567,7394.3193,6.3759828,-0.003605394,214949,1671.5275587518336,200.01586582810748,6840.2603,5.4613347,3480.162,2.300824,7394.3193,6.3759828,0,,,,,1671.5275587518336,0.00060431816,200.01586582810748,0.00067354087,0.013724737,-0.033609685
2720.166515485505,7395.103,6.3764706,-0.0036055825,214950,1671.526696800601,200.0145740724017,6841.065,5.461753,3480.8606,2.3011909,7395.103,6.3764706,0,,,,,1671.526696800601,0.0006043278,200.0145740724017,0.0006738236,0.012364956,-0.03620601
2720.1734597381533,7404.03,6.382751,-0.003605771,214951,1671.5280498431337,200.01468128736803,6847.8613,5.467132,3479.117,2.30337,7404.03,6.382751,0,,,,,1671.5280498431337,0.0006046195,200.01468128736803,0.00067395915,0.01414174,-0.034512024
2720.1804039908025,7392.6826,6.3781624,-0.0036059597,214952,1671.5289101610647,200.01491228977957,6837.5615,5.463202,3481.0996,2.3016622,7392.6826,6.3781624,0,,,,,1671.5289101610647,0.0006052931,200.01491228977957,0.00067409314,0.01434076,-0.033724297
2720.1873482436836,7390.0845,6.376967,-0.003606148,214953,1671.528085222328,200.0142299405606,6835.7803,5.4621778,3481.3528,2.3013537,7390.0845,6.376967,0,,,,,1671.528085222328,0.0006041957,200.0142299405606,0.0006748612,0.012560804,-0.035044946
2720.194292496565,7404.0854,6.3792067,-0.0036063364,214954,1671.5275862483911,200.015217682802,6848.9785,5.4640965,3477.7322,2.3011267,7404.0854,6.3792067,0,,,,,1671.5275862483911,0.0006040291,200.015217682802,0.00067356986,0.013157559,-0.035602227
2720.201236749447,7389.291,6.3748426,-0.0036065248,214955,1671.5277619718681,200.01441475510015,6834.3022,5.460358,3475.899,2.2997062,7389.291,6.3748426,0,,,,,1671.5277619718681,0.0006049386,200.01441475510015,0.00067426916,0.013164065,-0.034134712
2720.222069508789,7395.6973,6.3688774,-0.0036070892,214958,1671.5265544989209,200.01547123438635,6841.5347,5.455249,3458.5464,2.296285,7395.6973,6.3688774,0,,,,,1671.5265544989209,0.0006033161,200.01547123438635,0.0006727668,0.011814628,-0.032908592
2720.229013761904,7391.047,6.364608,-0.0036072773,214959,1671.5273752215687,200.0145289132913,6838.032,5.451592,3451.043,2.2925627,7391.047,6.364608,0,,,,,1671.5273752215687,0.00060317124,200.0145289132913,0.00067222357,0.012889555,-0.032750435
2720.235958015251,7385.0923,6.358207,-0.0036074652,214960,1671.5269039628383,200.01436635084977,6831.8154,5.4461093,3437.4382,2.2894099,7385.0923,6.358207,0,,,,,1671.5269039628383,0.0006032558,200.01436635084977,0.00067220774,0.012516778,-0.033983354
2720.2429022685983,7398.0225,6.356929,-0.003607653,214961,1671.527709086899,200.0146171453129,6843.7134,5.445014,3424.797,2.286541,7398.0225,6.356929,0,,,,,1671.527709086899,0.0006022202,200.0146171453129,0.0006709069,0.012480297,-0.03256271
2720.2498465221784,7400.385,6.3527145,-0.0036078407,214962,1671.5280461365246,200.0166952134302,6845.8506,5.441405,3410.949,2.28147,7400.385,6.3527145,0,,,,,1671.5280461365246,0.0006012845,200.0166952134302,0.00067080965,0.01283959,-0.03320732
2720.256790775524,7406.3203,6.3454447,-0.0036080286,214963,1671.528007621645,200.01551970124186,6850.74,5.435178,3390.782,2.277406,7406.3203,6.3454447,0,,,,,1671.528007621645,0.0006001732,200.01551970124186,0.0006690353,0.01274344,-0.032666776
2720.2637350291043,7396.6006,6.335404,-0.0036082163,214964,1671.5270045019258,200.0153227137544,6840.982,5.426577,3372.225,2.2713625,7396.6006,6.335404,0,,,,,1671.5270045019258,0.0006002454,200.0153227137544,0.00066877936,0.011822051,-0.03293268
2720.270679282685,7388.9585,6.327266,-0.003608404,214965,1671.528452853315,200.01551390976573,6834.4077,5.419607,3354.7703,2.2669098,7388.9585,6.327266,0,,,,,1671.528452853315,0.0005996294,200.01551390976573,0.0006687089,0.012074944,-0.032085475
2720.277623536498,7395.303,6.3240304,-0.0036085914,214966,1671.527497119609,200.01497186924266,6840.6387,5.4168353,3337.724,2.26232,7395.303,6.3240304,0,,,,,1671.527497119609,0.0005991706,200.01497186924266,0.0006676744,0.013448793,-0.032802433
2720.284567790311,7395.227,6.317118,-0.0036087788,214967,1671.5270128387408,200.0157068408854,6841.1978,5.4109144,3321.653,2.259806,7395.227,6.317118,0,,,,,1671.5270128387408,0.0005977414,200.0157068408854,0.00066643447,0.011480102,-0.03224645
2720.2915120441226,7396.4453,6.309019,-0.0036089662,214968,1671.5282821359165,200.0152779928241,6842.2817,5.4039774,3301.2598,2.252025,7396.4453,6.309019,0,,,,,1671.5282821359165,0.00059737347,200.0152779928241,0.0006657545,0.012092197,-0.032305587
2720.298456297936,7396.0728,6.302764,-0.0036091537,214969,1671.5270832638628,200.01616982477992,6842.4995,5.3986197,3283.335,2.2477934,7396.0728,6.302764,0,,,,,1671.5270832638628,0.0005966624,200.01616982477992,0.00066476944,0.012819558,-0.032404773
2720.305400551981,7396.2495,6.296358,-0.0036093409,214970,1671.5270201312712,200.01420534180886,6842.1826,5.3931327,3267.5708,2.2424626,7396.2495,6.296358,0,,,,,1671.5270201312712,0.00059567404,200.01420534180886,0.0006641044,0.010900713,-0.03274516
2720.312344805794,7378.8677,6.2929363,-0.0036095283,214971,1671.5273400108356,200.01597609443795,6825.9756,5.3902016,3256.276,2.2433543,7378.8677,6.2929363,0,,,,,1671.5273400108356,0.000596522,200.01597609443795,0.00066569634,0.011840088,-0.032034237
2720.319289060073,7355.3223,6.2789083,-0.0036097153,214972,1671.5285510472715,200.01485007668745,6806.51,5.378186,3240.9568,2.2355375,7355.3223,6.2789083,0,,,,,1671.5285510472715,0.0005974866,200.01485007668745,0.0006654813,0.01280252,-0.03189541
2720.3262333141192,7341.4155,6.266182,-0.0036099025,214973,1671.5263575013958,200.01535393702508,6796.005,5.3672853,3219.281,2.229313,7341.4155,6.266182,0,,,,,1671.5263575013958,0.0005967175,200.01535393702508,0.00066550146,0.011239191,-0.031529777
2720.333177568397,7346.3804,6.262193,-0.0036100894,214974,1671.527090356411,200.01415121692347,6798.7075,5.3638687,3204.9868,2.225717,7346.3804,6.262193,0,,,,,1671.527090356411,0.00059600355,200.01415121692347,0.0006645899,0.01194709,-0.031830836
2720.3401218226745,7341.2417,6.258539,-0.0036102764,214975,1671.5265571734094,200.01626675681047,6796.0967,5.3607388,3192.8013,2.2232726,7341.2417,6.258539,0,,,,,1671.5265571734094,0.00059595826,200.01626675681047,0.000664774,0.012275644,-0.031372152
2720.3470660769535,7329.6265,6.251102,-0.0036104633,214976,1671.5261755514423,200.0156508627604,6784.8774,5.3543687,3182.6077,2.2192478,7329.6265,6.251102,0,,,,,1671.5261755514423,0.00059641903,200.0156508627604,0.0006648087,0.011385067,-0.032012813
2720.354010331465,7346.1685,6.2489123,-0.00361065,214977,1671.5268625652493,200.0157676701381,6800.2373,5.352493,3168.8992,2.216244,7346.1685,6.2489123,0,,,,,1671.5268625652493,0.0005944615,200.0157676701381,0.0006631031,0.0124913715,-0.032039255
2720.3609545857435,7354.3726,6.245997,-0.003610837,214978,1671.5263722877528,200.01729186399848,6806.2197,5.3499956,3155.5002,2.2127886,7354.3726,6.245997,0,,,,,1671.5263722877528,0.00059379346,200.01729186399848,0.00066225877,0.011824287,-0.030609759
2720.3678988404877,7333.7334,6.2392817,-0.0036110235,214979,1671.5268311575855,200.01447507460844,6788.76,5.344244,3150.8506,2.210359,7333.7334,6.2392817,0,,,,,1671.5268311575855,0.0005947113,200.01447507460844,0.00066307123,0.012846446,-0.032589804
2720.3748430949977,7338.7246,6.2377524,-0.0036112103,214980,1671.526136721674,200.01616204271292,6793.1157,5.3429337,3146.5215,2.2091231,7338.7246,6.2377524,0,,,,,1671.526136721674,0.00059398153,200.01616204271292,0.0006619671,0.010698794,-0.031352066
2720.381787349509,7350.332,6.2386017,-0.003611397,214981,1671.5267700207614,200.0167426013613,6802.7847,5.3436613,3135.3066,2.208605,7350.332,6.2386017,0,,,,,1671.5267700207614,0.0005933193,200.0167426013613,0.0006613506,0.011861399,-0.030849187
2720.3887316042537,7336.1533,6.232628,-0.0036115835,214982,1671.5272315455875,200.01598649004157,6790.4976,5.338545,3132.1343,2.2051525,7336.1533,6.232628,0,,,,,1671.5272315455875,0.00059392245,200.01598649004157,0.00066193193,0.011233121,-0.030817937
2720.3956758592312,7337.5063,6.2308617,-0.0036117698,214983,1671.5271647570394,200.0152913891051,6792.826,5.337032,3126.3445,2.2033591,7337.5063,6.2308617,0,,,,,1671.5271647570394,0.0005933099,200.0152913891051,0.00066132174,0.012297472,-0.03126293
2720.4026201139754,7339.8276,6.2302036,-0.0036119563,214984,1671.5264672584228,200.01600255608398,6794.7593,5.336468,3123.4294,2.2046068,7339.8276,6.2302036,0,,,,,1671.5264672584228,0.0005931339,200.01600255608398,0.0006611294,0.01178477,-0.0309752
2720.4095643689516,7340.634,6.230609,-0.0036121425,214985,1671.5260387274627,200.01660451572363,6794.167,5.3368154,3123.803,2.2033732,7340.634,6.230609,0,,,,,1671.5260387274627,0.0005933227,200.01660451572363,0.00066139386,0.011183298,-0.030509064
2720.4165086239286,7344.2095,6.2310967,-0.0036123288,214986,1671.5269229002015,200.01646760890574,6797.6133,5.337233,3121.7512,2.2030454,7344.2095,6.2310967,0,,,,,1671.5269229002015,0.0005931599,200.01646760890574,0.0006612564,0.011963494,-0.031630944
2720.423452878905,7340.902,6.233675,-0.003612515,214987,1671.5254542683663,200.0159741148809,6794.941,5.339442,3130.1482,2.20483,7340.902,6.233675,0,,,,,1671.5254542683663,0.0005936314,200.0159741148809,0.0006612247,0.010136162,-0.030362882
2720.4303971338823,7348.4443,6.2327642,-0.0036127013,214988,1671.5268007440593,200.01663167424738,6802.328,5.338661,3126.117,2.2032504,7348.4443,6.2327642,0,,,,,1671.5268007440593,0.0005933075,200.01663167424738,0.00066098635,0.012924892,-0.030711543
2720.4373413890926,7369.904,6.2387958,-0.0036128873,214989,1671.5258711613583,200.01735591799945,6820.0674,5.3438277,3127.2202,2.2047548,7369.904,6.2387958,0,,,,,1671.5258711613583,0.00059220823,200.01735591799945,0.0006596581,0.011357467,-0.03063292
2720.444285644303,7379.9565,6.243557,-0.0036130734,214990,1671.526325191225,200.01607831352413,6828.826,5.347906,3134.3015,2.2069073,7379.9565,6.243557,0,,,,,1671.526325191225,0.00059132173,200.01607831352413,0.0006596702,0.011181177,-0.031250622
2720.451229899512,7387.5386,6.2500777,-0.0036132594,214991,1671.5267125611354,200.01648290501066,6836.188,5.3534913,3142.4456,2.2107332,7387.5386,6.2500777,0,,,,,1671.5267125611354,0.0005914535,200.01648290501066,0.00065915677,0.011644079,-0.029819157
2720.4581741549537,7403.4688,6.2535863,-0.0036134452,214992,1671.5263252482903,200.01699142630375,6848.4946,5.3564963,3150.6235,2.2108822,7403.4688,6.2535863,0,,,,,1671.5263252482903,0.0005907503,200.01699142630375,0.0006586439,0.010902439,-0.030921595
2720.4651184103973,7389.094,6.256532,-0.003613631,214993,1671.5265674606276,200.01627970630145,6836.8164,5.3590198,3159.4272,2.2173102,7389.094,6.256532,0,,,,,1671.5265674606276,0.0005921173,200.01627970630145,0.00066011027,0.011373107,-0.031062791
2720.4720626658395,7399.122,6.2592645,-0.0036138168,214994,1671.5261771521978,200.0159844966707,6845.301,5.3613605,3167.4795,2.2153492,7399.122,6.2592645,0,,,,,1671.5261771521978,0.0005917841,200.0159844966707,0.00065943366,0.011510128,-0.029741723
2720.4790069212822,7403.7583,6.2620707,-0.0036140026,214995,1671.5249456263512,200.017337167104,6850.015,5.363764,3170.5647,2.2163653,7403.7583,6.2620707,0,,,,,1671.5249456263512,0.00059163367,200.017337167104,0.0006595407,0.01112839,-0.030370275
2720.4859511769578,7394.459,6.2661586,-0.0036141882,214996,1671.5263281763841,200.01630112372104,6842.06,5.367265,3183.2546,2.2201645,7394.459,6.2661586,0,,,,,1671.5263281763841,0.0005928397,200.01630112372104,0.0006608894,0.010745157,-0.030860182
2720.492895432633,7391.0435,6.2673745,-0.0036143737,214997,1671.5265757863629,200.0168627535239,6839.111,5.3683066,3192.2744,2.2232168,7391.0435,6.2673745,0,,,,,1671.5265757863629,0.0005930162,200.0168627535239,0.000661139,0.011246607,-0.030889925
2720.499839688308,7403.102,6.275853,-0.0036145593,214998,1671.526440362413,200.01654121940132,6849.5425,5.3755693,3205.3564,2.226529,7403.102,6.275853,0,,,,,1671.526440362413,0.00059275294,200.01654121940132,0.00066116505,0.011697714,-0.030082472
2720.5067839439835,7393.2515,6.2778215,-0.0036147449,214999,1671.5244777809453,200.01725468757354,6840.338,5.377255,3215.5503,2.2292764,7393.2515,6.2778215,0,,,,,1671.5244777809453,0.0005946802,200.01725468757354,0.0006620694,0.010982071,-0.031102542
2720.5137281998923,7401.1406,6.2874427,-0.0036149302,215000,1671.5261790867853,200.01731313353352,6847.609,5.385496,3231.1206,2.2343056,7401.1406,6.2874427,0,,,,,1671.5261790867853,0.00059441756,200.01731313353352,0.00066265196,0.0114386575,-0.030120328
2720.5206724558006,7397.211,6.2897897,-0.0036151155,215001,1671.5264554676355,200.0172312870178,6843.2466,5.3875065,3244.3787,2.2379541,7397.211,6.2897897,0,,,,,1671.5264554676355,0.0005952447,200.0172312870178,0.00066300144,0.011661612,-0.030646263
2720.527616711708,7389.594,6.292525,-0.0036153009,215002,1671.525363043853,200.0163421189077,6839.5186,5.389849,3254.3315,2.2408597,7389.594,6.292525,0,,,,,1671.525363043853,0.0005953157,200.0163421189077,0.0006639452,0.010554893,-0.02966779
2720.5345609676165,7384.601,6.2987604,-0.0036154862,215003,1671.5267977182998,200.01595383857392,6834.288,5.3951902,3272.0151,2.2446053,7384.601,6.2987604,0,,,,,1671.5267977182998,0.0005965208,200.01595383857392,0.0006652818,0.011394533,-0.030803118
2720.541505223758,7394.6,6.302066,-0.0036156713,215004,1671.5249412507715,200.01764486164313,6843.545,5.3980217,3278.899,2.246356,7394.6,6.302066,0,,,,,1671.5249412507715,0.00059616985,200.01764486164313,0.0006647965,0.010924816,-0.030614896
2720.548449479899,7400.4883,6.3126984,-0.0036158564,215005,1671.524787783564,200.01759894252527,6848.005,5.407129,3293.3052,2.2514913,7400.4883,6.3126984,0,,,,,1671.524787783564,0.00059664843,200.01759894252527,0.00066572666,0.010032633,-0.030817626
2720.55539373604,7398.983,6.3136168,-0.0036160415,215006,1671.5266590378944,200.01622561699233,6847.4526,5.4079156,3308.1868,2.2535818,7398.983,6.3136168,0,,,,,1671.5266590378944,0.0005970701,200.01622561699233,0.00066561013,0.010903467,-0.029885354
2720.5623379921813,7396.0474,6.324577,-0.0036162266,215007,1671.5250934736162,200.0174508706992,6844.857,5.417303,3324.7478,2.2603025,7396.0474,6.324577,0,,,,,1671.5250934736162,0.0005977917,200.0174508706992,0.0006673,0.0108795045,-0.030543542
2720.569282248554,7396.4995,6.323296,-0.0036164115,215008,1671.5265599774589,200.01716649961918,6845.172,5.4162064,3335.4946,2.2613168,7396.4995,6.323296,0,,,,,1671.5265599774589,0.0005982427,200.01716649961918,0.000666919,0.011425956,-0.0302171
2720.576226504928,7397.2173,6.3261943,-0.0036165963,215009,1671.5250560891989,200.01760696692696,6844.2363,5.418689,3344.1145,2.2638092,7397.2173,6.3261943,0,,,,,1671.5250560891989,0.00059848675,200.01760696692696,0.00066730526,0.010722905,-0.03050724
2720.583170761303,7399.091,6.33145,-0.0036167812,215010,1671.5256150691318,200.01640840251966,6846.9595,5.4231906,3358.1064,2.267548,7399.091,6.33145,0,,,,,1671.5256150691318,0.000598927,200.01640840251966,0.00066746306,0.010784146,-0.029535484
2720.5901150176774,7393.3794,6.333969,-0.003616966,215011,1671.5272127981052,200.01640503634667,6841.551,5.4253483,3368.3433,2.269782,7393.3794,6.333969,0,,,,,1671.5272127981052,0.00059975154,200.01640503634667,0.0006686696,0.010712489,-0.030102368
2720.5970592742838,7398.2646,6.339671,-0.0036171507,215012,1671.5248506048642,200.01742645460354,6845.792,5.4302325,3380.2844,2.2732382,7398.2646,6.339671,0,,,,,1671.5248506048642,0.00059998385,200.01742645460354,0.0006686787,0.009888551,-0.02856933
2720.60400353089,7384.598,6.3440146,-0.0036173353,215013,1671.525990297532,200.01604397926235,6835.2476,5.433953,3393.7922,2.2782345,7384.598,6.3440146,0,,,,,1671.525990297532,0.0006012879,200.01604397926235,0.0006701705,0.011402575,-0.031001298
2720.6109477874966,7408.3486,6.349573,-0.00361752,215014,1671.5269227195529,200.01760277378713,6855.4946,5.438714,3399.293,2.279039,7408.3486,6.349573,0,,,,,1671.5269227195529,0.0006001041,200.01760277378713,0.00066911615,0.010936446,-0.029494407
2720.617892044103,7403.0786,6.350987,-0.0036177046,215015,1671.525974602818,200.0168150292272,6850.9927,5.4399247,3405.288,2.2802727,7403.0786,6.350987,0,,,,,1671.525974602818,0.0006007773,200.0168150292272,0.00066978345,0.011787322,-0.0307619
2720.6248363009427,7388.148,6.3489127,-0.003617889,215016,1671.5240570143003,200.01765256915994,6837.8613,5.438148,3405.0532,2.2808006,7388.148,6.3489127,0,,,,,1671.5240570143003,0.0006016711,200.01765256915994,0.0006705398,0.009298498,-0.029414954
2720.631780557783,7399.301,6.352738,-0.0036180734,215017,1671.5249991311753,200.01750919292985,6847.9224,5.4414244,3413.7317,2.282903,7399.301,6.352738,0,,,,,1671.5249991311753,0.0006008142,200.01750919292985,0.00067012623,0.0102983685,-0.029987622
2720.6387248146225,7389.2617,6.350831,-0.0036182578,215018,1671.5259079753782,200.01793062507824,6838.6094,5.439791,3412.663,2.2824986,7389.2617,6.350831,0,,,,,1671.5259079753782,0.0006015323,200.01793062507824,0.0006707361,0.010459116,-0.029659372
2720.6456690714617,7394.32,6.3541446,-0.0036184422,215019,1671.5243676650289,200.01668446908906,6843.5894,5.44263,3412.886,2.2852683,7394.32,6.3541446,0,,,,,1671.5243676650289,0.00060186465,200.01668446908906,0.00067080295,0.011313385,-0.030324288
2720.652613328534,7399.363,6.3530617,-0.0036186264,215020,1671.526234450233,200.01827680029274,6848.951,5.441702,3411.8035,2.282407,7399.363,6.3530617,0,,,,,1671.526234450233,0.0006010894,200.01827680029274,0.0006701927,0.010158602,-0.02890548
2720.6595575856068,7398.4243,6.352791,-0.0036188106,215021,1671.5256801013145,200.01727560013472,6846.8125,5.44147,3414.3552,2.2824695,7398.4243,6.352791,0,,,,,1671.5256801013145,0.0006013438,200.01727560013472,0.0006702734,0.00969755,-0.029471805
2720.666501842679,7384.4966,6.3526173,-0.0036189947,215022,1671.526909852967,200.01660814282187,6835.615,5.4413214,3417.8928,2.283849,7384.4966,6.3526173,0,,,,,1671.526909852967,0.0006021121,200.01660814282187,0.0006715277,0.011955584,-0.030205466
2720.6734460997513,7402.9673,6.353845,-0.003619179,215023,1671.525218469825,200.01758930962447,6851.087,5.442373,3413.6462,2.2825124,7402.9673,6.353845,0,,,,,1671.525218469825,0.00060111907,200.01758930962447,0.00066997623,0.010885751,-0.029280506
2720.6803903570567,7389.961,6.354681,-0.0036193628,215024,1671.5251503990007,200.01671977911715,6840.072,5.443089,3422.2798,2.285245,7389.961,6.354681,0,,,,,1671.5251503990007,0.0006014891,200.01671977911715,0.0006710794,0.0099467775,-0.029766526
2720.6873346143607,7388.421,6.354172,-0.0036195468,215025,1671.5249452932271,200.01806025301792,6837.4336,5.442653,3416.283,2.2855992,7388.421,6.354172,0,,,,,1671.5249452932271,0.00060221704,200.01806025301792,0.0006714077,0.010684789,-0.030181363
2720.694278871666,7392.66,6.352831,-0.0036197307,215026,1671.5255770085032,200.0175726116039,6843.0176,5.441504,3418.4307,2.2826066,7392.66,6.352831,0,,,,,1671.5255770085032,0.0006014989,200.0175726116039,0.0006703883,0.010904228,-0.028870989
2720.7012231289723,7397.6714,6.3582087,-0.0036199146,215027,1671.524584615862,200.0181708049503,6845.419,5.4461102,3425.6091,2.2865682,7397.6714,6.3582087,0,,,,,1671.524584615862,0.0006012477,200.0181708049503,0.00067116774,0.009469689,-0.030109363
2720.708167386278,7394.81,6.358494,-0.0036200986,215028,1671.524766158394,200.01856910967777,6844.1846,5.4463544,3428.6458,2.2871704,7394.81,6.358494,0,,,,,1671.524766158394,0.0006022133,200.01856910967777,0.0006710369,0.010837467,-0.028989034
2720.7151116438154,7396.715,6.35762,-0.0036202823,215029,1671.5257526204496,200.01513036925786,6845.5503,5.4456058,3426.3025,2.2863927,7396.715,6.35762,0,,,,,1671.5257526204496,0.000601625,200.01513036925786,0.0006708759,0.010534367,-0.030900555
2720.7220559013526,7405.9995,6.361364,-0.003620466,215030,1671.5250562254173,200.01873761886702,6854.6045,5.4488134,3422.8384,2.285819,7405.9995,6.361364,0,,,,,1671.5250562254173,0.00060131314,200.01873761886702,0.0006706425,0.010658689,-0.028107477
2720.729000159124,7397.242,6.3571362,-0.0036206495,215031,1671.526577918833,200.01679024639316,6846.516,5.445192,3423.2432,2.2860076,7397.242,6.3571362,0,,,,,1671.526577918833,0.0006018281,200.01679024639316,0.0006705255,0.01014946,-0.029008048
2720.735944416662,7381.42,6.3548083,-0.0036208332,215032,1671.526997501719,200.01605994967423,6832.876,5.4431977,3422.0007,2.2862937,7381.42,6.3548083,0,,,,,1671.526997501719,0.00060275744,200.01605994967423,0.00067140255,0.011224251,-0.030322196
2720.742888674433,7398.5337,6.358216,-0.0036210166,215033,1671.526426160923,200.01862950672586,6847.2607,5.4461164,3429.199,2.2861114,7398.5337,6.358216,0,,,,,1671.526426160923,0.0006022256,200.01862950672586,0.00067078846,0.01138118,-0.028891413
2720.7498329322043,7385.409,6.35529,-0.0036212,215034,1671.5262040070384,200.01638660980117,6836.362,5.4436107,3426.168,2.2862322,7385.409,6.35529,0,,,,,1671.5262040070384,0.0006025337,200.01638660980117,0.00067109475,0.011747223,-0.028952148
2720.7567771899753,7396.1895,6.3588624,-0.0036213836,215035,1671.5246462401565,200.01635878195358,6845.33,5.4466705,3428.5586,2.2875216,7396.1895,6.3588624,0,,,,,1671.5246462401565,0.0006020755,200.01635878195358,0.000671,0.009519899,-0.029690037
2720.763721447746,7395.334,6.3592257,-0.003621567,215036,1671.5243447333748,200.01743179725477,6845.3555,5.446982,3431.9087,2.2874575,7395.334,6.3592257,0,,,,,1671.5243447333748,0.0006019074,200.01743179725477,0.00067105936,0.009117659,-0.02910065
2720.7706657057493,7407.3926,6.3672385,-0.0036217503,215037,1671.526106200191,200.01793900066764,6854.7334,5.453845,3435.3762,2.2899513,7407.3926,6.3672385,0,,,,,1671.526106200191,0.00060140295,200.01793900066764,0.00067164627,0.010720726,-0.028040268
2720.7776099637535,7381.0967,6.3632827,-0.0036219335,215038,1671.524841057395,200.01765867925766,6833.715,5.450457,3449.346,2.292773,7381.0967,6.3632827,0,,,,,1671.524841057395,0.0006030822,200.01765867925766,0.00067263603,0.010010522,-0.029885994
2720.784554221757,7408.077,6.36691,-0.0036221168,215039,1671.5245169703342,200.01778458533792,6857.03,5.4535637,3443.9592,2.2914188,7408.077,6.36691,0,,,,,1671.5245169703342,0.00060158793,200.01778458533792,0.0006711739,0.01016127,-0.029146506
2720.791498479993,7385.0967,6.365037,-0.0036222998,215040,1671.525730828344,200.01768197303366,6837.1533,5.451959,3455.5054,2.2933834,7385.0967,6.365037,0,,,,,1671.525730828344,0.0006031158,200.01768197303366,0.0006726285,0.010567814,-0.029090922
2720.7984427379965,7395.0684,6.369979,-0.003622483,215041,1671.5251596509745,200.0169243687917,6845.17,5.456192,3458.2705,2.2951121,7395.0684,6.369979,0,,,,,1671.5251596509745,0.0006032541,200.0169243687917,0.00067239674,0.010059744,-0.029497577
2720.8053869962337,7392.526,6.369486,-0.003622666,215042,1671.5256878166897,200.01690391179068,6843.185,5.4557705,3462.4946,2.295593,7392.526,6.369486,0,,,,,1671.5256878166897,0.0006031663,200.01690391179068,0.0006725111,0.010545755,-0.028848775
2720.8123312544703,7389.7324,6.3727856,-0.003622849,215043,1671.52517524672,200.01740259008852,6840.6187,5.4585967,3469.2246,2.2982557,7389.7324,6.3727856,0,,,,,1671.52517524672,0.000603883,200.01740259008852,0.00067303993,0.009301548,-0.028671527
2720.81927551294,7398.8306,6.374134,-0.0036230318,215044,1671.5250126493543,200.01638736770124,6847.964,5.4597516,3469.9175,2.297518,7398.8306,6.374134,0,,,,,1671.5250126493543,0.00060331356,200.01638736770124,0.0006725835,0.01065362,-0.02909713
2720.826219771176,7388.2764,6.373923,-0.0036232148,215045,1671.524339695377,200.0168282876043,6840.1943,5.4595704,3472.78,2.300551,7388.2764,6.373923,0,,,,,1671.524339695377,0.00060390716,200.0168282876043,0.0006729364,0.009302526,-0.028999316
2720.833164029645,7402.2666,6.381732,-0.0036233976,215046,1671.5250236520972,200.0168425298578,6852.439,5.46626,3478.7358,2.3012805,7402.2666,6.381732,0,,,,,1671.5250236520972,0.0006035162,200.0168425298578,0.00067321537,0.010103582,-0.029128328
2720.840108288114,7392.22,6.377003,-0.0036235803,215047,1671.5253587852335,200.01774214763915,6842.6353,5.4622087,3482.6907,2.3007965,7392.22,6.377003,0,,,,,1671.5253587852335,0.00060405413,200.01774214763915,0.00067341176,0.009681437,-0.02818229
2720.847052546584,7394.6157,6.3807316,-0.003623763,215048,1671.5247277796113,200.01702285344382,6845.924,5.465402,3487.3796,2.3028662,7394.6157,6.3807316,0,,,,,1671.5247277796113,0.0006042342,200.01702285344382,0.0006734159,0.009833928,-0.029643059
2720.853996805287,7393.64,6.3838267,-0.0036239456,215049,1671.5251953099892,200.01793134531667,6844.779,5.468054,3489.1702,2.3037362,7393.64,6.3838267,0,,,,,1671.5251953099892,0.00060422753,200.01793134531667,0.0006741203,0.009990303,-0.028871695
2720.860941063756,7399.736,6.381634,-0.0036241284,215050,1671.5246401608097,200.01775654947824,6849.7993,5.4661756,3488.9446,2.3035212,7399.736,6.381634,0,,,,,1671.5246401608097,0.00060356624,200.01775654947824,0.0006733785,0.008979647,-0.028554464
2720.867885322458,7405.917,6.3826623,-0.003624311,215051,1671.5254785615273,200.0174659008238,6855.652,5.4670563,3490.5647,2.3027613,7405.917,6.3826623,0,,,,,1671.5254785615273,0.0006032401,200.0174659008238,0.00067266094,0.010049519,-0.028254554
2720.8748295813925,7392.1284,6.3834,-0.0036244933,215052,1671.5260446215882,200.0181568668652,6843.7134,5.467688,3495.4863,2.305317,7392.1284,6.3834,0,,,,,1671.5260446215882,0.0006040602,200.0181568668652,0.00067417294,0.010528303,-0.029317189
2720.8817738400953,7393.347,6.3821316,-0.0036246758,215053,1671.5261867037264,200.01821704643766,6843.7617,5.4666014,3496.934,2.3039756,7393.347,6.3821316,0,,,,,1671.5261867037264,0.0006043718,200.01821704643766,0.00067389733,0.010958507,-0.028274745
2720.88871809903,7389.298,6.382491,-0.003624858,215054,1671.524015544048,200.01862511990674,6841.7344,5.46691,3496.3562,2.3054943,7389.298,6.382491,0,,,,,1671.524015544048,0.0006044856,200.01862511990674,0.00067383307,0.008989158,-0.028389515
2720.895662357733,7396.022,6.3829703,-0.0036250406,215055,1671.52619775963,200.01717974869786,6847.4883,5.46732,3494.7024,2.3050802,7396.022,6.3829703,0,,,,,1671.52619775963,0.00060436607,200.01717974869786,0.00067347585,0.010740806,-0.028474621
2720.9026066169004,7396.1846,6.382208,-0.0036252227,215056,1671.5249403755874,200.01800362423018,6846.7026,5.466667,3493.32,2.3047187,7396.1846,6.382208,0,,,,,1671.5249403755874,0.0006039805,200.01800362423018,0.0006737245,0.009916282,-0.029789258
2720.909550875835,7400.5103,6.382198,-0.003625405,215057,1671.5256652288217,200.01847816526038,6850.904,5.4666586,3491.6958,2.303619,7400.5103,6.382198,0,,,,,1671.5256652288217,0.00060406956,200.01847816526038,0.0006733968,0.009792748,-0.027433593
2720.91649513477,7394.614,6.3864164,-0.0036255873,215058,1671.5247970757202,200.01669370438754,6845.263,5.470272,3493.9495,2.305136,7394.614,6.3864164,0,,,,,1671.5247970757202,0.0006045444,200.01669370438754,0.00067452335,0.010463518,-0.029263271
2720.923439393938,7397.7065,6.380554,-0.0036257694,215059,1671.5241924408817,200.0183534871898,6848.004,5.465251,3488.4026,2.3026025,7397.7065,6.380554,0,,,,,1671.5241924408817,0.0006040097,200.0183534871898,0.00067330134,0.009401616,-0.028405672
2720.930383653106,7400.611,6.381975,-0.0036259515,215060,1671.5254512578467,200.01752495140352,6851.041,5.466468,3490.634,2.3040133,7400.611,6.381975,0,,,,,1671.5254512578467,0.00060363975,200.01752495140352,0.0006730016,0.010158691,-0.028400607
2720.9373279122733,7393.026,6.3795433,-0.0036261335,215061,1671.524886024031,200.0185422869504,6844.656,5.464385,3487.2153,2.3031428,7393.026,6.3795433,0,,,,,1671.524886024031,0.0006039809,200.0185422869504,0.0006734764,0.010164894,-0.02844976
2720.944272171674,7401.107,6.3808937,-0.0036263154,215062,1671.5251386952793,200.017753378693,6851.946,5.4655414,3483.1987,2.3023248,7401.107,6.3808937,0,,,,,1671.5251386952793,0.0006035224,200.017753378693,0.0006728618,0.010198246,-0.027286839
2720.9512164310754,7391.6685,6.37745,-0.0036264972,215063,1671.5258674109234,200.01724230481554,6843.333,5.4625916,3481.129,2.3014512,7391.6685,6.37745,0,,,,,1671.5258674109234,0.00060409924,200.01724230481554,0.0006732407,0.010667899,-0.028979754
2720.9581606902434,7396.4307,6.3747907,-0.0036266793,215064,1671.5251483637403,200.01720449747214,6846.9956,5.460314,3473.6106,2.298663,7396.4307,6.3747907,0,,,,,1671.5251483637403,0.00060324115,200.01720449747214,0.00067298365,0.00981685,-0.028906832
2720.9651049498766,7389.597,6.373622,-0.003626861,215065,1671.5247095691839,200.01823548409544,6843.079,5.4593124,3471.2393,2.2981675,7389.597,6.373622,0,,,,,1671.5247095691839,0.0006033476,200.01823548409544,0.00067280704,0.009491705,-0.027876357
2720.972049209278,7400.5654,6.372029,-0.0036270428,215066,1671.5243928293376,200.01805611302365,6850.8975,5.457948,3461.8735,2.2961962,7400.5654,6.372029,0,,,,,1671.5243928293376,0.0006029965,200.01805611302365,0.000671767,0.009615583,-0.028523913
2720.9789934689106,7390.8643,6.3729534,-0.0036272244,215067,1671.5245679584089,200.01928566445585,6843.5503,5.45874,3455.9717,2.2962615,7390.8643,6.3729534,0,,,,,1671.5245679584089,0.000603118,200.01928566445585,0.00067304616,0.009310076,-0.02736988
2720.9859377283105,7403.882,6.3684797,-0.0036274062,215068,1671.524642089811,200.0177839355847,6853.851,5.4549084,3446.7659,2.292612,7403.882,6.3684797,0,,,,,1671.524642089811,0.0006017405,200.0177839355847,0.0006713184,0.009785359,-0.028612372
2720.992881987945,7396.597,6.3632364,-0.0036275878,215069,1671.5249250291342,200.0179868638519,6848.059,5.4504175,3438.3833,2.2893941,7396.597,6.3632364,0,,,,,1671.5249250291342,0.00060218066,200.0179868638519,0.0006712502,0.009810095,-0.027331298
2720.9998262478116,7400.094,6.3606586,-0.0036277692,215070,1671.524118753742,200.0186254923647,6849.4004,5.4482093,3433.4026,2.2879353,7400.094,6.3606586,0,,,,,1671.524118753742,0.000601606,200.0186254923647,0.00067110395,0.010072339,-0.028366419
2721.006770507445,7390.083,6.358013,-0.0036279508,215071,1671.5238303188175,200.01842557086368,6841.895,5.445943,3426.8777,2.286535,7390.083,6.358013,0,,,,,1671.5238303188175,0.00060185615,200.01842557086368,0.00067146024,0.009728887,-0.028439684
2721.013714767311,7383.926,6.352187,-0.0036281322,215072,1671.52481705843,200.01653605982025,6836.4863,5.440953,3418.5828,2.2840004,7383.926,6.352187,0,,,,,1671.52481705843,0.00060209696,200.01653605982025,0.00067081663,0.01056613,-0.028423551
2721.0206590271773,7391.4404,6.3513,-0.0036283135,215073,1671.5239558370945,200.01879602198468,6843.603,5.440193,3409.4414,2.2817132,7391.4404,6.3513,0,,,,,1671.5239558370945,0.00060102914,200.01879602198468,0.00067038,0.0087501155,-0.026628118
2721.027603287044,7394.129,6.347169,-0.003628495,215074,1671.5244702875798,200.01730664353738,6846.2476,5.436654,3398.607,2.278569,7394.129,6.347169,0,,,,,1671.5244702875798,0.0006009606,200.01730664353738,0.0006691826,0.010450781,-0.02848313
2721.03454754691,7395.7715,6.345461,-0.0036286763,215075,1671.525173817881,200.01734786672898,6848.5728,5.4351916,3393.6597,2.277903,7395.7715,6.345461,0,,,,,1671.525173817881,0.0006001178,200.01734786672898,0.00066889817,0.009784085,-0.02751124
2721.0414918070096,7396.4863,6.3435864,-0.0036288574,215076,1671.5246579447773,200.01745731419314,6847.8696,5.433586,3377.4392,2.2738214,7396.4863,6.3435864,0,,,,,1671.5246579447773,0.0005996869,200.01745731419314,0.0006695562,0.009033654,-0.028259398
2721.0484360671085,7393.8364,6.3386893,-0.0036290386,215077,1671.525520179128,200.01954327769212,6846.7827,5.4293914,3374.3086,2.2730262,7393.8364,6.3386893,0,,,,,1671.525520179128,0.0005995437,200.01954327769212,0.0006686327,0.010602796,-0.027740775
2721.055380327207,7398.544,6.336325,-0.0036292197,215078,1671.5240666327616,200.01901598297817,6849.572,5.4273663,3362.9307,2.2713845,7398.544,6.336325,0,,,,,1671.5240666327616,0.00059905625,200.01901598297817,0.000667982,0.009565727,-0.027175304
2721.0623245873066,7384.267,6.3301754,-0.0036294009,215079,1671.5245442540677,200.01745898387725,6837.052,5.4220986,3357.9119,2.2675526,7384.267,6.3301754,0,,,,,1671.5245442540677,0.00059923774,200.01745898387725,0.00066848396,0.009398104,-0.027802838
2721.0692688474064,7397.302,6.3278184,-0.003629582,215080,1671.5240997144351,200.01860615479046,6850.6123,5.4200797,3345.6782,2.2639828,7397.302,6.3278184,0,,,,,1671.5240997144351,0.00059808994,200.01860615479046,0.00066682673,0.009115201,-0.027545225
2721.0762131077386,7396.3022,6.3233676,-0.003629763,215081,1671.52521185412,200.01846055909078,6847.9307,5.4162674,3337.4639,2.2614808,7396.3022,6.3233676,0,,,,,1671.52521185412,0.00059799035,200.01846055909078,0.00066677516,0.010371421,-0.028470907
2721.0831573680703,7394.9204,6.32444,-0.0036299438,215082,1671.524348141657,200.0182801481983,6847.605,5.4171863,3330.2,2.2612312,7394.9204,6.32444,0,,,,,1671.524348141657,0.00059783173,200.0182801481983,0.00066738226,0.009021118,-0.027021484
2721.090101628402,7391.3013,6.3212857,-0.0036301247,215083,1671.5251889762224,200.01820709303612,6845.3936,5.414484,3322.924,2.260485,7391.3013,6.3212857,0,,,,,1671.5251889762224,0.0005972843,200.01820709303612,0.00066644937,0.010205062,-0.027749049
2721.0970458887336,7397.742,6.3168626,-0.0036303056,215084,1671.5244527232378,200.01913853297134,6850.6816,5.4106956,3317.5784,2.256514,7397.742,6.3168626,0,,,,,1671.5244527232378,0.00059696846,200.01913853297134,0.0006658272,0.008892072,-0.027560882
2721.103990149298,7385.765,6.312902,-0.0036304863,215085,1671.5254713121217,200.01899833840744,6839.472,5.4073033,3311.0493,2.2573733,7385.765,6.312902,0,,,,,1671.5254713121217,0.0005972531,200.01899833840744,0.00066601817,0.009235692,-0.027164385
2721.110934409864,7389.494,6.310797,-0.003630667,215086,1671.523726450845,200.01802341959728,6841.792,5.4055004,3303.5884,2.2531416,7389.494,6.310797,0,,,,,1671.523726450845,0.00059702666,200.01802341959728,0.0006661555,0.009227653,-0.027576914
2721.1178786704295,7400.903,6.3091407,-0.0036308477,215087,1671.5242445112417,200.0189383403441,6853.064,5.4040813,3293.3076,2.2492833,7400.903,6.3091407,0,,,,,1671.5242445112417,0.0005960001,200.0189383403441,0.0006645508,0.009356961,-0.026230192
2721.1248229309936,7398.055,6.308998,-0.0036310283,215088,1671.5255531059,200.01818699468964,6849.7695,5.4039593,3292.6619,2.2499373,7398.055,6.308998,0,,,,,1671.5255531059,0.0005962237,200.01818699468964,0.00066479633,0.00998702,-0.027607441
2721.1317671915576,7391.265,6.3049564,-0.003631209,215089,1671.5249040415517,200.0193526016578,6844.742,5.4004974,3288.1829,2.2482321,7391.265,6.3049564,0,,,,,1671.5249040415517,0.0005963816,200.0193526016578,0.0006648509,0.010055997,-0.02790403
2721.138711452356,7406.302,6.3078637,-0.0036313895,215090,1671.5226414415863,200.01910149059023,6857.6147,5.4029875,3285.954,2.247619,7406.302,6.3078637,0,,,,,1671.5226414415863,0.0005953152,200.01910149059023,0.0006637835,0.008541423,-0.026893685
2721.1456557131537,7393.609,6.3047113,-0.00363157,215091,1671.5248345107732,200.01809046233188,6846.865,5.400287,3282.2808,2.247789,7393.609,6.3047113,0,,,,,1671.5248345107732,0.0005960987,200.01809046233188,0.00066459476,0.009446027,-0.027817965
2721.152599973951,7399.1367,6.3086047,-0.0036317504,215092,1671.5257370414915,200.01831358142462,6850.5625,5.403622,3282.9172,2.247879,7399.1367,6.3086047,0,,,,,1671.5257370414915,0.0005962939,200.01831358142462,0.00066524587,0.0103972,-0.027923496
2721.1595442347484,7391.5596,6.3042345,-0.0036319308,215093,1671.523957425189,200.01733358596465,6845.0107,5.399879,3282.6128,2.2477777,7391.5596,6.3042345,0,,,,,1671.523957425189,0.00059604977,200.01733358596465,0.00066454976,0.009289243,-0.027363421
2721.1664884957795,7395.9907,6.3042164,-0.003632111,215094,1671.5245452776703,200.0183756754288,6848.512,5.3998637,3277.185,2.24589,7395.9907,6.3042164,0,,,,,1671.5245452776703,0.0005960933,200.0183756754288,0.00066419545,0.010094402,-0.027346386
2721.173432756577,7394.721,6.3041344,-0.0036322915,215095,1671.5238432915635,200.01909898884173,6848.063,5.399793,3280.429,2.247966,7394.721,6.3041344,0,,,,,1671.5238432915635,0.00059565884,200.01909898884173,0.0006642617,0.008787422,-0.026558125
2721.1803770176075,7401.8467,6.3038754,-0.0036324717,215096,1671.5251429642162,200.0187951705031,6853.3467,5.399572,3272.725,2.2460642,7401.8467,6.3038754,0,,,,,1671.5251429642162,0.0005952126,200.0187951705031,0.0006640221,0.009540873,-0.026212785
2721.1873212786386,7386.092,6.302114,-0.0036326519,215097,1671.5242408798813,200.01818235580274,6840.4155,5.3980627,3280.1287,2.2497258,7386.092,6.302114,0,,,,,1671.5242408798813,0.00059640914,200.01818235580274,0.00066476996,0.00949414,-0.027125776
2721.194265539901,7392.3975,6.3024974,-0.0036328319,215098,1671.5252595225097,200.01794708569054,6845.7876,5.3983912,3279.8396,2.2460666,7392.3975,6.3024974,0,,,,,1671.5252595225097,0.0005961362,200.01794708569054,0.00066439,0.010651034,-0.027142178
2721.201209800931,7390.5825,6.301515,-0.003633012,215099,1671.5238227204707,200.01980546052,6844.4497,5.39755,3278.9062,2.2459636,7390.5825,6.301515,0,,,,,1671.5238227204707,0.00059609354,200.01980546052,0.00066451763,0.009138175,-0.026789354
2721.208154062195,7404.027,6.3033223,-0.003633192,215100,1671.5244993341948,200.01860111547458,6854.098,5.399098,3273.947,2.245892,7404.027,6.3033223,0,,,,,1671.5244993341948,0.00059512083,200.01860111547458,0.0006636993,0.009383269,-0.02711966
2721.2150983234587,7391.4893,6.3060822,-0.003633372,215101,1671.5244732557567,200.0176629122492,6844.192,5.4014616,3274.4426,2.2469227,7391.4893,6.3060822,0,,,,,1671.5244732557567,0.000596479,200.0176629122492,0.0006653344,0.008920245,-0.02642742
2721.222042584722,7396.327,6.301391,-0.003633552,215102,1671.524493393489,200.01830834828874,6849.1353,5.397444,3276.484,2.2457397,7396.327,6.301391,0,,,,,1671.524493393489,0.00059549254,200.01830834828874,0.00066355086,0.009044794,-0.026236648
2721.228986846218,7391.806,6.297661,-0.0036337317,215103,1671.524627477987,200.01839571287627,6845.091,5.3942485,3267.49,2.243142,7391.806,6.297661,0,,,,,1671.524627477987,0.0005957531,200.01839571287627,0.0006638758,0.0093250275,-0.02692898
2721.235931107714,7397.6284,6.2964826,-0.0036339115,215104,1671.5247170225698,200.01880467809855,6851.263,5.3932395,3262.672,2.2424862,7397.6284,6.2964826,0,,,,,1671.5247170225698,0.00059458776,200.01880467809855,0.0006629439,0.009692946,-0.026493335
2721.242875368977,7395.7104,6.2939863,-0.0036340915,215105,1671.5244489166082,200.01793593271398,6848.318,5.3911014,3258.0195,2.2401352,7395.7104,6.2939863,0,,,,,1671.5244489166082,0.00059473026,200.01793593271398,0.00066296745,0.008797874,-0.026044037
2721.249819630473,7379.159,6.289922,-0.0036342712,215106,1671.524761558479,200.0179731535848,6834.909,5.38762,3253.5977,2.2413483,7379.159,6.289922,0,,,,,1671.524761558479,0.0005956772,200.0179731535848,0.00066325837,0.009357456,-0.02710898
2721.256763892203,7400.444,6.289144,-0.0036344507,215107,1671.5246285572389,200.0199292938415,6852.287,5.386954,3240.9656,2.2359986,7400.444,6.289144,0,,,,,1671.5246285572389,0.0005938983,200.0199292938415,0.0006621083,0.009345603,-0.026536224
2721.2637081536996,7388.2754,6.2822647,-0.0036346305,215108,1671.5230297713033,200.01799686721085,6841.7217,5.381061,3232.003,2.2326937,7388.2754,6.2822647,0,,,,,1671.5230297713033,0.0005944083,200.01799686721085,0.0006625983,0.009564945,-0.027583934
2721.270652415428,7392.1333,6.2795053,-0.00363481,215109,1671.5251794173903,200.0189704852283,6844.8545,5.3786974,3218.9434,2.229311,7392.1333,6.2795053,0,,,,,1671.5251794173903,0.00059354166,200.0189704852283,0.0006618751,0.010033562,-0.02621644
2721.2775966771565,7396.557,6.275363,-0.0036349895,215110,1671.5246864105109,200.0161265694434,6848.915,5.3751493,3210.625,2.2263727,7396.557,6.275363,0,,,,,1671.5246864105109,0.0005931574,200.0161265694434,0.00066102034,0.0090057645,-0.02705105
2721.284540938886,7402.172,6.273114,-0.003635169,215111,1671.5245976569586,200.01946284011254,6852.9004,5.3732233,3194.5415,2.2229142,7402.172,6.273114,0,,,,,1671.5245976569586,0.00059257814,200.01946284011254,0.0006601428,0.009419016,-0.025447212
2721.2914852006147,7394.026,6.2681985,-0.0036353485,215112,1671.5241347343267,200.01846081384173,6847.548,5.3690124,3185.2383,2.2216904,7394.026,6.2681985,0,,,,,1671.5241347343267,0.0005919014,200.01846081384173,0.0006603598,0.0093181245,-0.02787651
2721.2984294625767,7396.4053,6.259113,-0.0036355278,215113,1671.5234790844906,200.01943000427386,6849.408,5.36123,3167.1316,2.214663,7396.4053,6.259113,0,,,,,1671.5234790844906,0.0005912576,200.01943000427386,0.00065902626,0.007895529,-0.026245434
2721.3053737245386,7386.6963,6.2537947,-0.003635707,215114,1671.5251333232236,200.01813083098514,6840.7295,5.356675,3156.6982,2.2117507,7386.6963,6.2537947,0,,,,,1671.5251333232236,0.0005912087,200.01813083098514,0.00065937184,0.009958367,-0.026483698
2721.3123179864992,7390.791,6.250339,-0.0036358864,215115,1671.5229137212539,200.0194479048692,6845.5054,5.353715,3146.4048,2.2084389,7390.791,6.250339,0,,,,,1671.5229137212539,0.0005906759,200.0194479048692,0.0006584758,0.00910098,-0.02581949
2721.319262248461,7389.8354,6.2451963,-0.0036360656,215116,1671.5245245541819,200.01880358587326,6843.0923,5.34931,3134.0928,2.2053754,7389.8354,6.2451963,0,,,,,1671.5245245541819,0.00059016474,200.01880358587326,0.0006581205,0.008836979,-0.026816778
2721.3262065104236,7389.174,6.241608,-0.003636245,215117,1671.525093204282,200.01810173864627,6843.837,5.3462367,3120.6057,2.201591,7389.174,6.241608,0,,,,,1671.525093204282,0.00059028884,200.01810173864627,0.0006570744,0.009636495,-0.025589038
2721.3331507726193,7393.874,6.2357745,-0.003636424,215118,1671.5238578043343,200.01825987631022,6846.217,5.34124,3105.0168,2.1970031,7393.874,6.2357745,0,,,,,1671.5238578043343,0.00058915943,200.01825987631022,0.00065662834,0.008717466,-0.026039422
2721.340095034813,7388.9116,6.232095,-0.003636603,215119,1671.5243712676074,200.0180814258837,6843.4297,5.338088,3097.3186,2.195321,7388.9116,6.232095,0,,,,,1671.5243712676074,0.0005889775,200.0180814258837,0.0006563019,0.009070613,-0.026746957
2721.347039297007,7386.387,6.225787,-0.003636782,215120,1671.5235920804193,200.0179179800234,6842.0435,5.3326855,3085.1204,2.191017,7386.387,6.225787,0,,,,,1671.5235920804193,0.00058782427,200.0179179800234,0.0006559533,0.009415769,-0.026297538
2721.3539835592023,7402.5874,6.224124,-0.003636961,215121,1671.524264670918,200.0195675190341,6855.4453,5.3312607,3069.0264,2.1872885,7402.5874,6.224124,0,,,,,1671.524264670918,0.00058709056,200.0195675190341,0.00065463874,0.008961602,-0.025876576
2721.3609278213967,7385.4663,6.216126,-0.0036371402,215122,1671.5241427220385,200.01725004101752,6840.2183,5.32441,3059.7542,2.1844647,7385.4663,6.216126,0,,,,,1671.5241427220385,0.0005873354,200.01725004101752,0.00065492373,0.008799096,-0.026327753
2721.3678720838243,7394.9844,6.215913,-0.003637319,215123,1671.5251534581748,200.01924904162044,6848.5474,5.3242273,3050.152,2.1826909,7394.9844,6.215913,0,,,,,1671.5251534581748,0.00058646593,200.01924904162044,0.0006543492,0.009260098,-0.026433446
2721.374816346252,7398.7295,6.2101984,-0.0036374978,215124,1671.5237553098357,200.0194666941496,6852.08,5.3193326,3036.9568,2.1782632,7398.7295,6.2101984,0,,,,,1671.5237553098357,0.00058578415,200.0194666941496,0.00065312395,0.008405865,-0.02585365
2721.381760608679,7390.797,6.206385,-0.0036376766,215125,1671.5253054292646,200.01727262958502,6846.476,5.3160667,3029.4905,2.1763937,7390.797,6.206385,0,,,,,1671.5253054292646,0.0005857106,200.01727262958502,0.00065286923,0.008974013,-0.026079575
2721.3887048711063,7388.789,6.2044115,-0.0036378554,215126,1671.5240961041773,200.01808634751055,6842.69,5.3143764,3020.9368,2.1745486,7388.789,6.2044115,0,,,,,1671.5240961041773,0.000586183,200.01808634751055,0.00065311923,0.008848806,-0.025954325
2721.395649133767,7387.65,6.198409,-0.003638034,215127,1671.5247106816823,200.018466635983,6842.2925,5.3092346,3011.383,2.17116,7387.65,6.198409,0,,,,,1671.5247106816823,0.00058546965,200.018466635983,0.0006523722,0.00928812,-0.025576806
2721.4025933961952,7396.338,6.195195,-0.0036382128,215128,1671.524777384867,200.01905351253907,6848.6387,5.306482,3001.5288,2.1684268,7396.338,6.195195,0,,,,,1671.524777384867,0.000584731,200.01905351253907,0.00065206195,0.009512278,-0.026476895
2721.409537658855,7392.179,6.1940665,-0.0036383914,215129,1671.5223791505348,200.018785209735,6845.6597,5.305515,2998.2603,2.1669588,7392.179,6.1940665,0,,,,,1671.5223791505348,0.00058498804,200.018785209735,0.0006518967,0.007866001,-0.026163375
2721.4164819215143,7397.48,6.1947503,-0.00363857,215130,1671.524240730837,200.01796539707416,6850.4565,5.3061004,2994.0168,2.1662478,7397.48,6.1947503,0,,,,,1671.524240730837,0.0005846066,200.01796539707416,0.0006514282,0.00877068,-0.026119528
2721.423426184408,7392.6226,6.191149,-0.0036387483,215131,1671.5243770679604,200.01861833096837,6846.406,5.3030167,2990.777,2.1646929,7392.6226,6.191149,0,,,,,1671.5243770679604,0.0005846523,200.01861833096837,0.0006511992,0.008564942,-0.026388615
2721.430370447069,7388.7295,6.190437,-0.003638927,215132,1671.523582261875,200.01987849487685,6843.523,5.3024063,2989.607,2.1656115,7388.7295,6.190437,0,,,,,1671.523582261875,0.0005845571,200.01987849487685,0.0006518701,0.008508984,-0.025639214
2721.437314709962,7404.002,6.1904106,-0.0036391052,215133,1671.5247099314436,200.01876411372015,6855.4014,5.3023834,2982.2112,2.1630816,7404.002,6.1904106,0,,,,,1671.5247099314436,0.0005836374,200.01876411372015,0.00065058545,0.009173743,-0.026239818
2721.4442589728546,7405.7637,6.19122,-0.0036392836,215134,1671.523528530783,200.0196978328671,6856.1997,5.3030767,2983.9958,2.1646192,7405.7637,6.19122,0,,,,,1671.523528530783,0.00058352074,200.0196978328671,0.00065061235,0.008585655,-0.025735525
2721.4512032357475,7395.603,6.1907983,-0.003639462,215135,1671.524296549523,200.01857035221457,6849.306,5.302716,2988.0972,2.1640394,7395.603,6.1907983,0,,,,,1671.524296549523,0.0005840645,200.01857035221457,0.0006513638,0.009319629,-0.025719376
2721.458147498641,7390.0605,6.192921,-0.0036396403,215136,1671.5246672937596,200.01833615110922,6845.2905,5.304534,2995.2468,2.16646,7390.0605,6.192921,0,,,,,1671.5246672937596,0.00058468775,200.01833615110922,0.00065170345,0.008315531,-0.025696991
2721.465091761767,7387.002,6.1919446,-0.0036398184,215137,1671.5245232616526,200.01971601451388,6841.8623,5.3036976,2995.5708,2.1658428,7387.002,6.1919446,0,,,,,1671.5245232616526,0.0005848274,200.01971601451388,0.00065214315,0.00956294,-0.02603308
2721.4720360248934,7396.881,6.1941843,-0.0036399965,215138,1671.523796484578,200.01956648228062,6849.64,5.3056154,2999.0317,2.1667666,7396.881,6.1941843,0,,,,,1671.523796484578,0.0005843395,200.01956648228062,0.000651617,0.00825432,-0.026525153
2721.4789802877863,7401.788,6.201015,-0.0036401749,215139,1671.5256131615681,200.0194250930132,6855.605,5.3114667,3005.8423,2.1686857,7401.788,6.201015,0,,,,,1671.5256131615681,0.00058472407,200.0194250930132,0.0006521365,0.010025613,-0.026274938
2721.4859245511448,7398.688,6.201303,-0.0036403527,215140,1671.5238317416313,200.01796232178415,6850.624,5.311713,3013.779,2.1716123,7398.688,6.201303,0,,,,,1671.5238317416313,0.00058531394,200.01796232178415,0.00065216294,0.00916343,-0.025995865
2721.4928688142704,7391.126,6.207316,-0.0036405309,215141,1671.5235827766278,200.01793436843124,6846.3403,5.316864,3026.1904,2.175793,7391.126,6.207316,0,,,,,1671.5235827766278,0.00058600435,200.01793436843124,0.00065346365,0.008535218,-0.025503779
2721.49981307763,7396.866,6.2101483,-0.0036407087,215142,1671.5235208722722,200.0193832853454,6851.253,5.3192897,3033.176,2.1790047,7396.866,6.2101483,0,,,,,1671.5235208722722,0.00058594166,200.0193832853454,0.0006527244,0.00895156,-0.024873106
2721.5067573407555,7390.3413,6.210026,-0.0036408869,215143,1671.524876858133,200.01852049182372,6844.9814,5.319185,3040.9062,2.1797533,7390.3413,6.210026,0,,,,,1671.524876858133,0.0005865542,200.01852049182372,0.00065352785,0.0095462445,-0.025937665
2721.513701604114,7398.9736,6.2163067,-0.0036410647,215144,1671.5242370073267,200.01923230204855,6852.932,5.324565,3052.3413,2.1825817,7398.9736,6.2163067,0,,,,,1671.5242370073267,0.0005865216,200.01923230204855,0.0006536464,0.009078799,-0.024846466
2721.520645867473,7389.142,6.2237,-0.0036412426,215145,1671.5248860191182,200.01826389275604,6844.139,5.3308973,3069.1282,2.1904433,7389.142,6.2237,0,,,,,1671.5248860191182,0.0005877654,200.01826389275604,0.0006555759,0.008904506,-0.025504835
2721.527590131065,7387.064,6.2236743,-0.0036414203,215146,1671.5237628499765,200.018492010837,6842.4834,5.3308754,3078.8552,2.1894784,7387.064,6.2236743,0,,,,,1671.5237628499765,0.0005882419,200.018492010837,0.0006557244,0.008899362,-0.025497759
2721.534534394424,7402.194,6.231191,-0.0036415982,215147,1671.5228906988855,200.02009233602138,6854.918,5.3373137,3086.5806,2.1929004,7402.194,6.231191,0,,,,,1671.5228906988855,0.0005878419,200.02009233602138,0.00065493473,0.007774573,-0.024576362
2721.5414786580154,7392.9077,6.234272,-0.0036417758,215148,1671.523932644756,200.01892286220482,6847.39,5.339953,3102.2937,2.1963425,7392.9077,6.234272,0,,,,,1671.523932644756,0.000589099,200.01892286220482,0.0006563687,0.009583158,-0.026366709
2721.5484229216067,7391.2344,6.2401023,-0.0036419535,215149,1671.5238550919398,200.0195283745044,6846.5054,5.344947,3115.3208,2.2012603,7391.2344,6.2401023,0,,,,,1671.5238550919398,0.0005894577,200.0195283745044,0.00065688585,0.008294938,-0.02530153
2721.555367185198,7396.8013,6.24845,-0.003642131,215150,1671.5240352612855,200.01910267245205,6851.277,5.352097,3126.1846,2.204372,7396.8013,6.24845,0,,,,,1671.5240352612855,0.0005896511,200.01910267245205,0.00065802445,0.008516066,-0.024655769
2721.562311449022,7383.651,6.2492785,-0.0036423085,215151,1671.5245858429184,200.01799205046376,6840.1953,5.352807,3144.2148,2.210183,7383.651,6.2492785,0,,,,,1671.5245858429184,0.0005909747,200.01799205046376,0.0006585221,0.008878898,-0.026183305
2721.5692557126144,7396.6875,6.2566285,-0.0036424862,215152,1671.5231977269514,200.01889233874869,6851.3604,5.3591027,3155.1382,2.212613,7396.6875,6.2566285,0,,,,,1671.5231977269514,0.0005909455,200.01889233874869,0.00065834814,0.009336034,-0.024908109
2721.57619997644,7386.3677,6.2571573,-0.0036426636,215153,1671.523935586264,200.01813504044213,6842.1724,5.3595552,3168.0176,2.2146978,7386.3677,6.2571573,0,,,,,1671.523935586264,0.0005916469,200.01813504044213,0.00065929734,0.008305888,-0.025835143
2721.5831442402637,7396.486,6.265295,-0.003642841,215154,1671.5246621928788,200.0185261645339,6851.544,5.3665257,3180.4631,2.2191641,7396.486,6.265295,0,,,,,1671.5246621928788,0.0005913881,200.0185261645339,0.0006595467,0.00862217,-0.025654376
2721.5900885040874,7393.3433,6.2677617,-0.0036430184,215155,1671.5237712623655,200.01843074112924,6847.087,5.3686385,3191.7222,2.2212906,7393.3433,6.2677617,0,,,,,1671.5237712623655,0.00059235917,200.01843074112924,0.0006600896,0.0086110355,-0.025645468
2721.5970327681453,7400.8325,6.2742553,-0.0036431956,215156,1671.5227210262308,200.01844990098013,6853.578,5.3742003,3204.2979,2.224746,7400.8325,6.2742553,0,,,,,1671.5227210262308,0.0005922677,200.01844990098013,0.00066036603,0.008151344,-0.025711805
2721.60397703197,7396.9775,6.278012,-0.003643373,215157,1671.52431320611,200.01923161480127,6851.966,5.377418,3212.079,2.2299435,7396.9775,6.278012,0,,,,,1671.52431320611,0.00059266324,200.01923161480127,0.00066075445,0.0096397055,-0.02509168
2721.610921296027,7385.855,6.2793946,-0.0036435502,215158,1671.5237447430932,200.02012069127434,6842.481,5.3786025,3221.743,2.2301018,7385.855,6.2793946,0,,,,,1671.5237447430932,0.0005937762,200.02012069127434,0.00066238584,0.008085492,-0.025823088
2721.617865560084,7389.1016,6.283385,-0.0036437274,215159,1671.524058582061,200.0180721843907,6844.734,5.3820205,3230.9944,2.2326264,7389.1016,6.283385,0,,,,,1671.524058582061,0.00059406506,200.0180721843907,0.0006622031,0.008644018,-0.025428424
2721.624809824141,7389.5737,6.284986,-0.0036439046,215160,1671.5236313871078,200.01763210784824,6845.097,5.383392,3237.83,2.2341132,7389.5737,6.284986,0,,,,,1671.5236313871078,0.00059448136,200.01763210784824,0.0006617698,0.0075666225,-0.025388408
2721.631754088431,7390.9175,6.289712,-0.0036440815,215161,1671.5229450393053,200.01997504346923,6846.9434,5.3874397,3245.7998,2.2366424,7390.9175,6.289712,0,,,,,1671.5229450393053,0.00059454,200.01997504346923,0.00066294504,0.008235023,-0.025187988
2721.638698352722,7390.1895,6.2925534,-0.0036442585,215162,1671.5237489059882,200.0190537079791,6846.7207,5.389874,3253.1624,2.2379308,7390.1895,6.2925534,0,,,,,1671.5237489059882,0.0005947294,200.0190537079791,0.00066320365,0.008774042,-0.025561785
2721.6456426167797,7398.286,6.291356,-0.0036444357,215163,1671.5233280137236,200.02010473073676,6852.213,5.388848,3249.34,2.2371945,7398.286,6.291356,0,,,,,1671.5233280137236,0.000594555,200.02010473073676,0.00066253834,0.0086129,-0.025375959
2721.652586881069,7404.757,6.296703,-0.0036446126,215164,1671.5242289812968,200.01939069840537,6859.203,5.3934274,3252.8655,2.2392309,7404.757,6.296703,0,,,,,1671.5242289812968,0.00059423374,200.01939069840537,0.00066273496,0.008636577,-0.025655434
2721.6595311455912,7392.019,6.2955003,-0.0036447893,215165,1671.523902147933,200.02031215952502,6846.476,5.392398,3255.1357,2.2399611,7392.019,6.2955003,0,,,,,1671.523902147933,0.0005950569,200.02031215952502,0.0006638244,0.008579334,-0.024797
2721.666475409882,7395.716,6.293081,-0.0036449663,215166,1671.5224655578475,200.01942615154294,6850.625,5.3903255,3252.744,2.2397385,7395.716,6.293081,0,,,,,1671.5224655578475,0.00059458025,200.01942615154294,0.0006625777,0.00827375,-0.025102843
2721.673419674405,7391.3335,6.29747,-0.003645143,215167,1671.5233317727193,200.01832987440778,6846.275,5.3940854,3262.599,2.2422502,7391.3335,6.29747,0,,,,,1671.5233317727193,0.00059541815,200.01832987440778,0.0006636992,0.008893977,-0.024846658
2721.680363938695,7390.68,6.293885,-0.00364532,215168,1671.5242224791314,200.01874431543604,6846.1465,5.3910146,3258.307,2.2397568,7390.68,6.293885,0,,,,,1671.5242224791314,0.0005954726,200.01874431543604,0.00066326914,0.00918773,-0.025118023
2721.687308203218,7390.2427,6.2945867,-0.0036454967,215169,1671.5230362289124,200.01989757177157,6846.982,5.391615,3259.6624,2.2403948,7390.2427,6.2945867,0,,,,,1671.5230362289124,0.0005950124,200.01989757177157,0.0006635453,0.007835927,-0.025099937
2721.694252467974,7397.563,6.2974396,-0.0036456732,215170,1671.5233308271788,200.02035513191382,6851.6733,5.394059,3257.3254,2.2407708,7397.563,6.2974396,0,,,,,1671.5233308271788,0.0005950525,200.02035513191382,0.00066363224,0.009035796,-0.02527169
2721.7011967324966,7396.921,6.297149,-0.0036458499,215171,1671.5241363650246,200.0195452737055,6852.012,5.3938103,3259.2092,2.2417707,7396.921,6.297149,0,,,,,1671.5241363650246,0.0005948701,200.0195452737055,0.0006629003,0.008645496,-0.025399558
2721.7081409972525,7395.945,6.2964916,-0.0036460264,215172,1671.5231951049238,200.01986197796455,6850.5166,5.3932467,3260.332,2.241173,7395.945,6.2964916,0,,,,,1671.5231951049238,0.00059525593,200.01986197796455,0.0006631576,0.008908161,-0.024395818
2721.715085261776,7395.449,6.2964244,-0.003646203,215173,1671.5240326390604,200.01944031437014,6850.376,5.3931894,3259.5334,2.2410712,7395.449,6.2964244,0,,,,,1671.5240326390604,0.00059477054,200.01944031437014,0.0006631717,0.008509295,-0.024936168
2721.722029526531,7393.4805,6.3012238,-0.0036463796,215174,1671.5235624658371,200.0187903838164,6848.601,5.3973002,3267.8892,2.243772,7393.4805,6.3012238,0,,,,,1671.5235624658371,0.0005954818,200.0187903838164,0.00066401507,0.007749046,-0.024745882
2721.728973791519,7388.601,6.2966847,-0.0036465558,215175,1671.523523633232,200.01904799969222,6844.755,5.393412,3264.8384,2.2419932,7388.601,6.2966847,0,,,,,1671.523523633232,0.00059520546,200.01904799969222,0.00066380465,0.007901678,-0.024711983
2721.7359180562753,7385.7534,6.296884,-0.0036467323,215176,1671.5246433966809,200.0176628346172,6842.582,5.3935833,3265.1597,2.2424152,7385.7534,6.296884,0,,,,,1671.5246433966809,0.00059552916,200.0176628346172,0.000664087,0.008570491,-0.025786195
2721.742862321265,7394.4795,6.2986097,-0.0036469086,215177,1671.522674627446,200.0202809234308,6850.5728,5.3950615,3263.7605,2.242044,7394.4795,6.2986097,0,,,,,1671.522674627446,0.0005950713,200.0202809234308,0.0006632072,0.0071939556,-0.02305733
2721.7498065862533,7391.576,6.298061,-0.0036470848,215178,1671.5241552623095,200.01845948045687,6847.8184,5.3945913,3266.2947,2.2429032,7391.576,6.298061,0,,,,,1671.5241552623095,0.0005952123,200.01845948045687,0.00066371774,0.008981521,-0.02544782
2721.7567508512416,7389.282,6.2986064,-0.003647261,215179,1671.5243901816345,200.01948575998975,6846.045,5.395058,3267.016,2.2443616,7389.282,6.2986064,0,,,,,1671.5243901816345,0.000595563,200.01948575998975,0.0006636353,0.0083752675,-0.0248183
2721.76369511623,7395.253,6.298894,-0.0036474373,215180,1671.522484470309,200.0193962174065,6850.319,5.3953047,3265.549,2.2431118,7395.253,6.298894,0,,,,,1671.522484470309,0.0005951799,200.0193962174065,0.00066345127,0.008200251,-0.024988072
2721.770639381218,7396.9893,6.2993283,-0.0036476136,215181,1671.5234370514497,200.0187019559309,6851.1357,5.3956766,3266.7673,2.2427278,7396.9893,6.2993283,0,,,,,1671.5234370514497,0.0005950665,200.0187019559309,0.00066361716,0.008427148,-0.02503854
2721.77758364644,7392.8027,6.298265,-0.0036477896,215182,1671.5232291329828,200.01899952974907,6847.826,5.394766,3266.4448,2.2428534,7392.8027,6.298265,0,,,,,1671.5232291329828,0.0005954136,200.01899952974907,0.0006635839,0.008088434,-0.024427127
2721.784527911662,7385.2124,6.2970595,-0.0036479656,215183,1671.5234239522945,200.0195071274778,6841.856,5.393734,3270.8755,2.2436535,7385.2124,6.2970595,0,,,,,1671.5234239522945,0.00059557584,200.0195071274778,0.00066420843,0.008449849,-0.02464248
2721.7914721766506,7391.3247,6.301041,-0.0036481419,215184,1671.524054056361,200.0187828033218,6846.1475,5.397144,3273.346,2.244608,7391.3247,6.301041,0,,,,,1671.524054056361,0.00059549074,200.0187828033218,0.0006644897,0.008250403,-0.025866056
2721.798416442104,7402.268,6.3036237,-0.0036483177,215185,1671.5236933395215,200.02126218812958,6855.4023,5.399356,3271.6155,2.2459645,7402.268,6.3036237,0,,,,,1671.5236933395215,0.00059529964,200.02126218812958,0.0006633364,0.008312862,-0.02335794
2721.8053607073257,7394.178,6.2995076,-0.0036484937,215186,1671.5246674345233,200.0199567507462,6848.2554,5.3958306,3268.649,2.242989,7394.178,6.2995076,0,,,,,1671.5246674345233,0.000595314,200.0199567507462,0.0006641677,0.0082136085,-0.024905398
2721.8123049727806,7396.413,6.3030405,-0.0036486695,215187,1671.5242792923568,200.01854426124078,6851.8613,5.3988566,3278.6218,2.246093,7396.413,6.3030405,0,,,,,1671.5242792923568,0.00059542764,200.01854426124078,0.00066366233,0.008120445,-0.023773244
2721.8192492380017,7399.8755,6.3044195,-0.0036488455,215188,1671.5234615984102,200.0195387555315,6854.4424,5.400038,3277.0386,2.2470667,7399.8755,6.3044195,0,,,,,1671.5234615984102,0.00059554516,200.0195387555315,0.00066359143,0.00798766,-0.023632698
2721.8261935034557,7393.994,6.3028617,-0.0036490213,215189,1671.52397404781,200.0196233789203,6850.108,5.3987036,3278.5996,2.2462084,7393.994,6.3028617,0,,,,,1671.52397404781,0.0005954674,200.0196233789203,0.0006642929,0.008906905,-0.025128592
2721.8331377691425,7408.618,6.3046346,-0.0036491968,215190,1671.5237520948149,200.01853774062425,6861.7983,5.4002223,3274.6182,2.245843,7408.618,6.3046346,0,,,,,1671.5237520948149,0.0005949025,200.01853774062425,0.0006628461,0.008382504,-0.024602743
2721.8400820345973,7387.388,6.3041,-0.0036493726,215191,1671.5228061505172,200.019744636445,6844.087,5.399764,3270.5562,2.24579,7387.388,6.3041,0,,,,,1671.5228061505172,0.00059598463,200.019744636445,0.00066492194,0.007835839,-0.024674205
2721.847026300284,7387.9883,6.3006,-0.0036495482,215192,1671.5224877501132,200.01983927668311,6844.2715,5.396766,3275.6746,2.2450914,7387.9883,6.3006,0,,,,,1671.5224877501132,0.00059568515,200.01983927668311,0.00066433556,0.007632897,-0.023779841
2721.8539705657386,7390.0854,6.3013744,-0.003649724,215193,1671.52288226528,200.01864317641744,6845.344,5.3974295,3276.3562,2.244916,7390.0854,6.3013744,0,,,,,1671.52288226528,0.00059603533,200.01864317641744,0.0006641399,0.0091835195,-0.024890058
2721.860914831426,7386.87,6.302001,-0.0036498995,215194,1671.5238268746361,200.02032772216882,6842.466,5.3979664,3277.1877,2.2469356,7386.87,6.302001,0,,,,,1671.5238268746361,0.00059621176,200.02032772216882,0.00066485355,0.008209447,-0.024439346
2721.8678590971126,7393.4365,6.300217,-0.003650075,215195,1671.5231426725816,200.0197735056802,6847.4707,5.396438,3272.3992,2.2447424,7393.4365,6.300217,0,,,,,1671.5231426725816,0.00059602124,200.0197735056802,0.00066369434,0.008929247,-0.024241656
2721.8748033630322,7389.9697,6.3010025,-0.0036502504,215196,1671.5232318157127,200.01803462844785,6846.107,5.397111,3271.7097,2.246315,7389.9697,6.3010025,0,,,,,1671.5232318157127,0.00059578044,200.01803462844785,0.00066372566,0.008855271,-0.024325926
2721.88174762872,7376.4307,6.2963543,-0.003650426,215197,1671.5220726506072,200.01951243837607,6834.3755,5.39313,3272.0251,2.24384,7376.4307,6.2963543,0,,,,,1671.5220726506072,0.00059641316,200.01951243837607,0.00066478923,0.0076416554,-0.024168476
2721.8886918946396,7394.317,6.29702,-0.0036506013,215198,1671.5235806677913,200.01950786915077,6848.2173,5.3936996,3267.0571,2.2425492,7394.317,6.29702,0,,,,,1671.5235806677913,0.00059542333,200.01950786915077,0.00066337636,0.008795957,-0.023729077
2721.895636160559,7384.6055,6.294555,-0.0036507766,215199,1671.5226647364896,200.01943311181984,6840.2334,5.391588,3265.5625,2.242103,7384.6055,6.294555,0,,,,,1671.5226647364896,0.0005957585,200.01943311181984,0.0006639779,0.008436871,-0.024875874
2721.902580426479,7393.931,6.298156,-0.003650952,215200,1671.5235029262547,200.01815638528254,6849.1006,5.3946724,3260.8901,2.2425206,7393.931,6.298156,0,,,,,1671.5235029262547,0.0005950196,200.01815638528254,0.0006634837,0.008630538,-0.025205126
2721.9095246923994,7392.345,6.2958574,-0.0036511272,215201,1671.5232532586285,200.01993926878086,6846.447,5.3927035,3257.4492,2.2393134,7392.345,6.2958574,0,,,,,1671.5232532586285,0.00059580436,200.01993926878086,0.00066358596,0.0074484847,-0.02370489
2721.9164689585523,7392.788,6.2936015,-0.0036513023,215202,1671.5234371691827,200.02007241997052,6847.742,5.3907714,3255.3562,2.239331,7392.788,6.2936015,0,,,,,1671.5234371691827,0.00059479725,200.02007241997052,0.0006629972,0.008023399,-0.02338073
2721.9234132247043,7391.609,6.2926173,-0.0036514774,215203,1671.5248837451995,200.01872836855517,6846.983,5.3899283,3253.9158,2.2386177,7391.609,6.2926173,0,,,,,1671.5248837451995,0.0005947989,200.01872836855517,0.00066297664,0.009306675,-0.024094218
2721.930357490857,7391.3306,6.2903714,-0.0036516525,215204,1671.5239395146784,200.0190291687056,6846.499,5.388005,3247.9343,2.2382696,7391.3306,6.2903714,0,,,,,1671.5239395146784,0.00059491745,200.0190291687056,0.0006630282,0.007680447,-0.024906557
2721.93730175701,7396.8228,6.294,-0.0036518276,215205,1671.523006579112,200.02011377786658,6851.4175,5.3911133,3246.0881,2.23816,7396.8228,6.294,0,,,,,1671.523006579112,0.0005944639,200.02011377786658,0.0006629238,0.008650937,-0.02398673
2721.9442460231626,7381.3765,6.2883697,-0.0036520027,215206,1671.523709346537,200.01887046817748,6838.36,5.38629,3242.3823,2.2373672,7381.3765,6.2883697,0,,,,,1671.523709346537,0.00059466914,200.01887046817748,0.00066348986,0.008133601,-0.023993753
2721.951190289316,7391.8896,6.2825756,-0.0036521778,215207,1671.5237279277308,200.01983016834012,6846.5264,5.3813276,3229.5916,2.231984,7391.8896,6.2825756,0,,,,,1671.5237279277308,0.00059376797,200.01983016834012,0.0006622902,0.0093735615,-0.024462856
2721.9581345557012,7380.777,6.279856,-0.0036523526,215208,1671.523447966487,200.02053780695067,6838.362,5.378998,3227.5464,2.2327893,7380.777,6.279856,0,,,,,1671.523447966487,0.0005941163,200.02053780695067,0.0006624013,0.008711498,-0.02373065
2721.9650788220865,7396.8887,6.282331,-0.0036525275,215209,1671.5237606660248,200.01840374186278,6850.836,5.381118,3220.7837,2.2302418,7396.8887,6.282331,0,,,,,1671.5237606660248,0.0005933812,200.01840374186278,0.00066181936,0.0078436,-0.025223536
2721.972023088472,7393.5464,6.276756,-0.0036527023,215210,1671.52324012882,200.01914812307925,6849.383,5.3763423,3211.8103,2.2282364,7393.5464,6.276756,0,,,,,1671.52324012882,0.0005931492,200.01914812307925,0.00066092814,0.008530488,-0.023219263
2721.9789673548585,7394.755,6.2746415,-0.0036528772,215211,1671.524668597078,200.01925465852224,6850.1685,5.3745313,3206.3186,2.2262204,7394.755,6.2746415,0,,,,,1671.524668597078,0.00059247,200.01925465852224,0.0006609882,0.008293146,-0.02435906
2721.985911621477,7398.072,6.2732573,-0.0036530518,215212,1671.5241673300284,200.02036729192793,6852.4414,5.3733454,3199.4434,2.2242115,7398.072,6.2732573,0,,,,,1671.5241673300284,0.00059241505,200.02036729192793,0.00066049944,0.008591028,-0.023007052
2721.9928558878614,7396.446,6.2718787,-0.0036532267,215213,1671.5227853578167,200.01915751735828,6849.9565,5.3721647,3194.1575,2.2221742,7396.446,6.2718787,0,,,,,1671.5227853578167,0.0005922763,200.01915751735828,0.0006605163,0.007816779,-0.023589075
2721.99980015448,7392.2783,6.266393,-0.0036534013,215214,1671.5233999236493,200.01867340065618,6848.093,5.367466,3184.822,2.2205222,7392.2783,6.266393,0,,,,,1671.5233999236493,0.0005923453,200.01867340065618,0.0006597938,0.008650129,-0.025272788
2722.006744421099,7398.5303,6.264735,-0.003653576,215215,1671.5241925326818,200.01957670399253,6853.4507,5.366046,3179.992,2.2179918,7398.5303,6.264735,0,,,,,1671.5241925326818,0.0005912913,200.01957670399253,0.00065928453,0.0088737495,-0.02436638
2722.0136886879504,7400.861,6.2633004,-0.0036537503,215216,1671.5229201968634,200.02051909261525,6854.6343,5.364817,3172.9453,2.216982,7400.861,6.2633004,0,,,,,1671.5229201968634,0.00059113774,200.02051909261525,0.0006586805,0.006981032,-0.022604862
2722.0206329545686,7386.4927,6.258468,-0.003653925,215217,1671.523771147593,200.01886527651672,6843.9863,5.360678,3167.7158,2.2155895,7386.4927,6.258468,0,,,,,1671.523771147593,0.0005912163,200.01886527651672,0.0006595535,0.008331474,-0.025062755
2722.0275772214195,7393.605,6.2565393,-0.0036540993,215218,1671.5239452051933,200.02027795509414,6847.965,5.359026,3157.5059,2.212802,7393.605,6.2565393,0,,,,,1671.5239452051933,0.0005911285,200.02027795509414,0.00065906136,0.009476868,-0.024134094
2722.0345214880376,7392.612,6.2562337,-0.003654274,215219,1671.5231541678381,200.0200608635506,6847.8716,5.3587637,3157.2998,2.2122386,7392.612,6.2562337,0,,,,,1671.5231541678381,0.00059101864,200.0200608635506,0.0006587532,0.0076486412,-0.023063447
2722.041465754889,7395.98,6.253348,-0.0036544483,215220,1671.5254631248824,200.01853929002024,6851.272,5.3562922,3150.4565,2.2097113,7395.98,6.253348,0,,,,,1671.5254631248824,0.0005902064,200.01853929002024,0.0006582294,0.008999796,-0.024919262
2722.0484100219737,7386.4736,6.249801,-0.0036546225,215221,1671.5230318935546,200.02002941422163,6842.246,5.3532543,3145.7754,2.208523,7386.4736,6.249801,0,,,,,1671.5230318935546,0.000590768,200.02002941422163,0.00065866654,0.007871421,-0.023175817
2722.0553542888256,7393.7637,6.248961,-0.0036547969,215222,1671.5231244999686,200.01954759551197,6849.092,5.3525352,3140.5354,2.2073107,7393.7637,6.248961,0,,,,,1671.5231244999686,0.00059029483,200.01954759551197,0.00065744953,0.007568147,-0.023463983
2722.062298555909,7383.119,6.2474585,-0.003654971,215223,1671.523788906387,200.01867387162457,6839.2124,5.351248,3137.5938,2.2090588,7383.119,6.2474585,0,,,,,1671.523788906387,0.0005907363,200.01867387162457,0.00065864396,0.008922975,-0.023684843
2722.0692428227594,7395.7456,6.2501597,-0.0036551454,215224,1671.524560185586,200.01917536615434,6849.2056,5.3535614,3132.9355,2.2065394,7395.7456,6.2501597,0,,,,,1671.524560185586,0.0005899378,200.01917536615434,0.0006582405,0.00858481,-0.023877112
2722.076187089844,7396.8604,6.2447577,-0.0036553196,215225,1671.5237034180414,200.01935165677858,6852.529,5.348934,3126.2793,2.20324,7396.8604,6.2447577,0,,,,,1671.5237034180414,0.00058943505,200.01935165677858,0.00065687555,0.008481352,-0.02423796
2722.0831313569283,7389.8975,6.2432904,-0.0036554937,215226,1671.5237752154744,200.01905229423215,6845.0513,5.347677,3124.9863,2.2023304,7389.8975,6.2432904,0,,,,,1671.5237752154744,0.00059035275,200.01905229423215,0.0006573068,0.008186281,-0.023694957
2722.0900756242445,7396.5215,6.244991,-0.0036556676,215227,1671.522432917796,200.02063776919323,6851.357,5.349134,3124.428,2.2029245,7396.5215,6.244991,0,,,,,1671.522432917796,0.00058918755,200.02063776919323,0.00065746246,0.007477959,-0.023207095
2722.0970198913287,7396.5645,6.2418175,-0.0036558418,215228,1671.5237649648147,200.01970286152545,6849.9844,5.3464155,3117.17,2.2023995,7396.5645,6.2418175,0,,,,,1671.5237649648147,0.0005890864,200.01970286152545,0.00065695366,0.0089033805,-0.024109328
2722.1039641586462,7399.931,6.2418084,-0.0036560157,215229,1671.5231022153534,200.01911779382772,6853.513,5.3464084,3117.5547,2.2009442,7399.931,6.2418084,0,,,,,1671.5231022153534,0.00058910245,200.01911779382772,0.0006565314,0.00822414,-0.02381204
2722.110908425963,7393.5396,6.2384515,-0.0036561897,215230,1671.5239177283056,200.01845681329038,6848.01,5.343533,3111.4934,2.198918,7393.5396,6.2384515,0,,,,,1671.5239177283056,0.0005892136,200.01845681329038,0.0006566209,0.008719517,-0.023631891
2722.11785269328,7388.6636,6.2361016,-0.0036563636,215231,1671.5227503650508,200.02036417914493,6845.229,5.34152,3110.604,2.1985931,7388.6636,6.2361016,0,,,,,1671.5227503650508,0.00058872753,200.02036417914493,0.0006567419,0.0077983276,-0.023542019
2722.124796960597,7387.4067,6.236432,-0.0036565375,215232,1671.5233543368438,200.01920753421658,6843.9385,5.341803,3109.2583,2.1981924,7387.4067,6.236432,0,,,,,1671.5233543368438,0.00058925536,200.01920753421658,0.00065722864,0.0075719194,-0.023243694
2722.1317412281455,7390.0537,6.2344694,-0.0036567112,215233,1671.5244384140785,200.01991220894053,6844.7236,5.340122,3105.619,2.1958795,7390.0537,6.2344694,0,,,,,1671.5244384140785,0.0005891837,200.01991220894053,0.0006567539,0.009116181,-0.024232483
2722.1386854956954,7398.407,6.2397184,-0.003656885,215234,1671.5222520933705,200.01966559578486,6852.856,5.344618,3102.2227,2.1983874,7398.407,6.2397184,0,,,,,1671.5222520933705,0.0005884856,200.01966559578486,0.00065658946,0.0076518785,-0.023381883
2722.1456297630134,7390.2334,6.2341623,-0.0036570588,215235,1671.524369275185,200.0197965429115,6843.68,5.339859,3102.4573,2.19664,7390.2334,6.2341623,0,,,,,1671.524369275185,0.0005891047,200.0197965429115,0.0006566376,0.00883677,-0.023651125
2722.1525740305638,7396.013,6.2403975,-0.0036572325,215236,1671.524604556927,200.01947483974516,6850.889,5.3451996,3103.0247,2.1992016,7396.013,6.2403975,0,,,,,1671.524604556927,0.00058875704,200.01947483974516,0.00065711443,0.008500267,-0.023436984
2722.1595182983456,7387.2544,6.2354174,-0.003657406,215237,1671.523804677504,200.0190212062843,6844.1963,5.340934,3105.119,2.1981382,7387.2544,6.2354174,0,,,,,1671.523804677504,0.0005890576,200.0190212062843,0.00065665896,0.008539832,-0.023574514
2722.1664625658946,7399.632,6.234854,-0.0036575797,215238,1671.5244959327356,200.01972781714838,6851.7607,5.3404517,3101.9883,2.196477,7399.632,6.234854,0,,,,,1671.5244959327356,0.00058860664,200.01972781714838,0.0006559628,0.008266259,-0.023226926
2722.1734068336777,7397.0913,6.2383757,-0.003657753,215239,1671.523661209452,200.01917340191594,6851.5674,5.3434677,3101.819,2.1972067,7397.0913,6.2383757,0,,,,,1671.523661209452,0.00058830465,200.01917340191594,0.0006568098,0.0084970305,-0.023880543
2722.18035110146,7403.2886,6.237887,-0.0036579266,215240,1671.5248854455222,200.01838746350282,6856.9136,5.3430495,3102.2866,2.19677,7403.2886,6.237887,0,,,,,1671.5248854455222,0.000588526,200.01838746350282,0.0006560259,0.009169656,-0.024974285
2722.1872953692427,7385.648,6.2339907,-0.0036581,215241,1671.522600085082,200.01968120069333,6841.201,5.339712,3105.3274,2.197496,7385.648,6.2339907,0,,,,,1671.522600085082,0.0005892826,200.01968120069333,0.00065664167,0.008152949,-0.023475632
2722.1942396370255,7397.7124,6.2368426,-0.0036582735,215242,1671.523953061356,200.01979427000083,6852.2764,5.3421545,3104.6584,2.1977708,7397.7124,6.2368426,0,,,,,1671.523953061356,0.0005886943,200.01979427000083,0.0006560147,0.007817722,-0.024747001
2722.201183904807,7384.4683,6.23454,-0.003658447,215243,1671.5243220936575,200.0193256937916,6840.2983,5.3401823,3106.1382,2.1974006,7384.4683,6.23454,0,,,,,1671.5243220936575,0.0005892565,200.0193256937916,0.0006570235,0.008207867,-0.023749622
2722.208128172823,7394.52,6.2373147,-0.0036586202,215244,1671.5234779918815,200.0204630291716,6849.394,5.3425593,3103.3376,2.1980288,7394.52,6.2373147,0,,,,,1671.5234779918815,0.00058946625,200.0204630291716,0.0006566439,0.007983989,-0.0243038
2722.215072440839,7397.146,6.2365637,-0.0036587934,215245,1671.5231607150865,200.01898984794497,6852.734,5.3419156,3102.7686,2.1963658,7397.146,6.2365637,0,,,,,1671.5231607150865,0.0005885996,200.01898984794497,0.00065592094,0.008763088,-0.023455916
2722.222016708854,7397.7417,6.2370296,-0.0036589666,215246,1671.5241810548866,200.01922191502868,6852.447,5.3423147,3105.548,2.197235,7397.7417,6.2370296,0,,,,,1671.5241810548866,0.0005887032,200.01922191502868,0.0006564866,0.008995414,-0.024069222
2722.228960976869,7393.39,6.2338834,-0.0036591399,215247,1671.522353095307,200.0204889330338,6847.7773,5.33962,3102.4216,2.1961462,7393.39,6.2338834,0,,,,,1671.522353095307,0.00058843626,200.0204889330338,0.00065641396,0.007493167,-0.02247318
2722.235905244884,7390.9976,6.2345905,-0.003659313,215248,1671.52432049034,200.01879289353076,6845.945,5.3402257,3103.0764,2.1973162,7390.9976,6.2345905,0,,,,,1671.52432049034,0.0005888702,200.01879289353076,0.00065629435,0.009195079,-0.023907252
2722.242849513133,7388.4595,6.2335877,-0.003659486,215249,1671.5256930874461,200.01741456312965,6843.286,5.339367,3099.5776,2.1981764,7388.4595,6.2335877,0,,,,,1671.5256930874461,0.0005887358,200.01741456312965,0.00065650896,0.0100280475,-0.024844162
2722.249793781148,7386.4185,6.2315717,-0.0036596593,215250,1671.5242752628874,200.01867949874975,6841.8896,5.33764,3098.1536,2.195751,7386.4185,6.2315717,0,,,,,1671.5242752628874,0.00058869825,200.01867949874975,0.00065662083,0.008682593,-0.02502627
2722.256738049396,7379.785,6.227671,-0.0036598323,215251,1671.523774101565,200.01878555056695,6836.959,5.334299,3089.6968,2.1936042,7379.785,6.227671,0,,,,,1671.523774101565,0.0005889964,200.01878555056695,0.0006564549,0.0084699765,-0.024002971
2722.263682317644,7390.507,6.229198,-0.0036600053,215252,1671.5240480203229,200.019275952399,6845.605,5.335607,3083.7476,2.1944492,7390.507,6.229198,0,,,,,1671.5240480203229,0.0005884296,200.019275952399,0.00065573544,0.008057802,-0.022445362
2722.270626586126,7384.7036,6.2224574,-0.003660178,215253,1671.5228899806693,200.01895107095444,6841.297,5.3298335,3072.4578,2.1888332,7384.7036,6.2224574,0,,,,,1671.5228899806693,0.0005880931,200.01895107095444,0.0006556511,0.008784942,-0.024180764
2722.2775708543745,7397.511,6.2222815,-0.003660351,215254,1671.524467915758,200.01851852764779,6851.7188,5.3296824,3063.877,2.1860502,7397.511,6.2222815,0,,,,,1671.524467915758,0.00058799086,200.01851852764779,0.00065416016,0.009952335,-0.02437835
2722.2845151228553,7391.596,6.2157784,-0.0036605238,215255,1671.5230720414593,200.01961439643244,6846.9717,5.324112,3051.0156,2.1830935,7391.596,6.2157784,0,,,,,1671.5230720414593,0.0005868901,200.01961439643244,0.0006542042,0.007505321,-0.02352651
2722.291459391336,7389.653,6.213086,-0.0036606966,215256,1671.5223712686945,200.01961227494982,6844.8154,5.3218064,3044.958,2.1820521,7389.653,6.213086,0,,,,,1671.5223712686945,0.0005867933,200.01961227494982,0.00065423106,0.008277997,-0.023146916
2722.298403659817,7396.0864,6.2080507,-0.0036608693,215257,1671.5234321195903,200.02000271817036,6849.3936,5.3174934,3028.7878,2.1770575,7396.0864,6.2080507,0,,,,,1671.5234321195903,0.00058621913,200.02000271817036,0.00065323,0.008083005,-0.023411121
2722.3053479282976,7388.145,6.20551,-0.003661042,215258,1671.5237768308173,200.0193345482457,6843.741,5.315317,3024.7422,2.1750677,7388.145,6.20551,0,,,,,1671.5237768308173,0.0005859359,200.0193345482457,0.00065364566,0.008421934,-0.023848211
2722.3122921967793,7396.731,6.200348,-0.0036612148,215259,1671.5238631263787,200.02000349064832,6850.8174,5.310895,3012.202,2.1710856,7396.731,6.200348,0,,,,,1671.5238631263787,0.0005852371,200.02000349064832,0.0006522464,0.008796567,-0.02439113
2722.319236465493,7393.382,6.19477,-0.0036613874,215260,1671.5236676333866,200.0196626775426,6848.6763,5.3061175,3000.1921,2.1673698,7393.382,6.19477,0,,,,,1671.5236676333866,0.0005847375,200.0196626775426,0.0006515946,0.008203851,-0.023228297
2722.3261807342064,7381.5474,6.190511,-0.00366156,215261,1671.523821252142,200.01872811605435,6836.7935,5.3024697,2990.288,2.1653836,7381.5474,6.190511,0,,,,,1671.523821252142,0.0005855611,200.01872811605435,0.0006522035,0.008640739,-0.023908503
2722.3331250029205,7390.7554,6.1847796,-0.0036617324,215262,1671.5231669252983,200.02051420037387,6846.0713,5.29756,2975.3318,2.1602356,7390.7554,6.1847796,0,,,,,1671.5231669252983,0.0005836637,200.02051420037387,0.00065087585,0.008755823,-0.023648584
2722.340069271635,7391.965,6.1815615,-0.003661905,215263,1671.5235319106089,200.02004115697386,6847.0425,5.294804,2963.0386,2.1587417,7391.965,6.1815615,0,,,,,1671.5235319106089,0.00058341864,200.02004115697386,0.0006505012,0.008651006,-0.023928687
2722.347013540349,7384.867,6.174183,-0.0036620775,215264,1671.5244526583842,200.01892814428814,6839.352,5.2884836,2950.2117,2.1540992,7384.867,6.174183,0,,,,,1671.5244526583842,0.0005833647,200.01892814428814,0.00065011665,0.008890958,-0.023506992
2722.3539578092946,7398.5454,6.1736956,-0.0036622498,215265,1671.524375171541,200.01851521273647,6852.2197,5.2880664,2940.4985,2.1507506,7398.5454,6.1736956,0,,,,,1671.524375171541,0.00058217807,200.01851521273647,0.0006486459,0.008252313,-0.023574863
2722.3609020782415,7392.787,6.1673675,-0.003662422,215266,1671.523328091891,200.020991661403,6846.67,5.2826457,2930.8877,2.1479876,7392.787,6.1673675,0,,,,,1671.523328091891,0.000581916,200.020991661403,0.0006487624,0.007830368,-0.022691684
2722.367846346956,7395.822,6.162468,-0.0036625946,215267,1671.5243495430386,200.01923633470818,6848.725,5.278449,2916.0237,2.1440134,7395.822,6.162468,0,,,,,1671.5243495430386,0.0005812815,200.01923633470818,0.00064784737,0.008489735,-0.023823291
2722.3747906161357,7394.0366,6.1606097,-0.0036627667,215268,1671.524983318117,200.01848910070115,6847.966,5.276858,2912.4697,2.1416972,7394.0366,6.1606097,0,,,,,1671.524983318117,0.00058125757,200.01848910070115,0.0006477885,0.009618089,-0.023830798
2722.381734885082,7386.1226,6.15713,-0.003662939,215269,1671.5235644620057,200.01952455502396,6842.33,5.273877,2905.427,2.1403,7386.1226,6.15713,0,,,,,1671.5235644620057,0.0005812175,200.01952455502396,0.000647672,0.007315248,-0.022889683
2722.3886791540294,7391.2583,6.156329,-0.0036631112,215270,1671.5239647080996,200.01797178190102,6846.5166,5.273191,2895.602,2.1386297,7391.2583,6.156329,0,,,,,1671.5239647080996,0.00058088975,200.01797178190102,0.0006474617,0.009360841,-0.024215423
2722.395623423208,7379.83,6.151014,-0.0036632833,215271,1671.5241128078776,200.01866452941172,6834.3335,5.268638,2892.287,2.1371753,7379.83,6.151014,0,,,,,1671.5241128078776,0.0005810171,200.01866452941172,0.0006481615,0.00854856,-0.022597086
2722.4025676923875,7389.963,6.1479993,-0.0036634554,215272,1671.5243821507686,200.01837369663167,6842.493,5.266056,2878.4622,2.1335104,7389.963,6.1479993,0,,,,,1671.5243821507686,0.0005805291,200.01837369663167,0.0006467549,0.008971717,-0.024271281
2722.4095119615677,7387.271,6.1479936,-0.0036636274,215273,1671.5239073770067,200.0190778186929,6842.2407,5.266052,2878.5964,2.132887,7387.271,6.1479936,0,,,,,1671.5239073770067,0.00058059173,200.0190778186929,0.0006468288,0.009117124,-0.022301413
2722.4164562307474,7390.5967,6.14429,-0.0036637995,215274,1671.5245940705536,200.0185626301534,6844.888,5.2628794,2868.7253,2.1304462,7390.5967,6.14429,0,,,,,1671.5245940705536,0.0005799153,200.0185626301534,0.000646418,0.0083416635,-0.024854995
2722.4234005001586,7405.245,6.147074,-0.0036639713,215275,1671.5243816713812,200.0189548867644,6857.9907,5.2652636,2869.7966,2.1307812,7405.245,6.147074,0,,,,,1671.5243816713812,0.00057908765,200.0189548867644,0.0006449965,0.008802266,-0.023987267
2722.4303447693383,7389.668,6.1448655,-0.0036641434,215276,1671.5229774701245,200.0193457207048,6844.17,5.263372,2862.244,2.1297355,7389.668,6.1448655,0,,,,,1671.5229774701245,0.0005794956,200.0193457207048,0.0006462958,0.009102972,-0.024080988
2722.4372890387517,7399.112,6.143362,-0.0036643152,215277,1671.523058405213,200.02095926248506,6851.208,5.2620845,2857.3792,2.1275244,7399.112,6.143362,0,,,,,1671.523058405213,0.00057952566,200.02095926248506,0.0006453935,0.007665738,-0.02246501
2722.444233308164,7389.6562,6.138849,-0.003664487,215278,1671.5247208503117,200.01797147444256,6843.961,5.2582183,2856.433,2.126698,7389.6562,6.138849,0,,,,,1671.5247208503117,0.00057951227,200.01797147444256,0.0006456159,0.009821965,-0.02420248
2722.451177577576,7392.0186,6.143329,-0.0036646589,215279,1671.5247381408144,200.01853042506394,6844.5977,5.262056,2860.4143,2.1279309,7392.0186,6.143329,0,,,,,1671.5247381408144,0.00057956536,200.01853042506394,0.00064661936,0.008779972,-0.024298685
2722.458121847221,7396.97,6.144892,-0.0036648305,215280,1671.5230310826262,200.01971885796564,6849.672,5.263395,2862.404,2.1293106,7396.97,6.144892,0,,,,,1671.5230310826262,0.0005790697,200.01971885796564,0.00064634584,0.0082625775,-0.023387669
2722.465066116634,7400.662,6.1445675,-0.0036650023,215281,1671.5240122195623,200.01925058442987,6851.598,5.2631164,2864.8027,2.1279595,7400.662,6.1445675,0,,,,,1671.5240122195623,0.0005790498,200.01925058442987,0.0006459856,0.009275556,-0.023339542
2722.4720103862787,7392.89,6.1442647,-0.003665174,215282,1671.5228788222407,200.01962963679438,6848.2207,5.2628574,2866.9307,2.1297126,7392.89,6.1442647,0,,,,,1671.5228788222407,0.0005794914,200.01962963679438,0.00064551015,0.008210929,-0.022626225
2722.4789546559236,7392.1104,6.1449933,-0.0036653455,215283,1671.5240795249815,200.01882773456725,6845.9023,5.263481,2869.453,2.1315506,7392.1104,6.1449933,0,,,,,1671.5240795249815,0.0005794662,200.01882773456725,0.0006463995,0.008797769,-0.024185807
2722.4858989255686,7383.236,6.145388,-0.003665517,215284,1671.5249671588065,200.01969824891302,6837.8784,5.263819,2876.7698,2.1329029,7383.236,6.145388,0,,,,,1671.5249671588065,0.0005804272,200.01969824891302,0.00064665754,0.009586502,-0.023123112
2722.4928431952135,7395.999,6.1504984,-0.0036656887,215285,1671.5240709417799,200.0206254942813,6849.212,5.2681966,2882.0413,2.1341708,7395.999,6.1504984,0,,,,,1671.5240709417799,0.00057976856,200.0206254942813,0.0006463999,0.008043013,-0.023520736
2722.499787465092,7398.3276,6.152441,-0.00366586,215286,1671.5243265815066,200.01904356588895,6851.357,5.2698607,2887.2754,2.134809,7398.3276,6.152441,0,,,,,1671.5243265815066,0.00057970214,200.01904356588895,0.0006467035,0.008768819,-0.023385502
2722.506731734738,7398.025,6.1609545,-0.0036660316,215287,1671.5236239129133,200.01898402867175,6851.365,5.277153,2896.4646,2.1399064,7398.025,6.1609545,0,,,,,1671.5236239129133,0.00058070663,200.01898402867175,0.0006477841,0.0087353755,-0.024054725
2722.5136760046153,7400.1206,6.159503,-0.003666203,215288,1671.5249754508127,200.0186602985651,6853.09,5.27591,2902.7131,2.1399517,7400.1206,6.159503,0,,,,,1671.5249754508127,0.0005805776,200.0186602985651,0.0006471553,0.009240045,-0.023437005
2722.5206202744926,7390.0146,6.1600633,-0.0036663744,215289,1671.5241699146454,200.01858365833863,6844.0884,5.2763896,2911.457,2.142662,7390.0146,6.1600633,0,,,,,1671.5241699146454,0.0005812503,200.01858365833863,0.0006481311,0.00873143,-0.022760948
2722.527564544371,7386.865,6.1682386,-0.0036665457,215290,1671.5236096316037,200.01684945760522,6841.981,5.283392,2926.088,2.1504836,7386.865,6.1682386,0,,,,,1671.5236096316037,0.0005821384,200.01684945760522,0.0006491302,0.00852426,-0.024843456
2722.5345088144827,7387.9155,6.1699433,-0.0036667169,215291,1671.5243321850107,200.02002655611307,6841.017,5.2848525,2940.1582,2.151054,7387.9155,6.1699433,0,,,,,1671.5243321850107,0.0005827178,200.02002655611307,0.0006494902,0.008529726,-0.022801938
2722.5414530843605,7394.8076,6.1747627,-0.0036668882,215292,1671.5242714520193,200.01915231215636,6848.6255,5.2889805,2947.9854,2.1522567,7394.8076,6.1747627,0,,,,,1671.5242714520193,0.0005827133,200.01915231215636,0.0006494677,0.00993488,-0.024271572
2722.548397354471,7398.344,6.179548,-0.0036670594,215293,1671.5227820033156,200.01896483486874,6850.345,5.293079,2960.5354,2.1562598,7398.344,6.179548,0,,,,,1671.5227820033156,0.0005828555,200.01896483486874,0.0006497111,0.008719678,-0.023289654
2722.5553416245816,7382.9604,6.1819005,-0.0036672305,215294,1671.5240761106154,200.01830414719277,6837.883,5.295094,2969.1602,2.1599908,7382.9604,6.1819005,0,,,,,1671.5240761106154,0.00058432884,200.01830414719277,0.0006510561,0.008578173,-0.022833496
2722.562285894693,7393.9897,6.192131,-0.0036674016,215295,1671.524552672275,200.01844157488196,6846.753,5.3038573,2983.2153,2.1647599,7393.9897,6.192131,0,,,,,1671.524552672275,0.00058489916,200.01844157488196,0.00065165537,0.008887185,-0.023424981
2722.5692301650365,7399.0884,6.1951604,-0.0036675725,215296,1671.5236372175618,200.0190407937665,6851.5615,5.306452,2999.2463,2.167136,7399.0884,6.1951604,0,,,,,1671.5236372175618,0.00058448006,200.0190407937665,0.000651523,0.008796399,-0.024004329
2722.576174435147,7401.5815,6.202377,-0.0036677436,215297,1671.5238304675863,200.02000889449792,6852.046,5.312633,3012.5007,2.1715417,7401.5815,6.202377,0,,,,,1671.5238304675863,0.00058555254,200.02000889449792,0.00065218087,0.008973999,-0.021973593
2722.583118705491,7405.0083,6.208985,-0.0036679145,215298,1671.5228790075614,200.01986171154653,6857.0806,5.318293,3025.2622,2.1757355,7405.0083,6.208985,0,,,,,1671.5228790075614,0.00058536715,200.01986171154653,0.0006525588,0.009040117,-0.023080073
2722.590062975835,7395.3936,6.2102833,-0.0036680854,215299,1671.5238068425474,200.01888611159848,6848.607,5.3194056,3039.3005,2.1791134,7395.3936,6.2102833,0,,,,,1671.5238068425474,0.00058643596,200.01888611159848,0.00065325806,0.009257543,-0.023844238
2722.5970072461782,7397.5654,6.2185917,-0.0036682563,215300,1671.522372628462,200.01905432426065,6848.012,5.326522,3055.8843,2.1850924,7397.5654,6.2185917,0,,,,,1671.522372628462,0.00058705494,200.01905432426065,0.0006546696,0.008196563,-0.024113344
2722.6039515165226,7395.44,6.221015,-0.0036684272,215301,1671.5249299911072,200.01805614281903,6848.844,5.3285975,3067.0508,2.1863759,7395.44,6.221015,0,,,,,1671.5249299911072,0.0005875453,200.01805614281903,0.0006547378,0.010508074,-0.023823706
2722.6108957868655,7392.9985,6.226356,-0.0036685981,215302,1671.5240460008397,200.01981929491612,6845.918,5.3331723,3080.6985,2.1913095,7392.9985,6.226356,0,,,,,1671.5240460008397,0.00058829243,200.01981929491612,0.00065549824,0.0088203885,-0.023334693
2722.6178400574413,7390.454,6.2298565,-0.0036687688,215303,1671.5241292402272,200.01909323845265,6844.011,5.3361707,3089.6938,2.193891,7390.454,6.2298565,0,,,,,1671.5241292402272,0.00058836746,200.01909323845265,0.0006558305,0.008030602,-0.022450425
2722.624784328019,7395.337,6.2354946,-0.0036689395,215304,1671.5247744973358,200.0182805216318,6848.3066,5.341,3099.835,2.1965792,7395.337,6.2354946,0,,,,,1671.5247744973358,0.00058872136,200.0182805216318,0.0006565204,0.009395689,-0.023735201
2722.631728598596,7389.61,6.236053,-0.0036691101,215305,1671.5233112820986,200.0192139211141,6842.438,5.3414783,3110.51,2.1991425,7389.61,6.236053,0,,,,,1671.5233112820986,0.00058935425,200.0192139211141,0.0006572713,0.008493157,-0.02325567
2722.638672869172,7397.2764,6.2441854,-0.0036692808,215306,1671.5242682789906,200.01925281691734,6850.3184,5.348444,3121.7458,2.2040055,7397.2764,6.2441854,0,,,,,1671.5242682789906,0.00058950554,200.01925281691734,0.00065765594,0.00896817,-0.023613393
2722.6456171397476,7389.7744,6.2467155,-0.0036694515,215307,1671.5235029469384,200.01881778566616,6843.347,5.3506117,3131.7944,2.2054887,7389.7744,6.2467155,0,,,,,1671.5235029469384,0.00059031707,200.01881778566616,0.00065815495,0.008409706,-0.023726832
2722.6525614105576,7395.2007,6.2478776,-0.003669622,215308,1671.5249177399326,200.0195780321078,6847.396,5.351607,3130.8496,2.205256,7395.2007,6.2478776,0,,,,,1671.5249177399326,0.00059058395,200.0195780321078,0.00065799843,0.009610525,-0.023055501
2722.659505681367,7397.2446,6.2484384,-0.0036697923,215309,1671.5241386047417,200.01926632091707,6850.1553,5.352087,3138.5366,2.2070088,7397.2446,6.2484384,0,,,,,1671.5241386047417,0.000590075,200.01926632091707,0.0006577151,0.009288227,-0.023434691
2722.6664499519434,7401.077,6.251176,-0.003669963,215310,1671.5230238314,200.0209782083527,6853.185,5.354432,3142.6128,2.209175,7401.077,6.251176,0,,,,,1671.5230238314,0.0005899284,200.0209782083527,0.00065778976,0.008088098,-0.022272866
2722.6733942229857,7389.101,6.2516804,-0.0036701332,215311,1671.5242920297396,200.0184852064584,6842.525,5.354864,3148.1514,2.2106109,7389.101,6.2516804,0,,,,,1671.5242920297396,0.0005910994,200.0184852064584,0.00065884547,0.009454764,-0.023855984
2722.6803384937953,7387.0186,6.2512417,-0.0036703036,215312,1671.5244082945082,200.01873977247558,6842.5244,5.3544884,3149.5254,2.2102258,7387.0186,6.2512417,0,,,,,1671.5244082945082,0.00059089833,200.01873977247558,0.0006588524,0.00933466,-0.023823792
2722.6872827646043,7392.3228,6.2533135,-0.003670474,215313,1671.5238942469207,200.01826673606433,6845.2427,5.356263,3149.907,2.2102096,7392.3228,6.2533135,0,,,,,1671.5238942469207,0.00059095694,200.01826673606433,0.00065875595,0.009585766,-0.023242615
2722.6942270356467,7392.2676,6.2536564,-0.0036706442,215314,1671.524090645074,200.0190124351903,6844.6064,5.356557,3153.5933,2.211997,7392.2676,6.2536564,0,,,,,1671.524090645074,0.0005909654,200.0190124351903,0.0006590113,0.008889696,-0.023249019
2722.701171306689,7385.886,6.255034,-0.0036708144,215315,1671.5241412591158,200.01875398893347,6840.1265,5.3577366,3157.1917,2.2145896,7385.886,6.255034,0,,,,,1671.5241412591158,0.00059120735,200.01875398893347,0.00065961934,0.008540484,-0.023608228
2722.70811557773,7391.652,6.2582784,-0.0036709846,215316,1671.5239089338484,200.01893787992353,6845.305,5.360515,3157.7822,2.2127376,7391.652,6.2582784,0,,,,,1671.5239089338484,0.00059152965,200.01893787992353,0.00065951335,0.008996663,-0.023193099
2722.7150598487724,7395.5527,6.2560515,-0.0036711548,215317,1671.5243037051537,200.01881152465276,6847.5156,5.3586082,3158.417,2.2127922,7395.5527,6.2560515,0,,,,,1671.5243037051537,0.0005911436,200.01881152465276,0.0006590516,0.008977521,-0.02309006
2722.722004119815,7392.357,6.2542043,-0.003671325,215318,1671.5243461571113,200.01799866068484,6845.0303,5.357026,3155.2644,2.2126396,7392.357,6.2542043,0,,,,,1671.5243461571113,0.00059120654,200.01799866068484,0.00065903156,0.009546215,-0.02374302
2722.7289483910913,7395.084,6.2571583,-0.003671495,215319,1671.5228916277695,200.01796788653508,6846.693,5.359556,3159.7815,2.213852,7395.084,6.2571583,0,,,,,1671.5228916277695,0.0005914529,200.01796788653508,0.0006588878,0.009057465,-0.023231952
2722.7358926623656,7382.586,6.2585754,-0.003671665,215320,1671.5239388808354,200.01889347771768,6836.577,5.3607697,3160.615,2.2150917,7382.586,6.2585754,0,,,,,1671.5239388808354,0.0005918077,200.01889347771768,0.00066064263,0.0092962505,-0.02328977
2722.742836933407,7391.7075,6.256868,-0.0036718352,215321,1671.5231183586627,200.01888611741128,6845.2466,5.3593073,3159.2195,2.2139795,7391.7075,6.256868,0,,,,,1671.5231183586627,0.00059163506,200.01888611741128,0.000659176,0.009207513,-0.023820775
2722.7497812049155,7392.8623,6.258301,-0.003672005,215322,1671.5243661685256,200.01828088467235,6846.6567,5.3605347,3161.9487,2.2156403,7392.8623,6.258301,0,,,,,1671.5243661685256,0.0005914002,200.01828088467235,0.00065914996,0.009562265,-0.024139097
2722.7567254761902,7395.1997,6.254928,-0.0036721749,215323,1671.5233671341957,200.01847786020073,6847.9683,5.357646,3156.224,2.2116907,7395.1997,6.254928,0,,,,,1671.5233671341957,0.0005911689,200.01847786020073,0.00065871456,0.0091267,-0.023680642
2722.763669747465,7409.91,6.2602563,-0.0036723448,215324,1671.5234559095672,200.01843168818624,6860.6313,5.36221,3155.2656,2.2133398,7409.91,6.2602563,0,,,,,1671.5234559095672,0.00059010915,200.01843168818624,0.0006583492,0.008822627,-0.023294833
2722.7706140189725,7404.596,6.256554,-0.0036725146,215325,1671.5252106466749,200.01844014650464,6854.1777,5.359039,3158.375,2.2115057,7404.596,6.256554,0,,,,,1671.5252106466749,0.0005905335,200.01844014650464,0.000658325,0.009282981,-0.022941932
2722.777558290481,7400.404,6.2560673,-0.0036726843,215326,1671.5222991413934,200.01988868066388,6851.7847,5.3586216,3156.061,2.2124684,7400.404,6.2560673,0,,,,,1671.5222991413934,0.0005906174,200.01988868066388,0.0006584372,0.0076386044,-0.022631692
2722.7845025619886,7388.161,6.2574396,-0.003672854,215327,1671.5233874867554,200.01808557616255,6841.579,5.359797,3161.047,2.2154675,7388.161,6.2574396,0,,,,,1671.5233874867554,0.0005920447,200.01808557616255,0.0006595098,0.010113298,-0.023616483
2722.791446833497,7403.603,6.259128,-0.0036730238,215328,1671.5235180600732,200.0189181137665,6854.1177,5.3612432,3160.391,2.2119553,7403.603,6.259128,0,,,,,1671.5235180600732,0.00059112406,200.0189181137665,0.00065880694,0.00908287,-0.021857211
2722.7983911050046,7398.72,6.258643,-0.0036731935,215329,1671.5248601954934,200.01909850242293,6849.959,5.360828,3165.4302,2.214236,7398.72,6.258643,0,,,,,1671.5248601954934,0.0005914309,200.01909850242293,0.0006588004,0.008771187,-0.023099905
2722.805335376745,7395.2573,6.259746,-0.003673363,215330,1671.524382287011,200.01754647766415,6846.8765,5.3617725,3164.7854,2.2145984,7395.2573,6.259746,0,,,,,1671.524382287011,0.0005917528,200.01754647766415,0.00065912073,0.010389429,-0.024551652
2722.8122796484854,7389.815,6.26124,-0.0036735325,215331,1671.5245274189308,200.0185030795481,6841.5684,5.3630524,3168.0198,2.2165818,7389.815,6.26124,0,,,,,1671.5245274189308,0.0005923097,200.0185030795481,0.00065998296,0.008353182,-0.023238154
2722.8192239202267,7388.9214,6.2606354,-0.003673702,215332,1671.5241313283605,200.01828976325376,6842.879,5.3625345,3173.3638,2.2165437,7388.9214,6.2606354,0,,,,,1671.5241313283605,0.00059178035,200.01828976325376,0.0006597212,0.009569996,-0.022710016
2722.8261681919666,7394.14,6.259942,-0.0036738715,215333,1671.52464437073,200.01893875896025,6846.7554,5.3619404,3170.0273,2.2145534,7394.14,6.259942,0,,,,,1671.52464437073,0.0005917837,200.01893875896025,0.0006594851,0.008772513,-0.02359825
2722.8331124637066,7395.96,6.2612777,-0.003674041,215334,1671.5231383239432,200.01878578766556,6847.5063,5.363085,3174.3906,2.2159247,7395.96,6.2612777,0,,,,,1671.5231383239432,0.00059177954,200.01878578766556,0.0006596408,0.008411693,-0.022545213
2722.8400567356807,7384.388,6.263462,-0.0036742103,215335,1671.5243945937423,200.01863033592994,6838.5005,5.364956,3179.5723,2.219636,7384.388,6.263462,0,,,,,1671.5243945937423,0.00059289666,200.01863033592994,0.0006604693,0.009570254,-0.023850143
2722.847001007422,7401.5977,6.266514,-0.0036743798,215336,1671.5236093065791,200.01878556514458,6852.1084,5.36757,3177.0815,2.2189767,7401.5977,6.266514,0,,,,,1671.5236093065791,0.0005915382,200.01878556514458,0.0006598325,0.008543458,-0.023139713
2722.853945279396,7403.022,6.264044,-0.003674549,215337,1671.524498969792,200.0181568563021,6854.36,5.3654537,3176.0178,2.2177503,7403.022,6.264044,0,,,,,1671.524498969792,0.0005914727,200.0181568563021,0.0006590827,0.008901558,-0.023203734
2722.8608895513685,7393.204,6.265882,-0.0036747183,215338,1671.523936396564,200.01891325757634,6846.1206,5.367028,3181.7173,2.2199483,7393.204,6.265882,0,,,,,1671.523936396564,0.0005922367,200.01891325757634,0.0006600241,0.009235763,-0.021928636
2722.867833823342,7396.9443,6.265812,-0.0036748876,215339,1671.5243809841925,200.01830946673692,6849.695,5.3669686,3184.952,2.219465,7396.9443,6.265812,0,,,,,1671.5243809841925,0.00059179985,200.01830946673692,0.00065961666,0.008549436,-0.022421015
2722.8747780955487,7392.621,6.266652,-0.0036750566,215340,1671.52507838107,200.01792976873483,6843.624,5.367688,3184.8281,2.2208087,7392.621,6.266652,0,,,,,1671.52507838107,0.00059235725,200.01792976873483,0.0006608235,0.009899048,-0.02380764
2722.881722367522,7398.77,6.2683873,-0.003675226,215341,1671.5239816027295,200.0188031195288,6850.356,5.3691745,3188.2131,2.223626,7398.77,6.2683873,0,,,,,1671.5239816027295,0.000591981,200.0188031195288,0.000659809,0.008732348,-0.022354249
2722.888666639728,7389.4746,6.2670026,-0.003675395,215342,1671.524503046312,200.01903046253537,6842.4336,5.367988,3193.743,2.222322,7389.4746,6.2670026,0,,,,,1671.524503046312,0.00059264264,200.01903046253537,0.0006606162,0.009224126,-0.022730831
2722.8956109119345,7391.37,6.2688394,-0.003675564,215343,1671.5251530219134,200.0181231316335,6843.951,5.369561,3191.5781,2.2224517,7391.37,6.2688394,0,,,,,1671.5251530219134,0.0005923989,200.0181231316335,0.00066099374,0.009978269,-0.023477536
2722.902555184141,7395.1353,6.270309,-0.003675733,215344,1671.5237466362769,200.01806901123922,6847.6235,5.3708205,3190.4282,2.2231958,7395.1353,6.270309,0,,,,,1671.5237466362769,0.0005925445,200.01806901123922,0.0006605622,0.008369544,-0.023202278
2722.909499456347,7389.738,6.2676663,-0.003675902,215345,1671.5246578331307,200.0203675367364,6843.224,5.368557,3190.0815,2.2215416,7389.738,6.2676663,0,,,,,1671.5246578331307,0.0005923685,200.0203675367364,0.0006608789,0.009366437,-0.022432858
2722.9164437287873,7396.9556,6.2673483,-0.0036760708,215346,1671.5242097336961,200.01885837198756,6848.446,5.3682847,3188.0183,2.220594,7396.9556,6.2673483,0,,,,,1671.5242097336961,0.0005919465,200.01885837198756,0.00066064164,0.008779074,-0.022650825
2722.923388000993,7398.4087,6.2672133,-0.0036762399,215347,1671.5236470914558,200.01849220974105,6849.6973,5.3681684,3188.8704,2.2215436,7398.4087,6.2672133,0,,,,,1671.5236470914558,0.0005917977,200.01849220974105,0.00065983686,0.009617753,-0.022923404
2722.9303322734313,7390.9277,6.2672973,-0.0036764087,215348,1671.5244032095559,200.0172978152181,6843.527,5.368241,3190.4202,2.222303,7390.9277,6.2672973,0,,,,,1671.5244032095559,0.0005923025,200.0172978152181,0.0006605451,0.008647678,-0.023041617
2722.937276545871,7395.225,6.265229,-0.0036765775,215349,1671.5248839335864,200.01829090400656,6846.2563,5.366469,3186.777,2.2198257,7395.225,6.265229,0,,,,,1671.5248839335864,0.00059223117,200.01829090400656,0.00066003075,0.010171446,-0.023912394
2722.9442208185437,7403.083,6.266882,-0.003676746,215350,1671.52391080583,200.02097901201785,6853.3394,5.3678846,3184.033,2.221449,7403.083,6.266882,0,,,,,1671.52391080583,0.0005915571,200.02097901201785,0.0006596659,0.008784424,-0.021888286
2722.951165090982,7389.2617,6.2668815,-0.0036769148,215351,1671.5237476345005,200.0188924177446,6839.8765,5.367884,3188.2805,2.2216904,7389.2617,6.2668815,0,,,,,1671.5237476345005,0.0005931193,200.0188924177446,0.0006607265,0.00847507,-0.021487013
2722.9581093634206,7385.804,6.263767,-0.0036770836,215352,1671.5259950740972,200.0175925216534,6838.468,5.3652167,3182.8674,2.221756,7385.804,6.263767,0,,,,,1671.5259950740972,0.0005924573,200.0175925216534,0.0006606716,0.010034746,-0.023291595
2722.9650536360937,7388.039,6.2611785,-0.0036772522,215353,1671.5236926225252,200.0185508032503,6839.817,5.3629994,3176.067,2.2182417,7388.039,6.2611785,0,,,,,1671.5236926225252,0.00059200736,200.0185508032503,0.0006602851,0.008252024,-0.023096964
2722.9719979087654,7400.6226,6.261782,-0.0036774208,215354,1671.5245731131536,200.01967031257274,6850.0347,5.363517,3173.8628,2.216615,7400.6226,6.261782,0,,,,,1671.5245731131536,0.0005918178,200.01967031257274,0.00065946474,0.010135015,-0.023322415
2722.9789421814376,7391.327,6.260518,-0.0036775894,215355,1671.5242542363715,200.01808223008717,6842.573,5.3624344,3170.3186,2.2176814,7391.327,6.260518,0,,,,,1671.5242542363715,0.0005917709,200.01808223008717,0.0006599404,0.008755541,-0.023363948
2722.9858864541097,7398.5596,6.260303,-0.003677758,215356,1671.522863290656,200.02111891838697,6850.4116,5.36225,3166.4832,2.2148628,7398.5596,6.260303,0,,,,,1671.522863290656,0.000591221,200.02111891838697,0.0006592569,0.007748809,-0.021098323
2722.9928307270143,7395.076,6.257585,-0.0036779263,215357,1671.525344577701,200.01828383334012,6846.4956,5.359922,3163.3054,2.2139735,7395.076,6.257585,0,,,,,1671.525344577701,0.0005913801,200.01828383334012,0.0006595289,0.010185548,-0.023379892
2722.999774999919,7382.3354,6.2566814,-0.0036780946,215358,1671.5241295430067,200.01829557021648,6834.45,5.3591475,3159.2488,2.213985,7382.3354,6.2566814,0,,,,,1671.5241295430067,0.0005919056,200.01829557021648,0.0006604262,0.009700225,-0.022327255
2723.006719272591,7401.412,6.255619,-0.0036782632,215359,1671.522586333067,200.02021392495254,6851.839,5.3582377,3151.6338,2.2105114,7401.412,6.255619,0,,,,,1671.522586333067,0.0005906205,200.02021392495254,0.000658681,0.008420854,-0.021967795
2723.013663545496,7391.227,6.2512517,-0.0036784315,215360,1671.5245287231628,200.01835425592103,6841.574,5.3544965,3149.6511,2.210026,7391.227,6.2512517,0,,,,,1671.5245287231628,0.00059129315,200.01835425592103,0.0006592829,0.00955721,-0.02339527
2723.0206078186325,7387.608,6.247924,-0.0036785996,215361,1671.5247712984822,200.01866880882824,6839.2124,5.3516464,3141.245,2.2072911,7387.608,6.247924,0,,,,,1671.5247712984822,0.0005907823,200.01866880882824,0.00065872597,0.008984588,-0.022773463
2723.027552091538,7394.0283,6.25158,-0.003678768,215362,1671.524716906017,200.01928774480035,6845.5864,5.3547783,3138.3164,2.207175,7394.0283,6.25158,0,,,,,1671.524716906017,0.0005901979,200.01928774480035,0.0006592374,0.008664812,-0.022972824
2723.0344963644434,7396.6772,6.2463202,-0.0036789363,215363,1671.524473166067,200.01933353297184,6847.247,5.350273,3133.132,2.205019,7396.6772,6.2463202,0,,,,,1671.524473166067,0.0005902987,200.01933353297184,0.0006578229,0.008612915,-0.021919504
2723.0414406375808,7402.2,6.2480245,-0.0036791044,215364,1671.5246118347789,200.01899598083278,6851.684,5.3517327,3124.5747,2.2028553,7402.2,6.2480245,0,,,,,1671.5246118347789,0.00058975734,200.01899598083278,0.00065793376,0.0089561185,-0.022784837
2723.048384910718,7399.58,6.243932,-0.0036792725,215365,1671.523126596091,200.01887421141413,6849.525,5.348227,3122.5164,2.2023485,7399.58,6.243932,0,,,,,1671.523126596091,0.00058935623,200.01887421141413,0.0006576962,0.00888462,-0.02335287
2723.0553291838555,7401.684,6.241247,-0.0036794406,215366,1671.5242619145565,200.01956895380627,6851.1074,5.3459277,3115.3682,2.2002244,7401.684,6.241247,0,,,,,1671.5242619145565,0.0005894563,200.01956895380627,0.00065680617,0.008477337,-0.0220069
2723.062273456994,7400.513,6.2414026,-0.0036796087,215367,1671.523883735056,200.0180028868043,6849.8716,5.3460608,3112.339,2.200262,7400.513,6.2414026,0,,,,,1671.523883735056,0.0005894648,200.0180028868043,0.0006569558,0.008395298,-0.022087151
2723.069217730364,7404.843,6.238416,-0.0036797766,215368,1671.5237804401684,200.01971596996245,6853.6353,5.3435025,3109.7214,2.1985946,7404.843,6.238416,0,,,,,1671.5237804401684,0.0005888099,200.01971596996245,0.00065626414,0.0092106955,-0.021436652
2723.076162003734,7395.4453,6.234278,-0.0036799444,215369,1671.5240603584455,200.01917700568714,6845.6797,5.339958,3104.5576,2.1965106,7395.4453,6.234278,0,,,,,1671.5240603584455,0.0005889396,200.01917700568714,0.0006567506,0.009108655,-0.023094416
2723.0831062768716,7395.619,6.236641,-0.0036801125,215370,1671.5233522333926,200.0193976527812,6845.7407,5.3419824,3107.713,2.199257,7395.619,6.236641,0,,,,,1671.5233522333926,0.0005892045,200.0193976527812,0.00065656216,0.008796585,-0.022043824
2723.090050550243,7386.4434,6.2337456,-0.0036802804,215371,1671.5233913159682,200.0178518168348,6839.41,5.339502,3103.1323,2.196904,7386.4434,6.2337456,0,,,,,1671.5233913159682,0.0005896534,200.0178518168348,0.0006569362,0.008612055,-0.022462776
2723.096994823614,7386.988,6.2313643,-0.0036804483,215372,1671.5239620245322,200.01784525554348,6838.5264,5.3374624,3100.4502,2.1956363,7386.988,6.2313643,0,,,,,1671.5239620245322,0.0005894729,200.01784525554348,0.0006567812,0.008501011,-0.022777675
2723.103939097216,7399.9863,6.232353,-0.003680616,215373,1671.5243504651644,200.01809172282398,6849.6035,5.3383093,3096.8455,2.1955626,7399.9863,6.232353,0,,,,,1671.5243504651644,0.0005885204,200.01809172282398,0.00065553543,0.009359643,-0.022740928
2723.1108833705866,7404.8164,6.23145,-0.0036807838,215374,1671.5229906531779,200.01947329584425,6853.105,5.337536,3094.5935,2.192584,7404.8164,6.23145,0,,,,,1671.5229906531779,0.0005881775,200.01947329584425,0.00065547583,0.008680615,-0.021253327
2723.11782764419,7403.105,6.235883,-0.0036809514,215375,1671.5236174670242,200.01878203711212,6852.9536,5.341333,3095.1619,2.1952739,7403.105,6.235883,0,,,,,1671.5236174670242,0.0005884258,200.01878203711212,0.00065626646,0.009325249,-0.022940457
2723.124771917793,7400.5503,6.236074,-0.003681119,215376,1671.522979078739,200.01977565268058,6850.79,5.3414965,3097.3494,2.1973283,7400.5503,6.236074,0,,,,,1671.522979078739,0.0005890619,200.01977565268058,0.00065612077,0.008382821,-0.021886114
2723.131716191397,7397.78,6.23443,-0.0036812867,215377,1671.5239170878851,200.01858474222485,6847.3936,5.340088,3098.6084,2.1967025,7397.78,6.23443,0,,,,,1671.5239170878851,0.000588482,200.01858474222485,0.00065664545,0.008975665,-0.021788847
2723.1386604649997,7397.969,6.2326407,-0.0036814543,215378,1671.5248327767672,200.0188812150042,6847.7837,5.3385563,3096.3613,2.1949224,7397.969,6.2326407,0,,,,,1671.5248327767672,0.0005884064,200.0188812150042,0.000656373,0.009183587,-0.022149855
2723.145604738835,7398.698,6.2347274,-0.0036816217,215379,1671.5230688477473,200.0206166501852,6848.027,5.340343,3099.9211,2.1961935,7398.698,6.2347274,0,,,,,1671.5230688477473,0.0005890061,200.0206166501852,0.00065612025,0.0074205496,-0.021307653
2723.1525490124395,7397.1587,6.231031,-0.0036817894,215380,1671.5249787200196,200.01835089070036,6846.696,5.337177,3094.0095,2.1942465,7397.1587,6.231031,0,,,,,1671.5249787200196,0.0005885679,200.01835089070036,0.00065635116,0.009955956,-0.02350138
2723.1594932862763,7389.9727,6.2347527,-0.0036819568,215381,1671.5222597675224,200.01902025088407,6841.5747,5.3403645,3100.1636,2.200832,7389.9727,6.2347527,0,,,,,1671.5222597675224,0.00058911793,200.01902025088407,0.0006569457,0.008571161,-0.021335118
2723.1664375601117,7389.484,6.232975,-0.0036821242,215382,1671.5240657852348,200.01853611311944,6840.0464,5.338842,3102.4302,2.1965783,7389.484,6.232975,0,,,,,1671.5240657852348,0.0005892676,200.01853611311944,0.0006573077,0.008855744,-0.023211185
2723.173381833947,7393.095,6.2378435,-0.0036822916,215383,1671.5238872628986,200.0193432932114,6843.731,5.343012,3100.2385,2.1992927,7393.095,6.2378435,0,,,,,1671.5238872628986,0.0005889498,200.0193432932114,0.000657551,0.009069142,-0.021520525
2723.180326107784,7412.5327,6.235838,-0.003682459,215384,1671.5237537105525,200.01920504744172,6860.134,5.3412943,3097.817,2.1951506,7412.5327,6.235838,0,,,,,1671.5237537105525,0.0005879673,200.01920504744172,0.0006555339,0.008831933,-0.02160194
2723.187270381853,7397.2666,6.2340784,-0.0036826262,215385,1671.523056884736,200.0200866105221,6844.979,5.339787,3098.9888,2.1972816,7397.2666,6.2340784,0,,,,,1671.523056884736,0.0005890067,200.0200866105221,0.0006569294,0.007881496,-0.02198699
2723.194214655688,7387.8413,6.2314434,-0.0036827936,215386,1671.524201533317,200.01935828685023,6839.7646,5.33753,3101.306,2.1962368,7387.8413,6.2314434,0,,,,,1671.524201533317,0.00058917975,200.01935828685023,0.0006568314,0.009519722,-0.021614384
2723.2011589297576,7399.9155,6.235569,-0.0036829608,215387,1671.5239771750753,200.01897743867528,6849.933,5.3410635,3101.018,2.1981988,7399.9155,6.235569,0,,,,,1671.5239771750753,0.00058878574,200.01897743867528,0.000656264,0.007472173,-0.021481602
2723.2081032038272,7405.442,6.2358603,-0.003683128,215388,1671.5239761829405,200.01949431155833,6854.4287,5.3413134,3100.2512,2.1958563,7405.442,6.2358603,0,,,,,1671.5239761829405,0.00058850896,200.01949431155833,0.0006558122,0.009786353,-0.022346927
2723.215047478129,7398.294,6.236314,-0.0036832949,215389,1671.523874711745,200.01906574911877,6848.5396,5.341702,3105.5205,2.1977842,7398.294,6.236314,0,,,,,1671.523874711745,0.0005888354,200.01906574911877,0.0006565437,0.008051701,-0.021890085
2723.221991752198,7395.535,6.2344456,-0.003683462,215390,1671.5238753687122,200.01766029353476,6846.7886,5.340102,3100.8396,2.1959708,7395.535,6.2344456,0,,,,,1671.5238753687122,0.0005888969,200.01766029353476,0.0006566487,0.008256894,-0.023123225
2723.228936026267,7400.2495,6.238431,-0.0036836292,215391,1671.5244285965027,200.01848400879643,6850.4966,5.3435154,3103.5776,2.1974325,7400.2495,6.238431,0,,,,,1671.5244285965027,0.0005890915,200.01848400879643,0.0006570074,0.009877795,-0.021766463
2723.2358803005677,7398.3022,6.234472,-0.0036837962,215392,1671.5226386629172,200.02015396389336,6848.057,5.340124,3099.118,2.1972084,7398.3022,6.234472,0,,,,,1671.5226386629172,0.0005888322,200.02015396389336,0.0006563924,0.008070801,-0.021153431
2723.2428245748697,7391.4272,6.233322,-0.003683963,215393,1671.52288040774,200.0200093046172,6841.2993,5.339139,3102.9626,2.197041,7391.4272,6.233322,0,,,,,1671.52288040774,0.0005890734,200.0200093046172,0.00065687206,0.0077948617,-0.020973628
2723.249768849172,7389.882,6.237056,-0.00368413,215394,1671.5249417244981,200.01809541700666,6840.485,5.342337,3102.6277,2.1970456,7389.882,6.237056,0,,,,,1671.5249417244981,0.0005905405,200.01809541700666,0.00065729924,0.008832355,-0.023020256
2723.256713123474,7393.7734,6.233284,-0.003684297,215395,1671.5227517687422,200.022029851783,6844.132,5.339107,3099.7803,2.1962492,7393.7734,6.233284,0,,,,,1671.5227517687422,0.00058879517,200.022029851783,0.00065693725,0.0078083226,-0.019082233
2723.2636573980085,7389.474,6.2313595,-0.0036844637,215396,1671.524017723484,200.0198250118332,6842.0195,5.337458,3099.8787,2.195105,7389.474,6.2313595,0,,,,,1671.524017723484,0.0005888138,200.0198250118332,0.00065667974,0.009515634,-0.022125829
2723.27060167231,7397.222,6.2323213,-0.0036846306,215397,1671.5234461777147,200.01809419706402,6848.837,5.338282,3092.2134,2.193846,7397.222,6.2323213,0,,,,,1671.5234461777147,0.00058875623,200.01809419706402,0.00065594504,0.008937779,-0.0226143
2723.2775459468453,7392.4614,6.2281713,-0.0036847973,215398,1671.5232033385846,200.01925403851337,6842.9604,5.3347273,3088.929,2.1922455,7392.4614,6.2281713,0,,,,,1671.5232033385846,0.00058884575,200.01925403851337,0.0006564374,0.008783866,-0.021467282
2723.284490221379,7388.057,6.227615,-0.003684964,215399,1671.5243231040688,200.01831759949306,6840.0327,5.334251,3083.701,2.1916642,7388.057,6.227615,0,,,,,1671.5243231040688,0.0005885984,200.01831759949306,0.00065657566,0.008673572,-0.021797104
2723.291434495913,7396.5083,6.2227907,-0.0036851307,215400,1671.5254195305545,200.01871299329417,6846.2627,5.3301187,3072.8396,2.188911,7396.5083,6.2227907,0,,,,,1671.5254195305545,0.00058761204,200.01871299329417,0.0006552271,0.009911558,-0.023323175
2723.298378770681,7416.6343,6.2258334,-0.0036852972,215401,1671.5242591560354,200.01956140128812,6864.572,5.332725,3067.394,2.1876285,7416.6343,6.2258334,0,,,,,1671.5242591560354,0.00058643013,200.01956140128812,0.0006537532,0.00836012,-0.021746965
2723.3053230452165,7395.968,6.219399,-0.003685464,215402,1671.5239689260286,200.01841367590532,6846.659,5.327214,3062.1929,2.1857562,7395.968,6.219399,0,,,,,1671.5239689260286,0.0005876421,200.01841367590532,0.0006544563,0.008673856,-0.021676572
2723.3122673199837,7398.9517,6.216889,-0.0036856304,215403,1671.5230135781399,200.0199616712899,6849.0874,5.3250637,3052.158,2.1845722,7398.9517,6.216889,0,,,,,1671.5230135781399,0.0005866943,200.0199616712899,0.0006541724,0.008108635,-0.020386795
2723.319211594751,7401.935,6.2147665,-0.0036857969,215404,1671.52395417087,200.01909462826978,6850.5073,5.3232455,3045.6243,2.1834166,7401.935,6.2147665,0,,,,,1671.52395417087,0.00058648945,200.01909462826978,0.00065396854,0.008280096,-0.02204748
2723.3261558695185,7401.4956,6.208138,-0.0036859633,215405,1671.5226975128949,200.01999927050645,6850.202,5.317568,3032.7507,2.175886,7401.4956,6.208138,0,,,,,1671.5226975128949,0.0005862586,200.01999927050645,0.00065307016,0.007913749,-0.021793218
2723.333100144286,7389.9756,6.2036314,-0.0036861298,215406,1671.5237431719918,200.01851999975494,6841.366,5.313708,3027.153,2.1749983,7389.9756,6.2036314,0,,,,,1671.5237431719918,0.0005862842,200.01851999975494,0.0006532894,0.00909998,-0.021569807
2723.3400444190534,7392.7637,6.203052,-0.0036862963,215407,1671.5232265067216,200.01960062380326,6844.311,5.3132114,3017.2236,2.174439,7392.7637,6.203052,0,,,,,1671.5232265067216,0.0005858368,200.01960062380326,0.00065285666,0.008464278,-0.021083137
2723.3469886940534,7400.223,6.1972775,-0.0036864625,215408,1671.5240926119536,200.01919542627542,6849.66,5.3082657,3001.8335,2.170294,7400.223,6.1972775,0,,,,,1671.5240926119536,0.0005850986,200.01919542627542,0.00065168255,0.009177519,-0.021022832
2723.353932969054,7393.245,6.193111,-0.0036866288,215409,1671.5236064818225,200.02027677601097,6842.9795,5.3046966,2995.995,2.1677039,7393.245,6.193111,0,,,,,1671.5236064818225,0.0005852961,200.02027677601097,0.0006521033,0.00810634,-0.02053266
2723.3608772440543,7389.944,6.1880283,-0.003686795,215410,1671.522478361961,200.02009335628222,6841.3813,5.300343,2986.8433,2.1641536,7389.944,6.1880283,0,,,,,1671.522478361961,0.0005845572,200.02009335628222,0.000651954,0.0075192116,-0.021102633
2723.3678215190544,7396.584,6.1844583,-0.0036869613,215411,1671.5245614125524,200.01865729787377,6846.4683,5.297285,2976.042,2.1597795,7396.584,6.1844583,0,,,,,1671.5245614125524,0.0005837242,200.01865729787377,0.00065085443,0.008905448,-0.021239704
2723.374765794055,7403.2593,6.187514,-0.0036871275,215412,1671.523382956718,200.0199090680121,6851.273,5.2999024,2972.99,2.161047,7403.2593,6.187514,0,,,,,1671.523382956718,0.00058344536,200.0199090680121,0.00065110624,0.008757247,-0.021701178
2723.3817100692872,7398.9575,6.1784096,-0.0036872935,215413,1671.5250403410967,200.0190445637162,6846.355,5.2921042,2957.8955,2.1567318,7398.9575,6.1784096,0,,,,,1671.5250403410967,0.000583357,200.0190445637162,0.0006496469,0.009497605,-0.021556446
2723.3886543442877,7379.7646,6.1731195,-0.0036874597,215414,1671.5237273373743,200.02002289946498,6831.739,5.287573,2954.197,2.1546943,7379.7646,6.1731195,0,,,,,1671.5237273373743,0.00058368355,200.02002289946498,0.00065099116,0.0075613195,-0.020972095
2723.3955986195215,7399.6616,6.174541,-0.0036876258,215415,1671.52385929204,200.02010613743914,6849.7266,5.28879,2944.8877,2.152333,7399.6616,6.174541,0,,,,,1671.52385929204,0.00058234704,200.02010613743914,0.0006494649,0.009334799,-0.022096777
2723.4025428947552,7408.7954,6.1739607,-0.0036877918,215416,1671.524180325765,200.01961025915477,6856.468,5.2882934,2938.1775,2.150257,7408.7954,6.1739607,0,,,,,1671.524180325765,0.0005815672,200.01961025915477,0.0006487713,0.008097884,-0.02138849
2723.4094871699876,7402.0425,6.1706038,-0.0036879578,215417,1671.523389603184,200.01945912103156,6851.336,5.285418,2934.024,2.1498885,7402.0425,6.1706038,0,,,,,1671.523389603184,0.0005819025,200.01945912103156,0.0006483794,0.008353414,-0.020901388
2723.41643144522,7391.979,6.1683087,-0.0036881238,215418,1671.522696149976,200.0208547964603,6843.693,5.2834525,2924.6973,2.1467526,7391.979,6.1683087,0,,,,,1671.522696149976,0.0005829929,200.0208547964603,0.00064939004,0.008314658,-0.021850582
2723.4233757206866,7401.105,6.170371,-0.0036882896,215419,1671.5230015574525,200.01971311852213,6850.0693,5.2852187,2921.9197,2.1469853,7401.105,6.170371,0,,,,,1671.5230015574525,0.00058187265,200.01971311852213,0.00064910995,0.008435133,-0.020580696
2723.430319996153,7390.636,6.163802,-0.0036884553,215420,1671.5223912414526,200.0179863376501,6841.3125,5.2795925,2921.9883,2.1457927,7390.636,6.163802,0,,,,,1671.5223912414526,0.0005820786,200.0179863376501,0.000648893,0.007907096,-0.021609943
2723.437264271618,7409.955,6.1651425,-0.003688621,215421,1671.5240625747406,200.02050176223335,6857.65,5.2807403,2916.4055,2.1433337,7409.955,6.1651425,0,,,,,1671.5240625747406,0.00058118074,200.02050176223335,0.00064745,0.009724174,-0.021071305
2723.444208547084,7392.3438,6.161585,-0.0036887869,215422,1671.524998621853,200.01894364828854,6843.5107,5.277693,2916.5322,2.1434832,7392.3438,6.161585,0,,,,,1671.524998621853,0.00058168103,200.01894364828854,0.00064822787,0.008657992,-0.021082807
2723.45115282255,7394.4453,6.1618204,-0.0036889527,215423,1671.5231874260471,200.01915671565138,6844.2725,5.277895,2915.7278,2.1447163,7394.4453,6.1618204,0,,,,,1671.5231874260471,0.00058141095,200.01915671565138,0.00064815505,0.00862664,-0.020777415
2723.458097098016,7414.4775,6.165664,-0.0036891184,215424,1671.5228051478302,200.01986377155345,6862.6855,5.281187,2909.429,2.141728,7414.4775,6.165664,0,,,,,1671.5228051478302,0.00058074755,200.01986377155345,0.0006472307,0.007919338,-0.020901462
2723.465041373715,7401.4966,6.164319,-0.003689284,215425,1671.5234774010785,200.02033453045803,6850.454,5.2800345,2917.8647,2.1446517,7401.4966,6.164319,0,,,,,1671.5234774010785,0.0005811809,200.02033453045803,0.0006479976,0.008242643,-0.02041393
2723.4719856491806,7396.976,6.163541,-0.0036894497,215426,1671.5233149007975,200.02046781868734,6846.467,5.2793684,2918.3015,2.1448314,7396.976,6.163541,0,,,,,1671.5233149007975,0.00058147986,200.02046781868734,0.0006481343,0.007773147,-0.020108685
2723.478929924879,7391.1885,6.1649776,-0.0036896153,215427,1671.5231156277482,200.01839305901942,6842.46,5.2805986,2922.5554,2.1466095,7391.1885,6.1649776,0,,,,,1671.5231156277482,0.0005814604,200.01839305901942,0.0006489135,0.00770305,-0.0209238
2723.485874200578,7391.624,6.165109,-0.0036897808,215428,1671.5241825857474,200.0201926798252,6840.8276,5.2807117,2927.0144,2.147772,7391.624,6.165109,0,,,,,1671.5241825857474,0.00058221264,200.0201926798252,0.00064895436,0.009377503,-0.02083151
2723.49281847651,7407.2407,6.170094,-0.0036899461,215429,1671.523488169803,200.0192523494353,6855.0815,5.2849813,2929.2236,2.1476364,7407.2407,6.170094,0,,,,,1671.523488169803,0.0005818273,200.0192523494353,0.0006483658,0.008158935,-0.021133436
2723.4997627522084,7392.794,6.1711493,-0.0036901117,215430,1671.524287776896,200.01868568772997,6843.2363,5.285885,2940.8835,2.1517599,7392.794,6.1711493,0,,,,,1671.524287776896,0.00058267516,200.01868568772997,0.000649345,0.008174037,-0.021075435
2723.5067070281398,7395.921,6.1724286,-0.003690277,215431,1671.5245679109419,200.0190087175916,6845.981,5.2869816,2944.3035,2.1518102,7395.921,6.1724286,0,,,,,1671.5245679109419,0.0005823242,200.0190087175916,0.00064926466,0.0076787993,-0.01985975
2723.513651304072,7397.292,6.175235,-0.0036904423,215432,1671.5232007258005,200.018955977136,6846.687,5.289385,2949.6562,2.1534154,7397.292,6.175235,0,,,,,1671.5232007258005,0.00058275566,200.018955977136,0.000649656,0.008923958,-0.021527667
2723.5205955800043,7404.579,6.1809316,-0.0036906076,215433,1671.522833819666,200.01996232256406,6852.942,5.2942643,2959.1619,2.1564436,7404.579,6.1809316,0,,,,,1671.522833819666,0.000582727,200.01996232256406,0.0006496833,0.008111478,-0.019944863
2723.527539855935,7393.578,6.1812587,-0.003690773,215434,1671.5229840714624,200.02121204996396,6843.523,5.2945447,2966.6282,2.1593304,7393.578,6.1812587,0,,,,,1671.5229840714624,0.00058324495,200.02121204996396,0.0006506451,0.007271975,-0.020012362
2723.534484131866,7396.327,6.1840377,-0.0036909382,215435,1671.5239737980448,200.01950234122447,6845.313,5.2969246,2976.4783,2.1602108,7396.327,6.1840377,0,,,,,1671.5239737980448,0.0005837154,200.01950234122447,0.00065087056,0.0078041307,-0.020713782
2723.541428408031,7396.0376,6.1899457,-0.0036911033,215436,1671.523059416279,200.02128075531908,6844.9443,5.3019853,2983.7004,2.163839,7396.0376,6.1899457,0,,,,,1671.523059416279,0.0005843993,200.02128075531908,0.0006519398,0.007172048,-0.019073067
2723.5483726839625,7400.1396,6.192042,-0.0036912686,215437,1671.524022538048,200.01881658774113,6849.9204,5.303781,2993.6182,2.1653838,7400.1396,6.192042,0,,,,,1671.524022538048,0.00058423466,200.01881658774113,0.00065117737,0.008816628,-0.021863803
2723.5553169601267,7398.5625,6.195854,-0.0036914337,215438,1671.5234377313507,200.0198283778372,6848.5093,5.3070464,3003.416,2.1695318,7398.5625,6.195854,0,,,,,1671.5234377313507,0.00058483094,200.0198283778372,0.00065174897,0.007707092,-0.019614581
2723.5622612362913,7399.486,6.2002745,-0.0036915988,215439,1671.5219152131097,200.02031314577826,6847.941,5.3108325,3013.3718,2.17116,7399.486,6.2002745,0,,,,,1671.5219152131097,0.00058518455,200.02031314577826,0.0006523239,0.007363995,-0.018810995
2723.5692055124564,7399.041,6.204251,-0.0036917638,215440,1671.5233161479864,200.01837162693073,6847.52,5.3142385,3025.1912,2.1746864,7399.041,6.204251,0,,,,,1671.5233161479864,0.0005856573,200.01837162693073,0.00065304065,0.008069595,-0.021588039
2723.576149788854,7403.5044,6.213858,-0.0036919287,215441,1671.522899392144,200.0197885954806,6851.315,5.3224673,3034.621,2.1783702,7403.5044,6.213858,0,,,,,1671.522899392144,0.00058612245,200.0197885954806,0.0006537707,0.0069756205,-0.020699812
2723.583094065017,7407.009,6.214976,-0.0036920938,215442,1671.5238885135423,200.01932684702234,6856.173,5.323425,3046.9282,2.1810474,7407.009,6.214976,0,,,,,1671.5238885135423,0.000586102,200.01932684702234,0.0006532279,0.009278013,-0.020921474
2723.5900383414146,7396.792,6.2182827,-0.0036922586,215443,1671.5237587732938,200.02042035889008,6847.0444,5.3262577,3059.8416,2.1849358,7396.792,6.2182827,0,,,,,1671.5237587732938,0.00058713,200.02042035889008,0.0006542381,0.00744239,-0.01926512
2723.596982617812,7395.924,6.2233357,-0.0036924235,215444,1671.524198345023,200.0189263605452,6846.2354,5.3305855,3074.6016,2.1890068,7395.924,6.2233357,0,,,,,1671.524198345023,0.0005879187,200.0189263605452,0.0006554132,0.008547583,-0.020374987
2723.603926894209,7398.643,6.2271895,-0.0036925883,215445,1671.5239703731443,200.0187488706947,6847.0327,5.3338866,3084.3179,2.1914134,7398.643,6.2271895,0,,,,,1671.5239703731443,0.0005880285,200.0187488706947,0.0006557569,0.008319292,-0.021681748
2723.6108711706065,7397.5127,6.2335496,-0.0036927531,215446,1671.5228520675628,200.020598498441,6847.388,5.3393345,3096.3438,2.1951306,7397.5127,6.2335496,0,,,,,1671.5228520675628,0.0005885438,200.020598498441,0.00065667246,0.0071996106,-0.0199949
2723.617815447237,7392.8745,6.2397814,-0.0036929178,215447,1671.5234539790395,200.020300154993,6843.2583,5.3446717,3107.4321,2.1993563,7392.8745,6.2397814,0,,,,,1671.5234539790395,0.00058950525,200.020300154993,0.0006577867,0.009010435,-0.020847462
2723.624759723634,7393.5776,6.240008,-0.0036930826,215448,1671.522253218462,200.02068332540634,6842.0874,5.3448663,3113.0674,2.1998358,7393.5776,6.240008,0,,,,,1671.522253218462,0.0005903032,200.02068332540634,0.00065759674,0.0074691796,-0.018778618
2723.631704000264,7392.1265,6.244966,-0.0036932472,215449,1671.5226907333695,200.01867182596655,6841.0063,5.349113,3128.2527,2.205054,7392.1265,6.244966,0,,,,,1671.5226907333695,0.0005901895,200.01867182596655,0.0006584498,0.007314858,-0.021141903
2723.6386482768944,7403.5986,6.2472878,-0.0036934118,215450,1671.5224998792944,200.020713048474,6852.0444,5.351102,3131.2273,2.2048616,7403.5986,6.2472878,0,,,,,1671.5224998792944,0.00058961,200.020713048474,0.00065773266,0.007005582,-0.019233415
2723.6455925535233,7400.324,6.2496223,-0.0036935764,215451,1671.524221378535,200.01927265758425,6848.3516,5.3531013,3139.5198,2.2068655,7400.324,6.2496223,0,,,,,1671.524221378535,0.0005904834,200.01927265758425,0.00065817457,0.0088352645,-0.020379301
2723.6525368301536,7393.412,6.2495646,-0.003693741,215452,1671.5240324020378,200.01901742463542,6842.7935,5.353052,3143.7961,2.206613,7393.412,6.2495646,0,,,,,1671.5240324020378,0.00059106183,200.01901742463542,0.0006588997,0.00809136,-0.020644354
2723.659481107017,7398.7573,6.25262,-0.0036939054,215453,1671.522358847071,200.01974829453218,6848.577,5.355669,3151.492,2.2099297,7398.7573,6.25262,0,,,,,1671.522358847071,0.0005901612,200.01974829453218,0.00065826427,0.0067223185,-0.020643122
2723.6664253838812,7392.3926,6.2533193,-0.0036940698,215454,1671.5240575891828,200.01827018239024,6842.819,5.356268,3155.3062,2.2114682,7392.3926,6.2533193,0,,,,,1671.5240575891828,0.00059144344,200.01827018239024,0.00065890176,0.009147833,-0.020991923
2723.6733696605106,7400.2334,6.257429,-0.0036942344,215455,1671.522402410555,200.0205555466666,6848.871,5.359788,3158.3484,2.2128115,7400.2334,6.257429,0,,,,,1671.522402410555,0.0005914241,200.0205555466666,0.000658882,0.007589066,-0.019319413
2723.680313937373,7403.3877,6.256459,-0.0036943988,215456,1671.5239948495248,200.0207632339825,6852.342,5.3589573,3158.2305,2.2120178,7403.3877,6.256459,0,,,,,1671.5239948495248,0.0005905079,200.0207632339825,0.0006587491,0.008547979,-0.019812457
2723.6872582144692,7389.916,6.2580185,-0.003694563,215457,1671.5230220247274,200.01829601285587,6840.95,5.360293,3162.144,2.214141,7389.916,6.2580185,0,,,,,1671.5230220247274,0.0005914255,200.01829601285587,0.0006600744,0.006950881,-0.020019647
2723.694202491332,7401.8228,6.256561,-0.0036947273,215458,1671.5230871681465,200.01994161527415,6851.4253,5.3590446,3157.6948,2.2124097,7401.8228,6.256561,0,,,,,1671.5230871681465,0.0005907513,200.01994161527415,0.0006585644,0.008276249,-0.019607428
2723.7011467681946,7391.653,6.255614,-0.0036948917,215459,1671.521938353026,200.02017587234707,6841.937,5.358233,3163.515,2.2129943,7391.653,6.255614,0,,,,,1671.521938353026,0.00059150276,200.02017587234707,0.0006593182,0.007076743,-0.018800449
2723.70809104529,7389.9565,6.2555857,-0.0036950558,215460,1671.5246088419726,200.0182113702607,6841.1187,5.358209,3161.7168,2.2135613,7389.9565,6.2555857,0,,,,,1671.5246088419726,0.0005917096,200.0182113702607,0.00065935496,0.009433339,-0.0213183
2723.7150353223865,7402.907,6.257205,-0.00369522,215461,1671.5240160196229,200.01853539057117,6849.9053,5.3595963,3162.154,2.213168,7402.907,6.257205,0,,,,,1671.5240160196229,0.00059115485,200.01853539057117,0.00065843115,0.008578392,-0.019883107
2723.721979599482,7394.7446,6.256245,-0.0036953841,215462,1671.5234743066217,200.0185073307531,6844.3525,5.358774,3161.1296,2.2131586,7394.7446,6.256245,0,,,,,1671.5234743066217,0.00059147,200.0185073307531,0.0006591322,0.0074659074,-0.0197442
2723.7289238765775,7403.372,6.2594357,-0.0036955483,215463,1671.5222312214973,200.0196422967411,6849.8115,5.361507,3158.8735,2.2156827,7403.372,6.2594357,0,,,,,1671.5222312214973,0.00059138134,200.0196422967411,0.0006591157,0.0072463937,-0.018594576
2723.7358681539063,7395.149,6.254439,-0.0036957122,215464,1671.5232422509441,200.02038511056864,6842.6157,5.357227,3158.6252,2.212577,7395.149,6.254439,0,,,,,1671.5232422509441,0.00059125415,200.02038511056864,0.00065920566,0.0073857326,-0.019565912
2723.742812431002,7402.2783,6.25592,-0.0036958763,215465,1671.5236683407368,200.02038315404826,6850.1157,5.3584957,3158.0833,2.211731,7402.2783,6.25592,0,,,,,1671.5236683407368,0.00059078686,200.02038315404826,0.0006589389,0.007995344,-0.020166676
2723.7497567083306,7404.8345,6.2553854,-0.0036960403,215466,1671.5232813747639,200.02009898468492,6852.079,5.3580375,3152.2825,2.211508,7404.8345,6.2553854,0,,,,,1671.5232813747639,0.0005905879,200.02009898468492,0.00065859826,0.0073417607,-0.019468186
2723.756700985659,7404.3247,6.254554,-0.0036962042,215467,1671.523127546736,200.02082996858792,6851.2227,5.3573256,3151.9185,2.2106795,7404.3247,6.254554,0,,,,,1671.523127546736,0.0005904808,200.02082996858792,0.00065855583,0.007986329,-0.01946294
2723.763645262987,7390.7666,6.254274,-0.003696368,215468,1671.5229698363578,200.0190231217585,6840.379,5.357085,3156.9119,2.2120407,7390.7666,6.254274,0,,,,,1671.5229698363578,0.00059153704,200.0190231217585,0.0006595556,0.0073294137,-0.020148627
2723.7705895403155,7397.7905,6.254407,-0.003696532,215469,1671.5222559162112,200.02016097947535,6847.205,5.3571997,3155.9626,2.2109692,7397.7905,6.254407,0,,,,,1671.5222559162112,0.00059087755,200.02016097947535,0.0006588653,0.0073945518,-0.019720735
2723.7775338178776,7398.368,6.255997,-0.0036966957,215470,1671.5225391248512,200.02022226338818,6847.4165,5.3585615,3156.6863,2.211981,7398.368,6.255997,0,,,,,1671.5225391248512,0.0005914063,200.02022226338818,0.00065906305,0.0071885474,-0.019119803
2723.7844780952064,7398.695,6.2567616,-0.0036968596,215471,1671.5237136755645,200.02004124901526,6848.027,5.3592167,3159.6836,2.2119675,7398.695,6.2567616,0,,,,,1671.5237136755645,0.0005907148,200.02004124901526,0.00065919466,0.007870179,-0.020300295
2723.791422372767,7390.4146,6.255901,-0.0036970233,215472,1671.52263762076,200.02014987578636,6840.8433,5.3584795,3162.1392,2.213427,7390.4146,6.255901,0,,,,,1671.52263762076,0.0005916158,200.02014987578636,0.0006598313,0.008044906,-0.020100135
2723.7983666503287,7401.448,6.2617564,-0.003697187,215473,1671.5221433869428,200.02111749002472,6850.4224,5.363495,3163.6624,2.2150242,7401.448,6.2617564,0,,,,,1671.5221433869428,0.00059160794,200.02111749002472,0.00065931684,0.0072617508,-0.018529207
2723.805310927891,7407.169,6.2604046,-0.0036973506,215474,1671.5217259748763,200.02138510593971,6852.1416,5.3623366,3163.9321,2.2144372,7407.169,6.2604046,0,,,,,1671.5217259748763,0.00059080916,200.02138510593971,0.0006594674,0.0066172704,-0.019422073
2723.8122552054515,7389.676,6.2578845,-0.0036975143,215475,1671.5238291725811,200.0182721586543,6839.5723,5.3601785,3168.3167,2.2155318,7389.676,6.2578845,0,,,,,1671.5238291725811,0.0005919947,200.0182721586543,0.00065956113,0.007866568,-0.019397348
2723.819199483245,7396.4937,6.2599435,-0.0036976777,215476,1671.5224372171706,200.01995423492204,6846.1567,5.3619413,3171.4907,2.216141,7396.4937,6.2599435,0,,,,,1671.5224372171706,0.00059144496,200.01995423492204,0.000659494,0.0077982694,-0.020255847
2723.826143760807,7404.8926,6.2630777,-0.0036978414,215477,1671.5233454202487,200.02021220118817,6852.9434,5.3646264,3176.1855,2.217091,7404.8926,6.2630777,0,,,,,1671.5233454202487,0.0005914041,200.02021220118817,0.00065886957,0.008567892,-0.019098386
2723.833088038602,7400.719,6.263304,-0.0036980049,215478,1671.5226901960166,200.01973692856492,6847.9595,5.3648205,3180.5566,2.2184556,7400.719,6.263304,0,,,,,1671.5226901960166,0.0005916754,200.01973692856492,0.0006596252,0.0071009593,-0.019708188
2723.8400323163964,7404.1323,6.264643,-0.0036981683,215479,1671.5229833391797,200.0213697715986,6851.966,5.3659673,3179.4043,2.2178116,7404.1323,6.264643,0,,,,,1671.5229833391797,0.00059157785,200.0213697715986,0.0006594948,0.007239208,-0.018609632
2723.84697659419,7396.945,6.266366,-0.0036983318,215480,1671.5229515344724,200.0198023723975,6844.99,5.367443,3185.3247,2.2206717,7396.945,6.266366,0,,,,,1671.5229515344724,0.0005923709,200.0198023723975,0.00066034443,0.0073402044,-0.019610533
2723.8539208722173,7395.7485,6.2680964,-0.003698495,215481,1671.5237721112494,200.019503746734,6846.345,5.368925,3188.2676,2.2210002,7395.7485,6.2680964,0,,,,,1671.5237721112494,0.0005925155,200.019503746734,0.00066054706,0.0072038895,-0.018648878
2723.8608651500113,7397.0566,6.2687526,-0.0036986584,215482,1671.5228045782126,200.0214307767611,6845.7886,5.3694873,3193.9324,2.2221496,7397.0566,6.2687526,0,,,,,1671.5228045782126,0.00059263746,200.0214307767611,0.0006606752,0.0077127484,-0.019706946
2723.8678094280385,7395.7427,6.270623,-0.0036988216,215483,1671.5225413115816,200.0197682338214,6843.8047,5.371089,3198.068,2.2250133,7395.7427,6.270623,0,,,,,1671.5225413115816,0.000592383,200.0197682338214,0.0006606471,0.0072605563,-0.01970812
2723.874753706066,7396.91,6.271102,-0.0036989849,215484,1671.5218882192096,200.02071986733864,6844.4346,5.3714995,3201.886,2.2241602,7396.91,6.271102,0,,,,,1671.5218882192096,0.00059253623,200.02071986733864,0.0006608425,0.0060131103,-0.017948821
2723.8816979840926,7406.004,6.274115,-0.003699148,215485,1671.5234123355035,200.02000443032992,6852.534,5.37408,3198.2832,2.2243354,7406.004,6.274115,0,,,,,1671.5234123355035,0.00059314456,200.02000443032992,0.00066040095,0.008544823,-0.020043334
2723.8886422621194,7390.437,6.27161,-0.0036993113,215486,1671.5232008610835,200.01936662090435,6839.9907,5.371935,3203.3394,2.2255213,7390.437,6.27161,0,,,,,1671.5232008610835,0.0005930082,200.01936662090435,0.0006612877,0.006929104,-0.01951953
2723.8955865401467,7405.99,6.2761006,-0.0036994745,215487,1671.5224510908226,200.02040972579334,6853.51,5.3757815,3202.4258,2.2253907,7405.99,6.2761006,0,,,,,1671.5224510908226,0.00059238117,200.02040972579334,0.0006607315,0.008056957,-0.018072084
2723.902530818407,7409.162,6.2766237,-0.0036996375,215488,1671.5222823723852,200.01967924461522,6855.998,5.3762293,3202.494,2.2274313,7409.162,6.2766237,0,,,,,1671.5222823723852,0.00059242593,200.01967924461522,0.00066027034,0.006653743,-0.020166257
2723.9094750964337,7392.8794,6.2723618,-0.0036998007,215489,1671.523078794015,200.02092347368614,6843.259,5.3725786,3203.7039,2.2249942,7392.8794,6.2723618,0,,,,,1671.523078794015,0.0005930661,200.02092347368614,0.00066109904,0.008047734,-0.01885422
2723.9164193746933,7390.012,6.2730455,-0.0036999637,215490,1671.5238497462747,200.01864277992104,6838.01,5.373164,3208.1414,2.2259362,7390.012,6.2730455,0,,,,,1671.5238497462747,0.00059392524,200.01864277992104,0.00066158874,0.0070491857,-0.020277204
2723.923363652954,7398.487,6.276418,-0.0037001267,215491,1671.521640371503,200.02175808331978,6846.0786,5.3760533,3210.1414,2.2280853,7398.487,6.276418,0,,,,,1671.521640371503,0.0005933033,200.02175808331978,0.00066155556,0.0074024876,-0.017398039
2723.9303079314464,7405.6636,6.2788796,-0.0037002894,215492,1671.5216398807083,200.02022821280678,6854.6987,5.3781614,3204.7522,2.2259443,7405.6636,6.2788796,0,,,,,1671.5216398807083,0.00059232407,200.02022821280678,0.000661266,0.006017663,-0.019330014
2723.937252209706,7398.58,6.271866,-0.0037004524,215493,1671.5234652771496,200.02015803717583,6845.518,5.3721538,3205.41,2.2240252,7398.58,6.271866,0,,,,,1671.5234652771496,0.0005927624,200.02015803717583,0.00066106074,0.007891496,-0.018677799
2723.9441964881985,7393.6187,6.2717743,-0.0037006151,215494,1671.5222786342692,200.01892183937161,6840.901,5.3720756,3205.9373,2.224839,7393.6187,6.2717743,0,,,,,1671.5222786342692,0.00059323,200.01892183937161,0.0006612101,0.0066914284,-0.01944219
2723.951140766459,7395.7705,6.2745647,-0.0037007781,215495,1671.5227265123426,200.01976584957882,6844.4585,5.3744655,3204.8289,2.2268217,7395.7705,6.2745647,0,,,,,1671.5227265123426,0.00059317134,200.01976584957882,0.00066120457,0.007257891,-0.018081803
2723.958085044951,7398.8613,6.273881,-0.0037009409,215496,1671.5227528662033,200.01968608794925,6847.2964,5.37388,3206.5579,2.2254403,7398.8613,6.273881,0,,,,,1671.5227528662033,0.0005930397,200.01968608794925,0.0006607387,0.008022586,-0.019122416
2723.965029323443,7403.0576,6.277415,-0.0037011036,215497,1671.52315794694,200.0200582721349,6850.3145,5.376907,3203.224,2.2257438,7403.0576,6.277415,0,,,,,1671.52315794694,0.0005924699,200.0200582721349,0.00066150655,0.0070013483,-0.018409358
2723.971973601937,7402.701,6.2723856,-0.0037012664,215498,1671.5227024253145,200.01948875807227,6848.7734,5.372599,3201.156,2.2240045,7402.701,6.2723856,0,,,,,1671.5227024253145,0.0005927987,200.01948875807227,0.000660585,0.0072326646,-0.019711152
2723.978917880663,7399.6577,6.269794,-0.0037014289,215499,1671.5224990012557,200.02035428645826,6848.4565,5.370379,3196.4539,2.2224402,7399.6577,6.269794,0,,,,,1671.5224990012557,0.000592568,200.02035428645826,0.00066025666,0.007195523,-0.018928032
2723.985862159388,7393.7573,6.2673283,-0.0037015914,215500,1671.5236699067116,200.01965613526835,6842.3955,5.368267,3193.6445,2.2217958,7393.7573,6.2673283,0,,,,,1671.5236699067116,0.0005926955,200.01965613526835,0.0006609412,0.0077441377,-0.018954275
2723.99280643788,7399.048,6.2694793,-0.0037017541,215501,1671.521723450051,200.02084505113743,6846.7554,5.37011,3192.6094,2.22259,7399.048,6.2694793,0,,,,,1671.521723450051,0.0005923781,200.02084505113743,0.000660409,0.0062296507,-0.016577074
2723.9997507166063,7386.24,6.265571,-0.0037019167,215502,1671.5225008201464,200.02035267836274,6835.8516,5.366762,3193.7395,2.221199,7386.24,6.265571,0,,,,,1671.5225008201464,0.00059305015,200.02035267836274,0.0006609865,0.0076826,-0.018812627
2724.006694995332,7389.151,6.266478,-0.0037020792,215503,1671.5240342391053,200.01918013242278,6838.1074,5.367539,3185.6526,2.2204616,7389.151,6.266478,0,,,,,1671.5240342391053,0.0005932421,200.01918013242278,0.00066114485,0.007243696,-0.019617002
2724.0136392742893,7403.073,6.2667503,-0.0037022415,215504,1671.5230861335635,200.0197626103718,6850.7812,5.367772,3185.4265,2.2200541,7403.073,6.2667503,0,,,,,1671.5230861335635,0.00059203897,200.0197626103718,0.00065952755,0.007019703,-0.019066498
2724.0205835530155,7402.7915,6.264622,-0.003702404,215505,1671.5221056416956,200.02138121619373,6850.162,5.3659496,3176.4326,2.2179632,7402.7915,6.264622,0,,,,,1671.5221056416956,0.00059165695,200.02138121619373,0.00065947743,0.0071092644,-0.018061763
2724.0275278319737,7398.0024,6.268582,-0.0037025663,215506,1671.5224584736575,200.01985061307144,6845.3105,5.369341,3174.216,2.2187376,7398.0024,6.268582,0,,,,,1671.5224584736575,0.0005928807,200.01985061307144,0.0006603542,0.006844624,-0.018262664
2724.0344721106994,7397.6006,6.2620187,-0.0037027288,215507,1671.5223532409157,200.0201843021077,6845.476,5.363719,3173.2466,2.2172108,7397.6006,6.2620187,0,,,,,1671.5223532409157,0.0005916743,200.0201843021077,0.00065954524,0.0069179777,-0.018401833
2724.041416389658,7404.715,6.2618027,-0.003702891,215508,1671.522178532712,200.02042433912888,6851.7407,5.3635345,3166.8657,2.2155302,7404.715,6.2618027,0,,,,,1671.522178532712,0.0005913211,200.02042433912888,0.00065956014,0.0063416823,-0.018476197
2724.048360668849,7410.5317,6.25921,-0.003703053,215509,1671.5229296347866,200.02011285944732,6856.0967,5.361314,3162.9119,2.214338,7410.5317,6.25921,0,,,,,1671.5229296347866,0.00059083925,200.02011285944732,0.0006579237,0.007357194,-0.017638339
2724.055304947807,7401.994,6.256739,-0.0037032154,215510,1671.5232861931663,200.01969694529106,6848.1465,5.359197,3158.8071,2.2127924,7401.994,6.256739,0,,,,,1671.5232861931663,0.00059098384,200.01969694529106,0.00065879663,0.008297476,-0.017688764
2724.0622492267657,7391.3154,6.2552767,-0.0037033777,215511,1671.5209177197523,200.021474757347,6839.7485,5.3579445,3158.829,2.213083,7391.3154,6.2552767,0,,,,,1671.5209177197523,0.0005914591,200.021474757347,0.0006596265,0.006484593,-0.017227985
2724.069193505957,7393.992,6.2519026,-0.0037035397,215512,1671.5221351144746,200.02068831353628,6842.1265,5.355054,3152.1199,2.2100735,7393.992,6.2519026,0,,,,,1671.5221351144746,0.0005910871,200.02068831353628,0.00065855676,0.0069735297,-0.018330928
2724.0761377851472,7388.575,6.252839,-0.0037037018,215513,1671.5228695221326,200.0202372983821,6837.3975,5.3558564,3154.2395,2.2120883,7388.575,6.252839,0,,,,,1671.5228695221326,0.0005916302,200.0202372983821,0.0006590417,0.008584525,-0.017931981
2724.083082064339,7396.82,6.252612,-0.0037038638,215514,1671.5208535033657,200.020906533779,6846.6616,5.355662,3150.5808,2.2101116,7396.82,6.252612,0,,,,,1671.5208535033657,0.0005905936,200.020906533779,0.0006586295,0.005551723,-0.01797985
2724.090026343531,7394.106,6.2505884,-0.0037040259,215515,1671.5234256011488,200.02130962659274,6842.899,5.3539286,3148.5715,2.2091868,7394.106,6.2505884,0,,,,,1671.5234256011488,0.00059059745,200.02130962659274,0.000658508,0.0070261904,-0.016008502
2724.096970622722,7396.646,6.250163,-0.003704188,215516,1671.5225617544747,200.0207596067706,6844.0293,5.3535643,3147.0718,2.2088432,7396.646,6.250163,0,,,,,1671.5225617544747,0.0005908934,200.0207596067706,0.00065838924,0.0068956777,-0.01822029
2724.103914902146,7402.33,6.2534394,-0.0037043497,215517,1671.5236862601246,200.0198432895222,6850.5923,5.356371,3148.044,2.2093952,7402.33,6.2534394,0,,,,,1671.5236862601246,0.00059042464,200.0198432895222,0.0006583094,0.0069037084,-0.01825601
2724.1108591813368,7391.931,6.249815,-0.0037045118,215518,1671.5219075239277,200.02174466959244,6839.598,5.3532662,3145.0078,2.2092764,7391.931,6.249815,0,,,,,1671.5219075239277,0.0005910997,200.02174466959244,0.0006591359,0.0058541144,-0.01762058
2724.1178034607615,7366.1675,6.245716,-0.0037046736,215519,1671.5226830055292,200.01872758857627,6818.214,5.349756,3146.7686,2.2098117,7366.1675,6.245716,0,,,,,1671.5226830055292,0.00059255416,200.01872758857627,0.0006605866,0.0065553277,-0.018687634
2724.1247477401853,7362.237,6.2405047,-0.0037048354,215520,1671.5228159567514,200.02139331394264,6816.3584,5.3452916,3139.7383,2.2066302,7362.237,6.2405047,0,,,,,1671.5228159567514,0.00059254974,200.02139331394264,0.000660714,0.0069384035,-0.018358989
2724.131692019609,7355.074,6.2421536,-0.0037049972,215521,1671.5222496984964,200.0215815725421,6809.7393,5.346704,3141.9883,2.2075446,7355.074,6.2421536,0,,,,,1671.5222496984964,0.0005927994,200.0215815725421,0.00066148274,0.007243129,-0.017844483
2724.1386362992657,7345.5923,6.2414927,-0.0037051588,215522,1671.5218964274159,200.02122472633417,6800.0527,5.3461375,3145.1704,2.209847,7345.5923,6.2414927,0,,,,,1671.5218964274159,0.00059392006,200.02122472633417,0.0006620059,0.007297298,-0.017386695
2724.145580578691,7340.0356,6.2371507,-0.0037053206,215523,1671.524169029573,200.01835866366082,6796.9727,5.3424187,3141.99,2.2073355,7340.0356,6.2371507,0,,,,,1671.524169029573,0.0005934205,200.01835866366082,0.0006620712,0.0077573294,-0.020568054
2724.152524858348,7340.348,6.2375593,-0.0037054822,215524,1671.5214094375267,200.02123972935948,6796.305,5.342768,3142.9155,2.2082136,7340.348,6.2375593,0,,,,,1671.5214094375267,0.0005936466,200.02123972935948,0.0006617073,0.0058845244,-0.016775426
2724.1594691380037,7337.914,6.236816,-0.0037056438,215525,1671.5223633673543,200.0191298283416,6793.4165,5.3421316,3143.1038,2.2079356,7337.914,6.236816,0,,,,,1671.5223633673543,0.00059381116,200.0191298283416,0.00066212704,0.006207361,-0.018119197
2724.166413417661,7342.231,6.237176,-0.0037058054,215526,1671.5231060485355,200.02058795677516,6800.0386,5.34244,3139.5044,2.2070723,7342.231,6.237176,0,,,,,1671.5231060485355,0.0005935488,200.02058795677516,0.0006613623,0.0077728042,-0.018209778
2724.173357697318,7355.1284,6.2393866,-0.003705967,215527,1671.5227264203884,200.01988801175412,6810.1626,5.3443336,3138.246,2.206949,7355.1284,6.2393866,0,,,,,1671.5227264203884,0.0005929496,200.01988801175412,0.0006607891,0.006138813,-0.01732553
2724.1803019769745,7350.5024,6.2403083,-0.0037061286,215528,1671.5219871633544,200.02026852141796,6803.559,5.3451233,3142.745,2.2103755,7350.5024,6.2403083,0,,,,,1671.5219871633544,0.00059332186,200.02026852141796,0.0006612152,0.006207295,-0.018128779
2724.187246256864,7342.0557,6.237944,-0.00370629,215529,1671.5213814130864,200.01952121234768,6798.567,5.343098,3145.4556,2.208214,7342.0557,6.237944,0,,,,,1671.5213814130864,0.00059359684,200.01952121234768,0.00066177105,0.0066682277,-0.018331187
2724.194190536754,7348.5273,6.2401853,-0.0037064513,215530,1671.5226767882878,200.02041508879685,6805.619,5.3450174,3143.1384,2.2085347,7348.5273,6.2401853,0,,,,,1671.5226767882878,0.0005933011,200.02041508879685,0.0006613005,0.006779822,-0.017149145
2724.201134816644,7335.7114,6.2379446,-0.0037066126,215531,1671.521685754927,200.02037958627736,6793.5825,5.3430986,3145.6238,2.209034,7335.7114,6.2379446,0,,,,,1671.521685754927,0.0005940137,200.02037958627736,0.0006621381,0.0068056867,-0.017606493
2724.2080790965338,7341.33,6.2394705,-0.003706774,215532,1671.523277970145,200.0202254782328,6797.8354,5.3444057,3148.3167,2.209268,7341.33,6.2394705,0,,,,,1671.523277970145,0.0005937614,200.0202254782328,0.0006621754,0.006579143,-0.018003568
2724.2150233764237,7341.037,6.2392673,-0.0037069353,215533,1671.5219243656054,200.0207022795837,6796.7583,5.3442316,3149.8328,2.2092152,7341.037,6.2392673,0,,,,,1671.5219243656054,0.0005938469,200.0207022795837,0.0006617844,0.0071345535,-0.016635938
2724.2219676563122,7338.6587,6.2396445,-0.0037070967,215534,1671.5231894529097,200.02049648257793,6793.727,5.344555,3152.429,2.2101552,7338.6587,6.2396445,0,,,,,1671.5231894529097,0.00059399364,200.02049648257793,0.0006625364,0.0070527922,-0.017647864
2724.228911936435,7346.9985,6.2449856,-0.0037072578,215535,1671.5217676718905,200.019995515653,6801.9727,5.3491297,3153.9773,2.2118597,7346.9985,6.2449856,0,,,,,1671.5217676718905,0.0005940796,200.019995515653,0.00066230365,0.006632911,-0.017295826
2724.235856216558,7354.6743,6.247149,-0.003707419,215536,1671.5226766025228,200.02000797211892,6806.474,5.350983,3158.5437,2.2134929,7354.6743,6.247149,0,,,,,1671.5226766025228,0.0005939224,200.02000797211892,0.00066189916,0.0062573142,-0.016747283
2724.242800496448,7369.545,6.2533817,-0.0037075803,215537,1671.5222642459673,200.0217062061903,6822.489,5.356321,3158.2834,2.213745,7369.545,6.2533817,0,,,,,1671.5222642459673,0.0005926812,200.0217062061903,0.00066136796,0.006304793,-0.01622406
2724.2497447765695,7389.8936,6.2554126,-0.0037077414,215538,1671.5225042883217,200.01922804502462,6838.906,5.3580604,3161.8232,2.213599,7389.8936,6.2554126,0,,,,,1671.5225042883217,0.000591684,200.01922804502462,0.00065975165,0.007249267,-0.018594163
2724.2566890569256,7392.7905,6.255956,-0.0037079023,215539,1671.5218758644703,200.02057129145496,6840.9873,5.3585267,3159.6736,2.2140803,7392.7905,6.255956,0,,,,,1671.5218758644703,0.0005915621,200.02057129145496,0.0006596731,0.0068015987,-0.01746187
2724.2636333370488,7398.015,6.2565393,-0.0037080634,215540,1671.5219276147375,200.02107252326707,6847.338,5.359026,3159.144,2.2125642,7398.015,6.2565393,0,,,,,1671.5219276147375,0.0005912559,200.02107252326707,0.00065899536,0.0070413547,-0.017288202
2724.2705776174034,7400.5044,6.257034,-0.0037082243,215541,1671.5221185201867,200.02206084439905,6850.254,5.35945,3156.0625,2.2132916,7400.5044,6.257034,0,,,,,1671.5221185201867,0.0005907583,200.02206084439905,0.0006585341,0.006204699,-0.016295893
2724.2775218975253,7395.7744,6.2533135,-0.0037083854,215542,1671.5224331097932,200.02056898150758,6845.4805,5.356263,3153.743,2.211546,7395.7744,6.2533135,0,,,,,1671.5224331097932,0.0005906731,200.02056898150758,0.00065881904,0.008422739,-0.018612199
2724.2844661778813,7396.669,6.252921,-0.0037085463,215543,1671.5224805655835,200.01981884702005,6846.213,5.355927,3150.9702,2.210321,7396.669,6.252921,0,,,,,1671.5224805655835,0.0005907249,200.01981884702005,0.00065835234,0.0057981904,-0.017880427
2724.2914104582374,7398.512,6.2506676,-0.0037087072,215544,1671.5220882754581,200.02044503198113,6848.598,5.3539963,3141.1348,2.2080424,7398.512,6.2506676,0,,,,,1671.5220882754581,0.0005902947,200.02044503198113,0.00065819354,0.0064944327,-0.017119795
2724.298354738825,7401.3364,6.251097,-0.0037088678,215545,1671.5217510900707,200.02003564727764,6849.5234,5.3543644,3141.8347,2.2082121,7401.3364,6.251097,0,,,,,1671.5217510900707,0.0005902469,200.02003564727764,0.0006582815,0.006104214,-0.017312348
2724.3052990191795,7398.645,6.246742,-0.0037090287,215546,1671.520972571013,200.0219349096759,6848.989,5.3506336,3130.757,2.2050235,7398.645,6.246742,0,,,,,1671.520972571013,0.0005897251,200.0219349096759,0.000657839,0.0058554187,-0.016110536
2724.3122432997684,7398.824,6.243724,-0.0037091894,215547,1671.5229560291689,200.02104083075918,6849.5117,5.3480487,3124.018,2.202374,7398.824,6.243724,0,,,,,1671.5229560291689,0.0005895518,200.02104083075918,0.0006572516,0.0074860128,-0.01797522
2724.3191875801244,7395.552,6.241451,-0.0037093502,215548,1671.5225515373045,200.0223779192858,6846.1807,5.346102,3116.772,2.2009988,7395.552,6.241451,0,,,,,1671.5225515373045,0.00059013284,200.0223779192858,0.0006569988,0.0064740633,-0.014981966
2724.3261318607115,7400.2812,6.234577,-0.003709511,215549,1671.523508065034,200.02060451825042,6847.792,5.3402143,3104.6667,2.195996,7400.2812,6.234577,0,,,,,1671.523508065034,0.000588973,200.02060451825042,0.0006563979,0.006267578,-0.01712291
2724.3330761413,7396.9062,6.233283,-0.0037096716,215550,1671.5210864398205,200.02060705961776,6848.9907,5.3391056,3099.9634,2.1951857,7396.9062,6.233283,0,,,,,1671.5210864398205,0.00058827084,200.02060705961776,0.00065579603,0.0051583797,-0.016992565
2724.340020422121,7393.496,6.2306414,-0.003709832,215551,1671.5216841101108,200.02147758056532,6844.9775,5.336843,3091.5388,2.1955998,7393.496,6.2306414,0,,,,,1671.5216841101108,0.0005884377,200.02147758056532,0.0006560182,0.006499617,-0.017322607
2724.346964702709,7396.19,6.2256866,-0.0037099926,215552,1671.5207307190822,200.02004720514813,6846.4663,5.332599,3080.188,2.190445,7396.19,6.2256866,0,,,,,1671.5207307190822,0.0005878894,200.02004720514813,0.00065500184,0.006328051,-0.017611636
2724.35390898353,7385.344,6.2250433,-0.003710153,215553,1671.522487830246,200.02111850559626,6836.587,5.3320484,3077.401,2.1898487,7385.344,6.2250433,0,,,,,1671.522487830246,0.00058866525,200.02111850559626,0.00065652793,0.0061733294,-0.015897498
2724.3608532641183,7403.7188,6.2215304,-0.0037103137,215554,1671.5226403432598,200.0222943143763,6852.4375,5.329039,3064.775,2.185988,7403.7188,6.2215304,0,,,,,1671.5226403432598,0.00058701856,200.0222943143763,0.0006542771,0.006045717,-0.01560624
2724.3677975449395,7398.2764,6.215801,-0.0037104741,215555,1671.5211230220016,200.0227901276023,6848.14,5.3241315,3055.036,2.1827464,7398.2764,6.215801,0,,,,,1671.5211230220016,0.0005866205,200.0227901276023,0.0006542803,0.0056283865,-0.01507045
2724.3747418257603,7389.9707,6.216828,-0.0037106345,215556,1671.5235313132725,200.0203449902932,6842.0806,5.3250113,3050.0923,2.1836095,7389.9707,6.216828,0,,,,,1671.5235313132725,0.0005869521,200.0203449902932,0.000655019,0.007539399,-0.018389354
2724.381686106815,7396.6553,6.2123833,-0.0037107947,215557,1671.5219703568387,200.02069554685178,6848.444,5.321204,3042.47,2.1802268,7396.6553,6.2123833,0,,,,,1671.5219703568387,0.0005863401,200.02069554685178,0.0006535823,0.006505834,-0.01783087
2724.3886303876347,7392.9775,6.207042,-0.0037109551,215558,1671.5217158421324,200.02296357578408,6840.6675,5.316629,3032.5256,2.1777196,7392.9775,6.207042,0,,,,,1671.5217158421324,0.00058626774,200.02296357578408,0.0006541523,0.0059597655,-0.014781857
2724.395574668689,7389.803,6.203437,-0.0037111153,215559,1671.5220529350138,200.02018467584895,6832.713,5.3135414,3027.5642,2.1761947,7389.803,6.203437,0,,,,,1671.5220529350138,0.00058694195,200.02018467584895,0.0006548296,0.006840083,-0.018182538
2724.430296073959,7393.1504,6.1971602,-0.0037119163,215564,1671.523199178187,200.02073301797566,6848.5034,5.308165,3003.9236,2.1687229,7393.1504,6.1971602,0,,,,,1671.523199178187,0.0005843806,200.02073301797566,0.000651789,0.0061539374,-0.015741577
2724.437240355245,7397.185,6.1971836,-0.0037120762,215565,1671.5226629723757,200.02123423515624,6851.643,5.308185,3002.2786,2.168722,7397.185,6.1971836,0,,,,,1671.5226629723757,0.00058439805,200.02123423515624,0.00065173255,0.0057024034,-0.01592738
2724.444184636531,7395.2495,6.1961412,-0.0037122362,215566,1671.521330476537,200.02061300663024,6849.228,5.307292,3001.1038,2.1678429,7395.2495,6.1961412,0,,,,,1671.521330476537,0.0005845121,200.02061300663024,0.00065180444,0.0060858447,-0.016596662
2724.4511289178186,7398.3135,6.199788,-0.0037123961,215567,1671.5224744201435,200.02118968728442,6853.4087,5.310416,3001.8118,2.168994,7398.3135,6.199788,0,,,,,1671.5224744201435,0.00058460626,200.02118968728442,0.0006514574,0.0074464055,-0.016369583
2724.458073199106,7393.2603,6.2033153,-0.003712556,215568,1671.5219762619513,200.01981570794428,6849.42,5.313437,3005.471,2.1712906,7393.2603,6.2033153,0,,,,,1671.5219762619513,0.00058476476,200.01981570794428,0.0006528648,0.006791207,-0.017233968
2724.465017480392,7401.279,6.199708,-0.003712716,215569,1671.521888508637,200.02204503037174,6856.151,5.3103476,3005.1787,2.1690953,7401.279,6.199708,0,,,,,1671.521888508637,0.0005841565,200.02204503037174,0.000651579,0.0056951893,-0.016240442
2724.471961761678,7402.318,6.2003427,-0.003712876,215570,1671.521662932613,200.02057552177894,6857.331,5.3108907,3008.8557,2.1690183,7402.318,6.2003427,0,,,,,1671.521662932613,0.0005841335,200.02057552177894,0.0006514503,0.005938648,-0.016135786
2724.478906043198,7386.63,6.2008033,-0.0037130357,215571,1671.522297626078,200.02157266453088,6844.567,5.3112855,3013.5837,2.1732965,7386.63,6.2008033,0,,,,,1671.522297626078,0.000585344,200.02157266453088,0.00065244257,0.0062740548,-0.015787877
2724.485850324717,7390.0503,6.2020016,-0.0037131954,215572,1671.52206180682,200.0215390603176,6845.89,5.312312,3019.3435,2.1726336,7390.0503,6.2020016,0,,,,,1671.52206180682,0.0005854488,200.0215390603176,0.000652689,0.00613686,-0.016024368
2724.4927946062357,7392.606,6.206543,-0.0037133552,215573,1671.5217152233188,200.02045740617362,6849.342,5.3162017,3027.758,2.1754544,7392.606,6.206543,0,,,,,1671.5217152233188,0.00058559707,200.02045740617362,0.0006527443,0.0073747407,-0.017172381
2724.4997388877564,7387.2163,6.207888,-0.003713515,215574,1671.5218505801522,200.02065272721478,6843.7476,5.317354,3034.946,2.1776605,7387.2163,6.207888,0,,,,,1671.5218505801522,0.0005862576,200.02065272721478,0.0006534833,0.006540729,-0.016201306
2724.5066831692766,7389.578,6.2123466,-0.0037136746,215575,1671.5223104959948,200.02155345980182,6846.803,5.3211727,3040.5752,2.1823323,7389.578,6.2123466,0,,,,,1671.5223104959948,0.00058622815,200.02155345980182,0.0006536356,0.0061141225,-0.015340832
2724.5136274507954,7395.4775,6.214846,-0.0037138343,215576,1671.5216411548354,200.02075219512489,6851.8306,5.3233137,3048.6208,2.1812866,7395.4775,6.214846,0,,,,,1671.5216411548354,0.0005862605,200.02075219512489,0.00065344933,0.0059750965,-0.016073234
2724.520571732547,7401.636,6.2214484,-0.0037139938,215577,1671.5227806742266,200.01958924740194,6857.1147,5.328969,3057.0857,2.1851473,7401.636,6.2214484,0,,,,,1671.5227806742266,0.0005860594,200.01958924740194,0.0006536897,0.0065483176,-0.016257258
2724.5275160143,7398.035,6.220424,-0.0037141533,215578,1671.5218509963984,200.0214717332935,6852.5454,5.3280916,3064.1985,2.1850793,7398.035,6.220424,0,,,,,1671.5218509963984,0.00058713416,200.0214717332935,0.0006538801,0.006086035,-0.015117139
2724.5344602960527,7401.1055,6.226621,-0.0037143128,215579,1671.5224239858826,200.02081166814838,6856.954,5.3333993,3072.9182,2.188286,7401.1055,6.226621,0,,,,,1671.5224239858826,0.00058691605,200.02081166814838,0.0006546801,0.0064022583,-0.017420493
2724.541404577804,7392.968,6.2280335,-0.0037144723,215580,1671.5206418081198,200.02253295317044,6850.312,5.3346095,3086.1826,2.1917584,7392.968,6.2280335,0,,,,,1671.5206418081198,0.00058761734,200.02253295317044,0.00065498805,0.005131933,-0.014960125
2724.5483488595564,7394.9785,6.2343225,-0.0037146318,215581,1671.5230583491693,200.02150761412278,6852.0874,5.3399963,3096.5664,2.1962774,7394.9785,6.2343225,0,,,,,1671.5230583491693,0.0005882539,200.02150761412278,0.0006557292,0.006665412,-0.015780987
2724.5552931415427,7380.9434,6.238101,-0.003714791,215582,1671.520140348944,200.02133613528073,6839.8774,5.3432326,3115.1118,2.2006915,7380.9434,6.238101,0,,,,,1671.520140348944,0.00058996584,200.02133613528073,0.0006569923,0.005750309,-0.015477932
2724.562237423295,7388.3003,6.242621,-0.0037149505,215583,1671.5225293420249,200.02151033972422,6846.1357,5.347104,3123.8823,2.2015617,7388.3003,6.242621,0,,,,,1671.5225293420249,0.00058981415,200.02151033972422,0.0006574155,0.0069319163,-0.016001567
2724.56918170528,7387.232,6.2471795,-0.0037151098,215584,1671.5211503924031,200.02099546286988,6845.8574,5.351009,3136.1116,2.2061012,7387.232,6.2471795,0,,,,,1671.5211503924031,0.00059022126,200.02099546286988,0.0006579296,0.0056095114,-0.015925018
2724.5761259872647,7390.9307,6.2546134,-0.003715269,215585,1671.5212186291785,200.02071624922755,6849.154,5.357376,3150.3354,2.2106578,7390.9307,6.2546134,0,,,,,1671.5212186291785,0.00059069175,200.02071624922755,0.00065836386,0.0053506843,-0.01537853
2724.5830702692497,7399.1167,6.2614007,-0.0037154283,215586,1671.5218285073518,200.0220705619985,6855.9707,5.36319,3163.5308,2.2145703,7399.1167,6.2614007,0,,,,,1671.5218285073518,0.0005905113,200.0220705619985,0.00065884367,0.005507126,-0.015841149
2724.590014551235,7390.6426,6.2677937,-0.0037155875,215587,1671.5208907648746,200.0229976385168,6848.482,5.3686657,3175.88,2.218774,7390.6426,6.2677937,0,,,,,1671.5208907648746,0.0005916782,200.0229976385168,0.00065999525,0.005482696,-0.014742587
2724.5969588334533,7388.3604,6.2665453,-0.0037157466,215588,1671.5216080205382,200.0209935672877,6845.496,5.3675966,3186.286,2.2212796,7388.3604,6.2665453,0,,,,,1671.5216080205382,0.00059202156,200.0209935672877,0.00066030707,0.006036637,-0.015997676
2724.6039031154382,7380.796,6.2702165,-0.0037159058,215589,1671.5221664939486,200.02057094935873,6841.4507,5.3707414,3200.1333,2.2230117,7380.796,6.2702165,0,,,,,1671.5221664939486,0.0005931223,200.02057094935873,0.0006609459,0.006234246,-0.01558553
2724.6108473976565,7384.627,6.277075,-0.0037160648,215590,1671.521274648944,200.02081333708563,6843.337,5.3766155,3211.0417,2.2293386,7384.627,6.277075,0,,,,,1671.521274648944,0.00059341954,200.02081333708563,0.0006613177,0.005635292,-0.015708344
2724.6177916798747,7395.64,6.282537,-0.0037162239,215591,1671.5216834990672,200.02163996368955,6854.678,5.3812947,3223.1028,2.2314873,7395.64,6.282537,0,,,,,1671.5216834990672,0.0005929751,200.02163996368955,0.00066092703,0.0058756196,-0.015232241
2724.6247359620925,7391.2134,6.2874975,-0.003716383,215592,1671.5212660537102,200.02210531867098,6850.259,5.3855433,3233.309,2.2339587,7391.2134,6.2874975,0,,,,,1671.5212660537102,0.0005938235,200.02210531867098,0.0006622411,0.0061817626,-0.015273569
2724.6316802443102,7396.0186,6.292107,-0.003716542,215593,1671.522176356912,200.0201074649848,6854.6357,5.3894916,3245.0728,2.2367072,7396.0186,6.292107,0,,,,,1671.522176356912,0.00059425377,200.0201074649848,0.0006619167,0.0056476793,-0.015532484
2724.638624526761,7384.226,6.290641,-0.0037167007,215594,1671.5211722004644,200.02159225993861,6844.5264,5.3882356,3250.0388,2.238342,7384.226,6.290641,0,,,,,1671.5211722004644,0.000594542,200.02159225993861,0.0006627754,0.005874631,-0.015410198
2724.6455688089795,7391.215,6.294404,-0.0037168597,215595,1671.5211087048954,200.02164618090237,6850.6904,5.391459,3256.916,2.2397308,7391.215,6.294404,0,,,,,1671.5211087048954,0.0005948031,200.02164618090237,0.0006624703,0.0061345794,-0.015736435
2724.6525130914297,7385.9194,6.2957973,-0.0037170185,215596,1671.5210913841981,200.02216320261527,6846.411,5.3926525,3263.6152,2.2419934,7385.9194,6.2957973,0,,,,,1671.5210913841981,0.0005948622,200.02216320261527,0.0006632167,0.004846867,-0.015123206
2724.65945737388,7391.031,6.300408,-0.0037171773,215597,1671.5226993328276,200.02099358774973,6850.8833,5.3966017,3267.1985,2.2435608,7391.031,6.300408,0,,,,,1671.5226993328276,0.0005949716,200.02099358774973,0.0006637688,0.0074692,-0.01589333
2724.6664016563313,7388.945,6.2991776,-0.003717336,215598,1671.5203017489239,200.02153745028406,6848.905,5.3955474,3269.735,2.2435558,7388.945,6.2991776,0,,,,,1671.5203017489239,0.00059525226,200.02153745028406,0.00066331145,0.0061750216,-0.015596442
2724.6733459387833,7380.83,6.299885,-0.003717495,215599,1671.5214009337935,200.02120567085052,6842.2163,5.3961535,3271.7153,2.2444026,7380.83,6.299885,0,,,,,1671.5214009337935,0.00059561094,200.02120567085052,0.0006643705,0.005531133,-0.015395445
2724.6802902214663,7389.506,6.303194,-0.0037176535,215600,1671.52148479486,200.02113824483067,6848.8,5.3989882,3274.1985,2.2479534,7389.506,6.303194,0,,,,,1671.52148479486,0.0005957757,200.02113824483067,0.00066381256,0.005732177,-0.015573205
2724.6872345039164,7393.388,6.302697,-0.0037178122,215601,1671.5207385029462,200.0207245876358,6852.173,5.3985624,3275.9836,2.245303,7393.388,6.302697,0,,,,,1671.5207385029462,0.0005954977,200.0207245876358,0.00066340936,0.005174987,-0.014597088
2724.694178786601,7383.943,6.3003793,-0.0037179708,215602,1671.5213603117588,200.02252980751467,6844.5527,5.396577,3273.3716,2.2443366,7383.943,6.3003793,0,,,,,1671.5213603117588,0.0005958647,200.02252980751467,0.0006642111,0.0061678863,-0.015627502
2724.7011230692847,7396.201,6.301211,-0.0037181294,215603,1671.520918838721,200.0231012140038,6854.8584,5.3972898,3269.5483,2.2443275,7396.201,6.301211,0,,,,,1671.520918838721,0.0005946963,200.0231012140038,0.00066321297,0.0050692703,-0.014953028
2724.708067351967,7380.739,6.296608,-0.003718288,215604,1671.5217579728878,200.02137393912466,6842.166,5.393347,3268.5664,2.2430024,7380.739,6.296608,0,,,,,1671.5217579728878,0.00059541216,200.02137393912466,0.00066378864,0.006009399,-0.015161042
2724.715011634651,7379.682,6.2990856,-0.0037184465,215605,1671.52170303338,200.0213516625868,6841.6724,5.3954687,3265.5493,2.2437923,7379.682,6.2990856,0,,,,,1671.52170303338,0.00059542485,200.0213516625868,0.0006642099,0.005286045,-0.0152790435
2724.7219559175683,7401.018,6.297178,-0.0037186048,215606,1671.5212749980524,200.0211455167553,6859.6284,5.393835,3257.588,2.2395425,7401.018,6.297178,0,,,,,1671.5212749980524,0.00059418264,200.0211455167553,0.00066211994,0.0054870956,-0.01563341
2724.728900200252,7395.152,6.29453,-0.0037187634,215607,1671.5207066179585,200.02214150370412,6854.668,5.3915668,3254.9355,2.2394023,7395.152,6.29453,0,,,,,1671.5207066179585,0.0005942004,200.02214150370412,0.000662368,0.005250058,-0.014609738
2724.7358444831684,7397.6143,6.2920275,-0.0037189217,215608,1671.5218061333971,200.0217799445902,6856.062,5.3894234,3249.5518,2.2363627,7397.6143,6.2920275,0,,,,,1671.5218061333971,0.00059378386,200.0217799445902,0.00066180754,0.005968019,-0.015250222
2724.7427887660847,7385.26,6.2896175,-0.00371908,215609,1671.521234389271,200.02297498932575,6846.832,5.387359,3246.6365,2.2368126,7385.26,6.2896175,0,,,,,1671.521234389271,0.00059427676,200.02297498932575,0.00066273485,0.005478544,-0.014972653
2724.749733049001,7398.214,6.293242,-0.0037192383,215610,1671.521609542308,200.0214190041704,6856.7847,5.390464,3243.696,2.2382317,7398.214,6.293242,0,,,,,1671.521609542308,0.0005939395,200.0214190041704,0.0006619436,0.0055334903,-0.014832315
2724.7566773319177,7392.4224,6.2900205,-0.0037193967,215611,1671.519620784072,200.02212199597497,6852.8203,5.3877044,3241.4617,2.2356992,7392.4224,6.2900205,0,,,,,1671.519620784072,0.0005936659,200.02212199597497,0.00066242093,0.0043982086,-0.01460397
2724.763621615067,7388.485,6.286192,-0.0037195547,215612,1671.521484843659,200.02271826692092,6849.043,5.3844247,3239.035,2.2338014,7388.485,6.286192,0,,,,,1671.521484843659,0.0005935206,200.02271826692092,0.0006620937,0.0050849984,-0.014479661
2724.7705658979835,7388.0312,6.2879148,-0.003719713,215613,1671.5215761758109,200.02090094607917,6849.2188,5.3859005,3238.795,2.2360795,7388.0312,6.2879148,0,,,,,1671.5215761758109,0.00059393386,200.02090094607917,0.0006620863,0.0059749675,-0.014978683
2724.7775101811326,7389.5835,6.28814,-0.0037198712,215614,1671.5201261694194,200.0221102568116,6850.5347,5.386093,3236.704,2.2351437,7389.5835,6.28814,0,,,,,1671.5201261694194,0.0005937076,200.0221102568116,0.00066222955,0.0042595807,-0.014505638
2724.7844544642817,7392.3994,6.2855377,-0.0037200293,215615,1671.5210869643017,200.02091291128346,6852.573,5.3838644,3232.5046,2.2335846,7392.3994,6.2855377,0,,,,,1671.5210869643017,0.0005935242,200.02091291128346,0.0006612204,0.005045471,-0.014597993
2724.791398747431,7386.6216,6.284863,-0.0037201873,215616,1671.520212281891,200.02082221674337,6846.702,5.3832865,3230.829,2.2330785,7386.6216,6.284863,0,,,,,1671.520212281891,0.0005939345,200.02082221674337,0.0006619373,0.0052567753,-0.014022811
2724.798343030581,7389.6343,6.283349,-0.0037203454,215617,1671.5230197694254,200.02228993608728,6849.849,5.3819895,3229.7458,2.2323802,7389.6343,6.283349,0,,,,,1671.5230197694254,0.0005934796,200.02228993608728,0.00066166837,0.005853137,-0.014270941
2724.80528731373,7392.73,6.286222,-0.0037205035,215618,1671.522037451582,200.02226555386326,6852.854,5.3844504,3230.516,2.2333884,7392.73,6.286222,0,,,,,1671.522037451582,0.0005934346,200.02226555386326,0.00066143216,0.0053366786,-0.014563364
2724.812231597112,7391.0796,6.2832265,-0.0037206614,215619,1671.5213182128894,200.02239216958003,6852.0137,5.381885,3227.664,2.2318075,7391.0796,6.2832265,0,,,,,1671.5213182128894,0.0005932287,200.02239216958003,0.0006612193,0.006084105,-0.015107267
2724.819175880494,7388.3003,6.2833834,-0.0037208193,215620,1671.5214495759942,200.0216140218472,6850.0845,5.382019,3230.7996,2.2311432,7388.3003,6.2833834,0,,,,,1671.5214495759942,0.0005934915,200.0216140218472,0.00066148705,0.004604841,-0.014375386
2724.8261201638766,7399.247,6.2888155,-0.003720977,215621,1671.5211763844009,200.021287243276,6858.394,5.386672,3226.8896,2.233197,7399.247,6.2888155,0,,,,,1671.5211763844009,0.0005933792,200.021287243276,0.0006616973,0.005252385,-0.015053716
2724.8330644472585,7383.4556,6.28553,-0.003721135,215622,1671.5214038791173,200.0220996422871,6844.7285,5.3838577,3234.355,2.2337916,7383.4556,6.28553,0,,,,,1671.5214038791173,0.00059419975,200.0220996422871,0.0006625461,0.005474049,-0.014706523
2724.8400087306404,7392.7246,6.2852798,-0.0037212928,215623,1671.5219026303387,200.021648843048,6852.82,5.3836436,3231.9797,2.2329507,7392.7246,6.2852798,0,,,,,1671.5219026303387,0.0005935042,200.021648843048,0.0006613294,0.006466505,-0.0141290445
2724.8469530140223,7383.5303,6.2865186,-0.0037214507,215624,1671.5206540354447,200.02173002505754,6845.501,5.3847046,3235.8604,2.2343173,7383.5303,6.2865186,0,,,,,1671.5206540354447,0.00059403316,200.02173002505754,0.000662381,0.0050911224,-0.014029798
2724.8538972976376,7395.944,6.2880087,-0.0037216083,215625,1671.5204320106686,200.02164382280142,6856.4155,5.385981,3238.773,2.2341654,7395.944,6.2880087,0,,,,,1671.5204320106686,0.0005935479,200.02164382280142,0.00066152005,0.005114379,-0.014072746
2724.8608415810204,7386.799,6.288264,-0.0037217662,215626,1671.5203383900505,200.02119877454396,6848.3047,5.3861995,3240.0447,2.2362344,7386.799,6.288264,0,,,,,1671.5203383900505,0.0005939449,200.02119877454396,0.0006622182,0.0045903767,-0.014241865
2724.8677858646356,7385.823,6.288564,-0.0037219238,215627,1671.5203962015164,200.02205668210206,6847.5835,5.386457,3240.511,2.2359211,7385.823,6.288564,0,,,,,1671.5203962015164,0.00059395406,200.02205668210206,0.0006626332,0.0060121897,-0.014816776
2724.8747301482495,7386.329,6.288733,-0.0037220814,215628,1671.521362447784,200.02107104338276,6847.6396,5.386602,3244.7341,2.2358398,7386.329,6.288733,0,,,,,1671.521362447784,0.0005941805,200.02107104338276,0.00066225155,0.0051476285,-0.014236191
2724.8816744318647,7391.669,6.290149,-0.003722239,215629,1671.5208513251896,200.02217630946194,6852.345,5.387814,3242.276,2.2356272,7391.669,6.290149,0,,,,,1671.5208513251896,0.00059393526,200.02217630946194,0.0006621905,0.005144923,-0.014827942
2724.888618715713,7385.791,6.289649,-0.0037223964,215630,1671.5209340111655,200.0219755735625,6847.856,5.3873863,3245.3877,2.2380261,7385.791,6.289649,0,,,,,1671.5209340111655,0.00059398136,200.0219755735625,0.000661999,0.005361624,-0.013767513
2724.8955629993275,7392.176,6.2919436,-0.003722554,215631,1671.5210919842298,200.0202578912076,6852.92,5.3893514,3247.2563,2.238797,7392.176,6.2919436,0,,,,,1671.5210919842298,0.00059397175,200.0202578912076,0.00066225615,0.0052765603,-0.01411128
2724.9025072831746,7389.0903,6.290694,-0.0037227115,215632,1671.5198747580712,200.0233501829863,6850.007,5.3882813,3247.9302,2.237031,7389.0903,6.290694,0,,,,,1671.5198747580712,0.0005944544,200.0233501829863,0.00066227495,0.004603429,-0.013938156
2724.9094515670236,7388.458,6.293215,-0.0037228689,215633,1671.5217264235935,200.02168842120125,6849.6494,5.39044,3253.153,2.23931,7388.458,6.293215,0,,,,,1671.5217264235935,0.00059469626,200.02168842120125,0.00066283334,0.005893528,-0.014795248
2724.916395850872,7398.582,6.295331,-0.0037230263,215634,1671.5208772680603,200.02292712982512,6859.0195,5.3922524,3248.1252,2.2383006,7398.582,6.295331,0,,,,,1671.5208772680603,0.00059397845,200.02292712982512,0.00066223793,0.0054250136,-0.013820091
2724.923340134719,7378.214,6.290409,-0.0037231836,215635,1671.5205099752486,200.0217550878035,6841.9165,5.388037,3255.7646,2.2381737,7378.214,6.290409,0,,,,,1671.5205099752486,0.000594855,200.0217550878035,0.00066309015,0.0053382744,-0.013624641
2724.9302844185663,7390.3286,6.2931933,-0.003723341,215636,1671.5216588244348,200.02182395384006,6851.7144,5.3904214,3254.5117,2.2385418,7390.3286,6.2931933,0,,,,,1671.5216588244348,0.00059427903,200.02182395384006,0.0006625085,0.0055304333,-0.014782077
2724.9372287026476,7391.4443,6.2948184,-0.0037234982,215637,1671.52150270253,200.0221560184091,6851.94,5.3918138,3256.7393,2.2409744,7391.4443,6.2948184,0,,,,,1671.52150270253,0.0005946085,200.0221560184091,0.00066242006,0.005208382,-0.014327462
2724.9441729864952,7390.1133,6.2972364,-0.0037236556,215638,1671.521182667865,200.02162642673326,6851.581,5.3938847,3261.1453,2.2409046,7390.1133,6.2972364,0,,,,,1671.521182667865,0.000594775,200.02162642673326,0.00066289667,0.004564307,-0.013299711
2724.9511172705757,7393.0117,6.2964554,-0.0037238128,215639,1671.51991646469,200.02159559580082,6853.7407,5.393216,3258.7224,2.2405229,7393.0117,6.2964554,0,,,,,1671.51991646469,0.0005946053,200.02159559580082,0.0006624445,0.005305591,-0.014683232
2724.958061554656,7393.7744,6.2987647,-0.00372397,215640,1671.5200579808072,200.02090782344143,6854.076,5.3951945,3259.4973,2.2412336,7393.7744,6.2987647,0,,,,,1671.5200579808072,0.00059445744,200.02090782344143,0.00066264113,0.0044872095,-0.013465171
2724.965005838737,7383.002,6.297407,-0.003724127,215641,1671.5213439857052,200.02144615611553,6845.8555,5.394031,3262.29,2.2419307,7383.002,6.297407,0,,,,,1671.5213439857052,0.00059505244,200.02144615611553,0.0006635406,0.00503049,-0.013889511
2724.971950122817,7386.828,6.296338,-0.0037242842,215642,1671.5202129037937,200.021715262133,6848.972,5.393115,3259.0898,2.24172,7386.828,6.296338,0,,,,,1671.5202129037937,0.00059482607,200.021715262133,0.00066302443,0.0050033215,-0.013512797
2724.9788944071306,7391.6094,6.29681,-0.0037244412,215643,1671.5210492307317,200.02140902128085,6851.7935,5.3935194,3261.8035,2.2414603,7391.6094,6.29681,0,,,,,1671.5210492307317,0.000594778,200.02140902128085,0.00066280016,0.004613756,-0.013354901
2724.985838691212,7388.4326,6.295219,-0.0037245983,215644,1671.521004322317,200.0222172920806,6849.649,5.392157,3259.25,2.240494,7388.4326,6.295219,0,,,,,1671.521004322317,0.0005947793,200.0222172920806,0.0006630564,0.0049587274,-0.014395203
2724.9927829755256,7383.663,6.3007774,-0.0037247553,215645,1671.520282039418,200.02238871659898,6845.967,5.3969183,3264.2222,2.2434812,7383.663,6.3007774,0,,,,,1671.520282039418,0.00059516274,200.02238871659898,0.0006644368,0.005040801,-0.01421351
2724.999727259838,7400.85,6.2969627,-0.0037249122,215646,1671.5204747820721,200.02314829287153,6860.602,5.3936505,3258.6243,2.2398417,7400.85,6.2969627,0,,,,,1671.5204747820721,0.00059395644,200.02314829287153,0.0006619741,0.004205369,-0.013083566
2725.0066715441517,7397.967,6.2955747,-0.003725069,215647,1671.521342463885,200.02150145179957,6857.7573,5.3924613,3256.4312,2.2390654,7397.967,6.2955747,0,,,,,1671.521342463885,0.00059411605,200.02150145179957,0.0006620554,0.005974044,-0.01409618
2725.013615828698,7401.3794,6.298481,-0.0037252258,215648,1671.5211463448838,200.022261982072,6860.912,5.394951,3253.306,2.239526,7401.3794,6.298481,0,,,,,1671.5211463448838,0.0005939181,200.022261982072,0.0006620776,0.0040317695,-0.013361961
2725.0205601130115,7386.544,6.2913246,-0.0037253827,215649,1671.5197912739977,200.02279619252897,6847.2344,5.388821,3249.5903,2.2383635,7386.544,6.2913246,0,,,,,1671.5197912739977,0.0005942729,200.02279619252897,0.0006628199,0.0041443873,-0.013108708
2725.0275043975585,7393.37,6.292134,-0.0037255394,215650,1671.5207811821638,200.02137189178208,6854.1353,5.3895144,3247.825,2.2377493,7393.37,6.292134,0,,,,,1671.5207811821638,0.0005936927,200.02137189178208,0.0006625505,0.0049518505,-0.014041322
2725.0344486818717,7385.208,6.287331,-0.0037256964,215651,1671.520789648669,200.0222637016949,6847.414,5.385401,3242.6401,2.2347016,7385.208,6.287331,0,,,,,1671.520789648669,0.0005939724,200.0222637016949,0.0006622711,0.004386668,-0.014256803
2725.041392966418,7393.969,6.288215,-0.003725853,215652,1671.520768602521,200.023390366617,6854.2876,5.386158,3237.5303,2.2349823,7393.969,6.288215,0,,,,,1671.520768602521,0.0005936545,200.023390366617,0.00066174264,0.004383018,-0.013143308
2725.0483372509643,7396.631,6.2865033,-0.0037260097,215653,1671.5217995495827,200.02247759665784,6856.7046,5.3846917,3231.1042,2.2327907,7396.631,6.2865033,0,,,,,1671.5217995495827,0.0005934366,200.02247759665784,0.000661401,0.004268733,-0.014112689
2725.055281535511,7402.5225,6.2888174,-0.0037261664,215654,1671.5213330607342,200.02311983920765,6861.744,5.3866735,3231.5022,2.2330484,7402.5225,6.2888174,0,,,,,1671.5213330607342,0.00059279986,200.02311983920765,0.00066146767,0.005294426,-0.013190473
2725.062225820289,7392.7856,6.2842546,-0.003726323,215655,1671.5205130894858,200.02139711574904,6853.3745,5.3827653,3229.6772,2.2317212,7392.7856,6.2842546,0,,,,,1671.5205130894858,0.00059312396,200.02139711574904,0.0006615728,0.0035315617,-0.0143608125
2725.0691701048354,7393.859,6.284245,-0.0037264796,215656,1671.521405227809,200.02138945961525,6854.0825,5.382757,3229.3965,2.232563,7393.859,6.284245,0,,,,,1671.521405227809,0.00059311406,200.02138945961525,0.0006612918,0.0055087805,-0.013477142
2725.076114389615,7386.9614,6.2817693,-0.003726636,215657,1671.519831795119,200.02355835868246,6848.1436,5.380636,3224.6667,2.2304935,7386.9614,6.2817693,0,,,,,1671.519831795119,0.00059354544,200.02355835868246,0.00066166476,0.0038156977,-0.012654549
2725.0830586743946,7389.116,6.2829413,-0.0037267925,215658,1671.5198047833865,200.02361073279252,6849.839,5.381641,3227.2651,2.2323444,7389.116,6.2829413,0,,,,,1671.5198047833865,0.0005933665,200.02361073279252,0.0006614049,0.004491223,-0.013091745
2725.0900029591735,7394.8057,6.284134,-0.003726949,215659,1671.5202817765858,200.02355846747824,6855.624,5.3826623,3226.6184,2.2309842,7394.8057,6.284134,0,,,,,1671.5202817765858,0.00059284,200.02355846747824,0.00066136353,0.004198343,-0.013717271
2725.0969472439524,7387.5605,6.2820663,-0.0037271054,215660,1671.5211018034508,200.0226622775629,6848.962,5.3808913,3225.211,2.230746,7387.5605,6.2820663,0,,,,,1671.5211018034508,0.00059323857,200.0226622775629,0.0006612894,0.0048298333,-0.013108356
2725.103891528964,7391.3037,6.287836,-0.0037272617,215661,1671.5202025360845,200.02238019207138,6851.8955,5.3858333,3228.5728,2.2333567,7391.3037,6.287836,0,,,,,1671.5202025360845,0.00059412536,200.02238019207138,0.0006619358,0.004711666,-0.013300123
2725.110835813743,7385.116,6.280386,-0.0037274181,215662,1671.5212940535419,200.02229148301151,6847.777,5.3794518,3225.0972,2.2297678,7385.116,6.280386,0,,,,,1671.5212940535419,0.0005932605,200.02229148301151,0.00066155934,0.0048840246,-0.01401645
2725.117780098755,7394.617,6.28364,-0.0037275744,215663,1671.5206648900084,200.02072722098973,6855.517,5.382239,3227.1064,2.2303302,7394.617,6.28364,0,,,,,1671.5206648900084,0.00059286726,200.02072722098973,0.0006611085,0.0047001853,-0.014049209
2725.1247243837674,7391.239,6.2832036,-0.0037277306,215664,1671.5204929104402,200.02314525335748,6851.623,5.3818655,3226.105,2.2308986,7391.239,6.2832036,0,,,,,1671.5204929104402,0.00059333345,200.02314525335748,0.00066139206,0.004406107,-0.012774807
2725.131668668779,7398.83,6.2856374,-0.0037278868,215665,1671.5209768960415,200.0225352495649,6858.007,5.3839498,3224.2332,2.2306564,7398.83,6.2856374,0,,,,,1671.5209768960415,0.00059325784,200.0225352495649,0.0006608268,0.0041178777,-0.012983817
2725.138612953791,7398.1772,6.2887597,-0.003728043,215666,1671.520332536412,200.02358296083014,6858.2017,5.3866243,3227.2666,2.2323034,7398.1772,6.2887597,0,,,,,1671.520332536412,0.00059269054,200.02358296083014,0.0006616869,0.0045532677,-0.012647626
2725.1455572388027,7384.8047,6.282981,-0.0037281993,215667,1671.5207326295206,200.02080380451895,6846.3696,5.381675,3230.4775,2.2316244,7384.8047,6.282981,0,,,,,1671.5207326295206,0.00059382187,200.02080380451895,0.00066151866,0.0046450975,-0.013101453
2725.1525015238158,7392.756,6.2837577,-0.0037283555,215668,1671.5205360224497,200.02230095613865,6852.522,5.38234,3228.2056,2.231813,7392.756,6.2837577,0,,,,,1671.5205360224497,0.0005934502,200.02230095613865,0.0006611558,0.004766562,-0.013419207
2725.15944580906,7389.0293,6.2850637,-0.0037285115,215669,1671.520407903087,200.02240129796962,6850.5723,5.3834586,3229.7769,2.232364,7389.0293,6.2850637,0,,,,,1671.520407903087,0.0005937338,200.02240129796962,0.0006616017,0.005175419,-0.013194377
2725.166390094304,7395.766,6.2837863,-0.0037286675,215670,1671.5205925861644,200.02246756867532,6855.4907,5.3823643,3228.385,2.231023,7395.766,6.2837863,0,,,,,1671.5205925861644,0.00059307815,200.02246756867532,0.0006609395,0.00400235,-0.01272257
2725.1733343795495,7397.887,6.28514,-0.0037288235,215671,1671.5204780495008,200.02160615396957,6857.8145,5.383524,3227.9255,2.2319236,7397.887,6.28514,0,,,,,1671.5204780495008,0.0005927159,200.02160615396957,0.00066059665,0.0038123783,-0.013812701
2725.180278664795,7397.468,6.2859087,-0.0037289795,215672,1671.5190132103692,200.02383076610235,6857.494,5.384182,3228.665,2.2321239,7397.468,6.2859087,0,,,,,1671.5190132103692,0.0005931078,200.02383076610235,0.0006611837,0.00410079,-0.012659104
2725.187222950039,7377.5093,6.2815166,-0.0037291355,215673,1671.5200358555321,200.02252144352107,6839.791,5.38042,3231.382,2.2308822,7377.5093,6.2815166,0,,,,,1671.5200358555321,0.000594207,200.02252144352107,0.0006624506,0.004963517,-0.013131026
2725.194167235516,7386.0356,6.28359,-0.0037292913,215674,1671.5208313200408,200.02137253107549,6847.6133,5.3821964,3232.5342,2.2327933,7386.0356,6.28359,0,,,,,1671.5208313200408,0.0005936016,200.02137253107549,0.00066155696,0.003462275,-0.01288905
2725.201111520762,7391.829,6.2877674,-0.0037294473,215675,1671.5195859769958,200.0219699715669,6852.474,5.385774,3234.7996,2.235534,7391.829,6.2877674,0,,,,,1671.5195859769958,0.0005931983,200.0219699715669,0.0006616696,0.0037309867,-0.0123312045
2725.208055806239,7385.83,6.285508,-0.003729603,215676,1671.521428363369,200.0222841229591,6846.9766,5.383839,3236.434,2.2343242,7385.83,6.285508,0,,,,,1671.521428363369,0.00059385237,200.0222841229591,0.00066204,0.0051285387,-0.012731705
2725.215000091716,7395.895,6.2890396,-0.0037297588,215677,1671.519766995308,200.02272839648464,6855.494,5.3868637,3233.5422,2.2339902,7395.895,6.2890396,0,,,,,1671.519766995308,0.0005934032,200.02272839648464,0.0006617214,0.0044566556,-0.012917227
2725.221944377194,7386.427,6.2863107,-0.0037299145,215678,1671.5206590516084,200.02274471353508,6847.308,5.3845267,3239.4924,2.2349005,7386.427,6.2863107,0,,,,,1671.5206590516084,0.0005939008,200.02274471353508,0.00066188927,0.0043636905,-0.012801103
2725.2288886626725,7397.4526,6.2892857,-0.0037300703,215679,1671.519828375577,200.0235468693577,6857.2915,5.3870745,3242.5947,2.23537,7397.4526,6.2892857,0,,,,,1671.519828375577,0.0005932176,200.0235468693577,0.0006614741,0.004175815,-0.0124601675
2725.2358329483823,7394.2314,6.2905107,-0.0037302258,215680,1671.5192324258583,200.02326681943472,6855.015,5.388124,3244.181,2.2367096,7394.2314,6.2905107,0,,,,,1671.5192324258583,0.0005936808,200.02326681943472,0.00066192774,0.004147628,-0.0137515245
2725.242777233859,7391.8125,6.2916093,-0.0037303816,215681,1671.522178221814,200.02196517586356,6852.602,5.3890653,3246.8877,2.2368784,7391.8125,6.2916093,0,,,,,1671.522178221814,0.00059399713,200.02196517586356,0.00066232914,0.0043029548,-0.012852276
2725.2497215195704,7388.235,6.290552,-0.0037305371,215682,1671.5194895846028,200.02228031644435,6848.704,5.3881593,3244.613,2.236461,7388.235,6.290552,0,,,,,1671.5194895846028,0.0005944283,200.02228031644435,0.0006624985,0.0037905832,-0.0126025295
2725.2566658052806,7376.702,6.2876544,-0.0037306927,215683,1671.5183527557306,200.02370633610403,6839.189,5.3856773,3245.145,2.238773,7376.702,6.2876544,0,,,,,1671.5183527557306,0.00059438625,200.02370633610403,0.0006629871,0.0037295655,-0.012337778
2725.263610090991,7390.172,6.2900352,-0.0037308482,215684,1671.5209799946074,200.0213666526211,6851.1963,5.387717,3242.9414,2.2375746,7390.172,6.2900352,0,,,,,1671.5209799946074,0.0005941498,200.0213666526211,0.0006619736,0.004028426,-0.0127229085
2725.2705543767015,7393.1797,6.2905273,-0.0037310037,215685,1671.520764253498,200.02306066216568,6853.286,5.3881383,3241.9653,2.235718,7393.1797,6.2905273,0,,,,,1671.520764253498,0.0005941761,200.02306066216568,0.0006619141,0.0048113316,-0.012975489
2725.277498662412,7396.773,6.2895026,-0.0037311593,215686,1671.5195399977986,200.02234105281676,6856.1616,5.387261,3237.3486,2.2347126,7396.773,6.2895026,0,,,,,1671.5195399977986,0.00059329026,200.02234105281676,0.0006617709,0.0037703349,-0.012900937
2725.2844429483553,7392.0884,6.288072,-0.0037313146,215687,1671.519796134012,200.02221919714933,6852.6533,5.386035,3233.7026,2.2339756,7392.0884,6.288072,0,,,,,1671.519796134012,0.0005938039,200.02221919714933,0.00066159904,0.0038298834,-0.011384278
2725.2913872340655,7390.1206,6.2856507,-0.00373147,215688,1671.5208115508954,200.02244422699653,6849.6167,5.383961,3230.0098,2.232772,7390.1206,6.2856507,0,,,,,1671.5208115508954,0.000594111,200.02244422699653,0.0006615162,0.0043475498,-0.013794625
2725.298331520009,7381.1987,6.280921,-0.0037316254,215689,1671.5199866297512,200.02212113016571,6842.926,5.37991,3224.7104,2.2304811,7381.1987,6.280921,0,,,,,1671.5199866297512,0.0005935138,200.02212113016571,0.0006618557,0.0034842861,-0.011972294
2725.3052758059525,7398.6655,6.2799463,-0.0037317807,215690,1671.5197304363396,200.02339481938512,6859.0596,5.379075,3214.9138,2.2267473,7398.6655,6.2799463,0,,,,,1671.5197304363396,0.0005924701,200.02339481938512,0.00066018006,0.0041438947,-0.013213263
2725.3122200918947,7385.341,6.2793303,-0.003731936,215691,1671.5195125755045,200.02234937544603,6847.2476,5.3785477,3211.9375,2.2271755,7385.341,6.2793303,0,,,,,1671.5195125755045,0.00059311866,200.02234937544603,0.00066140236,0.003939922,-0.012243785
2725.3191643780715,7401.0283,6.277346,-0.003732091,215692,1671.5203015873758,200.02360188383977,6859.975,5.3768477,3204.7114,2.2253764,7401.0283,6.277346,0,,,,,1671.5203015873758,0.00059190113,200.02360188383977,0.0006597169,0.0041207597,-0.012071256
2725.3261086640146,7391.404,6.2695913,-0.0037322463,215693,1671.5202690699466,200.02269162374273,6852.3564,5.3702054,3193.321,2.2216022,7391.404,6.2695913,0,,,,,1671.5202690699466,0.00059180957,200.02269162374273,0.0006596708,0.0041876053,-0.012471593
2725.333052950191,7380.927,6.26564,-0.0037324014,215694,1671.5192766495518,200.02185902284708,6842.388,5.3668213,3186.367,2.2203577,7380.927,6.26564,0,,,,,1671.5192766495518,0.00059223775,200.02185902284708,0.0006601143,0.0042320117,-0.012413267
2725.3399972361344,7395.149,6.2649007,-0.0037325567,215695,1671.5219876742665,200.02324735644515,6855.011,5.366188,3176.917,2.2176769,7395.149,6.2649007,0,,,,,1671.5219876742665,0.00059083675,200.02324735644515,0.0006590427,0.0046350867,-0.012739885
2725.3469415223103,7392.534,6.2669253,-0.0037327118,215696,1671.5206326207176,200.0223229279372,6852.202,5.3679223,3170.326,2.2181046,7392.534,6.2669253,0,,,,,1671.5206326207176,0.00059085566,200.0223229279372,0.00065959693,0.0041241967,-0.012406782
2725.353885808486,7393.2476,6.258753,-0.0037328668,215697,1671.5185057461752,200.02264840452133,6852.862,5.3609223,3159.7808,2.2146506,7393.2476,6.258753,0,,,,,1671.5185057461752,0.00059044524,200.02264840452133,0.00065834844,0.0034138293,-0.012169397
2725.3608300948954,7388.4766,6.2549353,-0.0037330217,215698,1671.5203110564557,200.02186565725756,6848.381,5.357652,3153.4565,2.2101333,7388.4766,6.2549353,0,,,,,1671.5203110564557,0.00059052464,200.02186565725756,0.0006584714,0.004539378,-0.012729519
2725.3677743810717,7395.4795,6.2514606,-0.0037331767,215699,1671.5197258110077,200.02279997988003,6855.515,5.354676,3142.7876,2.2078388,7395.4795,6.2514606,0,,,,,1671.5197258110077,0.0005896109,200.02279997988003,0.000657379,0.004098907,-0.012149224
2725.3747186672467,7390.052,6.24902,-0.0037333318,215700,1671.5202828907038,200.0222749521397,6850.457,5.3525853,3135.2952,2.2063248,7390.052,6.24902,0,,,,,1671.5202828907038,0.0005894836,200.0222749521397,0.0006575762,0.0039149392,-0.012489846
2725.3816629536564,7387.4575,6.2450614,-0.0037334866,215701,1671.5202196651817,200.02182408664635,6847.3843,5.3491945,3127.8696,2.2043345,7387.4575,6.2450614,0,,,,,1671.5202196651817,0.00058967405,200.02182408664635,0.0006571702,0.0034388911,-0.011880073
2725.388607240066,7406.709,6.2442694,-0.0037336415,215702,1671.5197467073756,200.0222381423477,6863.876,5.3485165,3117.0469,2.2010746,7406.709,6.2442694,0,,,,,1671.5197467073756,0.0005884167,200.0222381423477,0.0006555001,0.0038593234,-0.0122749405
2725.3955515264747,7392.701,6.237034,-0.0037337963,215703,1671.5205314985024,200.02297059410213,6851.958,5.3423185,3108.1577,2.197729,7392.701,6.237034,0,,,,,1671.5205314985024,0.0005885147,200.02297059410213,0.0006562125,0.0040363176,-0.011944738
2725.4024958128834,7386.616,6.240186,-0.0037339511,215704,1671.5204393900422,200.02265313541454,6846.5195,5.345019,3107.0315,2.2010663,7386.616,6.240186,0,,,,,1671.5204393900422,0.0005887358,200.02265313541454,0.0006570629,0.0037385237,-0.012092591
2725.409440099525,7395.974,6.2333465,-0.0037341057,215705,1671.5197176307115,200.02260382236753,6854.6694,5.3391604,3094.812,2.1941733,7395.974,6.2333465,0,,,,,1671.5197176307115,0.0005884189,200.02260382236753,0.0006550826,0.004142245,-0.01203772
2725.4163843859337,7395.693,6.234767,-0.0037342606,215706,1671.5190748951134,200.02354014822987,6854.4375,5.340377,3095.3225,2.195006,7395.693,6.234767,0,,,,,1671.5190748951134,0.00058771553,200.02354014822987,0.0006556803,0.0036294863,-0.012582224
2725.4233286725753,7380.525,6.229443,-0.0037344152,215707,1671.5209923284417,200.02269270878395,6841.7817,5.335817,3094.8428,2.193608,7380.525,6.229443,0,,,,,1671.5209923284417,0.0005884049,200.02269270878395,0.00065603753,0.0031331768,-0.01125239
2725.430272959217,7387.6855,6.23533,-0.0037345698,215708,1671.5215045703694,200.02171932450193,6848.1836,5.3408594,3094.6514,2.1969774,7387.6855,6.23533,0,,,,,1671.5215045703694,0.0005883959,200.02171932450193,0.0006562879,0.004970843,-0.01246835
2725.4372172456265,7399.4263,6.234444,-0.0037347246,215709,1671.5192529346245,200.02411747803023,6857.769,5.3401003,3094.179,2.1944609,7399.4263,6.234444,0,,,,,1671.5192529346245,0.00058778835,200.02411747803023,0.0006550316,0.003965817,-0.01201013
2725.4441615325018,7385.0664,6.230393,-0.003734879,215710,1671.5210773083318,200.02254426807409,6845.0005,5.33663,3089.6736,2.1939185,7385.0664,6.230393,0,,,,,1671.5210773083318,0.00058822345,200.02254426807409,0.00065578375,0.004134209,-0.01175154
2725.4511058191424,7394.76,6.2317033,-0.0037350336,215711,1671.520149084794,200.02369115451944,6853.574,5.3377523,3091.346,2.193906,7394.76,6.2317033,0,,,,,1671.520149084794,0.00058779144,200.02369115451944,0.0006550132,0.003629155,-0.011918108
2725.4580501057844,7390.5645,6.2330976,-0.0037351882,215712,1671.520058645686,200.02298451326587,6850.195,5.338947,3096.7373,2.1948895,7390.5645,6.2330976,0,,,,,1671.520058645686,0.0005880464,200.02298451326587,0.00065591186,0.002695827,-0.012063584
2725.4649943926597,7398.652,6.234218,-0.0037353425,215713,1671.5205566512636,200.02220009431613,6857.3354,5.3399067,3099.449,2.1951232,7398.652,6.234218,0,,,,,1671.5205566512636,0.0005874352,200.02220009431613,0.0006550745,0.004319973,-0.0122914305
2725.4719386795337,7386.5303,6.235827,-0.003735497,215714,1671.5193435347342,200.02374496616883,6847.4243,5.3412848,3105.909,2.197386,7386.5303,6.235827,0,,,,,1671.5193435347342,0.00058860105,200.02374496616883,0.0006562344,0.0035227055,-0.011198814
2725.4788829664076,7385.942,6.237129,-0.0037356513,215715,1671.5195828727915,200.0227293987473,6844.8594,5.3424,3113.8083,2.199433,7385.942,6.237129,0,,,,,1671.5195828727915,0.00058930047,200.0227293987473,0.00065655686,0.003627234,-0.011736592
2725.485827253283,7385.7275,6.2409816,-0.0037358056,215716,1671.520031190791,200.02265013616355,6846.1284,5.3457,3115.111,2.2005827,7385.7275,6.2409816,0,,,,,1671.520031190791,0.00058914395,200.02265013616355,0.0006571275,0.0033659681,-0.012603892
2725.4927715401577,7397.893,6.245071,-0.00373596,215717,1671.5209969308628,200.02256795781332,6856.0576,5.3492026,3122.331,2.202297,7397.893,6.245071,0,,,,,1671.5209969308628,0.00058920815,200.02256795781332,0.0006563404,0.0036913143,-0.01132945
2725.4997158270317,7388.497,6.2447476,-0.0037361144,215718,1671.519823775207,200.0237763127528,6848.124,5.348926,3129.0771,2.204679,7388.497,6.2447476,0,,,,,1671.519823775207,0.00058944157,200.0237763127528,0.0006570911,0.0036911345,-0.011679497
2725.5066601141393,7381.1226,6.2463074,-0.0037362685,215719,1671.5208946521304,200.02076869201514,6842.625,5.350262,3139.5273,2.2066307,7381.1226,6.2463074,0,,,,,1671.5208946521304,0.00059014343,200.02076869201514,0.000657949,0.004158915,-0.012855473
2725.5136044010146,7393.5103,6.2539425,-0.0037364229,215720,1671.5192395522051,200.0229609763761,6853.6035,5.356802,3144.951,2.2094305,7393.5103,6.2539425,0,,,,,1671.5192395522051,0.00058966415,200.0229609763761,0.00065791816,0.003784458,-0.012200493
2725.5205486881214,7397.6377,6.2597337,-0.003736577,215721,1671.5190735733768,200.02214620399462,6856.753,5.361762,3157.2449,2.213687,7397.6377,6.2597337,0,,,,,1671.5190735733768,0.0005906006,200.02214620399462,0.0006576814,0.0030165936,-0.011273519
2725.527492975228,7388.4976,6.257528,-0.0037367311,215722,1671.5198516565304,200.02350583050196,6848.709,5.359873,3162.6748,2.213811,7388.4976,6.257528,0,,,,,1671.5198516565304,0.00059062906,200.02350583050196,0.0006587135,0.0036087008,-0.011550783
2725.5344372623363,7387.373,6.2608147,-0.0037368853,215723,1671.5193391703044,200.02303331793263,6847.6934,5.362688,3172.7192,2.2158237,7387.373,6.2608147,0,,,,,1671.5193391703044,0.0005914178,200.02303331793263,0.0006590365,0.0036025308,-0.011302209
2725.541381549677,7406.1323,6.2702627,-0.0037370392,215724,1671.5190436492871,200.02288178930155,6863.127,5.370781,3179.5645,2.2201834,7406.1323,6.2702627,0,,,,,1671.5190436492871,0.0005907889,200.02288178930155,0.00065874145,0.0030598843,-0.011178766
2725.548325836784,7402.4907,6.2745876,-0.0037371933,215725,1671.5187247321685,200.02245270310368,6860.9653,5.374485,3189.5034,2.2222843,7402.4907,6.2745876,0,,,,,1671.5187247321685,0.0005912504,200.02245270310368,0.0006595507,0.0031565814,-0.011247233
2725.5552701241236,7398.591,6.2744784,-0.0037373472,215726,1671.5197397606298,200.02299858367692,6858.241,5.3743916,3201.1467,2.2243028,7398.591,6.2744784,0,,,,,1671.5197397606298,0.00059187977,200.02299858367692,0.0006592842,0.0039966,-0.01226566
2725.562214411232,7391.276,6.277468,-0.0037375013,215727,1671.5203668977088,200.02256607470528,6851.0547,5.3769526,3213.8816,2.2273562,7391.276,6.277468,0,,,,,1671.5203668977088,0.0005927625,200.02256607470528,0.0006604844,0.0040083574,-0.010666729
2725.5691586985718,7387.5234,6.2832837,-0.0037376552,215728,1671.5199857369334,200.0223969400776,6847.617,5.3819337,3226.431,2.231141,7387.5234,6.2832837,0,,,,,1671.5199857369334,0.00059376674,200.0223969400776,0.0006616134,0.002941743,-0.011742124
2725.5761029859113,7394.77,6.287081,-0.0037378091,215729,1671.519449832371,200.0232215429625,6853.3086,5.385186,3237.3687,2.2340417,7394.77,6.287081,0,,,,,1671.519449832371,0.0005934574,200.0232215429625,0.0006617523,0.0034443631,-0.011650849
2725.583047273485,7395.8164,6.2961535,-0.0037379628,215730,1671.5198302390766,200.02311970722675,6854.3984,5.3929577,3253.5728,2.2397919,7395.8164,6.2961535,0,,,,,1671.5198302390766,0.0005942255,200.02311970722675,0.0006625363,0.004060412,-0.010925671
2725.5899915608256,7391.1636,6.301073,-0.0037381167,215731,1671.519727045767,200.02262719158165,6851.6274,5.3971715,3271.9248,2.2435203,7391.1636,6.301073,0,,,,,1671.519727045767,0.00059486466,200.02262719158165,0.00066354015,0.0028763446,-0.011942397
2725.5969358483976,7379.2534,6.298594,-0.0037382704,215732,1671.5198801316476,200.02216494523032,6840.665,5.3950477,3276.134,2.2446728,7379.2534,6.298594,0,,,,,1671.5198801316476,0.0005957312,200.02216494523032,0.0006641172,0.0033979747,-0.011599409
2725.603880135738,7391.269,6.307283,-0.0037384243,215733,1671.5204896622267,200.02299908586008,6851.6147,5.4024906,3290.9712,2.2483532,7391.269,6.307283,0,,,,,1671.5204896622267,0.00059550715,200.02299908586008,0.00066406175,0.0039137537,-0.011605181
2725.610824423312,7394.822,6.312029,-0.003738578,215734,1671.5210533091765,200.02174096020784,6853.681,5.406555,3303.6611,2.25165,7394.822,6.312029,0,,,,,1671.5210533091765,0.0005960065,200.02174096020784,0.0006644893,0.0037200393,-0.011953516
2725.6177687108852,7387.033,6.3201394,-0.0037387316,215735,1671.5207471888568,200.02155999284935,6846.7793,5.413502,3319.3333,2.2596323,7387.033,6.3201394,0,,,,,1671.5207471888568,0.00059729326,200.02155999284935,0.0006659009,0.0045778384,-0.011984697
2725.624712998458,7386.368,6.324249,-0.0037388853,215736,1671.5189811812681,200.0237597872594,6847.856,5.417022,3335.2961,2.26178,7386.368,6.324249,0,,,,,1671.5189811812681,0.0005979237,200.0237597872594,0.0006663319,0.003656373,-0.010900401
2725.631657286264,7403.0054,6.3286552,-0.0037390387,215737,1671.5206203009684,200.02281270559033,6861.269,5.420797,3338.9849,2.2632754,7403.0054,6.3286552,0,,,,,1671.5206203009684,0.0005972596,200.02281270559033,0.0006654585,0.003629488,-0.011541043
2725.6386015738367,7394.1865,6.3318324,-0.0037391924,215738,1671.5187615482894,200.0230273143727,6854.04,5.423518,3354.0256,2.2662034,7394.1865,6.3318324,0,,,,,1671.5187615482894,0.0005983949,200.0230273143727,0.0006666803,0.003337502,-0.0116709275
2725.6455458616424,7391.5527,6.335201,-0.0037393458,215739,1671.5200839941454,200.02287945394562,6851.602,5.426403,3364.9934,2.2688937,7391.5527,6.335201,0,,,,,1671.5200839941454,0.0005982774,200.02287945394562,0.00066726276,0.0036120457,-0.011267681
2725.6524901492153,7378.725,6.336924,-0.0037394995,215740,1671.518455581238,200.02256735599605,6841.509,5.4278793,3376.192,2.2720613,7378.725,6.336924,0,,,,,1671.518455581238,0.0005998732,200.02256735599605,0.0006683732,0.0037639013,-0.012319444
2725.659434437022,7389.6914,6.3464804,-0.003739653,215741,1671.5193683400034,200.0222772105082,6849.8584,5.4360647,3383.546,2.2762003,7389.6914,6.3464804,0,,,,,1671.5193683400034,0.0005994723,200.0222772105082,0.00066878286,0.002396118,-0.011196597
2725.6663787248276,7403.65,6.3513618,-0.0037398064,215742,1671.5190656972443,200.02330463547545,6861.7485,5.4402456,3390.224,2.2807896,7403.65,6.3513618,0,,,,,1671.5190656972443,0.0005992703,200.02330463547545,0.0006682484,0.00413817,-0.010794091
2725.673323012866,7398.7593,6.3506,-0.0037399596,215743,1671.5204307927406,200.02305493864984,6857.7153,5.439593,3400.5693,2.2786658,7398.7593,6.3506,0,,,,,1671.5204307927406,0.0005995628,200.02305493864984,0.0006687111,0.0040594544,-0.010779445
2725.6802673006723,7385.916,6.3499093,-0.003740113,215744,1671.51954097632,200.02152422554732,6847.029,5.4390016,3406.6597,2.2806082,7385.916,6.3499093,0,,,,,1671.51954097632,0.0006004105,200.02152422554732,0.00066956534,0.0035951778,-0.011604712
2725.6872115887113,7382.3193,6.3507943,-0.0037402662,215745,1671.5194995590061,200.02307269036842,6843.2627,5.4397597,3410.9238,2.2814283,7382.3193,6.3507943,0,,,,,1671.5194995590061,0.0006008137,200.02307269036842,0.0006700465,0.0030461983,-0.011557732
2725.694155876517,7392.669,6.353301,-0.0037404196,215746,1671.519013333961,200.0227612957653,6851.9565,5.441907,3411.0408,2.2818327,7392.669,6.353301,0,,,,,1671.519013333961,0.00060037087,200.0227612957653,0.00066943746,0.0034194093,-0.010784664
2725.7011001645556,7388.016,6.354183,-0.0037405728,215747,1671.518938866515,200.02326638362365,6848.805,5.4426627,3412.0786,2.2823572,7388.016,6.354183,0,,,,,1671.518938866515,0.00060080324,200.02326638362365,0.0006700542,0.002846426,-0.011448063
2725.7080444525945,7387.8403,6.3536735,-0.003740726,215748,1671.5196906261324,200.02344486624253,6848.463,5.442226,3416.0386,2.2828774,7387.8403,6.3536735,0,,,,,1671.5196906261324,0.000600654,200.02344486624253,0.0006697758,0.003236599,-0.011898518
2725.7149887406335,7387.9937,6.3535013,-0.0037408792,215749,1671.5191871118034,200.02325979808896,6848.8887,5.4420786,3416.3232,2.283316,7387.9937,6.3535013,0,,,,,1671.5191871118034,0.0006007049,200.02325979808896,0.0006694697,0.0040441845,-0.010848117
2725.721933028904,7387.825,6.3532624,-0.0037410322,215750,1671.5184489859203,200.0233241677933,6847.024,5.441874,3412.5605,2.2831674,7387.825,6.3532624,0,,,,,1671.5184489859203,0.00060076953,200.0233241677933,0.0006698918,0.0026863473,-0.010543149
2725.728877316943,7395.13,6.354978,-0.0037411854,215751,1671.5213728354402,200.02236388176863,6854.151,5.443343,3415.9954,2.2825642,7395.13,6.354978,0,,,,,1671.5213728354402,0.0006002964,200.02236388176863,0.00066939864,0.003775469,-0.011554714
2725.735821605215,7397.2466,6.3580003,-0.0037413384,215752,1671.5202272551855,200.0233941584946,6856.771,5.4459324,3410.9102,2.2820377,7397.2466,6.3580003,0,,,,,1671.5202272551855,0.00060023426,200.0233941584946,0.00066987413,0.003282285,-0.010842264
2725.742765893254,7391.2437,6.3523164,-0.0037414916,215753,1671.5194508081725,200.02264075870067,6851.522,5.441064,3409.0703,2.2812717,7391.2437,6.3523164,0,,,,,1671.5194508081725,0.00060019194,200.02264075870067,0.0006692104,0.0037605178,-0.01076107
2725.7497101815256,7396.519,6.352531,-0.0037416446,215754,1671.5179934258454,200.0247720248883,6856.139,5.441247,3407.9883,2.2803223,7396.519,6.352531,0,,,,,1671.5179934258454,0.0005998279,200.0247720248883,0.00066894485,0.0028992423,-0.010803596
2725.756654469797,7378.8384,6.3474164,-0.0037417975,215755,1671.5199880269918,200.02190373208572,6840.358,5.4368663,3402.7212,2.2804298,7378.8384,6.3474164,0,,,,,1671.5199880269918,0.0006008968,200.02190373208572,0.0006694234,0.0038883912,-0.011447032
2725.763598758301,7406.9746,6.353235,-0.0037419503,215756,1671.5195034546123,200.02396250843177,6865.0776,5.44185,3400.611,2.2802558,7406.9746,6.353235,0,,,,,1671.5195034546123,0.0005991485,200.02396250843177,0.0006677542,0.0030544824,-0.011136872
2725.770543046573,7392.9087,6.34862,-0.0037421032,215757,1671.5211411577811,200.02258103842922,6851.7773,5.4378977,3394.5679,2.277709,7392.9087,6.34862,0,,,,,1671.5211411577811,0.0005999706,200.02258103842922,0.00066887244,0.00379585,-0.0112156095
2725.777487334845,7402.1284,6.3463244,-0.0037422562,215758,1671.5189985668362,200.02414388683928,6860.6226,5.435931,3389.2012,2.2760744,7402.1284,6.3463244,0,,,,,1671.5189985668362,0.00059908215,200.02414388683928,0.00066784973,0.0028552674,-0.010072476
2725.784431623348,7394.5693,6.343022,-0.003742409,215759,1671.5193327698419,200.02339041552753,6854.204,5.4331026,3385.7495,2.2740061,7394.5693,6.343022,0,,,,,1671.5193327698419,0.0005992296,200.02339041552753,0.00066774344,0.0033962817,-0.01078533
2725.7913759118533,7392.0024,6.3472357,-0.0037425617,215760,1671.5194674996383,200.0226532514614,6852.0874,5.436712,3389.8774,2.2779238,7392.0024,6.3472357,0,,,,,1671.5194674996383,0.0005995927,200.0226532514614,0.00066867494,0.003503539,-0.010899397
2725.7983202003575,7391.285,6.344451,-0.0037427144,215761,1671.5176880396123,200.02456584208403,6851.033,5.434326,3384.5476,2.2750554,7391.285,6.344451,0,,,,,1671.5176880396123,0.0005997742,200.02456584208403,0.0006685305,0.0022036,-0.010424525
2725.805264488862,7392.574,6.341862,-0.0037428671,215762,1671.5205645476724,200.02215303440423,6852.4233,5.432109,3383.0796,2.274018,7392.574,6.341862,0,,,,,1671.5205645476724,0.0005992112,200.02215303440423,0.0006677943,0.0033619574,-0.010900747
2725.812208777367,7391.663,6.3432508,-0.00374302,215763,1671.5191163954948,200.02383703168297,6852.238,5.433298,3377.639,2.273499,7391.663,6.3432508,0,,,,,1671.5191163954948,0.00059903867,200.02383703168297,0.0006682077,0.0031536315,-0.010302076
2725.819153066104,7395.4644,6.3405447,-0.0037431724,215764,1671.5185990543375,200.02361753545765,6855.221,5.4309807,3376.154,2.271921,7395.4644,6.3405447,0,,,,,1671.5185990543375,0.00059879944,200.02361753545765,0.0006677439,0.002592908,-0.010271776
2725.826097354608,7389.4263,6.3415284,-0.0037433251,215765,1671.5193989626387,200.02262711858447,6848.6636,5.4318233,3380.4917,2.2749527,7389.4263,6.3415284,0,,,,,1671.5193989626387,0.000599337,200.02262711858447,0.0006683226,0.003858611,-0.011312212
2725.833041643345,7394.4424,6.338812,-0.0037434776,215766,1671.5191827219971,200.02280900219844,6853.4097,5.4294963,3374.9434,2.2717783,7394.4424,6.338812,0,,,,,1671.5191827219971,0.00059879577,200.02280900219844,0.00066746847,0.0028994975,-0.010095191
2725.839985932082,7389.2144,6.3407736,-0.0037436301,215767,1671.5184812736861,200.02242195744518,6848.4097,5.431176,3379.1843,2.2740932,7389.2144,6.3407736,0,,,,,1671.5184812736861,0.0005995908,200.02242195744518,0.00066795404,0.0028893044,-0.010786427
2725.84693022082,7395.412,6.3428154,-0.0037437826,215768,1671.5198916247605,200.02337976235302,6854.8765,5.4329257,3384.0366,2.2741652,7395.412,6.3428154,0,,,,,1671.5198916247605,0.00059851806,200.02337976235302,0.00066796923,0.0035205025,-0.010797116
2725.853874509557,7389.1685,6.3412747,-0.0037439351,215769,1671.5195681410041,200.0233155679305,6848.439,5.431606,3381.3777,2.2739985,7389.1685,6.3412747,0,,,,,1671.5195681410041,0.00059968786,200.0233155679305,0.00066842564,0.0036952863,-0.011468392
2725.8608187982936,7388.598,6.3432155,-0.0037440876,215770,1671.5187145034897,200.02448774680025,6848.7544,5.433268,3382.9204,2.274635,7388.598,6.3432155,0,,,,,1671.5187145034897,0.000599604,200.02448774680025,0.0006686023,0.002097508,-0.0096825445
2725.8677630872644,7390.9697,6.345531,-0.00374424,215771,1671.5204135185006,200.02231760311645,6849.141,5.4352517,3386.304,2.2757096,7390.9697,6.345531,0,,,,,1671.5204135185006,0.00059948873,200.02231760311645,0.000668849,0.0035245977,-0.010788902
2725.8747073762347,7392.6143,6.344642,-0.0037443922,215772,1671.5191891722882,200.02345026551149,6851.2085,5.43449,3384.019,2.2748168,7392.6143,6.344642,0,,,,,1671.5191891722882,0.0005996259,200.02345026551149,0.00066831236,0.002675991,-0.010324295
2725.881651664971,7396.005,6.345327,-0.0037445447,215773,1671.519843179933,200.02364824598317,6855.4165,5.4350767,3389.9607,2.2759888,7396.005,6.345327,0,,,,,1671.519843179933,0.00059926097,200.02364824598317,0.0006678562,0.0034814726,-0.010047132
2725.888595953941,7401.4277,6.346095,-0.003744697,215774,1671.5199908171724,200.02256250875706,6860.0156,5.4357343,3388.3071,2.2758062,7401.4277,6.346095,0,,,,,1671.5199908171724,0.0005992274,200.02256250875706,0.00066764175,0.0030968322,-0.010824091
2725.895540242912,7404.19,6.349692,-0.0037448492,215775,1671.518542311749,200.02350562818887,6861.7686,5.4388156,3391.5413,2.277078,7404.19,6.349692,0,,,,,1671.518542311749,0.00059894024,200.02350562818887,0.00066752546,0.0030715745,-0.0097847665
2725.902484532114,7389.2944,6.3460884,-0.0037450013,215776,1671.519358377733,200.02421811952132,6849.5894,5.435729,3394.0544,2.2773159,7389.2944,6.3460884,0,,,,,1671.519358377733,0.0005996922,200.02421811952132,0.0006685334,0.002648443,-0.01023398
2725.9094288210836,7396.734,6.348492,-0.0037451535,215777,1671.5186512622668,200.02415708886764,6854.234,5.437788,3396.2344,2.278449,7396.734,6.348492,0,,,,,1671.5186512622668,0.00059978926,200.02415708886764,0.0006683811,0.0025558358,-0.010045316
2725.9163731102876,7393.2383,6.3478036,-0.0037453056,215778,1671.5199363159008,200.02398361330887,6852.554,5.437198,3395.1506,2.2779713,7393.2383,6.3478036,0,,,,,1671.5199363159008,0.0005998401,200.02398361330887,0.00066869427,0.0029496723,-0.010118051
2725.9233173992575,7389.6675,6.3489504,-0.0037454579,215779,1671.5197285746763,200.02336845576303,6848.7607,5.4381804,3400.74,2.2805662,7389.6675,6.3489504,0,,,,,1671.5197285746763,0.000600029,200.02336845576303,0.0006690452,0.0032917606,-0.010363311
2725.93026168846,7404.3096,6.3506937,-0.00374561,215780,1671.519779852988,200.02374015962008,6861.944,5.4396734,3398.5461,2.2790031,7404.3096,6.3506937,0,,,,,1671.519779852988,0.00059900066,200.02374015962008,0.0006680852,0.0026874617,-0.010228381
2725.937205977663,7399.558,6.353993,-0.003745762,215781,1671.5189330318858,200.02311594636674,6857.4336,5.4424996,3397.499,2.2800481,7399.558,6.353993,0,,,,,1671.5189330318858,0.00059996423,200.02311594636674,0.00066909776,0.0030548668,-0.010816173
2725.9441502668665,7386.128,6.3490963,-0.003745914,215782,1671.5191578256397,200.02206368286755,6845.7456,5.4383054,3402.3564,2.2802992,7386.128,6.3490963,0,,,,,1671.5191578256397,0.00060076255,200.02206368286755,0.00066936144,0.0032165328,-0.011064162
2725.9510945560687,7383.7847,6.350233,-0.003746066,215783,1671.5213962447929,200.02224752925324,6843.887,5.4392796,3406.6172,2.2825859,7383.7847,6.350233,0,,,,,1671.5213962447929,0.0006008971,200.02224752925324,0.0006696166,0.004431786,-0.010994392
2725.958038845504,7394.574,6.3486037,-0.0037462178,215784,1671.5186728622853,200.0237918168427,6853.407,5.4378834,3400.9333,2.278626,7394.574,6.3486037,0,,,,,1671.5186728622853,0.00059978757,200.0237918168427,0.00066869013,0.0028130822,-0.01037352
2725.9649831347074,7402.138,6.3510513,-0.0037463699,215785,1671.519353084958,200.0238291460593,6859.734,5.4399796,3402.0479,2.2796319,7402.138,6.3510513,0,,,,,1671.519353084958,0.0005991369,200.0238291460593,0.0006683443,0.0027759941,-0.0096513005
2725.9719274241434,7393.057,6.350685,-0.0037465217,215786,1671.5184300388762,200.02268342212852,6853.463,5.4396663,3400.5598,2.2798347,7393.057,6.350685,0,,,,,1671.5184300388762,0.0005999501,200.02268342212852,0.00066869933,0.0025945366,-0.010061378
2725.9788717135784,7397.583,6.349491,-0.0037466735,215787,1671.5190838478068,200.02268433974922,6856.107,5.4386435,3397.99,2.2784412,7397.583,6.349491,0,,,,,1671.5190838478068,0.0005998803,200.02268433974922,0.000668237,0.002631713,-0.009781539
2725.9858160030144,7394.151,6.3481445,-0.0037468253,215788,1671.519258772863,200.02504407336247,6851.8164,5.43749,3396.9858,2.2781086,7394.151,6.3481445,0,,,,,1671.519258772863,0.00059997395,200.02504407336247,0.00066908036,0.0026134439,-0.009920985
2725.992760292451,7394.7207,6.348969,-0.003746977,215789,1671.5184240703452,200.02261109790928,6853.3604,5.4381967,3399.67,2.2785351,7394.7207,6.348969,0,,,,,1671.5184240703452,0.0005997156,200.02261109790928,0.0006685451,0.0028765707,-0.009561997
2725.9997045821187,7390.518,6.345948,-0.0037471286,215790,1671.5202067045007,200.0226473567085,6850.591,5.435609,3392.7715,2.2773979,7390.518,6.345948,0,,,,,1671.5202067045007,0.0005996279,200.0226473567085,0.00066833384,0.0030353689,-0.01035234
2726.006648871554,7394.943,6.34395,-0.0037472805,215791,1671.5192253817268,200.0240404057162,6854.712,5.4338975,3388.2273,2.2747502,7394.943,6.34395,0,,,,,1671.5192253817268,0.00059887755,200.0240404057162,0.0006682103,0.00268577,-0.010008938
2726.013593161223,7396.5435,6.3472533,-0.003747432,215792,1671.519433369863,200.02477755871345,6855.106,5.436727,3386.6682,2.279171,7396.5435,6.3472533,0,,,,,1671.519433369863,0.00059963926,200.02477755871345,0.0006681833,0.0033379234,-0.010469653
2726.0205374506595,7394.9653,6.344118,-0.0037475838,215793,1671.5184689866194,200.02454676645797,6853.5522,5.434041,3383.5793,2.2743692,7394.9653,6.344118,0,,,,,1671.5184689866194,0.00059917034,200.02454676645797,0.00066814385,0.0021327408,-0.008923614
2726.0274817403274,7387.7876,6.340845,-0.0037477354,215794,1671.5198399044439,200.02232464152848,6846.7593,5.431238,3380.6492,2.2755816,7387.7876,6.340845,0,,,,,1671.5198399044439,0.00059963966,200.02232464152848,0.00066810095,0.003666142,-0.010861641
2726.0344260299958,7397.4473,6.340355,-0.003747887,215795,1671.5190890490076,200.0248112996752,6855.8584,5.430818,3374.6443,2.2719512,7397.4473,6.340355,0,,,,,1671.5190890490076,0.00059876934,200.0248112996752,0.0006676503,0.0027890087,-0.00982922
2726.041370319898,7415.409,6.3457527,-0.0037480383,215796,1671.5186397916953,200.02444701231195,6871.5703,5.4354415,3367.2307,2.271321,7415.409,6.3457527,0,,,,,1671.5186397916953,0.00059766043,200.02444701231195,0.00066680554,0.002591127,-0.009116514
2726.0483146095658,7394.6064,6.3381495,-0.00374819,215797,1671.5194022658122,200.02228253390302,6852.9766,5.4289293,3365.878,2.270517,7394.6064,6.3381495,0,,,,,1671.5194022658122,0.00059857604,200.02228253390302,0.0006677386,0.0034107456,-0.010605449
2726.0552588994665,7396.402,6.336591,-0.0037483412,215798,1671.5192589322755,200.02317033054558,6855.1396,5.4275937,3360.2458,2.2690542,7396.402,6.336591,0,,,,,1671.5192589322755,0.000598261,200.02317033054558,0.0006670475,0.0017773221,-0.009279102
2726.0622031891357,7399.573,6.333758,-0.0037484928,215799,1671.5199414713202,200.0237461188775,6855.7974,5.4251676,3356.0674,2.2675543,7399.573,6.333758,0,,,,,1671.5199414713202,0.000598238,200.0237461188775,0.0006664317,0.0038314885,-0.009356282
2726.069147479038,7388.432,6.331015,-0.0037486441,215800,1671.5192811785353,200.02307096685928,6848.69,5.422818,3352.548,2.2669349,7388.432,6.331015,0,,,,,1671.5192811785353,0.0005983948,200.02307096685928,0.000666783,0.002841458,-0.010013771
2726.0760917689386,7392.474,6.329218,-0.0037487955,215801,1671.5191906704874,200.02219407885616,6851.6973,5.421279,3350.2134,2.2653952,7392.474,6.329218,0,,,,,1671.5191906704874,0.0005980686,200.02219407885616,0.00066625077,0.0022021115,-0.010047792
2726.0830360588393,7385.148,6.3315325,-0.0037489468,215802,1671.5179417103773,200.0246195515445,6845.151,5.4232607,3346.7454,2.2672153,7385.148,6.3315325,0,,,,,1671.5179417103773,0.0005984673,200.0246195515445,0.0006677939,0.002408514,-0.009441283
2726.0899803487414,7399.507,6.3290167,-0.0037490982,215803,1671.5186866935162,200.02413514047933,6856.0796,5.421107,3345.8176,2.2634003,7399.507,6.3290167,0,,,,,1671.5186866935162,0.00059798016,200.02413514047933,0.0006658615,0.0028652963,-0.008755325
2726.0969246388754,7392.1377,6.330143,-0.0037492493,215804,1671.5188110111028,200.02402995294398,6850.2495,5.422071,3350.523,2.2657318,7392.1377,6.330143,0,,,,,1671.5188110111028,0.0005984947,200.02402995294398,0.00066688115,0.002790376,-0.009414485
2726.103868928776,7403.9375,6.3319182,-0.0037494006,215805,1671.519257022554,200.0224976850237,6860.4946,5.4235916,3348.4758,2.2648764,7403.9375,6.3319182,0,,,,,1671.519257022554,0.0005976266,200.0224976850237,0.00066558534,0.002740893,-0.009199613
2726.110813218911,7394.233,6.3286467,-0.0037495517,215806,1671.5191249882903,200.02214031879168,6853.368,5.4207892,3345.0522,2.2636685,7394.233,6.3286467,0,,,,,1671.5191249882903,0.0005979215,200.02214031879168,0.0006663747,0.0033849212,-0.010610152
2726.117757509046,7392.4146,6.3312063,-0.0037497028,215807,1671.518680112498,200.02374775196623,6851.866,5.4229817,3346.752,2.265942,7392.4146,6.3312063,0,,,,,1671.518680112498,0.0005978583,200.02374775196623,0.0006666369,0.0025369723,-0.009790387
2726.1247017991795,7376.1777,6.3265944,-0.003749854,215808,1671.5188983037929,200.02234478993122,6837.532,5.4190316,3353.1787,2.264819,7376.1777,6.3265944,0,,,,,1671.5188983037929,0.00059871067,200.02234478993122,0.0006677025,0.0021414915,-0.0089234365
2726.131646089313,7391.432,6.3298182,-0.003750005,215809,1671.5191479078478,200.02226741694997,6850.2695,5.421793,3351.4856,2.2653499,7391.432,6.3298182,0,,,,,1671.5191479078478,0.00059814175,200.02226741694997,0.0006666533,0.0029620777,-0.010021788
2726.138590379448,7400.349,6.3357606,-0.0037501561,215810,1671.5182894157251,200.0235375860784,6858.686,5.4268827,3351.222,2.2658906,7400.349,6.3357606,0,,,,,1671.5182894157251,0.00059747096,200.0235375860784,0.0006671621,0.0019410714,-0.0088097025
2726.1455346698144,7399.042,6.3321867,-0.003750307,215811,1671.5198094492175,200.0239250393843,6857.4414,5.423822,3349.874,2.2660258,7399.042,6.3321867,0,,,,,1671.5198094492175,0.00059734925,200.0239250393843,0.00066632516,0.0033438602,-0.009964935
2726.1524789599484,7395.8086,6.3319554,-0.0037504581,215812,1671.5183932106486,200.02382988712694,6854.6826,5.4236236,3354.4011,2.2657201,7395.8086,6.3319554,0,,,,,1671.5183932106486,0.00059781974,200.02382988712694,0.0006662183,0.0022588545,-0.009179927
2726.159423250316,7398.296,6.3364735,-0.003750609,215813,1671.519371791433,200.02370905890277,6855.936,5.4274936,3357.7788,2.2681022,7398.296,6.3364735,0,,,,,1671.519371791433,0.00059797417,200.02370905890277,0.0006671455,0.002759217,-0.009941032
2726.166367540683,7399.3486,6.3319745,-0.0037507599,215814,1671.5188134574912,200.0238720763788,6856.731,5.42364,3355.1787,2.2659214,7399.3486,6.3319745,0,,,,,1671.5188134574912,0.0005979226,200.0238720763788,0.000666146,0.002400209,-0.008363628
2726.17331183105,7385.8184,6.3321414,-0.0037509107,215815,1671.5192830845745,200.02235682724137,6845.1313,5.423783,3359.6663,2.2674274,7385.8184,6.3321414,0,,,,,1671.5192830845745,0.0005983703,200.02235682724137,0.00066769694,0.0030310913,-0.010077385
2726.1802561214167,7398.5454,6.3333983,-0.0037510616,215816,1671.518454679082,200.0241509610312,6856.442,5.424859,3355.7698,2.2672703,7398.5454,6.3333983,0,,,,,1671.518454679082,0.00059789023,200.0241509610312,0.000666477,0.002265285,-0.008717303
2726.1872004117845,7405.727,6.3354983,-0.0037512125,215817,1671.5194567440933,200.02311873146857,6862.0273,5.426658,3354.3452,2.2666442,7405.727,6.3354983,0,,,,,1671.5194567440933,0.0005977207,200.02311873146857,0.0006662705,0.003738111,-0.009921565
2726.1941447023837,7394.754,6.3365855,-0.0037513631,215818,1671.5188910525296,200.02332103941745,6853.6733,5.4275894,3362.8938,2.2695956,7394.754,6.3365855,0,,,,,1671.5188910525296,0.00059836573,200.02332103941745,0.0006675115,0.0015061683,-0.00856006
2726.20108899275,7395.4863,6.3340573,-0.003751514,215819,1671.5187697621884,200.02353914839148,6854.1274,5.4254236,3359.4253,2.268527,7395.4863,6.3340573,0,,,,,1671.5187697621884,0.0005984883,200.02353914839148,0.0006664672,0.0029105735,-0.009261631
2726.2080332833507,7395.458,6.3342338,-0.0037516647,215820,1671.5201935625116,200.02329643361492,6854.1753,5.425575,3361.3203,2.267327,7395.458,6.3342338,0,,,,,1671.5201935625116,0.0005982981,200.02329643361492,0.0006667096,0.0026164313,-0.009771163
2726.2149775739513,7385.929,6.3350935,-0.0037518153,215821,1671.5178653770233,200.02441847135293,6845.583,5.4263115,3363.3596,2.269693,7385.929,6.3350935,0,,,,,1671.5178653770233,0.0005987726,200.02441847135293,0.00066778716,0.0018512908,-0.008893465
2726.22192186455,7387.873,6.3361573,-0.003751966,215822,1671.5200982531285,200.0231708294435,6846.699,5.4272223,3368.7693,2.271152,7387.873,6.3361573,0,,,,,1671.5200982531285,0.0005987005,200.0231708294435,0.00066811807,0.0031368043,-0.0096866
2726.22886615515,7391.5337,6.338378,-0.0037521166,215823,1671.5191387972125,200.02267780304658,6850.546,5.429125,3372.4822,2.2712119,7391.5337,6.338378,0,,,,,1671.5191387972125,0.00059871277,200.02267780304658,0.00066744635,0.0033046303,-0.008637673
2726.2358104457508,7387.3896,6.339446,-0.0037522672,215824,1671.5192970932785,200.0241834006365,6846.339,5.43004,3372.8477,2.2711666,7387.3896,6.339446,0,,,,,1671.5192970932785,0.0005994745,200.0241834006365,0.0006684047,0.0026690376,-0.009000727
2726.2427547365837,7387.71,6.3417115,-0.0037524176,215825,1671.5191400025742,200.02378322131247,6847.698,5.43198,3374.08,2.272728,7387.71,6.3417115,0,,,,,1671.5191400025742,0.0005995121,200.02378322131247,0.00066862715,0.002425189,-0.009033501
2726.2496990271825,7394.9297,6.3384233,-0.0037525683,215826,1671.5194281955412,200.02332658692058,6853.056,5.4291635,3371.566,2.2704847,7394.9297,6.3384233,0,,,,,1671.5194281955412,0.0005991268,200.02332658692058,0.0006674213,0.0027411846,-0.009641951
2726.2566433180154,7397.2515,6.3385715,-0.0037527187,215827,1671.5179506235993,200.02355505156913,6854.7446,5.4292903,3371.05,2.2715163,7397.2515,6.3385715,0,,,,,1671.5179506235993,0.00059854775,200.02355505156913,0.0006669921,0.0021438897,-0.007937445
2726.2635876088484,7387.9243,6.335445,-0.003752869,215828,1671.5187661951013,200.0239727355097,6847.5454,5.426613,3368.06,2.2705343,7387.9243,6.335445,0,,,,,1671.5187661951013,0.0005987878,200.0239727355097,0.000667493,0.0021744245,-0.008643604
2726.2705318996805,7401.791,6.33732,-0.0037530195,215829,1671.5187008931073,200.02357440555812,6859.096,5.4282184,3365.991,2.2696302,7401.791,6.33732,0,,,,,1671.5187008931073,0.0005981051,200.02357440555812,0.00066678744,0.0025632558,-0.008658466
2726.2774761905134,7401.0854,6.3359094,-0.00375317,215830,1671.5190659948996,200.02405075620922,6858.2407,5.42701,3362.8997,2.2684093,7401.0854,6.3359094,0,,,,,1671.5190659948996,0.00059792737,200.02405075620922,0.000666898,0.0024075543,-0.009796295
2726.284420481347,7399.84,6.334213,-0.0037533203,215831,1671.5203598229305,200.02461212613494,6857.31,5.4255567,3359.7039,2.2674456,7399.84,6.334213,0,,,,,1671.5203598229305,0.0005978091,200.02461212613494,0.0006666514,0.0028668582,-0.008446316
2726.291364772412,7381.799,6.3295918,-0.0037534705,215832,1671.519090596968,200.02278351693454,6841.5825,5.421599,3356.0952,2.2661645,7381.799,6.3295918,0,,,,,1671.519090596968,0.00059847813,200.02278351693454,0.00066748686,0.002208169,-0.00879996
2726.2983090632447,7387.378,6.333182,-0.003753621,215833,1671.5188001872089,200.02392897264411,6846.8804,5.424674,3350.3708,2.2681317,7387.378,6.333182,0,,,,,1671.5188001872089,0.0005981509,200.02392897264411,0.0006678169,0.0024384921,-0.008081379
2726.30525335431,7391.186,6.325294,-0.003753771,215834,1671.5188842075797,200.02363286114766,6850.583,5.4179177,3341.2498,2.2626827,7391.186,6.325294,0,,,,,1671.5188842075797,0.00059738086,200.02363286114766,0.0006660341,0.0025462885,-0.009106094
2726.3121976453754,7388.0615,6.323149,-0.0037539212,215835,1671.5178048648227,200.02314463782324,6847.7505,5.4160805,3335.791,2.2610672,7388.0615,6.323149,0,,,,,1671.5178048648227,0.0005974367,200.02314463782324,0.0006664439,0.0022494465,-0.009066565
2726.3191419364407,7385.628,6.323646,-0.0037540714,215836,1671.520792500988,200.02181590582012,6844.6606,5.416506,3329.7078,2.2603805,7385.628,6.323646,0,,,,,1671.520792500988,0.0005978395,200.02181590582012,0.00066676916,0.002765997,-0.009387242
2726.326086227506,7389.0537,6.3157153,-0.0037542216,215837,1671.5192973195356,200.02344092901905,6848.1455,5.4097133,3317.5107,2.2554255,7389.0537,6.3157153,0,,,,,1671.5192973195356,0.00059688184,200.02344092901905,0.00066560233,0.0023298846,-0.00848095
2726.3330305188056,7400.93,6.315239,-0.0037543715,215838,1671.5184316624927,200.02437338794857,6857.948,5.409305,3304.0024,2.2535334,7400.93,6.315239,0,,,,,1671.5184316624927,0.0005960255,200.02437338794857,0.00066423614,0.0023204128,-0.00801265
2726.3399748098714,7390.375,6.306177,-0.0037545217,215839,1671.519205599773,200.02403925142323,6848.4443,5.401543,3292.2646,2.2488418,7390.375,6.306177,0,,,,,1671.519205599773,0.00059588253,200.02403925142323,0.0006643352,0.0029971062,-0.008566107
2726.3469191011686,7384.9136,6.3040543,-0.0037546717,215840,1671.5193376484203,200.02197681990907,6843.861,5.399725,3288.2883,2.248429,7384.9136,6.3040543,0,,,,,1671.5193376484203,0.0005959855,200.02197681990907,0.00066426984,0.0026783135,-0.009455822
2726.3538633922344,7395.6167,6.299,-0.0037548218,215841,1671.5188288127968,200.02433907867496,6852.914,5.3953953,3270.0686,2.2429693,7395.6167,6.299,0,,,,,1671.5188288127968,0.0005947064,200.02433907867496,0.0006632239,0.0027167436,-0.008957704
2726.360807683533,7392.2134,6.296898,-0.0037549718,215842,1671.518256698185,200.0226000146651,6850.2764,5.393595,3260.5051,2.241177,7392.2134,6.296898,0,,,,,1671.518256698185,0.000594096,200.0226000146651,0.00066302356,0.0015580935,-0.0078056105
2726.3677519748303,7400.1475,6.291937,-0.0037551217,215843,1671.5190431312044,200.02430847676698,6856.8955,5.3893456,3249.1294,2.2366447,7400.1475,6.291937,0,,,,,1671.5190431312044,0.00059341604,200.02430847676698,0.00066194707,0.0025693104,-0.009207925
2726.374696266129,7397.2534,6.289725,-0.0037552717,215844,1671.519122347718,200.02443674262852,6855.0264,5.387451,3242.7202,2.2354937,7397.2534,6.289725,0,,,,,1671.519122347718,0.00059344195,200.02443674262852,0.0006616527,0.0021432636,-0.00738731
2726.381640557661,7383.077,6.28269,-0.0037554214,215845,1671.517834400481,200.02396715351932,6842.997,5.3814254,3230.3528,2.232634,7383.077,6.28269,0,,,,,1671.517834400481,0.00059430784,200.02396715351932,0.00066201825,0.00261785,-0.009079083
2726.3885848489595,7395.785,6.281468,-0.0037555713,215846,1671.518867808665,200.02421270895806,6853.5723,5.3803787,3221.0938,2.2312698,7395.785,6.281468,0,,,,,1671.518867808665,0.00059274054,200.02421270895806,0.0006606592,0.0021791277,-0.008275428
2726.3955291404905,7394.105,6.2774887,-0.003755721,215847,1671.5179914385335,200.02601786956018,6852.6846,5.3769703,3212.0715,2.2271802,7394.105,6.2774887,0,,,,,1671.5179914385335,0.00059205183,200.02601786956018,0.0006605623,0.0013742349,-0.008145876
2726.4024734320215,7379.8755,6.272872,-0.0037558707,215848,1671.5200445086086,200.02349476692856,6839.8325,5.3730154,3204.8677,2.2257078,7379.8755,6.272872,0,,,,,1671.5200445086086,0.0005933165,200.02349476692856,0.00066116196,0.0029422343,-0.008925328
2726.4094177233196,7400.0913,6.2757235,-0.0037560207,215849,1671.5191148093277,200.02296056771354,6856.9224,5.3754582,3201.084,2.2238712,7400.0913,6.2757235,0,,,,,1671.5191148093277,0.0005918566,200.02296056771354,0.0006599161,0.0021819477,-0.007891219
2726.4163620148506,7390.4062,6.27139,-0.0037561704,215850,1671.5193321485424,200.0237701863218,6849.2847,5.371746,3196.5908,2.2231913,7390.4062,6.27139,0,,,,,1671.5193321485424,0.00059212727,200.0237701863218,0.0006600064,0.0021720012,-0.008715992
2726.4233063066144,7385.2905,6.2690973,-0.0037563199,215851,1671.519062480317,200.0240700019135,6844.376,5.369782,3193.681,2.2221422,7385.2905,6.2690973,0,,,,,1671.519062480317,0.0005923742,200.0240700019135,0.0006602258,0.0019976888,-0.00789278
2726.4302505981464,7398.8105,6.2746396,-0.0037564696,215852,1671.518414860135,200.02415552807804,6854.4053,5.37453,3191.78,2.2227652,7398.8105,6.2746396,0,,,,,1671.518414860135,0.00059206504,200.02415552807804,0.0006604183,0.0019999545,-0.008135815
2726.4371948896774,7393.2124,6.2679267,-0.0037566193,215853,1671.519351948167,200.0242168460333,6850.5454,5.3687797,3188.9497,2.2206967,7393.2124,6.2679267,0,,,,,1671.519351948167,0.00059174513,200.0242168460333,0.0006596245,0.0026693256,-0.008720146
2726.444139181441,7401.1143,6.2683496,-0.0037567688,215854,1671.5186520186803,200.0242882918546,6857.6855,5.369142,3187.0383,2.2194684,7401.1143,6.2683496,0,,,,,1671.5186520186803,0.0005911381,200.0242882918546,0.00065900164,0.002893639,-0.008063852
2726.451083473205,7398.1523,6.2690587,-0.0037569182,215855,1671.5195238701715,200.02302880235365,6854.74,5.369749,3187.1738,2.2210295,7398.1523,6.2690587,0,,,,,1671.5195238701715,0.000591181,200.02302880235365,0.00065930205,0.0016493591,-0.008585675
2726.458027764737,7398.1196,6.270775,-0.003757068,215856,1671.5185015598627,200.0232983977788,6855.067,5.3712196,3192.1328,2.2222726,7398.1196,6.270775,0,,,,,1671.5185015598627,0.0005915435,200.0232983977788,0.0006594033,0.001372145,-0.0079176165
2726.4649720565,7392.8833,6.2721915,-0.0037572174,215857,1671.518951567706,200.02352572526564,6851.0034,5.3724327,3192.9668,2.2234862,7392.8833,6.2721915,0,,,,,1671.518951567706,0.00059217814,200.02352572526564,0.0006598009,0.0024838846,-0.0074814954
2726.471916348497,7398.974,6.271194,-0.0037573667,215858,1671.5185715362231,200.02318001636405,6855.655,5.371578,3194.456,2.2220433,7398.974,6.271194,0,,,,,1671.5185715362231,0.00059147144,200.02318001636405,0.00065940706,0.0018058147,-0.008178562
2726.4788606402612,7392.1665,6.273772,-0.0037575162,215859,1671.5191135449172,200.02404054011004,6849.863,5.3737864,3204.3147,2.2252827,7392.1665,6.273772,0,,,,,1671.5191135449172,0.000592275,200.02404054011004,0.000659916,0.0011783921,-0.0077101816
2726.485804932025,7398.954,6.276319,-0.0037576656,215860,1671.5184768166587,200.02447244238897,6857.3853,5.3759685,3205.4197,2.22555,7398.954,6.276319,0,,,,,1671.5184768166587,0.00059176004,200.02447244238897,0.00065986865,0.0025794667,-0.008355888
2726.4927492240217,7401.085,6.2785115,-0.0037578149,215861,1671.518058658628,200.02416945324012,6856.8047,5.3778462,3212.8352,2.2267118,7401.085,6.2785115,0,,,,,1671.518058658628,0.0005923256,200.02416945324012,0.00066014484,0.0018273393,-0.007380971
2726.499693516019,7395.7173,6.2816324,-0.0037579641,215862,1671.5192631192347,200.02215774474578,6853.4697,5.3805194,3221.5544,2.2301364,7395.7173,6.2816324,0,,,,,1671.5192631192347,0.0005928441,200.02215774474578,0.0006608633,0.002875565,-0.00881431
2726.506637807783,7391.2417,6.2823067,-0.0037581136,215863,1671.5189305674542,200.0252263381499,6849.0195,5.381097,3225.019,2.230567,7391.2417,6.2823067,0,,,,,1671.5189305674542,0.00059368747,200.0252263381499,0.00066115544,0.0018141764,-0.0069070957
2726.51358209978,7388.5933,6.2866344,-0.0037582628,215864,1671.519309440117,200.02310059930022,6847.2476,5.3848042,3233.0283,2.233366,7388.5933,6.2866344,0,,,,,1671.519309440117,0.00059465825,200.02310059930022,0.0006618188,0.0024813225,-0.00841428
2726.5205263917765,7398.1904,6.287908,-0.003758412,215865,1671.5187835626864,200.0240031842933,6855.861,5.385895,3239.489,2.2343237,7398.1904,6.287908,0,,,,,1671.5187835626864,0.0005931603,200.0240031842933,0.00066128396,0.002523862,-0.008252022
2726.527470684006,7391.812,6.293919,-0.003758561,215866,1671.517889998691,200.02529294488005,6850.7715,5.3910437,3250.281,2.2395782,7391.812,6.293919,0,,,,,1671.517889998691,0.0005949098,200.02529294488005,0.0006622588,0.002058589,-0.0076887747
2726.5344149760026,7400.219,6.296023,-0.0037587103,215867,1671.5186413784459,200.0244387829384,6857.229,5.3928456,3257.11,2.2401838,7400.219,6.296023,0,,,,,1671.5186413784459,0.0005938674,200.0244387829384,0.00066209794,0.0019440482,-0.0080062235
2726.541359268232,7389.9873,6.297103,-0.0037588594,215868,1671.518028280424,200.0248355395745,6848.607,5.3937707,3266.6611,2.242225,7389.9873,6.297103,0,,,,,1671.518028280424,0.0005946824,200.0248355395745,0.000663367,0.0019609567,-0.0066093677
2726.5483035602297,7390.921,6.300244,-0.0037590086,215869,1671.517780119558,200.02455244038586,6848.2754,5.3964615,3274.7483,2.244211,7390.921,6.300244,0,,,,,1671.517780119558,0.00059548434,200.02455244038586,0.0006636403,0.001953514,-0.008439402
2726.555247852459,7396.033,6.30673,-0.0037591576,215870,1671.5178900945104,200.02453371585585,6853.5513,5.4020166,3286.9944,2.2475088,7396.033,6.30673,0,,,,,1671.5178900945104,0.00059539947,200.02453371585585,0.00066361326,0.0016499842,-0.0076971673
2726.5621921446887,7392.396,6.3080115,-0.0037593066,215871,1671.5173828330514,200.02485012234382,6850.442,5.403115,3292.9326,2.2504117,7392.396,6.3080115,0,,,,,1671.5173828330514,0.0005957755,200.02485012234382,0.00066441373,0.0018557673,-0.007855444
2726.569136436918,7395.3105,6.3128457,-0.0037594556,215872,1671.518861818247,200.0242796846201,6853.152,5.407255,3306.3413,2.2528782,7395.3105,6.3128457,0,,,,,1671.518861818247,0.00059586344,200.0242796846201,0.00066446397,0.0023718358,-0.007778507
2726.5760807291485,7380.055,6.316464,-0.0037596046,215873,1671.5181176738415,200.0236485968743,6839.9937,5.4103546,3317.6523,2.258488,7380.055,6.316464,0,,,,,1671.5181176738415,0.00059763656,200.0236485968743,0.00066621474,0.00247481,-0.007776231
2726.58302502161,7378.186,6.319831,-0.0037597534,215874,1671.5184493530355,200.02426635139318,6838.4946,5.4132385,3333.7192,2.2598264,7378.186,6.319831,0,,,,,1671.5184493530355,0.0005980356,200.02426635139318,0.0006668071,0.0016138565,-0.007645491
2726.58996931384,7392.6235,6.3271527,-0.0037599024,215875,1671.5187146949336,200.0241780484419,6850.071,5.41951,3345.4265,2.2637105,7392.6235,6.3271527,0,,,,,1671.5187146949336,0.0005978055,200.0241780484419,0.0006664087,0.0017873046,-0.0070202127
2726.596913606303,7390.6855,6.332732,-0.0037600512,215876,1671.5185336633785,200.02467377133803,6848.7256,5.4242887,3360.2207,2.2676256,7390.6855,6.332732,0,,,,,1671.5185336633785,0.0005983958,200.02467377133803,0.0006674546,0.001891575,-0.008281685
2726.603857898766,7390.6133,6.3402147,-0.0037602,215877,1671.5181550055122,200.0239232445581,6848.412,5.430698,3374.0762,2.2728956,7390.6133,6.3402147,0,,,,,1671.5181550055122,0.00059902744,200.0239232445581,0.0006683671,0.0015503312,-0.0076179793
2726.6108021909945,7400.6675,6.3451786,-0.003760349,215878,1671.5180446077748,200.02436044301035,6857.833,5.4349494,3386.9995,2.274955,7400.6675,6.3451786,0,,,,,1671.5180446077748,0.0005993438,200.02436044301035,0.0006675623,0.0018561813,-0.0065752016
2726.61774648369,7402.1997,6.352198,-0.0037604976,215879,1671.5203730359988,200.02388250542515,6859.1143,5.440962,3402.5078,2.2815204,7402.1997,6.352198,0,,,,,1671.5203730359988,0.000599407,200.02388250542515,0.0006684154,0.002336577,-0.007688907
2726.624690776153,7385.619,6.352805,-0.0037606463,215880,1671.518767612615,200.02462789325907,6845.645,5.4414825,3415.2935,2.2824504,7385.619,6.352805,0,,,,,1671.518767612615,0.00060066226,200.02462789325907,0.0006700837,0.0014735083,-0.007184969
2726.631635068615,7397.8223,6.361859,-0.003760795,215881,1671.5183232378395,200.02398560446645,6855.5557,5.4492373,3429.0293,2.2866719,7397.8223,6.361859,0,,,,,1671.5183232378395,0.0006009441,200.02398560446645,0.00067003915,0.002312259,-0.008567109
2726.6385793610775,7395.3535,6.3697658,-0.003760944,215882,1671.5186571689267,200.02398433303242,6854.0303,5.45601,3444.804,2.2919755,7395.3535,6.3697658,0,,,,,1671.5186571689267,0.00060158444,200.02398433303242,0.0006714837,0.0021003692,-0.0071457317
2726.6455236537736,7401.352,6.371471,-0.0037610924,215883,1671.5194397818163,200.02349360593226,6859.6685,5.4574704,3455.1738,2.293674,7401.352,6.371471,0,,,,,1671.5194397818163,0.0006015437,200.02349360593226,0.0006708716,0.0022448464,-0.007743869
2726.6524679464687,7394.027,6.374916,-0.003761241,215884,1671.518341028139,200.0243180449807,6853.0293,5.4604216,3467.6018,2.2967963,7394.027,6.374916,0,,,,,1671.518341028139,0.00060278206,200.0243180449807,0.0006716488,0.0023303882,-0.006977442
2726.659412239164,7390.4575,6.3802304,-0.0037613895,215885,1671.5187972452165,200.02410650161698,6848.5884,5.4649734,3478.3525,2.3007312,7390.4575,6.3802304,0,,,,,1671.5187972452165,0.00060408574,200.02410650161698,0.0006724508,0.0016565084,-0.00713873
2726.666356531859,7394.9414,6.3829775,-0.003761538,215886,1671.5191771184739,200.02384727428796,6853.6895,5.467326,3489.1313,2.30278,7394.9414,6.3829775,0,,,,,1671.5191771184739,0.0006034141,200.02384727428796,0.00067244505,0.0014311605,-0.0069919736
2726.673300824554,7385.234,6.3835754,-0.0037616866,215887,1671.519602566976,200.02318277846027,6844.5117,5.467839,3497.4797,2.304936,7385.234,6.3835754,0,,,,,1671.519602566976,0.00060400733,200.02318277846027,0.00067346945,0.0020559172,-0.007869543
2726.6802451172493,7389.827,6.3885903,-0.0037618352,215888,1671.5177692609059,200.02383182382763,6847.477,5.472134,3507.6448,2.3076262,7389.827,6.3885903,0,,,,,1671.5177692609059,0.0006042623,200.02383182382763,0.0006735102,0.0016345733,-0.0063822046
2726.6871894099445,7389.7627,6.388406,-0.0037619837,215889,1671.5180851524933,200.02320757479734,6848.124,5.471976,3507.901,2.3077364,7389.7627,6.388406,0,,,,,1671.5180851524933,0.0006042715,200.02320757479734,0.00067377684,0.002583187,-0.008544576
2726.694133702874,7386.995,6.388846,-0.003762132,215890,1671.5182698896622,200.0236755860451,6845.7964,5.4723525,3512.058,2.3082852,7386.995,6.388846,0,,,,,1671.5182698896622,0.00060460455,200.0236755860451,0.0006739914,0.0018897642,-0.0066265287
2726.7010779958023,7399.489,6.392154,-0.0037622803,215891,1671.5185083374054,200.0242784808964,6856.3857,5.475187,3514.8354,2.3094754,7399.489,6.392154,0,,,,,1671.5185083374054,0.0006038722,200.0242784808964,0.00067318365,0.0022647553,-0.008159733
2726.7080222884965,7392.853,6.393644,-0.0037624289,215892,1671.5184484270312,200.02356144002184,6850.4224,5.476463,3515.8967,2.3119295,7392.853,6.393644,0,,,,,1671.5184484270312,0.0006045118,200.02356144002184,0.0006741023,0.003214684,-0.009960588
2726.714966581425,7389.8354,6.3918247,-0.0037625772,215893,1671.5184627021695,200.02466609206672,6848.3335,5.4749045,3515.7283,2.3112576,7389.8354,6.3918247,0,,,,,1671.5184627021695,0.00060459564,200.02466609206672,0.0006738542,0.001963281,-0.0067356364
2726.7219108743534,7386.63,6.396201,-0.0037627255,215894,1671.5174110099501,200.02311087290934,6845.681,5.4786534,3519.3918,2.3124156,7386.63,6.396201,0,,,,,1671.5174110099501,0.00060495,200.02311087290934,0.00067485165,0.0014808727,-0.0077305287
2726.7288551675133,7403.9194,6.3941507,-0.0037628736,215895,1671.5184004841408,200.02368407528394,6861.6104,5.476897,3512.9294,2.3096495,7403.9194,6.3941507,0,,,,,1671.5184004841408,0.000603702,200.02368407528394,0.0006729719,0.0012521184,-0.00695119
2726.7357994604417,7384.2456,6.389578,-0.003763022,215896,1671.520088185434,200.02283202708148,6844.105,5.47298,3514.4993,2.3087645,7384.2456,6.389578,0,,,,,1671.520088185434,0.000604444,200.02283202708148,0.0006743426,0.0024782722,-0.00759169
2726.742743753604,7400.469,6.3914566,-0.00376317,215897,1671.5184622911447,200.0239633926937,6857.537,5.474589,3509.2527,2.3085063,7400.469,6.3914566,0,,,,,1671.5184622911447,0.0006039792,200.0239633926937,0.0006728788,0.0021789367,-0.006347812
2726.7496880465314,7385.916,6.3884997,-0.0037633183,215898,1671.5184269527688,200.0240821319802,6845.6323,5.4720564,3508.131,2.308717,7385.916,6.3884997,0,,,,,1671.5184269527688,0.00060436554,200.0240821319802,0.00067400915,0.001742565,-0.00726081
2726.756632339692,7391.822,6.388903,-0.0037634664,215899,1671.5192129451916,200.02385962290245,6850.7686,5.4724016,3500.508,2.305951,7391.822,6.388903,0,,,,,1671.5192129451916,0.00060451345,200.02385962290245,0.00067351904,0.002139838,-0.007509747
2726.7635766328535,7407.178,6.38668,-0.0037636145,215900,1671.5184960899471,200.0258413462101,6863.295,5.4704976,3492.8386,2.304547,7407.178,6.38668,0,,,,,1671.5184960899471,0.000602615,200.0258413462101,0.0006721938,0.0017078852,-0.006209839
2726.7705209260143,7388.728,6.382378,-0.0037637625,215901,1671.5184476327145,200.0243966635208,6846.9644,5.4668126,3492.7227,2.303503,7388.728,6.382378,0,,,,,1671.5184476327145,0.0006038423,200.0243966635208,0.0006732642,0.0019264915,-0.007299757
2726.777465219175,7404.704,6.385463,-0.0037639106,215902,1671.5185724367243,200.02346411456955,6861.987,5.4694552,3485.7021,2.3019907,7404.704,6.385463,0,,,,,1671.5185724367243,0.00060293963,200.02346411456955,0.00067213934,0.0017016401,-0.007888269
2726.784409512336,7394.9404,6.379485,-0.0037640587,215903,1671.5192154740632,200.02333202564867,6853.0415,5.4643345,3480.5461,2.300442,7394.9404,6.379485,0,,,,,1671.5192154740632,0.00060276676,200.02333202564867,0.00067223096,0.0017547939,-0.006977849
2726.7913538057296,7403.205,6.382797,-0.0037642065,215904,1671.518105935412,200.02470828164732,6860.392,5.467171,3480.4119,2.3010082,7403.205,6.382797,0,,,,,1671.518105935412,0.00060295925,200.02470828164732,0.00067132857,0.001401466,-0.0068479306
2726.7982980988904,7395.4785,6.377814,-0.0037643546,215905,1671.5178874589076,200.02405727435095,6852.9644,5.4629035,3472.2424,2.2988944,7395.4785,6.377814,0,,,,,1671.5178874589076,0.0006027488,200.02405727435095,0.0006720806,0.0023799415,-0.0066982475
2726.805242392284,7393.0786,6.374959,-0.0037645025,215906,1671.5179356650424,200.02550813209433,6851.278,5.4604583,3468.1292,2.296962,7393.0786,6.374959,0,,,,,1671.5179356650424,0.0006024664,200.02550813209433,0.0006723939,0.0006732229,-0.0073913173
2726.812186685679,7389.5396,6.371627,-0.0037646503,215907,1671.518923264292,200.02333330768573,6847.9536,5.457604,3464.9275,2.2964358,7389.5396,6.371627,0,,,,,1671.518923264292,0.00060214906,200.02333330768573,0.00067190075,0.0021191058,-0.006762601
2726.819130979073,7402.984,6.3729377,-0.0037647982,215908,1671.5185288639045,200.02477500579184,6859.633,5.4587264,3458.816,2.2942605,7402.984,6.3729377,0,,,,,1671.5185288639045,0.0006019482,200.02477500579184,0.00067074155,0.0024388507,-0.0065193805
2726.826075272466,7394.6963,6.3703923,-0.003764946,215909,1671.5188356660399,200.02350424381916,6852.6924,5.456547,3457.5342,2.2939558,7394.6963,6.3703923,0,,,,,1671.5188356660399,0.0006022461,200.02350424381916,0.0006711341,0.0017151383,-0.008061439
2726.83301956586,7399.3423,6.371767,-0.0037650939,215910,1671.5185586408452,200.02516225309213,6856.7324,5.457724,3460.4065,2.294007,7399.3423,6.371767,0,,,,,1671.5185586408452,0.0006017329,200.02516225309213,0.0006709028,0.0013336214,-0.005944652
2726.839963859254,7401.8564,6.371623,-0.0037652417,215911,1671.519274582737,200.02286323376393,6858.1294,5.4576,3455.964,2.2957687,7401.8564,6.371623,0,,,,,1671.519274582737,0.0006013422,200.02286323376393,0.00067074446,0.0018329902,-0.007067566
2726.8469081528797,7399.7544,6.3725934,-0.0037653893,215912,1671.5180792420542,200.02509644997318,6857.124,5.4584317,3453.4817,2.2951405,7399.7544,6.3725934,0,,,,,1671.5180792420542,0.00060175045,200.02509644997318,0.0006709663,0.0014595211,-0.006409619
2726.853852446274,7395.308,6.368641,-0.0037655372,215913,1671.5193985936505,200.02354472753052,6853.445,5.455046,3450.4612,2.292415,7395.308,6.368641,0,,,,,1671.5193985936505,0.0006015116,200.02354472753052,0.00067098055,0.0009355763,-0.0070397663
2726.8607967399016,7397.5327,6.369006,-0.0037656848,215914,1671.5186865691237,200.02424121922655,6854.1006,5.4553595,3448.5752,2.2919762,7397.5327,6.369006,0,,,,,1671.5186865691237,0.00060181285,200.02424121922655,0.0006708664,0.001929867,-0.00629146
2726.8677410335276,7385.882,6.365443,-0.0037658324,215915,1671.517414796004,200.0238271442399,6845.5835,5.4523077,3448.3113,2.2916002,7385.882,6.365443,0,,,,,1671.517414796004,0.00060208526,200.0238271442399,0.00067124545,0.0014555331,-0.007605504
2726.8746853271537,7385.981,6.3638062,-0.00376598,215916,1671.518805490578,200.02382399219942,6845.151,5.4509053,3442.208,2.2912908,7385.981,6.3638062,0,,,,,1671.518805490578,0.0006020094,200.02382399219942,0.00067104935,0.0018247252,-0.006213175
2726.881629620781,7399.029,6.3644238,-0.0037661276,215917,1671.5190909436296,200.02460208591657,6856.5044,5.451434,3439.3284,2.2883039,7399.029,6.3644238,0,,,,,1671.5190909436296,0.0006011169,200.02460208591657,0.000670286,0.0009023478,-0.0067096483
2726.8885739144075,7394.602,6.365035,-0.0037662752,215918,1671.5182415007357,200.02450778021202,6851.8203,5.4519577,3443.649,2.2906384,7394.602,6.365035,0,,,,,1671.5182415007357,0.000601588,200.02450778021202,0.0006705946,0.0019973305,-0.007685371
2726.895518208267,7391.506,6.3639836,-0.0037664226,215919,1671.5172780914822,200.02592373019104,6849.899,5.451057,3439.2031,2.290537,7391.506,6.3639836,0,,,,,1671.5172780914822,0.0006011829,200.02592373019104,0.0006706943,0.0013163218,-0.0057532038
2726.9024625018933,7393.194,6.364555,-0.0037665702,215920,1671.5178595917234,200.02364402839856,6852.1235,5.4515467,3441.3325,2.289895,7393.194,6.364555,0,,,,,1671.5178595917234,0.00060120656,200.02364402839856,0.0006706939,0.00092824333,-0.0074811317
2726.9094067957535,7392.1387,6.363693,-0.0037667176,215921,1671.5179104280405,200.02457650600883,6850.996,5.4508085,3439.3352,2.2896116,7392.1387,6.363693,0,,,,,1671.5179104280405,0.00060141133,200.02457650600883,0.000670455,0.0019537848,-0.006408228
2726.9163510893795,7395.41,6.3630943,-0.0037668652,215922,1671.5186138089355,200.02388163645765,6852.8394,5.4502954,3439.7783,2.2896495,7395.41,6.3630943,0,,,,,1671.5186138089355,0.00060122146,200.02388163645765,0.0006704482,0.0011532088,-0.006521213
2726.9232953832384,7394.8374,6.3662114,-0.0037670126,215923,1671.518306838888,200.02465889409794,6852.559,5.4529653,3440.2744,2.2897875,7394.8374,6.3662114,0,,,,,1671.518306838888,0.0006014594,200.02465889409794,0.00067085226,0.0015542844,-0.00630886
2726.930239677099,7394.9204,6.3642864,-0.00376716,215924,1671.5183432720617,200.02377951100425,6852.044,5.4513164,3441.506,2.2892237,7394.9204,6.3642864,0,,,,,1671.5183432720617,0.0006015646,200.02377951100425,0.00067071134,0.002355518,-0.00743474
2726.9371839711916,7390.282,6.365229,-0.0037673071,215925,1671.5177179888674,200.02315946329523,6848.123,5.452124,3444.5315,2.2910352,7390.282,6.365229,0,,,,,1671.5177179888674,0.00060152326,200.02315946329523,0.0006713531,0.0017749676,-0.00666471
2726.94412826505,7401.7144,6.366011,-0.0037674545,215926,1671.51907674676,200.02568604432923,6859.02,5.4527936,3437.7273,2.2912345,7401.7144,6.366011,0,,,,,1671.51907674676,0.00060090865,200.02568604432923,0.0006699585,0.0010797104,-0.0057952274
2726.95107255891,7400.612,6.3648453,-0.003767602,215927,1671.5192340139179,200.02392560564076,6858.3257,5.451795,3441.2334,2.2892053,7400.612,6.3648453,0,,,,,1671.5192340139179,0.0006008123,200.02392560564076,0.000669983,0.0019803036,-0.006228201
2726.958016853003,7393.649,6.3656297,-0.003767749,215928,1671.5180606927424,200.02421575344553,6851.6724,5.4524674,3445.2173,2.2903967,7393.649,6.3656297,0,,,,,1671.5180606927424,0.00060163677,200.02421575344553,0.00067080255,0.0023718935,-0.007081126
2726.9649611468617,7392.3486,6.361504,-0.0037678964,215929,1671.5171956365841,200.02568873012964,6849.744,5.4489336,3438.2964,2.2888105,7392.3486,6.361504,0,,,,,1671.5171956365841,0.0006013234,200.02568873012964,0.00067041855,0.00073356915,-0.006471498
2726.9719054409534,7398.4253,6.3656774,-0.0037680436,215930,1671.518257798554,200.02421878356049,6855.398,5.452508,3439.9475,2.2908185,7398.4253,6.3656774,0,,,,,1671.518257798554,0.0006012113,200.02421878356049,0.0006703363,0.0015931589,-0.0074534086
2726.9788497350464,7396.2607,6.3665357,-0.0037681907,215931,1671.520312792315,200.02405085811193,6853.465,5.4532433,3441.824,2.2914023,7396.2607,6.3665357,0,,,,,1671.520312792315,0.00060155784,200.02405085811193,0.00067084475,0.0022700091,-0.0063186525
2726.985794029138,7396.0376,6.3623586,-0.003768338,215932,1671.5179390374972,200.0237396889283,6853.855,5.449665,3436.1152,2.2883813,7396.0376,6.3623586,0,,,,,1671.5179390374972,0.0006010947,200.0237396889283,0.00066992297,0.0008063556,-0.0060239313
2726.9927383232302,7399.6777,6.364357,-0.003768485,215933,1671.5174561767128,200.02454969119594,6856.7896,5.451377,3436.769,2.2890205,7399.6777,6.364357,0,,,,,1671.5174561767128,0.0006007871,200.02454969119594,0.00067003246,0.0012197726,-0.005619929
2726.999682617556,7403.0273,6.3623867,-0.003768632,215934,1671.5172878648402,200.02538386964784,6858.6953,5.4496894,3431.8398,2.287815,7403.0273,6.3623867,0,,,,,1671.5172878648402,0.0006005928,200.02538386964784,0.00066988444,0.001439878,-0.006605903
2727.006626911649,7390.9253,6.3570585,-0.003768779,215935,1671.5186203616693,200.02497101409026,6849.2144,5.4451256,3425.655,2.2851827,7390.9253,6.3570585,0,,,,,1671.5186203616693,0.0006008047,200.02497101409026,0.00067023357,0.0015909913,-0.00550975
2727.0135712059737,7399.1304,6.3586917,-0.003768926,215936,1671.5182093819105,200.02491317296648,6856.0195,5.4465246,3423.1516,2.2854319,7399.1304,6.3586917,0,,,,,1671.5182093819105,0.00060008635,200.02491317296648,0.0006695939,0.0016575239,-0.006479728
2727.0205155000654,7389.372,6.354649,-0.0037690732,215937,1671.518016874859,200.02411124345159,6848.159,5.443062,3416.989,2.2834787,7389.372,6.354649,0,,,,,1671.518016874859,0.00060075073,200.02411124345159,0.00066999305,0.001794758,-0.006733902
2727.0274597943912,7391.181,6.353038,-0.00376922,215938,1671.517054763973,200.02465630637946,6848.0273,5.441682,3413.6638,2.2822857,7391.181,6.353038,0,,,,,1671.517054763973,0.000600604,200.02465630637946,0.00066927954,-8.560727e-05,-0.0058124303
2727.0344040887157,7398.3633,6.354483,-0.003769367,215939,1671.5171919382913,200.02643126482724,6853.634,5.4429193,3407.7651,2.2827108,7398.3633,6.354483,0,,,,,1671.5171919382913,0.0006004901,200.02643126482724,0.0006691126,0.0016208227,-0.0055259615
2727.0413483830403,7398.764,6.3520775,-0.003769514,215940,1671.5177199039642,200.02454467019902,6855.8857,5.4408593,3399.573,2.2794976,7398.764,6.3520775,0,,,,,1671.5177199039642,0.00059979665,200.02454467019902,0.00066882576,0.0018665954,-0.0065115895
2727.0482926775994,7393.908,6.3469152,-0.0037696606,215941,1671.5177678359341,200.02519032092619,6851.6626,5.436437,3396.1448,2.2773297,7393.908,6.3469152,0,,,,,1671.5177678359341,0.00059955986,200.02519032092619,0.0006686863,0.00061653915,-0.0059982594
2727.055236971925,7397.4707,6.346053,-0.0037698075,215942,1671.5194373794425,200.0250220325385,6854.0103,5.435699,3386.9707,2.2759705,7397.4707,6.346053,0,,,,,1671.5194373794425,0.0005994242,200.0250220325385,0.000668306,0.0019945565,-0.006494479
2727.062181266249,7405.992,6.3450775,-0.0037699544,215943,1671.5186184624592,200.0233829269177,6862.049,5.434863,3382.651,2.2753417,7405.992,6.3450775,0,,,,,1671.5186184624592,0.0005984656,200.0233829269177,0.0006671142,0.001585577,-0.0058375266
2727.069125560807,7396.2866,6.345119,-0.0037701011,215944,1671.5182853635797,200.02385392047492,6853.254,5.4348984,3374.3347,2.2764556,7396.2866,6.345119,0,,,,,1671.5182853635797,0.0005988827,200.02385392047492,0.0006682113,0.00119653,-0.0067165904
2727.076069855366,7400.1104,6.3379874,-0.0037702478,215945,1671.5182853096733,200.02524587622088,6855.991,5.42879,3367.5242,2.2704878,7400.1104,6.3379874,0,,,,,1671.5182853096733,0.0005984815,200.02524587622088,0.0006668715,0.0016598818,-0.006604085
2727.0830141496904,7390.0234,6.3354397,-0.0037703947,215946,1671.5181918524822,200.02325728269048,6848.066,5.4266076,3363.9368,2.271151,7390.0234,6.3354397,0,,,,,1671.5181918524822,0.0005987154,200.02325728269048,0.0006671295,0.0013908457,-0.006116429
2727.0899584442477,7395.2197,6.336137,-0.0037705414,215947,1671.5182445973842,200.023657667217,6852.5625,5.427205,3360.38,2.2677028,7395.2197,6.336137,0,,,,,1671.5182445973842,0.00059825496,200.023657667217,0.0006673666,0.0014434161,-0.0062736906
2727.0969027388064,7407.8027,6.337145,-0.003770688,215948,1671.5187461297087,200.0248104877365,6863.643,5.428068,3358.6653,2.2672493,7407.8027,6.337145,0,,,,,1671.5187461297087,0.0005973081,200.0248104877365,0.0006666433,0.0008468687,-0.005316171
2727.1038470335966,7390.5933,6.3336816,-0.0037708345,215949,1671.5195312693033,200.0242594354542,6849.409,5.4251018,3360.1199,2.2684178,7390.5933,6.3336816,0,,,,,1671.5195312693033,0.000598651,200.0242594354542,0.00066721614,0.001916449,-0.006552243
2727.1107913281544,7399.3223,6.33226,-0.0037709812,215950,1671.518205087999,200.02414285116942,6855.3086,5.4238844,3351.7488,2.2654407,7399.3223,6.33226,0,,,,,1671.518205087999,0.00059826137,200.02414285116942,0.0006667608,0.0014837617,-0.0066319704
2727.117735622713,7387.802,6.3301773,-0.003771128,215951,1671.5187305001289,200.02485689510692,6846.3203,5.4221005,3355.7485,2.2659364,7387.802,6.3301773,0,,,,,1671.5187305001289,0.0005982914,200.02485689510692,0.0006671923,0.0011807677,-0.0060118902
2727.1246799175046,7398.485,6.333403,-0.0037712744,215952,1671.51735464816,200.0244221709619,6855.7275,5.4248633,3352.4353,2.2665226,7398.485,6.333403,0,,,,,1671.51735464816,0.00059820985,200.0244221709619,0.0006664526,0.0014372747,-0.0055167
2727.131624212295,7400.103,6.3341627,-0.0037714208,215953,1671.5180385738845,200.02502099058248,6856.0894,5.425514,3353.6042,2.2668333,7400.103,6.3341627,0,,,,,1671.5180385738845,0.0005980847,200.02502099058248,0.00066684524,0.0018017318,-0.0055685886
2727.138568506852,7389.1646,6.3297915,-0.0037715675,215954,1671.5170941646456,200.02403542483705,6848.2676,5.42177,3350.7207,2.2651627,7389.1646,6.3297915,0,,,,,1671.5170941646456,0.0005982261,200.02403542483705,0.0006666352,0.001120665,-0.0061561908
2727.1455128016437,7393.522,6.3309865,-0.003771714,215955,1671.5191143115464,200.02441405129767,6849.6616,5.422794,3352.3147,2.2659957,7393.522,6.3309865,0,,,,,1671.5191143115464,0.0005983275,200.02441405129767,0.0006669591,0.0019556938,-0.0060294326
2727.152457096434,7394.239,6.333766,-0.0037718604,215956,1671.517655080744,200.02510854422187,6851.696,5.4251747,3359.45,2.2688637,7394.239,6.333766,0,,,,,1671.517655080744,0.0005981988,200.02510854422187,0.00066676293,0.00042604507,-0.0055495123
2727.159401391457,7401.404,6.339642,-0.0037720066,215957,1671.5193799694594,200.02477205738313,6858.1113,5.4302073,3358.0537,2.2692986,7401.404,6.339642,0,,,,,1671.5193799694594,0.0005978309,200.02477205738313,0.00066734175,0.0024655687,-0.0060134605
2727.1663456862484,7386.3384,6.332409,-0.003772153,215958,1671.5180867861764,200.0233682461011,6844.8687,5.424012,3358.8528,2.2671483,7386.3384,6.332409,0,,,,,1671.5180867861764,0.00059902173,200.0233682461011,0.00066746137,0.0011193673,-0.0069136703
2727.17328998104,7394.0405,6.3354397,-0.0037722995,215959,1671.518409042835,200.02504622709668,6851.308,5.4266076,3364.587,2.2692862,7394.0405,6.3354397,0,,,,,1671.518409042835,0.0005984101,200.02504622709668,0.00066726544,0.00048398867,-0.00497162
2727.1802342760625,7396.3774,6.334246,-0.0037724457,215960,1671.517832809654,200.02579547895104,6852.8047,5.4255857,3361.8567,2.268372,7396.3774,6.334246,0,,,,,1671.517832809654,0.0005984912,200.02579547895104,0.000666942,0.0010113639,-0.0061681583
2727.1871785710864,7396.7646,6.3359003,-0.003772592,215961,1671.5181041148899,200.02379886969592,6854.2915,5.4270024,3364.8274,2.2692933,7396.7646,6.3359003,0,,,,,1671.5181041148899,0.00059819664,200.02379886969592,0.00066690525,0.0016300847,-0.0064819767
2727.194122865878,7390.0527,6.336543,-0.0037727384,215962,1671.5186145755804,200.0248701256674,6848.368,5.4275527,3370.3254,2.2707229,7390.0527,6.336543,0,,,,,1671.5186145755804,0.00059863523,200.0248701256674,0.0006677117,0.0012235981,-0.0050034137
2727.201067160901,7391.432,6.3381844,-0.0037728846,215963,1671.5181168738975,200.02536847642835,6848.6484,5.428959,3371.9304,2.2725048,7391.432,6.3381844,0,,,,,1671.5181168738975,0.00059902173,200.02536847642835,0.0006675236,0.0017656552,-0.004798978
2727.208011455924,7398.0522,6.34122,-0.0037730308,215964,1671.5191296622897,200.02482826711434,6854.6885,5.4315586,3375.4622,2.274535,7398.0522,6.34122,0,,,,,1671.5191296622897,0.00059877464,200.02482826711434,0.0006677062,0.0013162586,-0.007127816
2727.214955751181,7384.5835,6.338239,-0.0037731768,215965,1671.5173273175003,200.0246371571815,6843.1,5.4290056,3376.1895,2.271678,7384.5835,6.338239,0,,,,,1671.5173273175003,0.000599602,200.0246371571815,0.0006682434,0.0007493803,-0.005762773
2727.221900046205,7388.4346,6.3408723,-0.003773323,215966,1671.51871831498,200.025112077802,6847.1587,5.431261,3379.473,2.2732801,7388.4346,6.3408723,0,,,,,1671.51871831498,0.0005995411,200.025112077802,0.0006685675,0.0015063008,-0.0058265245
2727.2288443412285,7396.334,6.344133,-0.0037734692,215967,1671.5193590060742,200.02392867655925,6853.1484,5.434054,3385.8174,2.275349,7396.334,6.344133,0,,,,,1671.5193590060742,0.00059912854,200.02392867655925,0.0006681543,0.0015520458,-0.006263703
2727.235788636485,7408.287,6.344301,-0.0037736152,215968,1671.5178822815046,200.02516657265036,6863.4404,5.4341984,3381.5767,2.2732024,7408.287,6.344301,0,,,,,1671.5178822815046,0.0005988225,200.02516657265036,0.0006669322,0.0012057021,-0.0045507704
2727.2427329315083,7393.27,6.3439255,-0.0037737614,215969,1671.5182285488709,200.02457736004973,6849.444,5.433876,3387.753,2.2768197,7393.27,6.3439255,0,,,,,1671.5182285488709,0.00059937744,200.02457736004973,0.0006683178,0.0021535966,-0.005412385
2727.2496772267646,7393.077,6.343686,-0.0037739074,215970,1671.517428797532,200.02603291169666,6849.9746,5.433671,3384.0508,2.2749662,7393.077,6.343686,0,,,,,1671.517428797532,0.00059968577,200.02603291169666,0.00066808815,0.0008319907,-0.005640045
2727.256621522021,7394.3765,6.3419333,-0.0037740534,215971,1671.5188702454366,200.02435596918056,6850.9097,5.43217,3382.4368,2.2740564,7394.3765,6.3419333,0,,,,,1671.5188702454366,0.00059961865,200.02435596918056,0.00066809496,0.0017324417,-0.0055529596
2727.263565817278,7391.1187,6.34249,-0.0037741994,215972,1671.5190155365233,200.0229574638409,6849.1265,5.432647,3381.7695,2.2738323,7391.1187,6.34249,0,,,,,1671.5190155365233,0.00059937633,200.0229574638409,0.0006685196,0.0015233459,-0.0056442632
2727.2705101125343,7404.8823,6.341637,-0.0037743454,215973,1671.5192831470235,200.02411720783243,6860.667,5.431916,3375.6636,2.2726743,7404.8823,6.341637,0,,,,,1671.5192831470235,0.0005982479,200.02411720783243,0.00066709006,0.0019127447,-0.0051152306
2727.2774544077906,7394.916,6.33818,-0.0037744914,215974,1671.5173743269227,200.02539168328838,6851.0303,5.428955,3374.805,2.2708406,7394.916,6.33818,0,,,,,1671.5173743269227,0.00059886306,200.02539168328838,0.0006674632,0.00047327022,-0.005401346
2727.2843987032797,7388.4766,6.336347,-0.0037746371,215975,1671.5183984129328,200.0239046636219,6845.957,5.4273853,3369.9658,2.2709498,7388.4766,6.336347,0,,,,,1671.5183984129328,0.0005996291,200.0239046636219,0.00066772377,0.0015235051,-0.005350786
2727.291342998537,7394.301,6.3354516,-0.003774783,215976,1671.5179852628698,200.02478872274565,6850.74,5.426618,3359.6465,2.2686546,7394.301,6.3354516,0,,,,,1671.5179852628698,0.0005983202,200.02478872274565,0.0006672582,0.0013318787,-0.0055441214
2727.298287294025,7386.1895,6.3316593,-0.0037749289,215977,1671.5183949344607,200.02427742025134,6845.5776,5.42337,3359.7983,2.2673461,7386.1895,6.3316593,0,,,,,1671.5183949344607,0.0005984538,200.02427742025134,0.0006673306,0.0007607851,-0.0045735207
2727.3052315895147,7391.827,6.328927,-0.0037750746,215978,1671.5182804046933,200.02485321143195,6848.9653,5.4210296,3347.7307,2.265201,7391.827,6.328927,0,,,,,1671.5182804046933,0.0005984339,200.02485321143195,0.00066677167,0.0008948458,-0.0050318963
2727.3121758847715,7391.407,6.3262887,-0.0037752206,215979,1671.519167996512,200.02320222790237,6849.041,5.4187694,3340.2969,2.2631664,7391.407,6.3262887,0,,,,,1671.519167996512,0.0005979008,200.02320222790237,0.00066648884,0.0017488007,-0.0066796504
2727.3191201802606,7403.6196,6.3243356,-0.0037753663,215980,1671.5172341796276,200.02594556888718,6858.969,5.4170966,3329.5056,2.259447,7403.6196,6.3243356,0,,,,,1671.5172341796276,0.0005966352,200.02594556888718,0.0006651228,0.00011529315,-0.004252848
2727.3260644757497,7399.697,6.3192825,-0.003775512,215981,1671.5178897682817,200.0250259029005,6856.0786,5.412769,3320.6191,2.2567437,7399.697,6.3192825,0,,,,,1671.5178897682817,0.0005963118,200.0250259029005,0.00066498504,0.0009538631,-0.004509581
2727.3330087714717,7389.4233,6.3125606,-0.0037756576,215982,1671.5176153563536,200.02486505887737,6847.636,5.407011,3310.9917,2.2535255,7389.4233,6.3125606,0,,,,,1671.5176153563536,0.00059644255,200.02486505887737,0.00066490576,0.0012382674,-0.0052486747
2727.339953066961,7390.4355,6.3144655,-0.0037758034,215983,1671.5177668878816,200.02464994760965,6847.9097,5.408643,3302.262,2.2533166,7390.4355,6.3144655,0,,,,,1671.5177668878816,0.00059609505,200.02464994760965,0.0006659309,0.0016452061,-0.0057968376
2727.346897362451,7386.7173,6.3069463,-0.0037759491,215984,1671.5176077856415,200.0245001678696,6844.7764,5.4022017,3291.461,2.250884,7386.7173,6.3069463,0,,,,,1671.5176077856415,0.0005957841,200.0245001678696,0.0006645314,0.0009990247,-0.0046051824
2727.3538416581728,7402.966,6.3053346,-0.0037760946,215985,1671.517463176219,200.02388685999486,6858.891,5.400821,3279.0444,2.246742,7402.966,6.3053346,0,,,,,1671.517463176219,0.00059457176,200.02388685999486,0.00066317647,0.00094540475,-0.0052339975
2727.3607859538947,7389.364,6.302263,-0.0037762402,215986,1671.5181905632237,200.02513536936937,6847.2417,5.39819,3266.312,2.2437067,7389.364,6.302263,0,,,,,1671.5181905632237,0.0005956673,200.02513536936937,0.0006641816,0.0014171707,-0.0055939034
2727.3677302493843,7403.3315,6.2959137,-0.003776386,215987,1671.5175239593914,200.0238691895036,6859.6484,5.392752,3253.6746,2.2393568,7403.3315,6.2959137,0,,,,,1671.5175239593914,0.00059363747,200.0238691895036,0.0006618558,0.0013609008,-0.0052616973
2727.3746745451067,7398.7886,6.2884283,-0.0037765314,215988,1671.5175795321018,200.02513246357242,6855.107,5.3863406,3238.374,2.2347238,7398.7886,6.2884283,0,,,,,1671.5175795321018,0.00059318886,200.02513246357242,0.00066120335,0.0014303245,-0.004487858
2727.3816188408277,7396.691,6.283194,-0.003776677,215989,1671.5174159806675,200.0241630867231,6852.404,5.381857,3228.931,2.2318704,7396.691,6.283194,0,,,,,1671.5174159806675,0.0005930571,200.0241630867231,0.0006608664,-0.0003857958,-0.004543709
2727.38856313655,7401.696,6.2782035,-0.0037768225,215990,1671.517794285959,200.02527355760824,6857.7837,5.3775826,3210.0854,2.2261324,7401.696,6.2782035,0,,,,,1671.517794285959,0.0005923065,200.02527355760824,0.0006601676,0.0010834786,-0.0048287394
2727.3955074325054,7397.367,6.2746286,-0.0037769678,215991,1671.516866622333,200.02603424481086,6853.136,5.374521,3200.7056,2.2265632,7397.367,6.2746286,0,,,,,1671.516866622333,0.00059197476,200.02603424481086,0.0006598417,0.0008148924,-0.0050116586
2727.402451728227,7390.2773,6.270745,-0.0037771133,215992,1671.5186767255213,200.02435957644337,6847.946,5.3711934,3190.7415,2.2220204,7390.2773,6.270745,0,,,,,1671.5186767255213,0.00059186295,200.02435957644337,0.0006603069,0.001635604,-0.0046841553
2727.4093960239493,7385.774,6.2657347,-0.0037772588,215993,1671.517789908077,200.0246559904015,6843.0664,5.366902,3186.5486,2.2204437,7385.774,6.2657347,0,,,,,1671.517789908077,0.00059226627,200.0246559904015,0.00065991335,0.00096477673,-0.0046939165
2727.416340319904,7394.0156,6.264691,-0.003777404,215994,1671.5173947003725,200.02582984641543,6850.2114,5.3660083,3176.6262,2.217938,7394.0156,6.264691,0,,,,,1671.5173947003725,0.00059156853,200.02582984641543,0.00065905077,0.0006534857,-0.004492686
2727.4232846158593,7388.0366,6.2610793,-0.0037775494,215995,1671.5182853002473,200.02488093489137,6844.988,5.3629146,3170.5525,2.2158868,7388.0366,6.2610793,0,,,,,1671.5182853002473,0.0005912923,200.02488093489137,0.00065975677,0.001919458,-0.0049654804
2727.4302289115817,7396.0215,6.263575,-0.003777695,215996,1671.517892109115,200.02523881347534,6852.554,5.365052,3163.0574,2.2147334,7396.0215,6.263575,0,,,,,1671.517892109115,0.0005904745,200.02523881347534,0.0006593528,0.0003167449,-0.0054551437
2727.4371732075365,7400.9233,6.258667,-0.0037778402,215997,1671.5174994338465,200.0262753153644,6856.152,5.360849,3158.5752,2.2124422,7400.9233,6.258667,0,,,,,1671.5174994338465,0.0005898714,200.0262753153644,0.00065803376,0.0013244761,-0.0039895847
2727.4441175034913,7387.7847,6.2544518,-0.0037779855,215998,1671.5172757433231,200.02517344171216,6844.0083,5.357238,3157.177,2.2112994,7387.7847,6.2544518,0,,,,,1671.5172757433231,0.00059098797,200.02517344171216,0.00065853016,0.0011356327,-0.0039046493
2727.451061799679,7381.096,6.252716,-0.0037781305,215999,1671.5173473406553,200.02448403100877,6839.9775,5.355751,3151.0305,2.211341,7381.096,6.252716,0,,,,,1671.5173473406553,0.00059112516,200.02448403100877,0.00065839617,-4.958148e-05,-0.0038640106
2727.4580060956337,7392.9775,6.25376,-0.0037782758,216000,1671.5181654309877,200.02444034321576,6848.681,5.356645,3151.9817,2.210228,7392.9775,6.25376,0,,,,,1671.5181654309877,0.00059016247,200.02444034321576,0.0006583476,0.0018483124,-0.0057027484
2727.464950391589,7397.057,6.2551813,-0.003778421,216001,1671.516933563009,200.02535572846654,6853.646,5.357863,3150.1248,2.2119982,7397.057,6.2551813,0,,,,,1671.516933563009,0.0005900393,200.02535572846654,0.00065750047,0.00028423764,-0.0048102518
2727.471894687776,7390.391,6.2518673,-0.0037785661,216002,1671.5175066996208,200.02326006813811,6847.793,5.3550243,3145.8035,2.2088087,7390.391,6.2518673,0,,,,,1671.5175066996208,0.00059015315,200.02326006813811,0.0006579537,0.001497605,-0.0053253504
2727.4788389837313,7394.5923,6.2535467,-0.0037787114,216003,1671.5163071667976,200.0265380042631,6849.9873,5.3564625,3149.4087,2.2106514,7394.5923,6.2535467,0,,,,,1671.5163071667976,0.0005903429,200.0265380042631,0.0006581341,0.00047979757,-0.003461922
2727.48578327992,7392.8706,6.254367,-0.0037788565,216004,1671.517918585068,200.02488195988678,6849.0654,5.357165,3146.1624,2.2115605,7392.8706,6.254367,0,,,,,1671.517918585068,0.0005903713,200.02488195988678,0.00065778784,0.0015097881,-0.004637395
2727.492727576108,7400.4146,6.25287,-0.0037790015,216005,1671.5179187695019,200.0234596662322,6856.4873,5.3558826,3147.5293,2.2084384,7400.4146,6.25287,0,,,,,1671.5179187695019,0.00058935507,200.0234596662322,0.0006570989,0.001310383,-0.00569498
2727.4996718722946,7386.8325,6.2537947,-0.0037791466,216006,1671.517902665357,200.0257552446155,6843.834,5.356675,3152.052,2.2111237,7386.8325,6.2537947,0,,,,,1671.517902665357,0.0005904463,200.0257552446155,0.0006587201,0.0005214452,-0.004189212
2727.5066161684827,7386.34,6.2516174,-0.0037792916,216007,1671.5189597728265,200.02275655256173,6843.9414,5.35481,3147.998,2.2100718,7386.34,6.2516174,0,,,,,1671.5189597728265,0.0005904041,200.02275655256173,0.0006584762,0.0020424563,-0.005262065
2727.5135604646707,7383.6357,6.254669,-0.0037794367,216008,1671.5176439003392,200.0241344958616,6842.1304,5.3574243,3153.721,2.2131844,7383.6357,6.254669,0,,,,,1671.5176439003392,0.00059058156,200.0241344958616,0.0006585594,0.000886386,-0.0045110662
2727.520504760858,7404.4272,6.2555175,-0.0037795817,216009,1671.5169589909658,200.02523773444585,6859.0312,5.3581505,3152.4617,2.2093897,7404.4272,6.2555175,0,,,,,1671.5169589909658,0.00058942614,200.02523773444585,0.000657305,0.00056597893,-0.0035944583
2727.527449057279,7383.9136,6.2552347,-0.0037797266,216010,1671.5181496632142,200.02428389991996,6840.7104,5.3579087,3160.0166,2.212658,7383.9136,6.2552347,0,,,,,1671.5181496632142,0.0005915917,200.02428389991996,0.0006587711,0.0013878488,-0.005144089
2727.5343933534673,7396.0684,6.259902,-0.0037798716,216011,1671.5175729081388,200.02473119731758,6851.3394,5.361906,3158.7773,2.2149563,7396.0684,6.259902,0,,,,,1671.5175729081388,0.0005905762,200.02473119731758,0.00065863103,0.0015285644,-0.004810449
2727.5413376498873,7392.839,6.2608542,-0.0037800164,216012,1671.5188590820521,200.0252856435938,6848.382,5.362722,3165.9243,2.216152,7392.839,6.2608542,0,,,,,1671.5188590820521,0.00059099344,200.0252856435938,0.0006589285,0.0013055868,-0.0044580875
2727.5482819460744,7404.1553,6.2664914,-0.0037801615,216013,1671.5187034005148,200.0245197999891,6858.9155,5.3675504,3169.5857,2.2168558,7404.1553,6.2664914,0,,,,,1671.5187034005148,0.0005905372,200.0245197999891,0.00065850274,0.00042814898,-0.0050658532
2727.555226242496,7404.326,6.2640924,-0.0037803063,216014,1671.5191132868483,200.0241828527985,6859.0195,5.3654957,3171.8262,2.2156382,7404.326,6.2640924,0,,,,,1671.5191132868483,0.0005907239,200.0241828527985,0.0006581291,0.0014110676,-0.004706474
2727.562170538916,7394.482,6.266184,-0.0037804511,216015,1671.5179006842739,200.0243621190292,6850.8257,5.367287,3179.6692,2.2200382,7394.482,6.266184,0,,,,,1671.5179006842739,0.0005917927,200.0243621190292,0.0006590774,0.0010207182,-0.0044989847
2727.5691148353358,7401.974,6.2674074,-0.003780596,216016,1671.5173676042143,200.02545934500816,6857.103,5.368335,3183.2026,2.2191741,7401.974,6.2674074,0,,,,,1671.5173676042143,0.0005910354,200.02545934500816,0.00065859896,0.0012435599,-0.0041375915
2727.576059131757,7374.564,6.266473,-0.0037807408,216017,1671.5174411240355,200.02361524807625,6834.275,5.367534,3192.5454,2.2228694,7374.564,6.266473,0,,,,,1671.5174411240355,0.00059292157,200.02361524807625,0.0006608287,0.0015179149,-0.006231977
2727.5830034281785,7402.1943,6.2747974,-0.0037808856,216018,1671.51748125328,200.02503716056694,6856.1777,5.374665,3198.886,2.223971,7402.1943,6.2747974,0,,,,,1671.51748125328,0.0005919139,200.02503716056694,0.0006596007,0.0017408322,-0.0042307745
2727.5899477248317,7385.4497,6.2722616,-0.0037810302,216019,1671.5176875040363,200.02484067792005,6843.5063,5.372493,3200.4065,2.2235272,7385.4497,6.2722616,0,,,,,1671.5176875040363,0.000592635,200.02484067792005,0.00066077005,0.0010918156,-0.004435449
2727.5968920212517,7386.9346,6.2826295,-0.003781175,216020,1671.5164624274237,200.02519256954557,6843.586,5.381374,3203.5918,2.228554,7386.9346,6.2826295,0,,,,,1671.5164624274237,0.0005933021,200.02519256954557,0.0006623582,0.00081497774,-0.0039925044
2727.603836317906,7388.996,6.2777233,-0.0037813196,216021,1671.5176874134695,200.02537119114209,6845.3584,5.377171,3214.4338,2.2295527,7388.996,6.2777233,0,,,,,1671.5176874134695,0.0005930302,200.02537119114209,0.0006607563,0.0010175972,-0.0034472584
2727.6107806145587,7404.5425,6.2823243,-0.0037814642,216022,1671.5180743318244,200.0239351022406,6858.9033,5.381112,3219.5618,2.2289329,7404.5425,6.2823243,0,,,,,1671.5180743318244,0.00059266057,200.0239351022406,0.0006602072,0.0012236787,-0.0048039155
2727.6177249109787,7385.5913,6.2823424,-0.003781609,216023,1671.5178618414745,200.02393037397505,6842.2188,5.3811274,3231.2495,2.2329423,7385.5913,6.2823424,0,,,,,1671.5178618414745,0.0005938226,200.02393037397505,0.0006617754,0.00074263726,-0.004939689
2727.624669207633,7402.0176,6.288427,-0.0037817536,216024,1671.5176665750098,200.02535942329612,6856.6943,5.386339,3237.7996,2.2346175,7402.0176,6.288427,0,,,,,1671.5176665750098,0.00059320754,200.02535942329612,0.00066140486,0.00045835727,-0.004254967
2727.6316135042866,7390.4785,6.286172,-0.0037818982,216025,1671.518532718514,200.02551278753418,6846.539,5.384408,3239.0815,2.2347412,7390.4785,6.286172,0,,,,,1671.518532718514,0.00059402734,200.02551278753418,0.00066236604,0.0015304518,-0.0044819936
2727.638557800939,7395.195,6.2927284,-0.0037820428,216026,1671.5181821429887,200.0243306954304,6851.173,5.390023,3250.4958,2.23773,7395.195,6.2927284,0,,,,,1671.5181821429887,0.0005940806,200.0243306954304,0.00066259387,0.00041962572,-0.0043805237
2727.645502097826,7394.858,6.299065,-0.0037821871,216027,1671.518676012846,200.02413845427984,6849.239,5.395451,3266.3857,2.2422693,7394.858,6.299065,0,,,,,1671.518676012846,0.00059548434,200.02413845427984,0.0006631979,0.0019297984,-0.0052520838
2727.6524463944793,7396.617,6.299225,-0.0037823317,216028,1671.5178535729376,200.0257315605505,6852.7915,5.395588,3269.484,2.2429855,7396.617,6.299225,0,,,,,1671.5178535729376,0.00059456367,200.0257315605505,0.000663222,0.00034433452,-0.004495455
2727.6593906911326,7392.546,6.3017025,-0.0037824763,216029,1671.5179753343273,200.02498636436786,6848.7993,5.3977103,3274.598,2.2459304,7392.546,6.3017025,0,,,,,1671.5179753343273,0.0005950052,200.02498636436786,0.00066368154,0.0008364039,-0.0040386254
2727.6663349880187,7388.7163,6.3005176,-0.0037826207,216030,1671.5189618750671,200.02449174159347,6846.2007,5.396695,3276.4663,2.246428,7388.7163,6.3005176,0,,,,,1671.5189618750671,0.00059545576,200.02449174159347,0.0006634785,0.0011645907,-0.0051285713
2727.673279284673,7386.8027,6.3034277,-0.0037827652,216031,1671.5183655965504,200.02431276257158,6843.6323,5.3991885,3285.5593,2.247754,7386.8027,6.3034277,0,,,,,1671.5183655965504,0.0005957482,200.02431276257158,0.00066442566,0.0007533603,-0.0038890657
2727.680223581559,7394.662,6.304466,-0.0037829096,216032,1671.5189510734074,200.02399462628057,6850.356,5.4000773,3285.3203,2.2466753,7394.662,6.304466,0,,,,,1671.5189510734074,0.000595551,200.02399462628057,0.0006637106,0.0020821502,-0.00487458
2727.687167878445,7394.237,6.3067093,-0.003783054,216033,1671.5183735473308,200.02454825815983,6850.405,5.4019985,3289.7603,2.249172,7394.237,6.3067093,0,,,,,1671.5183735473308,0.0005954631,200.02454825815983,0.0006639274,0.0011342486,-0.003647626
2727.694112175331,7392.7563,6.3089643,-0.0037831983,216034,1671.5177663489044,200.02485209672366,6849.173,5.4039307,3285.961,2.2488441,7392.7563,6.3089643,0,,,,,1671.5177663489044,0.0005956592,200.02485209672366,0.0006645862,0.0009968526,-0.0045525045
2727.7010564722177,7387.34,6.30466,-0.0037833427,216035,1671.517293490673,200.0248838809135,6844.5293,5.4002438,3286.8955,2.2481713,7387.34,6.30466,0,,,,,1671.517293490673,0.00059628603,200.0248838809135,0.00066456187,0.0010837578,-0.003947799
2727.7080007691034,7400.5312,6.307775,-0.003783487,216036,1671.5175707191445,200.0249497210916,6855.51,5.4029117,3288.0107,2.2487898,7400.5312,6.307775,0,,,,,1671.5175707191445,0.00059526664,200.0249497210916,0.0006636192,0.001407478,-0.0039052314
2727.71494506599,7398.163,6.3043785,-0.0037836314,216037,1671.5165761936507,200.02570086017053,6853.871,5.400002,3282.4849,2.2461395,7398.163,6.3043785,0,,,,,1671.5165761936507,0.00059500744,200.02570086017053,0.00066356687,0.0003454756,-0.0040905573
2727.7218893631093,7393.2935,6.3023353,-0.0037837755,216038,1671.5173717653406,200.025879477074,6849.4746,5.3982525,3279.1006,2.2456617,7393.2935,6.3023353,0,,,,,1671.5173717653406,0.0005950407,200.025879477074,0.00066361716,0.00029793425,-0.004072601
2727.7288336599945,7393.384,6.30678,-0.0037839198,216039,1671.5181205501503,200.02526541960376,6848.568,5.4020596,3278.866,2.2469559,7393.384,6.30678,0,,,,,1671.5181205501503,0.0005957069,200.02526541960376,0.0006647258,0.000985447,-0.004257702
2727.735777957114,7407.663,6.3026276,-0.003784064,216040,1671.5189154712923,200.02541064799357,6861.3506,5.3985023,3272.6772,2.2440698,7407.663,6.3026276,0,,,,,1671.5189154712923,0.00059418933,200.02541064799357,0.000662815,0.0016575012,-0.0047711045
2727.7427222540005,7399.171,6.3031864,-0.0037842083,216041,1671.518506968552,200.02471090849545,6854.742,5.3989816,3272.1384,2.2451458,7399.171,6.3031864,0,,,,,1671.518506968552,0.0005950471,200.02471090849545,0.00066305965,0.0010242341,-0.0035141765
2727.7496665511194,7399.105,6.298782,-0.0037843524,216042,1671.518258497297,200.02501809209386,6854.424,5.395209,3266.934,2.2418027,7399.105,6.298782,0,,,,,1671.518258497297,0.0005944472,200.02501809209386,0.0006629714,0.0010746481,-0.0035140892
2727.7566108482383,7390.8174,6.2948318,-0.0037844966,216043,1671.517386197669,200.02355576239847,6847.3823,5.391825,3262.4414,2.2404687,7390.8174,6.2948318,0,,,,,1671.517386197669,0.00059470127,200.02355576239847,0.00066327176,0.00086559594,-0.004348913
2727.763555145358,7392.536,6.294526,-0.0037846407,216044,1671.5179006668436,200.0258324023029,6848.943,5.391563,3254.853,2.2398381,7392.536,6.294526,0,,,,,1671.5179006668436,0.00059481367,200.0258324023029,0.00066262996,0.0017008977,-0.004529959
2727.770499442477,7394.0703,6.2913914,-0.0037847848,216045,1671.5179757459425,200.02478069694263,6849.5054,5.3888783,3248.766,2.237801,7394.0703,6.2913914,0,,,,,1671.5179757459425,0.0005940682,200.02478069694263,0.0006623875,0.0021683534,-0.0050355564
2727.777443739596,7388.81,6.2887845,-0.003784929,216046,1671.5176320798037,200.0249468152921,6846.217,5.3866453,3241.5432,2.2362819,7388.81,6.2887845,0,,,,,1671.5176320798037,0.0005940846,200.0249468152921,0.0006620928,0.0003156273,-0.003156844
2727.784388036715,7393.45,6.286278,-0.003785073,216047,1671.5174040182571,200.02467035481615,6849.535,5.3844986,3234.8538,2.2339761,7393.45,6.286278,0,,,,,1671.5174040182571,0.0005935471,200.02467035481615,0.0006619697,0.0009893823,-0.003945464
2727.7913323340667,7398.714,6.2833905,-0.003785217,216048,1671.5171568054343,200.0248355538861,6853.393,5.3820252,3222.2974,2.230435,7398.714,6.2833905,0,,,,,1671.5171568054343,0.00059308985,200.0248355538861,0.0006614635,0.0008388105,-0.004683178
2727.798276631186,7389.336,6.2782764,-0.003785361,216049,1671.5175048195424,200.02603139847983,6846.3735,5.3776445,3216.2476,2.2282403,7389.336,6.2782764,0,,,,,1671.5175048195424,0.000592928,200.02603139847983,0.0006612377,0.00048622963,-0.0037683258
2727.8052209285383,7383.0786,6.2737064,-0.003785505,216050,1671.5183910784879,200.02382321742752,6839.621,5.37373,3210.9648,2.2268515,7383.0786,6.2737064,0,,,,,1671.5183910784879,0.00059313007,200.02382321742752,0.0006611764,0.0009446503,-0.004864434
2727.8121652256564,7394.688,6.2779045,-0.003785649,216051,1671.5169578479974,200.02479614824122,6849.2124,5.377326,3207.2004,2.2273407,7394.688,6.2779045,0,,,,,1671.5169578479974,0.00059289223,200.02479614824122,0.00066066993,0.00062124076,-0.0036619117
2727.819109523009,7390.258,6.269653,-0.003785793,216052,1671.5175955907,200.02493082113475,6846.1167,5.3702583,3193.3528,2.222058,7390.258,6.269653,0,,,,,1671.5175955907,0.00059218233,200.02493082113475,0.0006599742,0.00041360647,-0.0027118276
2727.826053820361,7381.9536,6.267799,-0.0037859369,216053,1671.5179696514845,200.02296390562853,6837.9795,5.3686705,3194.0862,2.2211795,7381.9536,6.267799,0,,,,,1671.5179696514845,0.00059290376,200.02296390562853,0.0006606614,0.001328254,-0.004491616
2727.8329981177126,7400.2573,6.27075,-0.0037860807,216054,1671.5168704041976,200.02429063582832,6854.7007,5.371198,3184.5764,2.2211018,7400.2573,6.27075,0,,,,,1671.5168704041976,0.0005921842,200.02429063582832,0.00065928313,0.00048812886,-0.0035304928
2727.8399424150643,7400.4834,6.2672286,-0.0037862246,216055,1671.5177414682128,200.02573391672684,6854.7534,5.3681817,3178.4702,2.2190235,7400.4834,6.2672286,0,,,,,1671.5177414682128,0.00059083186,200.02573391672684,0.000659141,0.0020340271,-0.0033981518
2727.846886712417,7388.779,6.262728,-0.0037863685,216056,1671.5182201527507,200.02372176200026,6844.381,5.364327,3174.8389,2.2172835,7388.779,6.262728,0,,,,,1671.5182201527507,0.0005914973,200.02372176200026,0.0006597213,6.0130496e-05,-0.0043862686
2727.853831009769,7399.2773,6.2633677,-0.0037865124,216057,1671.5171825063055,200.0256986744195,6852.7285,5.364875,3165.1077,2.2158551,7399.2773,6.2633677,0,,,,,1671.5171825063055,0.00059110194,200.0256986744195,0.00065875205,0.0005597627,-0.0036804872
2727.8607753073534,7388.879,6.257559,-0.003786656,216058,1671.5176266600172,200.02413455425426,6846.245,5.3598995,3163.814,2.21387,7388.879,6.257559,0,,,,,1671.5176266600172,0.00059085013,200.02413455425426,0.0006585707,0.0011003298,-0.0044947616
2727.867719604705,7403.3813,6.2598658,-0.0037868,216059,1671.5178791647513,200.0261638693149,6857.0737,5.361875,3154.6426,2.2120311,7403.3813,6.2598658,0,,,,,1671.5178791647513,0.00059034943,200.0261638693149,0.00065811066,2.2081325e-05,-0.0021701267
2727.8746639022897,7402.5796,6.255769,-0.0037869436,216060,1671.5173610611882,200.02610538305075,6856.192,5.3583655,3150.1692,2.2102556,7402.5796,6.255769,0,,,,,1671.5173610611882,0.00058992306,200.02610538305075,0.0006575086,-0.00010941726,-0.0036468431
2727.8816081996415,7389.04,6.2518435,-0.0037870875,216061,1671.5168633395579,200.02483659974763,6844.7056,5.355004,3145.95,2.209392,7389.04,6.2518435,0,,,,,1671.5168633395579,0.00059034163,200.02483659974763,0.0006581771,0.0011161221,-0.0027441147
2727.8885524972266,7394.465,6.250191,-0.0037872312,216062,1671.516955373263,200.02417732893835,6850.42,5.353588,3144.1938,2.2079785,7394.465,6.250191,0,,,,,1671.516955373263,0.0005895396,200.02417732893835,0.00065740617,2.8919121e-05,-0.0040208166
2727.895496794812,7398.6436,6.252081,-0.0037873748,216063,1671.5184095139323,200.02473487656744,6853.2,5.355207,3139.5676,2.2098978,7398.6436,6.252081,0,,,,,1671.5184095139323,0.0005898671,200.02473487656744,0.0006575009,0.0015020574,-0.0041380506
2727.902441092396,7399.2544,6.249074,-0.0037875185,216064,1671.5157992555453,200.02602356122506,6854.444,5.3526316,3133.0278,2.2061176,7399.2544,6.249074,0,,,,,1671.5157992555453,0.0005895317,200.02602356122506,0.000656846,0.00010160498,-0.003231487
2727.9093853899803,7398.7197,6.2473683,-0.0037876621,216065,1671.5172506821423,200.0259091070389,6852.2773,5.3511705,3130.7136,2.205071,7398.7197,6.2473683,0,,,,,1671.5172506821423,0.00058955385,200.0259091070389,0.00065694365,0.00077164243,-0.0036660538
2727.916329687566,7387.011,6.2437277,-0.0037878058,216066,1671.518504098146,200.02405900592942,6843.702,5.348052,3125.5198,2.2037265,7387.011,6.2437277,0,,,,,1671.518504098146,0.000589641,200.02405900592942,0.000657712,0.00093091745,-0.0038496363
2727.92327398515,7370.0586,6.240034,-0.0037879494,216067,1671.519049264604,200.02535354767042,6828.5884,5.344888,3126.4626,2.2034998,7370.0586,6.240034,0,,,,,1671.519049264604,0.0005906099,200.02535354767042,0.0006589635,0.00075656734,-0.003308491
2727.930218282734,7342.9033,6.233202,-0.003788093,216068,1671.5175485060981,200.0249056361005,6804.213,5.3390365,3121.3738,2.2038255,7342.9033,6.233202,0,,,,,1671.5175485060981,0.0005919143,200.0249056361005,0.00066038733,0.0009348512,-0.0037412853
2727.9371625805525,7333.8384,6.2291737,-0.0037882365,216069,1671.5178163252472,200.02515893982527,6797.4556,5.335586,3122.7185,2.20192,7333.8384,6.2291737,0,,,,,1671.5178163252472,0.0005921337,200.02515893982527,0.0006609175,0.00089002796,-0.0029787896
2727.9441068781375,7348.0645,6.232417,-0.0037883802,216070,1671.5175363075466,200.02390785361752,6809.877,5.338364,3122.193,2.2015984,7348.0645,6.232417,0,,,,,1671.5175363075466,0.0005918218,200.02390785361752,0.0006595948,0.0010600293,-0.0040060245
2727.951051175955,7338.265,6.2311087,-0.0037885236,216071,1671.5171131771488,200.02310914373777,6802.6084,5.3372436,3118.9795,2.202457,7338.265,6.2311087,0,,,,,1671.5171131771488,0.0005920468,200.02310914373777,0.00066017057,0.00086155947,-0.004174876
2727.9579954735395,7330.6597,6.2266693,-0.0037886673,216072,1671.5175409299843,200.02391590937864,6796.2607,5.333441,3113.3994,2.1995943,7330.6597,6.2266693,0,,,,,1671.5175409299843,0.00059228204,200.02391590937864,0.000660398,0.0012259957,-0.003988205
2727.964939771358,7323.745,6.2252297,-0.0037888107,216073,1671.5181297978518,200.02470010173013,6789.8687,5.332208,3114.5208,2.199459,7323.745,6.2252297,0,,,,,1671.5181297978518,0.00059278595,200.02470010173013,0.00066076894,0.00017016282,-0.0031325815
2727.971884069175,7338.286,6.2252493,-0.003788954,216074,1671.5175416543345,200.023880810591,6800.8384,5.3322244,3109.9956,2.1980255,7338.286,6.2252493,0,,,,,1671.5175416543345,0.00059181085,200.023880810591,0.0006597374,0.0011441237,-0.00405457
2727.978828366992,7339.3643,6.2289443,-0.0037890975,216075,1671.5197823014391,200.02519931079857,6801.674,5.3353896,3102.9128,2.1992226,7339.3643,6.2289443,0,,,,,1671.5197823014391,0.0005915359,200.02519931079857,0.00066038675,0.00217258,-0.0031138274
2727.98577266481,7326.0864,6.2196627,-0.003789241,216076,1671.5167223570343,200.02502006257416,6791.288,5.3274393,3102.5837,2.1956263,7326.0864,6.2196627,0,,,,,1671.5167223570343,0.00059185,200.02502006257416,0.0006599307,0.00053781376,-0.0037717992
2727.992716962627,7338.5547,6.222877,-0.0037893844,216077,1671.5171863690707,200.02493779884728,6802.3276,5.3301926,3097.823,2.1955447,7338.5547,6.222877,0,,,,,1671.5171863690707,0.0005914309,200.02493779884728,0.0006594456,0.001260816,-0.0035445087
2727.999661260444,7340.375,6.2210665,-0.0037895278,216078,1671.5180372082807,200.02382258720974,6803.2163,5.3286414,3095.457,2.1960006,7340.375,6.2210665,0,,,,,1671.5180372082807,0.0005908399,200.02382258720974,0.000658932,0.0010348958,-0.0037608217
2728.006605558263,7342.192,6.2193108,-0.0037896712,216079,1671.5172399531657,200.02431483622888,6805.7563,5.327138,3088.7056,2.1930475,7342.192,6.2193108,0,,,,,1671.5172399531657,0.00059053407,200.02431483622888,0.00065843266,0.00016502455,-0.0032301084
2728.0135498563136,7336.684,6.2178516,-0.0037898144,216080,1671.517553976023,200.0244333928273,6799.097,5.325888,3083.6248,2.1923833,7336.684,6.2178516,0,,,,,1671.517553976023,0.0005908079,200.0244333928273,0.0006591326,0.0005995257,-0.003620951
2728.02049415413,7345.4175,6.2160993,-0.0037899578,216081,1671.5176434069442,200.0244378722556,6807.0825,5.324387,3076.9885,2.1896894,7345.4175,6.2160993,0,,,,,1671.5176434069442,0.00058988744,200.0244378722556,0.0006578236,0.0006060071,-0.0038626886
2728.027438452181,7357.168,6.217537,-0.003790101,216082,1671.5167433098763,200.02447718557795,6817.3467,5.3256183,3071.0452,2.1881528,7357.168,6.217537,0,,,,,1671.5167433098763,0.00058923423,200.02447718557795,0.00065715937,0.00023089327,-0.002089024
2728.0343827499987,7353.076,6.2117467,-0.0037902445,216083,1671.5187266450994,200.02356618391104,6815.3804,5.320659,3062.9224,2.1850483,7353.076,6.2117467,0,,,,,1671.5187266450994,0.0005888047,200.02356618391104,0.0006567202,0.0009955725,-0.0034871297
2728.041327048048,7365.952,6.210688,-0.0037903877,216084,1671.518641090403,200.02338187375935,6824.0503,5.319752,3055.1697,2.1843147,7365.952,6.210688,0,,,,,1671.518641090403,0.00058785646,200.02338187375935,0.0006556911,0.0011995016,-0.0048168316
2728.0482713460988,7385.8237,6.213438,-0.0037905308,216085,1671.516640422785,200.02585890676824,6841.781,5.3221073,3048.5222,2.1824126,7385.8237,6.213438,0,,,,,1671.516640422785,0.0005868366,200.02585890676824,0.0006540753,0.00028311255,-0.0015929564
2728.0552156441495,7407.3223,6.2123046,-0.003790674,216086,1671.517068737616,200.02583324968015,6859.8574,5.321137,3037.3909,2.1789925,7407.3223,6.2123046,0,,,,,1671.517068737616,0.0005851995,200.02583324968015,0.0006518773,9.6634605e-05,-0.0020098023
2728.0621599421997,7400.7607,6.2100415,-0.0037908172,216087,1671.5170998432766,200.02437025686743,6855.404,5.3191986,3030.1238,2.176871,7400.7607,6.2100415,0,,,,,1671.5170998432766,0.0005853515,200.02437025686743,0.000652418,0.00087610766,-0.0038671482
2728.069104240251,7387.04,6.2029037,-0.0037909604,216088,1671.516636818359,200.02561576411097,6843.0703,5.3130846,3020.6926,2.173903,7387.04,6.2029037,0,,,,,1671.516636818359,0.0005856018,200.02561576411097,0.00065278076,-0.00037475058,-0.0026101628
2728.0760485383003,7394.158,6.1995,-0.0037911036,216089,1671.5174054100332,200.0247329505819,6849.085,5.310169,3010.7476,2.169976,7394.158,6.1995,0,,,,,1671.5174054100332,0.0005845833,200.0247329505819,0.000651947,0.0010974263,-0.003712513
2728.082992836351,7389.4087,6.196335,-0.0037912468,216090,1671.5176591276802,200.02489996554294,6845.326,5.307458,3004.3545,2.169013,7389.4087,6.196335,0,,,,,1671.5176591276802,0.0005842459,200.02489996554294,0.0006520827,0.00060547946,-0.003403713
2728.0899371346345,7409.6855,6.1964045,-0.0037913898,216091,1671.5175541274973,200.0269962909826,6862.147,5.3075175,2994.945,2.1657658,7409.6855,6.1964045,0,,,,,1671.5175541274973,0.0005829516,200.0269962909826,0.00065028755,0.0014486547,-0.0030777282
2728.0968814326848,7399.4404,6.190669,-0.003791533,216092,1671.5173790995686,200.02530466932268,6852.222,5.3026047,2984.1362,2.1631346,7399.4404,6.190669,0,,,,,1671.5173790995686,0.00058341614,200.02530466932268,0.00065063813,-2.0453728e-05,-0.0026849445
2728.103825730735,7392.662,6.186347,-0.0037916761,216093,1671.5164655815406,200.02509107941813,6848.199,5.2989035,2976.4543,2.1612833,7392.662,6.186347,0,,,,,1671.5164655815406,0.00058351725,200.02509107941813,0.0006500963,-8.860077e-05,-0.0027605263
2728.1107700290186,7396.278,6.1849217,-0.003791819,216094,1671.518037410035,200.02502372738482,6849.5176,5.297682,2971.3245,2.1606104,7396.278,6.1849217,0,,,,,1671.518037410035,0.0005832098,200.02502372738482,0.0006500353,0.0012693296,-0.0038138814
2728.117714327302,7404.3604,6.1855173,-0.003791962,216095,1671.5165475072795,200.0247077854735,6858.401,5.298192,2967.6936,2.1601217,7404.3604,6.1855173,0,,,,,1671.5165475072795,0.00058225123,200.0247077854735,0.00064894767,0.0007677072,-0.0027649223
2728.124658625352,7392.794,6.179471,-0.0037921052,216096,1671.5164150423502,200.02503809286767,6848.5493,5.2930136,2958.8193,2.1560366,7392.794,6.179471,0,,,,,1671.5164150423502,0.0005826909,200.02503809286767,0.00064969657,6.832636e-05,-0.0031919584
2728.1316029236355,7386.4644,6.1763606,-0.0037922482,216097,1671.5177545742222,200.02528302241944,6843.503,5.290349,2952.8438,2.1538045,7386.4644,6.1763606,0,,,,,1671.5177545742222,0.00058276,200.02528302241944,0.0006496843,0.0021861282,-0.0026425763
2728.1385472219185,7387.7783,6.177221,-0.0037923912,216098,1671.5175872261632,200.02452940814885,6844.494,5.2910857,2950.2783,2.1559584,7387.7783,6.177221,0,,,,,1671.5175872261632,0.0005826216,200.02452940814885,0.0006494359,-0.00019587405,-0.0032021087
2728.1454915202016,7402.579,6.1742415,-0.0037925341,216099,1671.5168376282163,200.02584823492276,6854.97,5.288534,2941.813,2.1518314,7402.579,6.1742415,0,,,,,1671.5168376282163,0.00058148766,200.02584823492276,0.00064831856,0.0006045702,-0.0018191979
2728.1524358184847,7401.973,6.1745553,-0.003792677,216100,1671.5169721081493,200.02431940074428,6856.7876,5.2888026,2939.5713,2.1513176,7401.973,6.1745553,0,,,,,1671.5169721081493,0.00058157824,200.02431940074428,0.00064782856,0.0011191625,-0.003412813
2728.1593801167687,7390.694,6.170115,-0.00379282,216101,1671.5169864466807,200.02551551207557,6846.5547,5.2849994,2935.1768,2.1489093,7390.694,6.170115,0,,,,,1671.5169864466807,0.0005820153,200.02551551207557,0.0006485467,-0.00050027826,-0.0020280862
2728.1663244150513,7397.3506,6.170825,-0.003792963,216102,1671.517492678208,200.02492038398046,6852.1953,5.2856073,2935.1367,2.149579,7397.3506,6.170825,0,,,,,1671.517492678208,0.00058121467,200.02492038398046,0.0006481269,0.0008540185,-0.0031801774
2728.173268713567,7405.7485,6.1731415,-0.0037931057,216103,1671.5170357161335,200.0250715647888,6860.6064,5.287592,2929.716,2.1481197,7405.7485,6.1731415,0,,,,,1671.5170357161335,0.00058108754,200.0250715647888,0.0006476458,0.0007413283,-0.0033786283
2728.180213011851,7402.1167,6.16922,-0.0037932487,216104,1671.516548154376,200.02513280371494,6856.039,5.2842326,2926.0645,2.1481822,7402.1167,6.16922,0,,,,,1671.516548154376,0.0005809488,200.02513280371494,0.0006477182,-0.0004302911,-0.0026088862
2728.1871573103667,7404.657,6.1686897,-0.0037933914,216105,1671.5172567114084,200.0242538428395,6857.711,5.2837787,2923.2476,2.1465209,7404.657,6.1686897,0,,,,,1671.5172567114084,0.0005809391,200.0242538428395,0.0006472411,0.00044940025,-0.0025512865
2728.1941016086494,7400.514,6.1684074,-0.0037935344,216106,1671.5172314401377,200.02488635401963,6854.8184,5.283537,2920.3489,2.1460354,7400.514,6.1684074,0,,,,,1671.5172314401377,0.0005807881,200.02488635401963,0.00064790074,7.472848e-05,-0.0025069385
2728.201045907166,7410.009,6.1664724,-0.003793677,216107,1671.5174362460004,200.02610834840058,6863.4443,5.281879,2915.3918,2.1441514,7410.009,6.1664724,0,,,,,1671.5174362460004,0.0005799479,200.02610834840058,0.0006464013,0.00025814085,-0.0010638031
2728.20799020545,7401.5913,6.1648917,-0.00379382,216108,1671.5174804907851,200.02413546846213,6856.918,5.280525,2915.626,2.1425757,7401.5913,6.1648917,0,,,,,1671.5174804907851,0.0005805824,200.02413546846213,0.0006470173,0.0012791596,-0.003970644
2728.2149345039657,7391.561,6.164969,-0.0037939628,216109,1671.5167251944235,200.02606634003266,6847.6875,5.2805915,2919.0994,2.144955,7391.561,6.164969,0,,,,,1671.5167251944235,0.00058137043,200.02606634003266,0.0006476593,0.000497139,-0.0022754192
2728.221878802481,7400.5625,6.165832,-0.0037941055,216110,1671.5176079714254,200.0238376215198,6854.878,5.281331,2913.1147,2.144719,7400.5625,6.165832,0,,,,,1671.5176079714254,0.0005806162,200.0238376215198,0.0006472818,0.0010876658,-0.0024968826
2728.228823100998,7400.6973,6.167676,-0.0037942482,216111,1671.5177731832575,200.02611286046854,6856.5693,5.2829103,2914.638,2.1442304,7400.6973,6.167676,0,,,,,1671.5177731832575,0.0005804732,200.02611286046854,0.0006475241,0.00014756373,-0.0008281205
2728.2357673995134,7394.274,6.161258,-0.003794391,216112,1671.5171433145197,200.02483253113152,6850.189,5.277413,2910.9224,2.1421926,7394.274,6.161258,0,,,,,1671.5171433145197,0.000580827,200.02483253113152,0.0006474349,0.00013313022,-0.0035346225
2728.2427116980293,7401.1597,6.1642046,-0.0037945337,216113,1671.5170401255284,200.02446887945027,6855.4893,5.279937,2911.9363,2.144597,7401.1597,6.1642046,0,,,,,1671.5170401255284,0.000580003,200.02446887945027,0.00064702996,0.00025011622,-0.0028757784
2728.249655996546,7402.059,6.1620865,-0.0037946764,216114,1671.5166612690823,200.02571637942353,6856.3887,5.2781224,2905.876,2.1408029,7402.059,6.1620865,0,,,,,1671.5166612690823,0.00058033294,200.02571637942353,0.0006469207,0.00017904036,-0.0023086292
2728.256600295062,7382.8877,6.1584883,-0.0037948191,216115,1671.5166524720796,200.0254573677444,6840.3276,5.2750406,2909.8818,2.1412313,7382.8877,6.1584883,0,,,,,1671.5166524720796,0.0005810525,200.0254573677444,0.0006479335,-0.00022545498,-0.0030048299
2728.263544593811,7392.2065,6.1582737,-0.0037949616,216116,1671.5176083352367,200.02555984653242,6847.871,5.2748566,2903.2937,2.1404977,7392.2065,6.1582737,0,,,,,1671.5176083352367,0.00058051554,200.02555984653242,0.00064757135,0.00063294865,-0.0019773743
2728.2704888923267,7392.5947,6.159503,-0.0037951043,216117,1671.5174892423308,200.02499807522236,6848.2075,5.27591,2901.6243,2.1426926,7392.5947,6.159503,0,,,,,1671.5174892423308,0.0005806679,200.02499807522236,0.0006472431,0.0007673099,-0.002545723
2728.2774331908427,7396.9053,6.157595,-0.003795247,216118,1671.5175602896718,200.02467935398784,6852.881,5.2742753,2899.209,2.1386547,7396.9053,6.157595,0,,,,,1671.5175602896718,0.0005800355,200.02467935398784,0.00064650003,0.0012111521,-0.0032629126
2728.2843774895914,7395.513,6.1544733,-0.0037953896,216119,1671.516618634115,200.02507350072324,6850.6777,5.271601,2891.2324,2.1373615,7395.513,6.1544733,0,,,,,1671.516618634115,0.00058005325,200.02507350072324,0.0006462133,-0.00028375263,-0.0012036933
2728.2913217881073,7393.513,6.1530952,-0.0037955323,216120,1671.516704930021,200.02517627184096,6849.8457,5.270421,2888.2695,2.1354492,7393.513,6.1530952,0,,,,,1671.516704930021,0.0005798987,200.02517627184096,0.0006464057,0.00039671606,-0.002527183
2728.298266086856,7386.3306,6.1491466,-0.0037956748,216121,1671.5180155044511,200.02415598043382,6844.197,5.2670393,2884.07,2.134241,7386.3306,6.1491466,0,,,,,1671.5180155044511,0.00057984947,200.02415598043382,0.00064630643,0.00022191355,-0.0029893008
2728.305210385605,7395.524,6.1512814,-0.0037958173,216122,1671.5169464879382,200.02573268908762,6851.561,5.2688675,2882.1055,2.134299,7395.524,6.1512814,0,,,,,1671.5169464879382,0.00057924027,200.02573268908762,0.00064578216,0.000884486,-0.0019272908
2728.312154684354,7391.3022,6.1471357,-0.0037959598,216123,1671.516680198861,200.02344188998924,6847.908,5.2653165,2875.285,2.1319685,7391.3022,6.1471357,0,,,,,1671.516680198861,0.0005790742,200.02344188998924,0.00064541516,-0.00053723576,-0.002884262
2728.3190989828704,7384.1143,6.144189,-0.0037961025,216124,1671.5178894900348,200.02492749937537,6841.4663,5.262792,2865.5886,2.1302767,7384.1143,6.144189,0,,,,,1671.5178894900348,0.0005797342,200.02492749937537,0.00064624613,0.0014130415,-0.0026017635
2728.326043281619,7397.005,6.1424294,-0.003796245,216125,1671.5160974900598,200.0252396762433,6853.415,5.261285,2858.5845,2.127627,7397.005,6.1424294,0,,,,,1671.5160974900598,0.00057839515,200.0252396762433,0.00064466626,0.00038567878,-0.0029112701
2728.332987580368,7396.5176,6.1404862,-0.0037963875,216126,1671.5162188062093,200.0260061733008,6851.9453,5.2596207,2849.8972,2.1281364,7396.5176,6.1404862,0,,,,,1671.5162188062093,0.0005780206,200.0260061733008,0.00064461544,-0.00042079808,-0.0021903533
2728.3399318793495,7395.0024,6.132108,-0.0037965297,216127,1671.51739244151,200.02455779791967,6850.7344,5.2524447,2835.829,2.1200898,7395.0024,6.132108,0,,,,,1671.51739244151,0.00057771226,200.02455779791967,0.00064370554,0.0012385547,-0.0021345883
2728.3468761780982,7394.243,6.132058,-0.0037966722,216128,1671.5166460496432,200.02501172169832,6851.238,5.252402,2828.3967,2.1189039,7394.243,6.132058,0,,,,,1671.5166460496432,0.0005773976,200.02501172169832,0.0006441773,-0.0005271657,-0.0020918262
2728.353820476847,7392.3433,6.127163,-0.0037968147,216129,1671.5184995954069,200.02423760161759,6848.255,5.248209,2820.234,2.1165044,7392.3433,6.127163,0,,,,,1671.5184995954069,0.00057779974,200.02423760161759,0.0006432668,0.0013043949,-0.0027082074
2728.3607647755966,7400.311,6.123505,-0.0037969572,216130,1671.5172225887864,200.02648460036397,6855.5977,5.2450757,2807.1418,2.1131563,7400.311,6.123505,0,,,,,1671.5172225887864,0.0005759673,200.02648460036397,0.0006422429,1.6819853e-05,-0.001823824
2728.3677090743454,7391.976,6.1182046,-0.0037970997,216131,1671.5174416432471,200.0251849070688,6849.7036,5.2405357,2799.7217,2.1100645,7391.976,6.1182046,0,,,,,1671.5174416432471,0.00057626027,200.0251849070688,0.0006422463,0.00028421142,-0.00166627
2728.3746533733274,7404.6855,6.116007,-0.003797242,216132,1671.5176342325667,200.02464984249713,6858.972,5.238653,2786.7737,2.1064105,7404.6855,6.116007,0,,,,,1671.5176342325667,0.0005750006,200.02464984249713,0.000641497,0.00096971693,-0.0023214514
2728.3815976720766,7383.126,6.1060944,-0.0037973844,216133,1671.5162559822163,200.02548783979262,6841.7207,5.2301626,2775.1504,2.1026068,7383.126,6.1060944,0,,,,,1671.5162559822163,0.0005757259,200.02548783979262,0.00064174714,0.00043725772,-0.003081536
2728.3885419710573,7394.643,6.103649,-0.0037975267,216134,1671.516546949298,200.02561782104294,6851.058,5.228068,2764.7522,2.0989475,7394.643,6.103649,0,,,,,1671.516546949298,0.0005744535,200.02561782104294,0.0006405363,-0.00014401317,-0.0021557761
2728.3954862698065,7384.3047,6.1010337,-0.0037976692,216135,1671.518928283355,200.02519271636265,6842.4775,5.225828,2758.1306,2.0984058,7384.3047,6.1010337,0,,,,,1671.518928283355,0.0005748111,200.02519271636265,0.00064137805,0.0008708362,-0.0022425991
2728.4024305687885,7391.3164,6.0942335,-0.0037978115,216136,1671.5167994876883,200.02531417679796,6847.8525,5.220003,2741.925,2.093591,7391.3164,6.0942335,0,,,,,1671.5167994876883,0.0005737259,200.02531417679796,0.0006395813,-0.0007442206,-0.001965539
2728.409374867769,7390.65,6.0921063,-0.0037979537,216137,1671.517770985711,200.0246306072593,6848.443,5.218181,2729.3516,2.0900047,7390.65,6.0921063,0,,,,,1671.517770985711,0.0005740064,200.0246306072593,0.00063934166,0.00047593404,-0.001763618
2728.4163191667512,7394.7065,6.0871077,-0.003798096,216138,1671.5168849690306,200.0244561362704,6850.278,5.2138996,2718.6729,2.085934,7394.7065,6.0871077,0,,,,,1671.5168849690306,0.00057310105,200.0244561362704,0.00063860236,0.00047780608,-0.0019418374
2728.423263465734,7392.5547,6.0805993,-0.0037982382,216139,1671.516787610958,200.02498814046922,6849.0977,5.2083244,2706.12,2.0819194,7392.5547,6.0805993,0,,,,,1671.516787610958,0.0005722528,200.02498814046922,0.00063802896,-5.4083368e-05,-0.002182214
2728.4302077644825,7398.4707,6.081239,-0.0037983807,216140,1671.5174789453051,200.0246838886772,6854.1597,5.2088733,2698.134,2.081025,7398.4707,6.081239,0,,,,,1671.5174789453051,0.0005722537,200.0246838886772,0.00063736894,0.00061249756,-0.0019028292
2728.4371520634636,7397.9453,6.0744224,-0.003798523,216141,1671.5168396304757,200.02517857122447,6854.8936,5.203034,2684.1672,2.0770078,7397.9453,6.0744224,0,,,,,1671.5168396304757,0.0005714747,200.02517857122447,0.0006366724,-0.00012776139,-0.0023006701
2728.444096362446,7389.0083,6.0708838,-0.0037986652,216142,1671.5173275586944,200.02557525929547,6846.8936,5.200003,2679.1702,2.074909,7389.0083,6.0708838,0,,,,,1671.5173275586944,0.00057134446,200.02557525929547,0.000637041,0.0004990829,-0.0012477532
2728.45104066166,7390.724,6.0658345,-0.0037988073,216143,1671.517140805068,200.02450422914922,6848.3223,5.195678,2668.4302,2.0710623,7390.724,6.0658345,0,,,,,1671.517140805068,0.0005711013,200.02450422914922,0.0006359181,0.00053499726,-0.0015313105
2728.457984960641,7402.8003,6.066873,-0.0037989495,216144,1671.5170988957225,200.02466101614115,6858.5596,5.1965675,2656.9902,2.0687106,7402.8003,6.066873,0,,,,,1671.5170988957225,0.000570253,200.02466101614115,0.0006359426,0.00031100324,-0.00232495
2728.4649292596237,7397.289,6.059707,-0.0037990918,216145,1671.517834047931,200.026473095957,6853.8105,5.1904297,2647.054,2.0654294,7397.289,6.059707,0,,,,,1671.517834047931,0.0005699665,200.026473095957,0.0006352972,-0.0007138967,-0.0016477342
2728.4718735586052,7402.273,6.057491,-0.003799234,216146,1671.5171896449424,200.02457910329113,6857.9844,5.1885314,2639.0483,2.0632832,7402.273,6.057491,0,,,,,1671.5171896449424,0.0005692649,200.02457910329113,0.0006347119,0.00089826714,-0.0023382264
2728.4788178578196,7391.0356,6.050249,-0.003799376,216147,1671.517864828121,200.0238966802706,6847.758,5.1823287,2630.1694,2.0586467,7391.0356,6.050249,0,,,,,1671.517864828121,0.00056928996,200.0238966802706,0.00063471857,0.00094044046,-0.0032559894
2728.4857621568012,7396.954,6.051401,-0.0037995183,216148,1671.516169714069,200.02677653598653,6853.145,5.1833153,2628.456,2.0585306,7396.954,6.051401,0,,,,,1671.516169714069,0.00056892843,200.02677653598653,0.0006341428,-0.0008122163,0.0006896294
2728.4927064557837,7401.5396,6.04952,-0.0037996606,216149,1671.5173619879042,200.02449925632098,6858.1294,5.181704,2616.9094,2.0561755,7401.5396,6.04952,0,,,,,1671.5173619879042,0.00056838396,200.02449925632098,0.0006335088,0.0006889157,-0.0027310702
2728.499650754997,7393.925,6.045757,-0.0037998026,216150,1671.5161040619375,200.0259703589275,6850.653,5.1784806,2612.6924,2.0562606,7393.925,6.045757,0,,,,,1671.5161040619375,0.00056829414,200.0259703589275,0.000633935,0.00025176903,-0.001517738
2728.506595054212,7388.459,6.0394673,-0.0037999447,216151,1671.5171485559688,200.02490872770215,6846.8843,5.1730933,2601.848,2.0512369,7388.459,6.0394673,0,,,,,1671.5171485559688,0.00056820613,200.02490872770215,0.0006334141,0.00024690916,-0.0014179499
2728.513539353194,7397.371,6.03949,-0.003800087,216152,1671.5162157378581,200.02464181686685,6854.982,5.1731133,2596.9924,2.0501945,7397.371,6.03949,0,,,,,1671.5162157378581,0.0005674226,200.02464181686685,0.0006325197,0.00018260503,-0.0015666116
2728.5204836524085,7391.2593,6.0357428,-0.003800229,216153,1671.5172138197224,200.02493644428276,6848.221,5.1699033,2591.0432,2.0473263,7391.2593,6.0357428,0,,,,,1671.5172138197224,0.00056751654,200.02493644428276,0.0006330215,0.0010369985,-0.0020506752
2728.527427951623,7388.8125,6.032659,-0.003800371,216154,1671.516849082067,200.02536424203674,6846.528,5.1672616,2583.0818,2.0459974,7388.8125,6.032659,0,,,,,1671.516849082067,0.0005676639,200.02536424203674,0.0006326527,0.00040195129,-0.0016434222
2728.5343722506045,7393.9287,6.0302453,-0.0038005132,216155,1671.5182212632585,200.02465552862347,6851.4634,5.165194,2575.8044,2.04398,7393.9287,6.0302453,0,,,,,1671.5182212632585,0.0005670649,200.02465552862347,0.0006319073,0.0005158178,-0.0021454582
2728.541316549819,7396.0337,6.028709,-0.0038006552,216156,1671.5162791125201,200.02379385580167,6851.5405,5.1638784,2570.7253,2.041955,7396.0337,6.028709,0,,,,,1671.5162791125201,0.0005667317,200.02379385580167,0.0006319031,4.848242e-06,-0.0023154982
2728.5482608490342,7397.343,6.026172,-0.0038007973,216157,1671.517600849368,200.0250991647726,6853.6655,5.161705,2563.6133,2.0407465,7397.343,6.026172,0,,,,,1671.517600849368,0.00056655443,200.0250991647726,0.00063109037,0.0007796105,-0.0015185871
2728.5552051482487,7384.9775,6.0211554,-0.0038009393,216158,1671.5163162390406,200.02594560509561,6843.344,5.157408,2558.9,2.0383298,7384.9775,6.0211554,0,,,,,1671.5163162390406,0.00056681706,200.02594560509561,0.00063159375,-0.00017801832,-0.0010353322
2728.562149447463,7386.057,6.0204864,-0.0038010813,216159,1671.5175165638332,200.0247601806384,6843.9644,5.156835,2554.2866,2.0383253,7386.057,6.0204864,0,,,,,1671.5175165638332,0.000566713,200.0247601806384,0.0006309642,0.0008430987,-0.0020889018
2728.569093746678,7387.8145,6.020268,-0.0038012234,216160,1671.5159404599258,200.02508543319033,6846.0425,5.156648,2549.0073,2.036594,7387.8145,6.020268,0,,,,,1671.5159404599258,0.00056617416,200.02508543319033,0.0006313622,-0.00057037466,-0.0014362369
2728.576038045893,7386.8257,6.017402,-0.0038013654,216161,1671.5163601789363,200.02558188190125,6843.744,5.1541934,2544.5754,2.0343976,7386.8257,6.017402,0,,,,,1671.5163601789363,0.0005668485,200.02558188190125,0.0006313929,0.0002872485,-0.0010846064
2728.5829823451063,7398.729,6.0149,-0.0038015074,216162,1671.5165759530744,200.02478042919108,6853.8594,5.1520505,2534.222,2.0313234,7398.729,6.0149,0,,,,,1671.5165759530744,0.00056523073,200.02478042919108,0.0006299052,0.0002852145,-0.0014992553
2728.589926644554,7378.6616,6.0099773,-0.0038016492,216163,1671.5163882273312,200.02722745719583,6837.2446,5.1478333,2532.545,2.030878,7378.6616,6.0099773,0,,,,,1671.5163882273312,0.0005660835,200.02722745719583,0.0006310023,0.0009259474,-0.0010231521
2728.596870943769,7385.4844,6.0077543,-0.0038017912,216164,1671.5172762444095,200.02488827860074,6844.204,5.1459293,2523.741,2.0276258,7385.4844,6.0077543,0,,,,,1671.5172762444095,0.0005651762,200.02488827860074,0.0006301966,0.00020480517,-0.002931169
2728.603815242983,7387.289,6.007519,-0.0038019333,216165,1671.5165730927176,200.0252122511279,6845.8667,5.145728,2520.393,2.0270557,7387.289,6.007519,0,,,,,1671.5165730927176,0.0005652166,200.0252122511279,0.0006298132,-0.00070912036,-0.00054576475
2728.6107595424305,7388.795,6.005459,-0.003802075,216166,1671.517587056921,200.0246365244723,6847.622,5.1439633,2512.8545,2.0258012,7388.795,6.005459,0,,,,,1671.517587056921,0.00056447677,200.0246365244723,0.00062942144,0.0006754221,-0.001673341
2728.617703841645,7391.6187,6.0057077,-0.003802217,216167,1671.517804069556,200.0250123441573,6849.2188,5.1441765,2512.5295,2.0249565,7391.6187,6.0057077,0,,,,,1671.517804069556,0.0005643841,200.0250123441573,0.00062916445,-2.5594078e-05,-0.00056034274
2728.6246481408593,7387.1016,6.0022097,-0.003802359,216168,1671.5184412807687,200.02447682396004,6843.6562,5.14118,2506.3357,2.0230143,7387.1016,6.0022097,0,,,,,1671.5184412807687,0.00056472485,200.02447682396004,0.0006294623,0.0013530672,-0.001708733
2728.6315924403066,7390.4194,5.9991083,-0.003802501,216169,1671.5165874472932,200.02602035019962,6847.7764,5.138524,2500.148,2.0202243,7390.4194,5.9991083,0,,,,,1671.5165874472932,0.00056391826,200.02602035019962,0.00062875164,8.104126e-05,-0.0014123085
2728.638536739522,7392.5137,5.996996,-0.003802643,216170,1671.5174294338528,200.0249770753562,6849.685,5.1367145,2492.8726,2.0184147,7392.5137,5.996996,0,,,,,1671.5174294338528,0.00056359865,200.0249770753562,0.0006282893,0.00024587195,-0.0018548006
2728.6454810389687,7391.5005,5.9974465,-0.0038027847,216171,1671.5165328093397,200.02535980614567,6849.343,5.1371007,2486.2617,2.0176988,7391.5005,5.9974465,0,,,,,1671.5165328093397,0.0005633814,200.02535980614567,0.00062862143,-0.0001723496,-0.00129974
2728.6524253384155,7379.8057,5.992489,-0.0038029265,216172,1671.5179683107426,200.02451112392845,6839.383,5.1328535,2484.8652,2.017506,7379.8057,5.992489,0,,,,,1671.5179683107426,0.00056420977,200.02451112392845,0.00062843744,0.0009866162,-0.0013906194
2728.659369637631,7393.6704,5.991151,-0.0038030685,216173,1671.5170629786455,200.02662174042027,6851.012,5.131708,2477.5994,2.0137928,7393.6704,5.991151,0,,,,,1671.5170629786455,0.00056287897,200.02662174042027,0.0006275827,0.00042388562,-0.001495514
2728.666313937078,7396.138,5.9900703,-0.0038032103,216174,1671.5160634966044,200.02583442838292,6851.8955,5.1307826,2469.8325,2.0117707,7396.138,5.9900703,0,,,,,1671.5160634966044,0.0005623559,200.02583442838292,0.0006273355,-0.00076419313,-0.0009622612
2728.673258236525,7391.7515,5.9859657,-0.0038033521,216175,1671.5167929300433,200.0253771764604,6849.5513,5.127267,2463.392,2.009493,7391.7515,5.9859657,0,,,,,1671.5167929300433,0.0005623932,200.0253771764604,0.0006272645,0.00012017464,-0.0018775575
2728.680202535973,7400.6113,5.983878,-0.003803494,216176,1671.5173431594026,200.02613263609916,6856.883,5.1254787,2453.016,2.0061004,7400.6113,5.983878,0,,,,,1671.5173431594026,0.0005614245,200.02613263609916,0.0006259032,0.00021920017,-0.00019649953
2728.6871468354207,7388.209,5.978916,-0.0038036357,216177,1671.5156932201182,200.02541394909414,6845.6504,5.121228,2448.7532,2.005059,7388.209,5.978916,0,,,,,1671.5156932201182,0.000561816,200.02541394909414,0.0006268464,-0.00050666276,-0.00087465707
2728.694091134634,7393.023,5.976697,-0.0038037777,216178,1671.5164008473694,200.02450932264543,6849.9546,5.119328,2439.5422,2.002234,7393.023,5.976697,0,,,,,1671.5164008473694,0.0005619883,200.02450932264543,0.00062583043,-4.548739e-05,-0.0024819225
2728.701035434082,7397.016,5.976495,-0.0038039195,216179,1671.515845202503,200.02617215512592,6852.0986,5.119154,2429.9326,2.0003936,7397.016,5.976495,0,,,,,1671.515845202503,0.0005611199,200.02617215512592,0.0006257598,0.0009041061,-0.001241051
2728.7079797335296,7390.5835,5.966685,-0.0038040613,216180,1671.5168195921226,200.02573351879656,6847.407,5.1107516,2419.1543,1.9961697,7390.5835,5.966685,0,,,,,1671.5168195921226,0.0005604237,200.02573351879656,0.0006250405,-0.00081369246,0.00021182347
2728.714924032976,7395.7354,5.9667134,-0.0038042031,216181,1671.5167142119221,200.02556557669843,6852.3955,5.1107764,2409.9368,1.9938716,7395.7354,5.9667134,0,,,,,1671.5167142119221,0.00056054094,200.02556557669843,0.0006245532,0.00044354834,-0.0013310404
2728.721868332424,7390.7036,5.9593573,-0.003804345,216182,1671.5177992468111,200.0260111893412,6847.8003,5.104475,2401.9675,1.9902289,7390.7036,5.9593573,0,,,,,1671.5177992468111,0.0005601201,200.0260111893412,0.0006240175,0.00068520533,-0.0005795112
2728.7288126318713,7390.3545,5.9557314,-0.0038044867,216183,1671.5168966276315,200.02542028509006,6847.2197,5.10137,2390.127,1.9876196,7390.3545,5.9557314,0,,,,,1671.5168966276315,0.0005595654,200.02542028509006,0.0006234598,2.4617646e-05,-0.0011113468
2728.735756931552,7395.9375,5.952406,-0.0038046283,216184,1671.516133990121,200.02530986291285,6853.2134,5.0985208,2375.587,1.9847825,7395.9375,5.952406,0,,,,,1671.516133990121,0.00055864383,200.02530986291285,0.0006224719,-0.00040470072,-0.001451478
2728.7427012309995,7384.893,5.948794,-0.00380477,216185,1671.5165034232684,200.02558784592733,6843.904,5.0954275,2372.945,1.9815415,7384.893,5.948794,0,,,,,1671.5165034232684,0.000558867,200.02558784592733,0.00062310224,-0.00018788197,-0.0007384894
2728.749645530446,7391.255,5.94383,-0.0038049119,216186,1671.5152497742813,200.02665558628388,6848.633,5.0911756,2357.088,1.9781044,7391.255,5.94383,0,,,,,1671.5152497742813,0.000558204,200.02665558628388,0.0006220393,-0.000559567,-0.00030688595
2728.7565898298935,7396.834,5.9377837,-0.0038050537,216187,1671.5168763887302,200.0248801014631,6853.708,5.085996,2343.4065,1.9717566,7396.834,5.9377837,0,,,,,1671.5168763887302,0.00055744505,200.0248801014631,0.00062109553,8.8966e-05,-0.001569662
2728.763534129341,7401.2637,5.9350014,-0.0038051954,216188,1671.5167336413476,200.02582788379354,6856.136,5.0836134,2333.807,1.969805,7401.2637,5.9350014,0,,,,,1671.5167336413476,0.0005565567,200.02582788379354,0.00062063744,0.0003878411,-0.00013176983
2728.7704784290204,7378.6826,5.9267464,-0.003805337,216189,1671.5161031101477,200.02483264565834,6838.3,5.0765424,2323.597,1.9666743,7378.6826,5.9267464,0,,,,,1671.5161031101477,0.0005569998,200.02483264565834,0.0006214608,2.1756596e-05,-0.0017435654
2728.777422728468,7396.8286,5.9255214,-0.0038054788,216190,1671.5157794178954,200.02565656692136,6853.7715,5.0754933,2307.7932,1.9620574,7396.8286,5.9255214,0,,,,,1671.5157794178954,0.00055572635,200.02565656692136,0.0006194858,-0.00060037134,-0.00049490697
2728.7843670279167,7385.1113,5.919353,-0.0038056206,216191,1671.5157539500267,200.0265863819998,6842.9395,5.0702095,2302.4927,1.9586551,7385.1113,5.919353,0,,,,,1671.5157539500267,0.000555922,200.0265863819998,0.00061970705,-0.0005062356,0.000111089525
2728.7913113275968,7382.2837,5.912765,-0.0038057622,216192,1671.5176741075143,200.02475278207262,6841.049,5.0645666,2290.5608,1.954619,7382.2837,5.912765,0,,,,,1671.5176741075143,0.00055552495,200.02475278207262,0.0006191586,-1.8368966e-05,-0.0016402915
2728.798255627044,7392.9834,5.909853,-0.003805904,216193,1671.5161259062331,200.0249028435642,6849.86,5.0620723,2275.5496,1.9508007,7392.9834,5.909853,0,,,,,1671.5161259062331,0.00055466837,200.0249028435642,0.00061799673,-0.0003358476,-0.0007791854
2728.805199926724,7395.008,5.9064984,-0.0038060455,216194,1671.5153258158232,200.0255140611197,6850.2334,5.059199,2264.1353,1.9483377,7395.008,5.9064984,0,,,,,1671.5153258158232,0.0005542031,200.0255140611197,0.0006175394,-0.0005962678,-0.0003020976
2728.8121442261713,7396.381,5.9003406,-0.0038061873,216195,1671.517961787805,200.02467772370403,6852.076,5.0539246,2250.213,1.9435766,7396.381,5.9003406,0,,,,,1671.517961787805,0.0005534566,200.02467772370403,0.00061657064,0.0007584778,-0.001216521
2728.8190885258514,7381.918,5.8981776,-0.0038063289,216196,1671.5166762679914,200.02572802432243,6838.6553,5.052072,2244.8875,1.9428707,7381.918,5.8981776,0,,,,,1671.5166762679914,0.0005541817,200.02572802432243,0.00061824406,-0.00018848463,-0.0013640653
2728.8260328252986,7401.0664,5.8924823,-0.0038064707,216197,1671.5163119542217,200.0257336572122,6856.4385,5.047194,2227.0654,1.9351377,7401.0664,5.8924823,0,,,,,1671.5163119542217,0.00055245013,200.0257336572122,0.0006155672,0.000216428,0.0004882905
2728.8329771249796,7390.3174,5.886343,-0.0038066122,216198,1671.5164218705324,200.02605244218014,6846.6807,5.041935,2221.5925,1.933473,7390.3174,5.886343,0,,,,,1671.5164218705324,0.0005524282,200.02605244218014,0.00061576476,-0.00021830919,-0.00030955096
2728.8399214244264,7395.9116,5.886153,-0.003806754,216199,1671.5167700317743,200.02540208729897,6851.344,5.041773,2210.7778,1.930669,7395.9116,5.886153,0,,,,,1671.5167700317743,0.0005517614,200.02540208729897,0.00061550416,0.00072840287,-0.00086805504
2728.846865724106,7390.0093,5.8835454,-0.0038068956,216200,1671.5159557546356,200.02572666979992,6847.5674,5.039539,2202.104,1.9286174,7390.0093,5.8835454,0,,,,,1671.5159557546356,0.0005519239,200.02572666979992,0.00061589014,-0.00069786527,-0.001809749
2728.8538100237874,7388.385,5.873977,-0.0038070371,216201,1671.5183158639172,200.02476600736023,6844.828,5.031343,2190.5522,1.9241098,7388.385,5.873977,0,,,,,1671.5183158639172,0.0005512003,200.02476600736023,0.00061431614,0.00095441507,-0.0014175513
2728.8607543232342,7390.8496,5.8704333,-0.003807179,216202,1671.5166857667944,200.0265030037588,6847.446,5.0283074,2182.206,1.9209571,7390.8496,5.8704333,0,,,,,1671.5166857667944,0.000550648,200.0265030037588,0.0006136604,-8.768619e-05,0.00019000239
2728.867698622914,7387.208,5.866774,-0.0038073205,216203,1671.5176911299395,200.0254288070231,6842.257,5.025173,2176.6575,1.9189981,7387.208,5.866774,0,,,,,1671.5176911299395,0.00055075873,200.0254288070231,0.0006135241,-5.912024e-05,-0.0019110354
2728.874642922595,7392.384,5.865995,-0.003807462,216204,1671.5162909111882,200.02663099764519,6848.6997,5.024506,2165.8733,1.9159473,7392.384,5.865995,0,,,,,1671.5162909111882,0.00055061775,200.02663099764519,0.000613144,-0.00024076148,0.00032262653
2728.8815872220425,7400.81,5.8622084,-0.0038076038,216205,1671.516858686718,200.02501691280222,6855.4873,5.0212626,2157.71,1.9129593,7400.81,5.8622084,0,,,,,1671.516858686718,0.00054911437,200.02501691280222,0.00061223545,-0.00024866912,-0.0005684768
2728.8885315217217,7392.1406,5.8588605,-0.0038077454,216206,1671.517187706358,200.02555264665236,6847.577,5.0183954,2148.3013,1.9103308,7392.1406,5.8588605,0,,,,,1671.517187706358,0.00054938556,200.02555264665236,0.0006124235,-0.000303636,-0.00037394022
2728.895475821402,7390.2866,5.856287,-0.003807887,216207,1671.5175159947803,200.0251840201493,6847.248,5.01619,2144.681,1.9094118,7390.2866,5.856287,0,,,,,1671.5175159947803,0.00054913113,200.0251840201493,0.00061213213,-0.00039480405,0.00054793525
2728.9024201210827,7389.5654,5.852437,-0.0038080285,216208,1671.516835795598,200.02546346934167,6846.2915,5.0128927,2133.873,1.9056844,7389.5654,5.852437,0,,,,,1671.516835795598,0.00054904475,200.02546346934167,0.00061209523,-0.0005229259,-0.0010156306
2728.909364420763,7389.4224,5.8501906,-0.00380817,216209,1671.5162997642174,200.0251403422923,6846.632,5.0109687,2130.0413,1.9041622,7389.4224,5.8501906,0,,,,,1671.5162997642174,0.00054851535,200.0251403422923,0.0006114817,-0.0005868326,-0.00074321614
2728.91630872021,7385.075,5.845787,-0.003808312,216210,1671.5160832958195,200.0263099916538,6841.93,5.007197,2122.8367,1.9022349,7385.075,5.845787,0,,,,,1671.5160832958195,0.0005486624,200.0263099916538,0.0006113532,-0.00016358025,0.00017962222
2728.92325301989,7394.8926,5.843616,-0.0038084534,216211,1671.5163017901316,200.02608622167506,6850.5493,5.0053368,2111.444,1.8983947,7394.8926,5.843616,0,,,,,1671.5163017901316,0.00054798846,200.02608622167506,0.0006105519,-0.00044026837,-0.0007381099
2728.93019731957,7401.866,5.843955,-0.003808595,216212,1671.518266330643,200.02436476655038,6855.776,5.0056276,2109.2139,1.8969789,7401.866,5.843955,0,,,,,1671.518266330643,0.0005473596,200.02436476655038,0.0006100027,0.0011361253,-0.0015783956
2728.9371416192503,7385.181,5.841138,-0.0038087366,216213,1671.5156571536065,200.02512643112226,6842.3477,5.003215,2106.2954,1.8988954,7385.181,5.841138,0,,,,,1671.5156571536065,0.00054853666,200.02512643112226,0.0006104952,-3.980634e-05,-0.00046674683
2728.9440859189303,7397.331,5.8443217,-0.0038088781,216214,1671.5168956414082,200.02629871878494,6851.81,5.005942,2096.398,1.8965361,7397.331,5.8443217,0,,,,,1671.5168956414082,0.00054746825,200.02629871878494,0.0006111482,-7.3286697e-07,-0.001159135
2728.951030218611,7394.6694,5.834702,-0.0038090197,216215,1671.5163837996674,200.02605627226905,6849.5664,4.997702,2092.62,1.8913141,7394.6694,5.834702,0,,,,,1671.5163837996674,0.0005468647,200.02605627226905,0.000609582,7.288169e-05,0.0005071841
2728.9579745182914,7402.9253,5.8342414,-0.0038091613,216216,1671.517637893969,200.02507481705354,6856.7925,4.9973073,2087.3394,1.8897291,7402.9253,5.8342414,0,,,,,1671.517637893969,0.00054610905,200.02507481705354,0.00060869957,0.00014710857,-0.0015439977
2728.964918817971,7392.789,5.8319163,-0.0038093028,216217,1671.516168854707,200.02453934449474,6847.5293,4.995316,2088.5366,1.8899502,7392.789,5.8319163,0,,,,,1671.516168854707,0.00054671336,200.02453934449474,0.0006093876,0.00031478007,-0.0010928172
2728.9718631176515,7401.0723,5.829875,-0.0038094444,216218,1671.5171883511978,200.0252413496224,6855.2583,4.9935675,2078.735,1.885946,7401.0723,5.829875,0,,,,,1671.5171883511978,0.00054574024,200.0252413496224,0.0006085762,-0.0001520932,-0.0007714549
2728.9788074173316,7398.8774,5.82851,-0.003809586,216219,1671.5165344839197,200.02572505909106,6853.425,4.992398,2076.54,1.8859327,7398.8774,5.82851,0,,,,,1671.5165344839197,0.00054596335,200.02572505909106,0.00060856686,-0.0005808656,-0.00016718691
2728.9857517170117,7390.8145,5.826536,-0.0038097275,216220,1671.5170728960638,200.0242925788763,6846.3257,4.9907074,2074.6174,1.8859116,7390.8145,5.826536,0,,,,,1671.5170728960638,0.00054609665,200.0242925788763,0.00060875015,0.00051487936,-0.0010681213
2728.9926960166918,7384.58,5.8248286,-0.003809869,216221,1671.5163838765297,200.02581188781377,6840.665,4.989245,2069.1345,1.8848965,7384.58,5.8248286,0,,,,,1671.5163838765297,0.0005465246,200.02581188781377,0.0006091147,7.189641e-05,-0.0005579847
2728.9996403163727,7394.608,5.8250756,-0.0038100106,216222,1671.5161297804282,200.02528987510937,6850.0244,4.9894567,2068.763,1.884104,7394.608,5.8250756,0,,,,,1671.5161297804282,0.0005457342,200.02528987510937,0.000607968,-0.00026133715,-0.00031543293
2729.0065846160524,7397.041,5.823741,-0.0038101522,216223,1671.5171914686578,200.0267771718807,6852.046,4.988313,2067.2954,1.8818846,7397.041,5.823741,0,,,,,1671.5171914686578,0.00054533884,200.0267771718807,0.0006079041,-0.0003278898,0.00057725224
2729.013528915732,7393.917,5.8238597,-0.0038102937,216224,1671.5164277374415,200.02610742066463,6847.906,4.9884152,2066.859,1.8834438,7393.917,5.8238597,0,,,,,1671.5164277374415,0.0005460595,200.02610742066463,0.0006083289,-0.0005623601,-0.00050232257
2729.020473215413,7392.805,5.82075,-0.0038104353,216225,1671.515629619572,200.02693169438848,6845.7046,4.9857516,2061.228,1.8802346,7392.805,5.82075,0,,,,,1671.515629619572,0.00054570724,200.02693169438848,0.0006084082,0.0001602326,0.0007739942
2729.027417515093,7389.787,5.820885,-0.0038105769,216226,1671.5165189384243,200.0255537410639,6844.015,4.9858675,2061.8372,1.8818887,7389.787,5.820885,0,,,,,1671.5165189384243,0.00054604514,200.0255537410639,0.0006084507,-0.0010307143,-0.00039029017
2729.0343618147726,7402.965,5.8258104,-0.0038107184,216227,1671.5161328008012,200.02618746912862,6856.415,4.990086,2063.9446,1.8822383,7402.965,5.8258104,0,,,,,1671.5161328008012,0.00054521,200.02618746912862,0.00060809887,0.00024588048,-0.000105612504
2729.0413061144536,7401.3965,5.8249555,-0.00381086,216228,1671.5152580217634,200.02710687875197,6854.483,4.9893537,2062.0454,1.8824923,7401.3965,5.8249555,0,,,,,1671.5152580217634,0.00054581906,200.02710687875197,0.0006075488,-0.00054439827,0.0010203199
2729.048250414134,7402.0767,5.825288,-0.0038110015,216229,1671.5167182228893,200.02348119322048,6854.004,4.9896383,2061.5122,1.8834864,7402.0767,5.825288,0,,,,,1671.5167182228893,0.000545374,200.02348119322048,0.0006078252,0.00097571075,-0.0025340265
2729.0551947138133,7388.384,5.8205767,-0.003811143,216230,1671.5153723439275,200.02516187176417,6843.449,4.985603,2059.7817,1.8813109,7388.384,5.8205767,0,,,,,1671.5153723439275,0.0005454178,200.02516187176417,0.00060842745,-0.00058991276,-4.57826e-08
2729.062139013494,7405.6987,5.8227396,-0.0038112847,216231,1671.517145293698,200.02643287491858,6857.737,4.9874554,2058.1787,1.8801143,7405.6987,5.8227396,0,,,,,1671.517145293698,0.00054533395,200.02643287491858,0.0006072679,0.0013339933,0.0008903493
2729.0690833131744,7397.997,5.8250017,-0.0038114262,216232,1671.5160290428282,200.02486507148933,6851.8003,4.989393,2058.839,1.8811868,7397.997,5.8250017,0,,,,,1671.5160290428282,0.00054618367,200.02486507148933,0.00060809596,-0.0013189573,-0.00040266686
2729.0760276128535,7387.6865,5.8200736,-0.0038115678,216233,1671.5172624027762,200.0243942751157,6841.974,4.9851723,2062.0403,1.8819972,7387.6865,5.8200736,0,,,,,1671.5172624027762,0.00054607284,200.0243942751157,0.00060824637,0.00085353863,-0.00010759114
2729.0829719125345,7402.255,5.8222423,-0.0038117093,216234,1671.5169127032157,200.02529279364296,6855.1167,4.9870296,2058.4749,1.8813267,7402.255,5.8222423,0,,,,,1671.5169127032157,0.0005450491,200.02529279364296,0.00060761214,-9.048176e-07,-0.00090882677
2729.0899162122146,7390.775,5.8193893,-0.003811851,216235,1671.517295152056,200.02584761117373,6844.93,4.9845862,2057.7163,1.8808177,7390.775,5.8193893,0,,,,,1671.517295152056,0.0005457101,200.02584761117373,0.00060816726,0.00012499114,0.00037518848
2729.096860511895,7403.353,5.8274117,-0.0038119925,216236,1671.5175537687694,200.0245663439574,6856.511,4.9914575,2061.0566,1.8827139,7403.353,5.8274117,0,,,,,1671.5175537687694,0.00054494385,200.0245663439574,0.00060849974,0.0001820759,-0.0015202992
2729.1038048115756,7408.701,5.8255625,-0.003812134,216237,1671.5166765736042,200.0262543709271,6860.3896,4.989874,2063.3572,1.8822951,7408.701,5.8255625,0,,,,,1671.5166765736042,0.0005448707,200.0262543709271,0.0006075205,-0.00041646257,0.00089262734
2729.110749111255,7401.3306,5.824873,-0.0038122756,216238,1671.5152889846313,200.02621794248716,6854.2363,4.9892836,2063.999,1.8834945,7401.3306,5.824873,0,,,,,1671.5152889846313,0.0005450494,200.02621794248716,0.0006078453,-0.002420115,0.0008471047
2729.1176934109353,7393.758,5.821007,-0.0038124172,216239,1671.5171303447912,200.02541236837237,6844.985,4.985971,2064.8708,1.8824375,7393.758,5.821007,0,,,,,1671.5171303447912,0.0005460123,200.02541236837237,0.0006081232,0.00073501637,-0.001090647
2729.124637710616,7396.5684,5.8219314,-0.0038125587,216240,1671.5170588440844,200.025691998117,6849.1587,4.9867635,2060.508,1.8817841,7396.5684,5.8219314,0,,,,,1671.5170588440844,0.0005453532,200.025691998117,0.00060827914,-0.0003862323,-0.0007054704
2729.131582010295,7398.521,5.821487,-0.0038127003,216241,1671.5172277857598,200.02533387175836,6852.391,4.9863825,2060.3538,1.8809527,7398.521,5.821487,0,,,,,1671.5172277857598,0.00054544216,200.02533387175836,0.00060773495,0.00021701051,0.0010023473
2729.1385263099755,7404.077,5.8231125,-0.0038128418,216242,1671.5154868306931,200.0260354815007,6857.4023,4.987775,2057.8806,1.8807116,7404.077,5.8231125,0,,,,,1671.5154868306931,0.0005447454,200.0260354815007,0.0006076006,-0.0006360213,-5.713256e-05
2729.145470609657,7391.3696,5.821541,-0.0038129834,216243,1671.5173182503463,200.02477259621264,6844.537,4.9864287,2063.2476,1.8826077,7391.3696,5.821541,0,,,,,1671.5173182503463,0.000545708,200.02477259621264,0.0006082868,0.0013505173,-0.0011453659
2729.1524149093366,7393.5044,5.821803,-0.003813125,216244,1671.5160963395433,200.0255807107341,6845.8125,4.9866533,2063.0793,1.881328,7393.5044,5.821803,0,,,,,1671.5160963395433,0.0005459097,200.0255807107341,0.0006082601,-0.0009525497,0.00028457542
2729.159359209016,7394.743,5.8224173,-0.0038132665,216245,1671.515743007824,200.02590977267934,6847.8096,4.9871798,2061.4954,1.8823029,7394.743,5.8224173,0,,,,,1671.515743007824,0.00054543413,200.02590977267934,0.0006081766,-0.0013705799,0.00034570947
2729.166303508697,7392.6616,5.825996,-0.003813408,216246,1671.5166755183698,200.02711553618684,6847.0786,4.990245,2062.4648,1.8863266,7392.6616,5.825996,0,,,,,1671.5166755183698,0.00054580526,200.02711553618684,0.00060858997,-9.831203e-05,0.0009425259
2729.173247808377,7386.82,5.8207893,-0.0038135496,216247,1671.5169025248822,200.02420412418593,6840.976,4.985785,2063.4473,1.8832937,7386.82,5.8207893,0,,,,,1671.5169025248822,0.00054624863,200.02420412418593,0.00060834625,0.0012162564,-0.001368337
2729.1801921080564,7397.5767,5.8212566,-0.0038136912,216248,1671.5157927028386,200.02664516737974,6850.8364,4.9861856,2059.1345,1.880126,7397.5767,5.8212566,0,,,,,1671.5157927028386,0.0005453707,200.02664516737974,0.0006076884,-0.00059525494,0.0014404218
2729.1871364077374,7390.322,5.824965,-0.0038138328,216249,1671.5160684095963,200.0253902113698,6842.647,4.9893622,2060.043,1.8843505,7390.322,5.824965,0,,,,,1671.5160684095963,0.00054609333,200.0253902113698,0.0006094957,-7.193663e-05,-0.00075976807
2729.1940807074175,7390.1304,5.819633,-0.0038139743,216250,1671.5167481844264,200.02516886483238,6844.517,4.9847946,2060.4187,1.8807522,7390.1304,5.819633,0,,,,,1671.5167481844264,0.00054572744,200.02516886483238,0.00060807285,9.743794e-05,-0.00023272367
2729.2010250068647,7398.4673,5.822372,-0.0038141161,216251,1671.5172805514424,200.0250547775747,6850.129,4.987141,2061.309,1.8822812,7398.4673,5.822372,0,,,,,1671.5172805514424,0.0005453606,200.0250547775747,0.0006078289,0.00046194094,-4.5313576e-05
2729.207969306545,7382.557,5.8225636,-0.0038142577,216252,1671.5168528293464,200.0248622051996,6839.1533,4.9873047,2062.248,1.8828268,7382.557,5.8225636,0,,,,,1671.5168528293464,0.00054609176,200.0248622051996,0.00060930196,0.0002734523,-0.0006933141
2729.2149136062258,7397.803,5.822179,-0.0038143992,216253,1671.5152953199547,200.02705117483126,6851.218,4.9869757,2060.327,1.8812362,7397.803,5.822179,0,,,,,1671.5152953199547,0.00054509216,200.02705117483126,0.0006080319,-0.0019241481,0.001724221
2729.221857905905,7402.5205,5.8228292,-0.0038145408,216254,1671.516436267784,200.02647991921347,6854.679,4.9875326,2059.9614,1.8811699,7402.5205,5.8228292,0,,,,,1671.516436267784,0.000545182,200.02647991921347,0.0006074765,0.000137087,0.00084077904
2729.2288022055855,7388.984,5.8199077,-0.0038146824,216255,1671.5172385690566,200.02534299623755,6843.758,4.98503,2060.5232,1.8808291,7388.984,5.8199077,0,,,,,1671.5172385690566,0.0005458475,200.02534299623755,0.00060821336,0.00025654913,-0.00013747178
2729.235746505266,7394.3687,5.822981,-0.003814824,216256,1671.5162790929114,200.02641701788255,6848.511,4.9876623,2061.8965,1.8825355,7394.3687,5.822981,0,,,,,1671.5162790929114,0.00054568733,200.02641701788255,0.0006082435,-0.00015719609,0.0014422485
2729.2426908047123,7402.3496,5.8259544,-0.0038149657,216257,1671.5164535885701,200.02540717384258,6854.6064,4.9902096,2060.599,1.8808371,7402.3496,5.8259544,0,,,,,1671.5164535885701,0.0005452581,200.02540717384258,0.0006087048,0.00023074797,-0.00025482618
2729.249635104393,7396.4854,5.8221955,-0.0038151073,216258,1671.5158920976392,200.02443899537903,6850.066,4.9869895,2062.3035,1.881485,7396.4854,5.8221955,0,,,,,1671.5158920976392,0.00054573617,200.02443899537903,0.00060773693,-0.0014137267,2.5507316e-05
2729.2565794040734,7388.0054,5.8196535,-0.0038152488,216259,1671.516255249074,200.02519960593617,6841.734,4.9848123,2062.5007,1.881739,7388.0054,5.8196535,0,,,,,1671.516255249074,0.0005457352,200.02519960593617,0.0006083493,-0.0005695905,0.0011200482
2729.2635237035206,7401.963,5.823322,-0.0038153906,216260,1671.5166610267247,200.02537507105887,6854.5044,4.987954,2061.3232,1.8803616,7401.963,5.823322,0,,,,,1671.5166610267247,0.00054528983,200.02537507105887,0.0006076119,-0.00078384334,0.0001808852
2729.2704680032016,7397.3657,5.820308,-0.0038155322,216261,1671.517065269252,200.0252846775335,6849.185,4.985373,2058.8503,1.8805463,7397.3657,5.820308,0,,,,,1671.517065269252,0.0005451199,200.0252846775335,0.00060789235,-0.000105999,-7.8356745e-05
2729.2774123028807,7402.7144,5.824554,-0.0038156738,216262,1671.5156960933045,200.02562261565578,6856.479,4.98901,2058.6584,1.8812624,7402.7144,5.824554,0,,,,,1671.5156960933045,0.0005457418,200.02562261565578,0.00060738815,8.6270156e-05,-0.00026828985
2729.2843566023284,7394.7095,5.8217998,-0.0038158156,216263,1671.5173625477626,200.02667919833291,6847.8413,4.986651,2061.6306,1.8817027,7394.7095,5.8217998,0,,,,,1671.5173625477626,0.00054536795,200.02667919833291,0.000608505,8.507325e-05,-8.374746e-05
2729.291300902009,7390.2803,5.8222275,-0.003815957,216264,1671.5166857313584,200.02567039721754,6845.6514,4.9870167,2061.5693,1.8811202,7390.2803,5.8222275,0,,,,,1671.5166857313584,0.00054567505,200.02567039721754,0.0006085482,-0.0010101509,0.00016507226
2729.2982452014553,7393.2046,5.8227735,-0.003816099,216265,1671.5159750700736,200.02567571481075,6847.2373,4.987485,2062.928,1.8829794,7393.2046,5.8227735,0,,,,,1671.5159750700736,0.000545731,200.02567571481075,0.00060791767,-0.000616893,0.0011673407
2729.305189501136,7388.9497,5.819819,-0.0038162405,216266,1671.5176308993234,200.02522355557397,6842.4546,4.984954,2058.5981,1.8810793,7388.9497,5.819819,0,,,,,1671.5176308993234,0.0005460373,200.02522355557397,0.0006088776,0.00023981367,0.00030930515
2729.312133800584,7396.1553,5.821548,-0.0038163823,216267,1671.5156681187925,200.0266403689743,6850.4453,4.986435,2058.1638,1.8813168,7396.1553,5.821548,0,,,,,1671.5156681187925,0.00054544426,200.0266403689743,0.00060773594,0.00012092591,0.0010653288
2729.3190781002636,7398.632,5.82144,-0.0038165238,216268,1671.5163702055356,200.0247981330413,6851.012,4.9863424,2059.3086,1.8815715,7398.632,5.82144,0,,,,,1671.5163702055356,0.0005453741,200.0247981330413,0.0006077103,0.00017108953,0.0003697976
2729.326022399711,7388.8022,5.819884,-0.0038166656,216269,1671.5159338890453,200.02626873269895,6843.135,4.98501,2059.582,1.8822681,7388.8022,5.819884,0,,,,,1671.5159338890453,0.000545963,200.02626873269895,0.0006085476,-0.0017330048,0.0014435168
2729.332966699159,7396.9272,5.82554,-0.0038168074,216270,1671.517117675276,200.02436210172056,6850.8037,4.9898543,2058.698,1.8814814,7396.9272,5.82554,0,,,,,1671.517117675276,0.00054540054,200.02436210172056,0.00060854416,-3.710602e-05,-5.550503e-05
2729.3399109988386,7393.002,5.8210645,-0.003816949,216271,1671.517039644491,200.02562155475871,6846.32,4.986021,2061.5022,1.8824775,7393.002,5.8210645,0,,,,,1671.517039644491,0.0005454826,200.02562155475871,0.0006081312,-0.00035495573,0.00026957702
2729.3468552982854,7391.6753,5.821127,-0.0038170908,216272,1671.5164369237355,200.02497984236325,6846.874,4.9860744,2061.4224,1.8819904,7391.6753,5.821127,0,,,,,1671.5164369237355,0.0005453636,200.02497984236325,0.0006078263,-0.0014924906,0.00059450645
2729.3537995977335,7394.0483,5.821519,-0.0038172326,216273,1671.5173376889848,200.0256326772389,6848.7036,4.98641,2059.9636,1.8826072,7394.0483,5.821519,0,,,,,1671.5173376889848,0.0005453115,200.0256326772389,0.0006081822,0.0009225819,6.8988724e-05
2729.360743897181,7385.984,5.8213396,-0.0038173744,216274,1671.5148808393476,200.02604630421277,6841.6743,4.986256,2061.8909,1.88183,7385.984,5.8213396,0,,,,,1671.5148808393476,0.000545996,200.02604630421277,0.00060869555,-0.0016876534,0.002158366
2729.367688196628,7391.125,5.8203506,-0.0038175161,216275,1671.5165193557111,200.02451320329993,6845.4165,4.9854093,2060.875,1.8814236,7391.125,5.8203506,0,,,,,1671.5165193557111,0.0005457657,200.02451320329993,0.0006079392,-0.000871643,-0.00064430916
2729.3746324960753,7394.608,5.8214254,-0.003817658,216276,1671.5174310662494,200.02639229382353,6847.603,4.9863296,2060.6104,1.8818016,7394.608,5.8214254,0,,,,,1671.5174310662494,0.000545614,200.02639229382353,0.00060840324,0.00043149226,0.0005129821
2729.3815767957553,7391.049,5.8195753,-0.0038177995,216277,1671.5179179897357,200.02435444709644,6845.379,4.9847455,2058.349,1.8805461,7391.049,5.8195753,0,,,,,1671.5179179897357,0.00054576196,200.02435444709644,0.0006080769,0.0008285215,-0.0004902888
2729.3885210952026,7391.702,5.8227596,-0.0038179413,216278,1671.5156005540523,200.02652871711757,6845.6567,4.987473,2061.1086,1.8822494,7391.702,5.8227596,0,,,,,1671.5156005540523,0.0005456595,200.02652871711757,0.00060860027,-0.0010429875,0.0017797678
2729.3954653944174,7396.4395,5.8221893,-0.0038180833,216279,1671.516779603381,200.0240246535018,6849.156,4.9869843,2062.0664,1.8816298,7396.4395,5.8221893,0,,,,,1671.516779603381,0.0005456909,200.0240246535018,0.0006078576,0.0007033305,-0.0002537505
2729.402409693865,7385.317,5.818552,-0.003818225,216280,1671.5160703496529,200.02613440431213,6840.7515,4.983869,2059.6226,1.8806553,7385.317,5.818552,0,,,,,1671.5160703496529,0.0005459618,200.02613440431213,0.0006083096,0.00029093924,0.00014476635
2729.4093539933124,7395.2725,5.82186,-0.003818367,216281,1671.515285836657,200.02663307967214,6848.912,4.9867024,2060.0305,1.8813919,7395.2725,5.82186,0,,,,,1671.515285836657,0.00054542156,200.02663307967214,0.0006081269,-0.0015168048,0.0021844844
2729.4162982927596,7395.848,5.8233933,-0.0038185087,216282,1671.516865992887,200.0238909785493,6849.5146,4.988016,2058.9387,1.8816534,7395.848,5.8233933,0,,,,,1671.516865992887,0.00054572494,200.0238909785493,0.00060836837,0.0003758434,-0.00024188099
2729.423242592207,7391.2847,5.8205028,-0.0038186505,216283,1671.5164731884104,200.02548257117272,6845.4355,4.9855394,2059.848,1.8816829,7391.2847,5.8205028,0,,,,,1671.5164731884104,0.00054550386,200.02548257117272,0.00060842425,0.0004622056,2.5929377e-05
2729.4301868914213,7400.5586,5.821635,-0.0038187925,216284,1671.5167263755147,200.02565978457196,6854.241,4.98651,2058.3445,1.8798584,7400.5586,5.821635,0,,,,,1671.5167263755147,0.00054486643,200.02565978457196,0.0006077043,-0.0004364395,0.0011231601
2729.4371311908685,7405.618,5.8234773,-0.0038189343,216285,1671.5147442576608,200.02547593380297,6857.4253,4.988087,2058.0227,1.8806956,7405.618,5.8234773,0,,,,,1671.5147442576608,0.0005450064,200.02547593380297,0.00060767675,-0.0020898283,0.00046081605
2729.4440754903158,7393.9136,5.8216543,-0.003819076,216286,1671.5165843347536,200.025835338245,6848.89,4.986526,2058.221,1.8806204,7393.9136,5.8216543,0,,,,,1671.5165843347536,0.00054559053,200.025835338245,0.0006079462,-0.00034200415,0.0015752502
2729.4510197895306,7387.223,5.82163,-0.0038192181,216287,1671.515678999938,200.0257710809249,6842.6084,4.986505,2061.4846,1.8820515,7387.223,5.82163,0,,,,,1671.515678999938,0.0005461129,200.0257710809249,0.0006085827,0.0003260855,0.0012160158
2729.4579640889788,7398.4087,5.822687,-0.00381936,216288,1671.5171828054677,200.02447303374424,6852.9814,4.9874105,2060.3113,1.8819143,7398.4087,5.822687,0,,,,,1671.5171828054677,0.00054507947,200.02447303374424,0.0006077425,0.00046867548,-0.0002837576
2729.4649083881927,7392.9243,5.8208323,-0.003819502,216289,1671.5164444523089,200.02419974634043,6848.417,4.985822,2059.727,1.880694,7392.9243,5.8208323,0,,,,,1671.5164444523089,0.00054569833,200.02419974634043,0.0006080433,0.00025394314,-0.00045021303
2729.4718526874067,7404.238,5.8244104,-0.003819644,216290,1671.5161431547842,200.02552917960543,6857.07,4.988887,2058.277,1.8808036,7404.238,5.8244104,0,,,,,1671.5161431547842,0.0005455416,200.02552917960543,0.0006077498,-0.0012252355,0.0012621601
2729.478796986855,7387.066,5.8201456,-0.0038197858,216291,1671.51668584074,200.02518109516012,6841.9077,4.985234,2061.6702,1.88307,7387.066,5.8201456,0,,,,,1671.51668584074,0.00054602325,200.02518109516012,0.00060834753,-4.6383444e-05,0.00080921664
2729.485741286069,7395.428,5.8206677,-0.0038199278,216292,1671.5172530107673,200.02568033869946,6848.6465,4.985681,2060.6875,1.8811934,7395.428,5.8206677,0,,,,,1671.5172530107673,0.0005453475,200.02568033869946,0.0006078166,-0.00066898967,0.0015676497
2729.4926855852827,7395.2725,5.8204236,-0.0038200698,216293,1671.5170956169868,200.02614291852007,6850.1064,4.9854717,2059.0305,1.8804721,7395.2725,5.8204236,0,,,,,1671.5170956169868,0.00054544886,200.02614291852007,0.00060789526,-0.00045845594,0.001127263
2729.499629884498,7389.4097,5.81926,-0.0038202119,216294,1671.5175141591262,200.0251967394514,6843.137,4.9844756,2058.6577,1.8812394,7389.4097,5.81926,0,,,,,1671.5175141591262,0.00054581376,200.0251967394514,0.00060840126,0.00041565494,-8.100913e-05
2729.506574183713,7384.755,5.8201613,-0.003820354,216295,1671.5171456138141,200.0255388913096,6840.9023,4.985247,2058.6475,1.882579,7384.755,5.8201613,0,,,,,1671.5171456138141,0.0005458686,200.0255388913096,0.00060878985,-0.0005630043,0.00010442594
2729.5135184829273,7397.25,5.8260493,-0.003820496,216296,1671.5165328213084,200.02573643518733,6851.007,4.99029,2059.889,1.88196,7397.25,5.8260493,0,,,,,1671.5165328213084,0.00054575456,200.02573643518733,0.00060873356,-6.143651e-05,0.0012312662
2729.5204627821417,7389.5723,5.8199887,-0.003820638,216297,1671.5159703159152,200.02504142682332,6844.394,4.9850993,2059.7551,1.8812513,7389.5723,5.8199887,0,,,,,1671.5159703159152,0.00054560584,200.02504142682332,0.0006081336,-0.00024755407,0.0003010028
2729.527407081356,7385.59,5.817497,-0.00382078,216298,1671.5170219848878,200.0241972471014,6842.4155,4.9829645,2057.5461,1.8796326,7385.59,5.817497,0,,,,,1671.5170219848878,0.0005456901,200.0241972471014,0.0006079774,-0.0002059693,0.0004542486
2729.5343513803377,7397.982,5.823483,-0.0038209222,216299,1671.517157857279,200.02528221894596,6852.42,4.9880924,2061.8188,1.8816943,7397.982,5.823483,0,,,,,1671.517157857279,0.00054569624,200.02528221894596,0.00060804083,0.0009153829,-6.885046e-05
2729.541295679552,7406.2695,5.824343,-0.0038210643,216300,1671.516628035089,200.02659856722352,6858.2163,4.988829,2059.4436,1.8811879,7406.2695,5.824343,0,,,,,1671.516628035089,0.00054512575,200.02659856722352,0.00060773746,-0.0019200982,0.001591515
2729.5482399787666,7395.212,5.8234196,-0.0038212063,216301,1671.5146108966164,200.0263267769737,6850.9795,4.988038,2060.4304,1.8817134,7395.212,5.8234196,0,,,,,1671.5146108966164,0.0005453853,200.0263267769737,0.00060821034,-0.0015470891,0.0013920884
2729.555184277748,7400.75,5.828279,-0.0038213485,216302,1671.5173326819706,200.0244468052749,6854.2417,4.9922004,2062.504,1.8839118,7400.75,5.828279,0,,,,,1671.5173326819706,0.0005457738,200.0244468052749,0.0006085503,0.0007573592,7.517351e-05
2729.5621285769626,7383.4175,5.819187,-0.0038214906,216303,1671.5170169317503,200.0239023126757,6839.2134,4.984413,2061.2607,1.8811866,7383.4175,5.819187,0,,,,,1671.5170169317503,0.00054592465,200.0239023126757,0.000608711,-0.00033508585,-6.2605184e-05
2729.5690728759446,7386.704,5.819226,-0.0038216328,216304,1671.5166757290735,200.02609693195103,6843.6006,4.9844456,2060.4507,1.8805377,7386.704,5.819226,0,,,,,1671.5166757290735,0.00054582313,200.02609693195103,0.00060816645,-0.0006659372,0.0008159159
2729.5760171749266,7387.9917,5.819514,-0.003821775,216305,1671.5170479201179,200.0240963161904,6843.2925,4.9846926,2058.652,1.8808833,7387.9917,5.819514,0,,,,,1671.5170479201179,0.0005456984,200.0240963161904,0.0006083078,0.00034903083,-0.00047178086
2729.582961473908,7390.356,5.8197975,-0.0038219173,216306,1671.5169542934375,200.02558114379644,6847.0093,4.9849358,2060.272,1.8808401,7390.356,5.8197975,0,,,,,1671.5169542934375,0.0005457158,200.02558114379644,0.00060772477,0.00024224298,0.0020770323
2729.58990577289,7393.82,5.8237586,-0.0038220596,216307,1671.5165139428984,200.02543182169967,6848.5854,4.988329,2058.216,1.8853505,7393.82,5.8237586,0,,,,,1671.5165139428984,0.0005454366,200.02543182169967,0.0006085027,-0.00029556273,0.0006049694
2729.5968500718714,7381.909,5.81978,-0.0038222019,216308,1671.5168084288875,200.02508575859596,6838.7363,4.9849205,2062.6768,1.8822062,7381.909,5.81978,0,,,,,1671.5168084288875,0.00054610666,200.02508575859596,0.0006087125,0.0003662618,-0.00028252305
2729.603794370853,7399.9443,5.8215485,-0.0038223441,216309,1671.5167360228265,200.02614122833398,6854.798,4.9864354,2058.4778,1.8803064,7399.9443,5.8215485,0,,,,,1671.5167360228265,0.0005450275,200.02614122833398,0.00060769595,-0.00047901474,0.0010293854
2729.6107386698345,7398.633,5.8246403,-0.0038224864,216310,1671.51698647771,200.02484397688923,6852.502,4.9890842,2061.0215,1.8840538,7398.633,5.8246403,0,,,,,1671.51698647771,0.00054548925,200.02484397688923,0.0006081055,-0.00039803673,0.0014141762
2729.617682968816,7390.3457,5.8198986,-0.0038226286,216311,1671.5167419264358,200.02575055998824,6845.4277,4.985022,2059.7085,1.8809144,7390.3457,5.8198986,0,,,,,1671.5167419264358,0.0005455617,200.02575055998824,0.0006082767,-5.7900295e-05,0.0013308966
2729.6246272675658,7392.5107,5.8231797,-0.0038227711,216312,1671.5164020519042,200.02468444060932,6848.0986,4.9878325,2060.9753,1.8826911,7392.5107,5.8231797,0,,,,,1671.5164020519042,0.00054592267,200.02468444060932,0.000608173,-0.00073873973,0.00048299358
2729.6315715665473,7389.66,5.821316,-0.0038229134,216313,1671.5173676951647,200.02524287513708,6843.393,4.986236,2062.6704,1.8819181,7389.66,5.821316,0,,,,,1671.5173676951647,0.00054630847,200.02524287513708,0.0006083883,0.0014494677,-0.00012393495
2729.6385158652956,7387.731,5.825081,-0.003823056,216314,1671.517423286953,200.02511313499915,6843.0093,4.989461,2062.496,1.8833396,7387.731,5.825081,0,,,,,1671.517423286953,0.00054636726,200.02511313499915,0.000609122,0.00026776936,0.00075193436
2729.645460164278,7388.525,5.8218737,-0.0038231981,216315,1671.5160610588318,200.02495228723433,6844.118,4.986714,2061.6572,1.885141,7388.525,5.8218737,0,,,,,1671.5160610588318,0.00054605835,200.02495228723433,0.0006080797,-0.00036073386,0.00056833733
2729.6524044630264,7389.8687,5.820937,-0.0038233406,216316,1671.516619041922,200.02525406211942,6846.0073,4.985912,2059.0684,1.8823557,7389.8687,5.820937,0,,,,,1671.516619041922,0.00054574537,200.02525406211942,0.00060842244,-0.0004997503,0.00086420146
2729.6593487617747,7387.327,5.8259377,-0.0038234831,216317,1671.5172547236464,200.0241012494568,6843.0845,4.990195,2061.7993,1.8826935,7387.327,5.8259377,0,,,,,1671.5172547236464,0.00054645044,200.0241012494568,0.00060949824,-8.7024695e-05,-5.4269516e-05
2729.6662930605244,7372.9805,5.819108,-0.0038236256,216318,1671.516494693225,200.02591420084084,6831.5137,4.984345,2062.5852,1.882561,7372.9805,5.819108,0,,,,,1671.516494693225,0.00054656423,200.02591420084084,0.0006093622,-0.001257966,0.0012564694
2729.6732373592736,7394.676,5.821506,-0.003823768,216319,1671.5179368924917,200.02346095006752,6849.9126,4.986399,2059.641,1.8826393,7394.676,5.821506,0,,,,,1671.5179368924917,0.00054536824,200.02346095006752,0.0006080442,0.00094736845,-0.0006465854
2729.6801816580214,7397.6455,5.824155,-0.0038239106,216320,1671.5176499961087,200.02580685450374,6852.2837,4.988668,2062.7996,1.8830879,7397.6455,5.824155,0,,,,,1671.5176499961087,0.0005457103,200.02580685450374,0.00060800445,5.1517316e-05,0.0022524262
2729.687125956771,7393.549,5.8225684,-0.003824053,216321,1671.5160960908936,200.0249910983885,6849.1865,4.987309,2063.1392,1.8830587,7393.549,5.8225684,0,,,,,1671.5160960908936,0.00054558786,200.0249910983885,0.00060787,-0.0011493415,0.0019556584
2729.694070255287,7381.225,5.8205194,-0.0038241958,216322,1671.5161927152574,200.02613263088722,6838.9106,4.985554,2064.237,1.8824952,7381.225,5.8205194,0,,,,,1671.5161927152574,0.00054617337,200.02613263088722,0.0006090142,-0.0010476398,0.00014741057
2729.7010145540357,7396.692,5.8217387,-0.0038243383,216323,1671.5172240514983,200.02495318680738,6852.8003,4.9865985,2060.8047,1.8811188,7396.692,5.8217387,0,,,,,1671.5172240514983,0.00054523634,200.02495318680738,0.00060772494,8.2245686e-05,0.00050592766
2729.7079588525507,7386.703,5.820808,-0.003824481,216324,1671.5176420557475,200.02420697069266,6841.9624,4.985801,2061.252,1.8840998,7386.703,5.820808,0,,,,,1671.5176420557475,0.0005460803,200.02420697069266,0.00060855143,0.00050649367,0.0008259244
2729.7149031513,7393.792,5.820692,-0.0038246235,216325,1671.5166293276768,200.02546391179968,6849.7534,4.985702,2060.7102,1.8807107,7393.792,5.820692,0,,,,,1671.5166293276768,0.0005453831,200.02546391179968,0.00060778274,0.0006132326,0.00039741842
2729.721847449817,7392.013,5.826072,-0.0038247663,216326,1671.516224557236,200.02434966418554,6848.6113,4.99031,2060.01,1.8832904,7392.013,5.826072,0,,,,,1671.516224557236,0.0005454542,200.02434966418554,0.0006090009,-0.00078134704,0.00017132705
2729.7287917483322,7388.92,5.8191714,-0.003824909,216327,1671.5170968470227,200.0245874247333,6843.388,4.9844,2060.2192,1.8808421,7388.92,5.8191714,0,,,,,1671.5170968470227,0.0005457069,200.0245874247333,0.00060847076,1.5161042e-05,0.0008508514
2729.7357360468477,7381.092,5.819012,-0.0038250517,216328,1671.5171997747734,200.0245349749149,6837.623,4.984263,2060.8428,1.8813335,7381.092,5.819012,0,,,,,1671.5171997747734,0.00054646004,200.0245349749149,0.00060888316,0.0006276434,-0.0005654599
2729.7426803453645,7388.576,5.8251553,-0.0038251944,216329,1671.5148501119934,200.02581118373791,6843.946,4.989525,2061.8635,1.8832767,7388.576,5.8251553,0,,,,,1671.5148501119934,0.00054623984,200.02581118373791,0.0006091429,-0.00089490623,0.001877259
2729.749624643647,7386.7783,5.821129,-0.0038253374,216330,1671.5179865270554,200.0238261469265,6844.9585,4.986076,2061.555,1.8823556,7386.7783,5.821129,0,,,,,1671.5179865270554,0.0005454333,200.0238261469265,0.00060825614,0.0018439342,-0.00058365124
2729.756568942163,7392.7017,5.82416,-0.0038254801,216331,1671.5170088949094,200.02525157008145,6849.192,4.9886727,2059.7,1.8823142,7392.7017,5.82416,0,,,,,1671.5170088949094,0.00054647017,200.02525157008145,0.0006081866,0.00037881584,0.0014202519
2729.763513240447,7381.463,5.8210993,-0.003825623,216332,1671.5159266722212,200.02517367444526,6838.2607,4.98605,2062.8706,1.883893,7381.463,5.8210993,0,,,,,1671.5159266722212,0.0005462944,200.02517367444526,0.00060883677,0.00019544995,0.0008736972
2729.770457538963,7382.984,5.8203635,-0.0038257658,216333,1671.5155686648764,200.02467754453232,6839.958,4.98542,2062.586,1.8817327,7382.984,5.8203635,0,,,,,1671.5155686648764,0.0005459679,200.02467754453232,0.000608687,-0.0013267337,0.0013549752
2729.777401837246,7394.444,5.823698,-0.0038259088,216334,1671.5155687244608,200.02485114273378,6848.6113,4.988277,2060.387,1.882139,7394.444,5.823698,0,,,,,1671.5155687244608,0.0005462658,200.02485114273378,0.0006083034,7.5125514e-05,0.00031064736
2729.784346135529,7385.1274,5.825638,-0.0038260517,216335,1671.5170410237774,200.02496501240304,6841.8403,4.989938,2062.139,1.8840693,7385.1274,5.825638,0,,,,,1671.5170410237774,0.00054698373,200.02496501240304,0.0006092373,0.0008101138,0.0013286524
2729.7912904338123,7399.055,5.8216815,-0.0038261947,216336,1671.517019011314,200.02587643649343,6852.376,4.98655,2060.5125,1.8812617,7399.055,5.8216815,0,,,,,1671.517019011314,0.0005452366,200.02587643649343,0.0006081622,-0.00044433528,0.0010595664
2729.7982347320954,7390.0527,5.8247504,-0.0038263376,216337,1671.5170779521286,200.02402545144494,6846.3843,4.989178,2062.7861,1.8832451,7390.0527,5.8247504,0,,,,,1671.5170779521286,0.0005464113,200.02402545144494,0.00060812716,8.955962e-06,3.5125063e-06
2729.8051790303784,7386.347,5.82022,-0.0038264806,216338,1671.5164520145618,200.0242150525727,6844.191,4.9852977,2061.0408,1.8816162,7386.347,5.82022,0,,,,,1671.5164520145618,0.0005458908,200.0242150525727,0.00060838315,-0.00040606782,0.00088917266
2729.8121233284296,7397.8154,5.822683,-0.0038266238,216339,1671.5167998286456,200.02567055430828,6851.804,4.987407,2059.7656,1.8819311,7397.8154,5.822683,0,,,,,1671.5167998286456,0.0005452805,200.02567055430828,0.0006080283,-0.00065101706,0.0015000846
2729.819067626712,7389.352,5.8241234,-0.0038267667,216340,1671.5174940891154,200.02504147314693,6845.2485,4.9886413,2063.3145,1.8848926,7389.352,5.8241234,0,,,,,1671.5174940891154,0.00054601184,200.02504147314693,0.00060853024,0.0008829432,0.00043047027
2729.8260119247625,7401.0303,5.8217015,-0.00382691,216341,1671.5165004643345,200.02488614134785,6855.291,4.9865665,2060.7896,1.8795286,7401.0303,5.8217015,0,,,,,1671.5165004643345,0.0005453466,200.02488614134785,0.0006073026,-2.3442657e-05,-6.274967e-05
2729.832956222813,7388.5957,5.822383,-0.0038270531,216342,1671.5160754181645,200.0262479901563,6844.911,4.98715,2061.7139,1.8828874,7388.5957,5.822383,0,,,,,1671.5160754181645,0.00054575474,200.0262479901563,0.0006085064,-0.00082089956,0.0023003619
2729.8399005208635,7402.602,5.8212748,-0.0038271963,216343,1671.5171944784772,200.02545935404342,6855.571,4.986201,2058.801,1.8801616,7402.602,5.8212748,0,,,,,1671.5171944784772,0.0005450135,200.02545935404342,0.0006073995,0.0008263185,-8.3180916e-05
2729.8468448189137,7386.769,5.8199153,-0.0038273395,216344,1671.5170812220215,200.02460412665246,6843.2627,4.985037,2061.3088,1.8821712,7386.769,5.8199153,0,,,,,1671.5170812220215,0.00054564344,200.02460412665246,0.0006078979,-0.00015960872,0.0013566273
2729.853789116964,7383.2124,5.8219194,-0.0038274827,216345,1671.5166949526924,200.02313314611743,6841.875,4.986753,2063.4756,1.8822693,7383.2124,5.8219194,0,,,,,1671.5166949526924,0.000546372,200.02313314611743,0.00060847256,-7.077689e-05,0.00030288965
2729.8607334147814,7387.725,5.8216076,-0.0038276261,216346,1671.5165831449785,200.02406759221745,6845.4175,4.986486,2058.1943,1.8816155,7387.725,5.8216076,0,,,,,1671.5165831449785,0.00054629106,200.02406759221745,0.00060795236,-0.0001180719,0.0011656033
2729.867677712832,7392.6924,5.826295,-0.0038277693,216347,1671.5173016732072,200.02407629409615,6848.3804,4.990501,2061.2722,1.8831489,7392.6924,5.826295,0,,,,,1671.5173016732072,0.0005456249,200.02407629409615,0.00060913374,0.00047139512,0.0006608502
2729.874622010649,7401.177,5.822911,-0.0038279127,216348,1671.516834271401,200.0245483470763,6855.588,4.987602,2060.294,1.8810915,7401.177,5.822911,0,,,,,1671.516834271401,0.0005451223,200.0245483470763,0.0006077091,0.00028981708,-0.00051874033
2729.881566308467,7387.5093,5.821573,-0.0038280562,216349,1671.5164102116235,200.0248694104081,6842.8525,4.986456,2060.8203,1.881707,7387.5093,5.821573,0,,,,,1671.5164102116235,0.0005468339,200.0248694104081,0.00060863723,0.00022250986,-0.00011333589
2729.8885106062853,7392.9487,5.8247523,-0.0038281996,216350,1671.516461823927,200.02482229633927,6847.224,4.9891796,2059.8965,1.8826929,7392.9487,5.8247523,0,,,,,1671.516461823927,0.00054590026,200.02482229633927,0.0006085655,-0.00024385865,0.001648595
2729.8954549041023,7388.4595,5.8225255,-0.003828343,216351,1671.517727925592,200.0251274770896,6844.9316,4.987272,2060.384,1.8820797,7388.4595,5.8225255,0,,,,,1671.517727925592,0.0005463166,200.0251274770896,0.00060887996,0.0006722142,-0.0007458819
2729.9023992016864,7390.271,5.819425,-0.0038284867,216352,1671.516077433331,200.02601635811297,6845.333,4.9846168,2059.104,1.8804783,7390.271,5.819425,0,,,,,1671.516077433331,0.0005455528,200.02601635811297,0.00060818216,-0.00091153395,0.0017869632
2729.9093434995048,7389.037,5.8218503,-0.00382863,216353,1671.5171048571763,200.02505778382624,6845.7466,4.986694,2060.9192,1.8837494,7389.037,5.8218503,0,,,,,1671.5171048571763,0.0005459327,200.02505778382624,0.0006082858,-7.948833e-05,0.0005529125
2729.916287797089,7391.835,5.8201437,-0.0038287737,216354,1671.5171088927573,200.02511889090042,6847.514,4.985232,2060.064,1.8810655,7391.835,5.8201437,0,,,,,1671.5171088927573,0.0005454994,200.02511889090042,0.00060814223,-0.00019285605,0.0013092506
2729.923232094673,7391.8584,5.820507,-0.0038289174,216355,1671.5171119118615,200.024281754069,6847.474,4.9855437,2061.822,1.8807764,7391.8584,5.820507,0,,,,,1671.5171119118615,0.0005455791,200.024281754069,0.00060805026,-6.12584e-05,0.001164741
2729.930176392259,7395.9424,5.8223643,-0.003829061,216356,1671.5183393961818,200.0250247043396,6851.966,4.9871345,2059.6838,1.8814044,7395.9424,5.8223643,0,,,,,1671.5183393961818,0.0005455353,200.0250247043396,0.00060779473,0.000752677,0.00080656185
2729.9371206898436,7385.3716,5.8189697,-0.0038292047,216357,1671.5164518074432,200.02509164704256,6841.798,4.984226,2060.2097,1.8809648,7385.3716,5.8189697,0,,,,,1671.5164518074432,0.00054582575,200.02509164704256,0.0006086052,-0.00039845257,0.0005365133
2729.944064987428,7389.6123,5.8210297,-0.0038293484,216358,1671.5159421177166,200.02445047862162,6846.435,4.985991,2059.5134,1.8836643,7389.6123,5.8210297,0,,,,,1671.5159421177166,0.0005456148,200.02445047862162,0.0006076921,-1.1188983e-05,0.0012430581
2729.951009285012,7391.9697,5.8207746,-0.003829492,216359,1671.5155172059463,200.02435057579308,6847.627,4.985772,2060.614,1.881125,7391.9697,5.8207746,0,,,,,1671.5155172059463,0.0005457317,200.02435057579308,0.0006079395,-0.00057515886,0.00043808197
2729.957953582364,7405.1875,5.826566,-0.003829636,216360,1671.5164823510513,200.02509969736815,6859.8823,4.990733,2060.9355,1.8818399,7405.1875,5.826566,0,,,,,1671.5164823510513,0.00054515613,200.02509969736815,0.0006076948,0.0010275637,0.0006319287
2729.9648978797163,7396.645,5.824564,-0.0038297798,216361,1671.51502207498,200.02622473455173,6852.9824,4.9890184,2058.8215,1.8828611,7396.645,5.824564,0,,,,,1671.51502207498,0.00054546114,200.02622473455173,0.0006082865,-0.0010293414,0.0010601307
2729.971842177067,7385.404,5.821016,-0.0038299237,216362,1671.5165113709115,200.02284741328063,6843.194,4.9859796,2059.874,1.8811167,7385.404,5.821016,0,,,,,1671.5165113709115,0.00054608454,200.02284741328063,0.00060851726,0.00020722876,-0.00012479657
2729.9787864744194,7386.6025,5.8204455,-0.0038300676,216363,1671.5170190331633,200.02418369279144,6842.6724,4.985491,2062.6216,1.8818516,7386.6025,5.8204455,0,,,,,1671.5170190331633,0.00054596364,200.02418369279144,0.0006088276,0.0011858802,0.00021829878
2729.9857307715397,7389.082,5.822393,-0.0038302117,216364,1671.5166793669882,200.02539385021805,6846.5366,4.9871583,2062.1375,1.8817872,7389.082,5.822393,0,,,,,1671.5166793669882,0.00054569065,200.02539385021805,0.00060832914,-0.00023295583,0.0008202504
2729.992675068891,7384.688,5.819434,-0.0038303556,216365,1671.517024637938,200.0245260188992,6841.535,4.984624,2060.97,1.8818345,7384.688,5.819434,0,,,,,1671.517024637938,0.0005457141,200.0245260188992,0.0006087656,-0.00071116915,0.00018680452
2729.9996193660095,7388.4116,5.820617,-0.0038304997,216366,1671.5167641155563,200.02398582355073,6846.1797,4.9856377,2061.5808,1.8822052,7388.4116,5.820617,0,,,,,1671.5167641155563,0.0005456619,200.02398582355073,0.00060808274,0.0010063554,-6.027242e-05
2730.0065636631293,7395.174,5.821244,-0.0038306438,216367,1671.5161045661937,200.02383058749058,6850.5566,4.9861746,2059.9995,1.8812126,7395.174,5.821244,0,,,,,1671.5161045661937,0.00054521806,200.02383058749058,0.0006078343,-0.00064641354,0.00094977603
2730.013507960248,7394.458,5.825473,-0.003830788,216368,1671.516211749497,200.0266218712698,6849.1836,4.9897966,2062.146,1.8823496,7394.458,5.825473,0,,,,,1671.516211749497,0.00054583454,200.0266218712698,0.000608855,-0.00023919236,0.0019306631
2730.0204522573663,7392.349,5.8218784,-0.003830932,216369,1671.5158955943768,200.02569039990834,6848.248,4.986718,2063.3398,1.8816792,7392.349,5.8218784,0,,,,,1671.5158955943768,0.0005455945,200.02569039990834,0.00060810946,-0.0011045109,0.0021034938
2730.0273965542533,7389.1753,5.8206015,-0.0038310764,216370,1671.5170310371461,200.02581066664493,6846.0386,4.985624,2059.2117,1.8822899,7389.1753,5.8206015,0,,,,,1671.5170310371461,0.0005456394,200.02581066664493,0.000608332,0.0009746474,0.0002749164
2730.0343408513722,7391.434,5.8214006,-0.0038312206,216371,1671.5166577340524,200.02509822350368,6848.3213,4.9863086,2061.9163,1.8817205,7391.434,5.8214006,0,,,,,1671.5166577340524,0.0005456344,200.02509822350368,0.00060833246,-0.0002813979,0.0006442529
2730.0412851482583,7377.811,5.8194146,-0.003831365,216372,1671.516454827348,200.0251281057875,6836.089,4.9846077,2063.6204,1.8819427,7377.811,5.8194146,0,,,,,1671.516454827348,0.0005462613,200.0251281057875,0.0006091322,-0.0005912734,0.00095855707
2730.0482294451444,7384.8926,5.8199854,-0.0038315093,216373,1671.5170249880898,200.0245756806114,6841.9277,4.9850965,2061.9163,1.8822066,7384.8926,5.8199854,0,,,,,1671.5170249880898,0.0005461876,200.0245756806114,0.0006082634,2.2574914e-05,0.00031292404
2730.0551737420315,7388.677,5.821325,-0.0038316536,216374,1671.5178103618196,200.02379618286201,6844.818,4.9862432,2062.6858,1.8823946,7388.677,5.821325,0,,,,,1671.5178103618196,0.00054578116,200.02379618286201,0.0006084862,0.00079229014,-6.397757e-05
2730.062118038684,7384.5137,5.8212285,-0.0038317982,216375,1671.5155729422504,200.0248202138566,6839.241,4.986161,2065.2664,1.8840059,7384.5137,5.8212285,0,,,,,1671.5155729422504,0.00054598134,200.0248202138566,0.0006089595,-0.00071241695,0.0013395186
2730.0690623353375,7390.484,5.8212657,-0.0038319428,216376,1671.5169958246765,200.02437230921652,6844.246,4.986193,2060.0408,1.882035,7390.484,5.8212657,0,,,,,1671.5169958246765,0.00054592214,200.02437230921652,0.00060829386,-0.00021199002,0.0005956853
2730.076006632224,7390.633,5.825188,-0.0038320872,216377,1671.5170219056035,200.02499532603235,6845.5645,4.989553,2064.2437,1.8838286,7390.633,5.825188,0,,,,,1671.5170219056035,0.00054581015,200.02499532603235,0.0006088825,0.00028807487,0.0013749639
2730.0829509286446,7389.4277,5.819897,-0.003832232,216378,1671.5173500264877,200.02330353476955,6844.365,4.985021,2062.0718,1.8809161,7389.4277,5.819897,0,,,,,1671.5173500264877,0.00054576993,200.02330353476955,0.000608286,-0.00045697513,-0.0005909475
2730.089895225298,7396.5103,5.8233976,-0.0038323766,216379,1671.516972139987,200.02404193629417,6851.748,4.9880195,2064.225,1.88449,7396.5103,5.8233976,0,,,,,1671.516972139987,0.00054546405,200.02404193629417,0.00060790725,0.00029716908,0.00053810043
2730.096839521951,7379.755,5.8195434,-0.0038325211,216380,1671.516903069271,200.02323971117215,6837.063,4.9847183,2063.277,1.8838834,7379.755,5.8195434,0,,,,,1671.516903069271,0.0005459882,200.02323971117215,0.000608612,0.0003414619,-4.2688716e-05
2730.1037838183715,7385.2773,5.8201847,-0.003832666,216381,1671.5164632045946,200.02420630810133,6841.4453,4.985267,2063.3176,1.8826106,7385.2773,5.8201847,0,,,,,1671.5164632045946,0.00054582633,200.02420630810133,0.0006084065,5.396407e-05,0.0011460204
2730.1107281147924,7398.715,5.8243947,-0.0038328108,216382,1671.5172768703196,200.02518070574538,6852.587,4.9888735,2063.3855,1.8831865,7398.715,5.8243947,0,,,,,1671.5172768703196,0.0005453985,200.02518070574538,0.0006080633,-0.0005666962,0.00128369
2730.1176724112124,7394.7544,5.824813,-0.0038329556,216383,1671.515566206906,200.02426123824188,6849.1934,4.9892316,2060.1091,1.8827206,7394.7544,5.824813,0,,,,,1671.515566206906,0.00054666435,200.02426123824188,0.0006082266,-0.0011362346,0.00031166358
2730.1246167076333,7385.916,5.820834,-0.0038331004,216384,1671.51766179342,200.0244472811698,6842.3765,4.985823,2062.3508,1.8818543,7385.916,5.820834,0,,,,,1671.51766179342,0.0005464977,200.0244472811698,0.00060836104,0.000113428854,0.0012640809
2730.1315610038214,7392.8857,5.8220415,-0.0038332455,216385,1671.5170078057097,200.02427690904875,6848.2275,4.9868574,2062.3062,1.8820848,7392.8857,5.8220415,0,,,,,1671.5170078057097,0.0005457364,200.02427690904875,0.00060801726,0.0002816649,0.0006931945
2730.138505300008,7388.9697,5.821843,-0.0038333905,216386,1671.5167347620659,200.02517249372656,6844.1333,4.9866877,2063.263,1.8823013,7388.9697,5.821843,0,,,,,1671.5167347620659,0.0005459801,200.02517249372656,0.00060870853,-0.00079466583,0.0004557867
2730.145449596196,7391.375,5.825027,-0.0038335356,216387,1671.5164660523667,200.02526207216061,6846.9526,4.9894147,2064.6858,1.8846025,7391.375,5.825027,0,,,,,1671.5164660523667,0.00054566225,200.02526207216061,0.0006085935,-8.2372724e-05,0.0010197144
2730.152393892384,7393.738,5.822623,-0.0038336806,216388,1671.5168975730244,200.02380780478808,6846.8813,4.9873557,2063.4932,1.885859,7393.738,5.822623,0,,,,,1671.5168975730244,0.00054593984,200.02380780478808,0.0006081787,0.00031792032,-0.00066727825
2730.159338188571,7395.926,5.8223147,-0.0038338257,216389,1671.5165625789123,200.02503566692246,6848.8286,4.9870915,2062.5583,1.8831238,7395.926,5.8223147,0,,,,,1671.5165625789123,0.0005455136,200.02503566692246,0.00060813606,0.0003620843,0.001353906
2730.166282484526,7383.6475,5.819239,-0.003833971,216390,1671.5171160878713,200.02431557271663,6839.879,4.9844575,2062.1736,1.8817643,7383.6475,5.819239,0,,,,,1671.5171160878713,0.0005460161,200.02431557271663,0.00060896605,0.00025173652,9.083198e-05
2730.1732267804814,7393.4053,5.821066,-0.0038341163,216391,1671.5169671743658,200.02451433274578,6848.0205,4.986022,2059.5688,1.8814157,7393.4053,5.821066,0,,,,,1671.5169671743658,0.00054554595,200.02451433274578,0.0006083891,-0.0015963217,0.001773344
2730.180171076436,7393.17,5.8206515,-0.0038342616,216392,1671.5183633702989,200.02362839678358,6848.7046,4.985667,2061.202,1.8802577,7393.17,5.8206515,0,,,,,1671.5183633702989,0.0005457578,200.02362839678358,0.00060758035,0.0008157343,0.0001145837
2730.187115372391,7394.1343,5.8214145,-0.0038344068,216393,1671.515615795973,200.02508117824758,6846.9634,4.9863205,2061.7854,1.881574,7394.1343,5.8214145,0,,,,,1671.515615795973,0.0005462376,200.02508117824758,0.0006083927,-0.00079106895,0.0020910054
2730.194059668113,7396.1987,5.821244,-0.0038345524,216394,1671.5176483761963,200.02367445500136,6850.8022,4.9861746,2057.5076,1.8809215,7396.1987,5.821244,0,,,,,1671.5176483761963,0.0005452511,200.02367445500136,0.0006083665,0.00057333085,-0.0004079782
2730.201003964068,7388.104,5.820264,-0.0038346977,216395,1671.5171739091336,200.02364062913688,6843.4736,4.9853354,2062.6235,1.8817914,7388.104,5.820264,0,,,,,1671.5171739091336,0.00054566626,200.02364062913688,0.00060816336,0.0002513861,0.00075934856
2730.2079482597906,7365.321,5.8166428,-0.0038348432,216396,1671.5173708119607,200.02269011788985,6822.7935,4.9822335,2063.63,1.8838451,7365.321,5.8166428,0,,,,,1671.5173708119607,0.00054682535,200.02269011788985,0.0006097609,-0.00030916833,0.00034886345
2730.2148925552788,7392.056,5.8221354,-0.003834989,216397,1671.5165962266642,200.02487057547464,6847.6562,4.986938,2061.0488,1.8810688,7392.056,5.8221354,0,,,,,1671.5165962266642,0.00054556073,200.02487057547464,0.000608542,-0.00014703753,0.00071828044
2730.221836851001,7392.864,5.824208,-0.0038351344,216398,1671.517112256054,200.0244570691152,6848.962,4.9887133,2062.3523,1.8827937,7392.864,5.824208,0,,,,,1671.517112256054,0.0005462272,200.0244570691152,0.00060812186,-0.00029649865,0.0010946874
2730.2287811464907,7383.648,5.821263,-0.0038352802,216399,1671.517473786457,200.02268863449314,6838.5503,4.9861913,2064.822,1.8829749,7383.648,5.821263,0,,,,,1671.517473786457,0.00054667325,200.02268863449314,0.0006091124,0.0018649577,-0.0011410357
2730.2357254419794,7387.4937,5.820463,-0.003835426,216400,1671.5161930500617,200.02584639290208,6842.119,4.9855056,2061.805,1.8824173,7387.4937,5.820463,0,,,,,1671.5161930500617,0.0005461522,200.02584639290208,0.0006084242,-0.0014021826,0.0033834241
2730.242669737469,7397.351,5.8226037,-0.0038355717,216401,1671.5166254520173,200.02551743359783,6850.292,4.9873395,2060.8293,1.8829994,7397.351,5.8226037,0,,,,,1671.5166254520173,0.0005455905,200.02551743359783,0.0006083419,0.0008291881,0.00040125736
2730.249614032726,7400.96,5.8214316,-0.0038357177,216402,1671.519306849765,200.02215888609464,6854.987,4.9863353,2057.9954,1.8803988,7400.96,5.8214316,0,,,,,1671.519306849765,0.0005450679,200.02215888609464,0.00060748745,0.002253516,-0.0029811256
2730.256558328215,7395.117,5.821931,-0.0038358634,216403,1671.51607391706,200.02584673394074,6849.941,4.986763,2062.318,1.8812234,7395.117,5.821931,0,,,,,1671.51607391706,0.00054529787,200.02584673394074,0.0006082633,-0.0013943086,0.0033848574
2730.2635026234707,7384.217,5.818597,-0.0038360094,216404,1671.5179428382178,200.02263818380166,6841.0454,4.983907,2058.696,1.8817501,7384.217,5.818597,0,,,,,1671.5179428382178,0.00054580206,200.02263818380166,0.000608484,0.000734598,-0.00015281024
2730.270446918728,7395.0234,5.8215027,-0.0038361554,216405,1671.5168729979966,200.02319609795777,6847.83,4.986397,2060.6865,1.8817992,7395.0234,5.8215027,0,,,,,1671.5168729979966,0.0005455496,200.02319609795777,0.00060782564,0.00021528474,0.002034822
2730.277391213751,7381.772,5.819331,-0.0038363016,216406,1671.516258900255,200.02434194434656,6836.3745,4.984536,2061.6575,1.8823204,7381.772,5.819331,0,,,,,1671.516258900255,0.00054629607,200.02434194434656,0.0006093002,-0.0005583062,0.0004766538
2730.284335508774,7398.437,5.8218637,-0.0038364478,216407,1671.518529163936,200.02419448151113,6852.311,4.9867053,2060.4253,1.8815931,7398.437,5.8218637,0,,,,,1671.518529163936,0.00054539705,200.02419448151113,0.00060790865,0.00084887096,0.0012695228
2730.291279803798,7396.658,5.824178,-0.003836594,216408,1671.516070169916,200.02479448885424,6851.745,4.988688,2059.8748,1.8829837,7396.658,5.824178,0,,,,,1671.516070169916,0.0005456941,200.02479448885424,0.0006083109,0.0,0.0
2731.4509773681916,7398.926,5.8387046,-0.003860717,216575,1671.506771518299,200.07007958923253,6897.0854,5.0011306,2070.998,1.8850566,7398.926,5.8387046,0,,,,,1671.506771518299,0.0005432106,200.07007958923253,0.00060417294,-0.007988655,0.07019618
2731.4579216816082,7391.827,5.8393636,-0.0038608448,216576,1671.5074825947981,200.06964036186625,6888.2124,5.0016947,2072.5767,1.8871578,7391.827,5.8393636,0,,,,,1671.5074825947981,0.0005440586,200.06964036186625,0.00060502614,-0.008144047,0.07042113
2731.4648659952577,7402.0425,5.841916,-0.0038609724,216577,1671.5069777909187,200.0691044533206,6898.684,5.0038815,2072.323,1.8866658,7402.0425,5.841916,0,,,,,1671.5069777909187,0.00054337725,200.0691044533206,0.0006043097,-0.0075256196,0.072026215
2731.4718103091404,7391.604,5.835758,-0.0038610997,216578,1671.5058434891173,200.06797851793073,6885.8545,4.9986067,2073.3748,1.8849823,7391.604,5.835758,0,,,,,1671.5058434891173,0.00054385955,200.06797851793073,0.0006049381,-0.0098608555,0.067966536
2731.478754623489,7392.9414,5.8351088,-0.0038612266,216579,1671.5070758488773,200.0692848002232,6886.477,4.9980507,2071.6792,1.8843324,7392.9414,5.8351088,0,,,,,1671.5070758488773,0.0005434592,200.0692848002232,0.00060484256,-0.007985105,0.07156421
2731.48569893807,7399.1357,5.840369,-0.0038613533,216580,1671.5074317113242,200.07148356297233,6894.646,5.0025563,2072.2117,1.886302,7399.1357,5.840369,0,,,,,1671.5074317113242,0.00054384273,200.07148356297233,0.00060424325,-0.006468008,0.072958894
2731.492643253117,7405.9224,5.84151,-0.0038614795,216581,1671.5059294281427,200.06956235084277,6904.184,5.0035334,2072.2756,1.8864695,7405.9224,5.84151,0,,,,,1671.5059294281427,0.00054252474,200.06956235084277,0.0006039103,-0.008803948,0.06980908
2731.499587568397,7401.091,5.840946,-0.0038616054,216582,1671.5053567986113,200.06970500911652,6901.589,5.003051,2072.2817,1.8851998,7401.091,5.840946,0,,,,,1671.5053567986113,0.0005427215,200.06970500911652,0.00060406374,-0.009995125,0.070240356
2731.50653188391,7400.503,5.842145,-0.0038617312,216583,1671.50474635412,200.0704521534629,6900.6104,5.0040774,2072.5298,1.8863659,7400.503,5.842145,0,,,,,1671.50474635412,0.0005431635,200.0704521534629,0.0006041743,-0.009981497,0.071507834
2731.5134761998884,7410.4307,5.8440647,-0.0038618564,216584,1671.505906879341,200.06992357747524,6910.3945,5.0057216,2071.6616,1.8853872,7410.4307,5.8440647,0,,,,,1671.505906879341,0.00054237084,200.06992357747524,0.0006035003,-0.00898688,0.071452454
2731.5204205163323,7401.1694,5.840502,-0.0038619812,216585,1671.5080597008039,200.07212851819585,6900.738,5.00267,2071.5657,1.885247,7401.1694,5.840502,0,,,,,1671.5080597008039,0.00054329063,200.07212851819585,0.00060373626,-0.006995835,0.07424971
2731.527364832776,7398.9053,5.840596,-0.003862106,216586,1671.5057576570632,200.06896557854782,6898.4004,5.002751,2071.967,1.8861126,7398.9053,5.840596,0,,,,,1671.5057576570632,0.00054314104,200.06896557854782,0.00060403417,-0.0089602815,0.07002245
2731.5343091496857,7414.3726,5.84838,-0.0038622303,216587,1671.5065649925764,200.07167179560673,6911.7266,5.009418,2073.1558,1.887074,7414.3726,5.84838,0,,,,,1671.5065649925764,0.0005431145,200.07167179560673,0.00060397334,-0.007785139,0.07239616
2731.541253466828,7392.7026,5.8407702,-0.0038623544,216588,1671.5046053858412,200.06869770210832,6893.1855,5.0028996,2080.5598,1.8872122,7392.7026,5.8407702,0,,,,,1671.5046053858412,0.00054327154,200.06869770210832,0.0006044727,-0.0115002915,0.069242194
2731.548197784436,7397.3066,5.8441973,-0.003862478,216589,1671.5053908587126,200.07059893681557,6894.5645,5.0058355,2084.49,1.8890972,7397.3066,5.8441973,0,,,,,1671.5053908587126,0.0005437209,200.07059893681557,0.00060490874,-0.0088489745,0.07165572
2731.555142102277,7416.1465,5.848828,-0.0038626015,216590,1671.5058510591896,200.0706430074692,6908.638,5.0098014,2086.1643,1.8899027,7416.1465,5.848828,0,,,,,1671.5058510591896,0.00054336805,200.0706430074692,0.0006039398,-0.009308058,0.071970046
2731.5620864203506,7390.8164,5.8494034,-0.0038627246,216591,1671.505405378482,200.06914734270612,6890.014,5.0102944,2100.6714,1.8945248,7390.8164,5.8494034,0,,,,,1671.505405378482,0.00054444623,200.06914734270612,0.0006056946,-0.009916305,0.069927506
2731.5690307386576,7403.2007,5.858057,-0.0038628476,216592,1671.507080024762,200.07159519402632,6900.414,5.017707,2112.9355,1.8994662,7403.2007,5.858057,0,,,,,1671.507080024762,0.0005445847,200.07159519402632,0.00060611445,-0.008620378,0.07243341
2731.5759750574293,7405.118,5.864326,-0.00386297,216593,1671.5042862021178,200.0698653050425,6902.46,5.0230765,2130.9822,1.904229,7405.118,5.864326,0,,,,,1671.5042862021178,0.00054517976,200.0698653050425,0.00060627,-0.010760759,0.072508745
2731.582919376435,7398.4653,5.8713593,-0.0038630923,216594,1671.5051119025022,200.06977716601816,6896.905,5.029101,2149.2292,1.9111711,7398.4653,5.8713593,0,,,,,1671.5051119025022,0.0005462668,200.06977716601816,0.00060747354,-0.009746601,0.07098577
2731.589863695906,7406.209,5.880631,-0.003863214,216595,1671.5068995565916,200.06986260455662,6901.6733,5.0370426,2173.772,1.9175817,7406.209,5.880631,0,,,,,1671.5068995565916,0.0005470178,200.06986260455662,0.00060822215,-0.008984129,0.07295303
2731.5968080153766,7409.8057,5.8916507,-0.0038633358,216596,1671.5045560606982,200.068966409649,6904.1343,5.046481,2196.833,1.9256623,7409.8057,5.8916507,0,,,,,1671.5045560606982,0.00054789067,200.068966409649,0.0006097028,-0.011739393,0.07027036
2731.6037523353125,7396.0986,5.9014215,-0.0038634571,216597,1671.5061638155285,200.06888521083084,6894.7246,5.0548506,2226.602,1.9344884,7396.0986,5.9014215,0,,,,,1671.5061638155285,0.00054985017,200.06888521083084,0.00061091845,-0.008862689,0.07167373
2731.610696655481,7405.937,5.918831,-0.0038635782,216598,1671.5055006739508,200.07071892377766,6903.1997,5.069762,2259.8882,1.9466147,7405.937,5.918831,0,,,,,1671.5055006739508,0.00055152015,200.07071892377766,0.00061200734,-0.0104250135,0.073369294
2731.617640975884,7400.1807,5.9278746,-0.003863699,216599,1671.5059856167525,200.0695377922498,6897.709,5.077509,2290.4556,1.9555134,7400.1807,5.9278746,0,,,,,1671.5059856167525,0.0005519571,200.0695377922498,0.00061388186,-0.009788537,0.07137035
2731.6245852967513,7397.0576,5.9434175,-0.0038638194,216600,1671.5070562404294,200.06951747715544,6897.2734,5.090822,2325.4685,1.9675864,7397.0576,5.9434175,0,,,,,1671.5070562404294,0.0005538122,200.06951747715544,0.00061549275,-0.007968366,0.072032236
2731.6315296178514,7394.123,5.9561806,-0.0038639395,216601,1671.5060906748079,200.07067746372266,6893.485,5.101754,2358.309,1.9770236,7394.123,5.9561806,0,,,,,1671.5060906748079,0.0005556473,200.07067746372266,0.00061744766,-0.008744812,0.072529554
2731.638473939186,7400.595,5.971635,-0.0038640595,216602,1671.5056115438867,200.07034078539954,6897.6616,5.1149917,2398.536,1.9885061,7400.595,5.971635,0,,,,,1671.5056115438867,0.0005569694,200.07034078539954,0.00061889156,-0.008790417,0.07234047
2731.6454182607517,7401.6987,5.987079,-0.0038641791,216603,1671.5062846635822,200.06961732025928,6901.828,5.1282206,2436.4001,2.0010252,7401.6987,5.987079,0,,,,,1671.5062846635822,0.00055791135,200.06961732025928,0.0006203029,-0.009720807,0.07194029
2731.6523625825503,7396.6577,6.0022554,-0.0038642986,216604,1671.5064613519492,200.07035263846916,6896.6904,5.141219,2475.659,2.0135276,7396.6577,6.0022554,0,,,,,1671.5064613519492,0.0005598029,200.07035263846916,0.00062261533,-0.009500761,0.07127185
2731.659306904816,7400.823,6.0125313,-0.0038644176,216605,1671.5062533784128,200.06896436389184,6902.227,5.150021,2500.0842,2.0199385,7400.823,6.0125313,0,,,,,1671.5062533784128,0.0005605829,200.06896436389184,0.0006227866,-0.008703216,0.07078208
2731.666251227081,7398.6416,6.017722,-0.0038645365,216606,1671.5064627865693,200.0696194902232,6901.0356,5.1544676,2512.8977,2.023994,7398.6416,6.017722,0,,,,,1671.5064627865693,0.0005611928,200.0696194902232,0.00062339765,-0.008540063,0.07250617
2731.6731955498103,7403.8613,6.029681,-0.003864655,216607,1671.5048625068725,200.0708227009726,6904.0684,5.164711,2538.3247,2.0332267,7403.8613,6.029681,0,,,,,1671.5048625068725,0.0005619725,200.0708227009726,0.0006250321,-0.009679227,0.07178075
2731.6801398727735,7398.533,6.0399647,-0.0038647733,216608,1671.5054265632727,200.0703700015252,6900.553,5.173519,2566.3992,2.0408325,7398.533,6.0399647,0,,,,,1671.5054265632727,0.0005634582,200.0703700015252,0.00062633445,-0.009185186,0.07156894
2731.6870841959694,7408.165,6.052497,-0.0038648914,216609,1671.5064830407744,200.07100374844143,6907.997,5.1842537,2593.06,2.0501857,7408.165,6.052497,0,,,,,1671.5064830407744,0.00056420016,200.07100374844143,0.00062677654,-0.009173849,0.07199245
2731.6940285196315,7401.133,6.063159,-0.003865009,216610,1671.5060028566566,200.0696654681345,6902.4873,5.1933866,2622.0037,2.0596976,7401.133,6.063159,0,,,,,1671.5060028566566,0.0005656746,200.0696654681345,0.0006287521,-0.008450865,0.07091469
2731.7009728432927,7409.5923,6.076317,-0.0038651265,216611,1671.506328599352,200.0703600785155,6909.924,5.2046566,2656.121,2.067353,7409.5923,6.076317,0,,,,,1671.506328599352,0.0005665804,200.0703600785155,0.0006295801,-0.0077829435,0.07231398
2731.7079171671876,7407.492,6.085816,-0.0038652439,216612,1671.5059960428878,200.07015399173926,6908.5874,5.2127934,2679.219,2.0747578,7407.492,6.085816,0,,,,,1671.5059960428878,0.00056749827,200.07015399173926,0.00063080207,-0.00924232,0.07130057
2731.7148614915486,7388.0864,6.093275,-0.0038653607,216613,1671.5068812452082,200.0700895693014,6891.322,5.2191825,2706.021,2.085387,7388.0864,6.093275,0,,,,,1671.5068812452082,0.00056953373,200.0700895693014,0.00063298683,-0.008090797,0.071746536
2731.7218058159083,7384.594,6.104904,-0.0038654776,216614,1671.506390292414,200.0688690013234,6889.4585,5.229143,2731.1814,2.0911582,7384.594,6.104904,0,,,,,1671.506390292414,0.00057099515,200.0688690013234,0.0006347854,-0.008564474,0.07165799
2731.7287501407336,7362.42,6.1071095,-0.003865594,216615,1671.5065632100948,200.0686772006116,6869.7573,5.231032,2760.403,2.0984454,7362.42,6.1071095,0,,,,,1671.5065632100948,0.0005731387,200.0686772006116,0.0006366745,-0.00859138,0.07057327
2731.7356944657927,7362.2686,6.116584,-0.0038657102,216616,1671.5071980800462,200.0698719091665,6870.1094,5.239147,2784.65,2.1048794,7362.2686,6.116584,0,,,,,1671.5071980800462,0.00057391013,200.0698719091665,0.00063817063,-0.008893506,0.07154778
2731.742638791083,7357.1284,6.127503,-0.0038658262,216617,1671.5064046568104,200.06904730506605,6864.3013,5.2485,2807.606,2.1127093,7357.1284,6.127503,0,,,,,1671.5064046568104,0.00057560124,200.06904730506605,0.0006400006,-0.008080831,0.0712125
2731.7495831163756,7345.727,6.132371,-0.0038659421,216618,1671.506374733443,200.0691685177147,6854.6323,5.2526703,2833.5767,2.1198833,7345.727,6.132371,0,,,,,1671.506374733443,0.0005767977,200.0691685177147,0.0006414124,-0.0088358,0.0703343
2731.7565274421327,7347.905,6.1412873,-0.0038660576,216619,1671.5058550783976,200.06842082958198,6857.276,5.2603073,2855.8228,2.1259546,7347.905,6.1412873,0,,,,,1671.5058550783976,0.000577527,200.06842082958198,0.0006417528,-0.008407996,0.07107622
2731.763471768123,7350.232,6.1524925,-0.0038661729,216620,1671.5069965975094,200.06868934921843,6859.444,5.269905,2881.0403,2.1335294,7350.232,6.1524925,0,,,,,1671.5069965975094,0.00057872245,200.06868934921843,0.0006429632,-0.0077770725,0.07113411
2731.7704160943463,7344.9404,6.1620564,-0.0038662879,216621,1671.5074351128474,200.06889812067246,6855.067,5.2780967,2905.8535,2.1410255,7344.9404,6.1620564,0,,,,,1671.5074351128474,0.0005799945,200.06889812067246,0.0006445498,-0.008137437,0.0712694
2731.777360420801,7346.5786,6.1713123,-0.0038664027,216622,1671.5070413864019,200.0687648038852,6857.1064,5.286025,2930.2844,2.1482813,7346.5786,6.1713123,0,,,,,1671.5070413864019,0.0005809541,200.0687648038852,0.00064547115,-0.008441498,0.06993871
2731.78430474749,7339.794,6.1797967,-0.0038665172,216623,1671.5060148936263,200.06867518482096,6849.8257,5.2932925,2954.6602,2.1550515,7339.794,6.1797967,0,,,,,1671.5060148936263,0.0005830074,200.06867518482096,0.00064712757,-0.008794857,0.07093011
2731.7912490744106,7338.712,6.1877704,-0.0038666315,216624,1671.5076333364511,200.0688204901431,6849.641,5.300122,2979.7275,2.1618776,7338.712,6.1877704,0,,,,,1671.5076333364511,0.0005830063,200.0688204901431,0.00064793974,-0.007214505,0.0702536
2731.7981934013314,7351.7114,6.2002096,-0.0038667459,216625,1671.506774704333,200.0692321817089,6860.006,5.3107767,3003.4626,2.1696017,7351.7114,6.2002096,0,,,,,1671.506774704333,0.0005839876,200.0692321817089,0.00064853387,-0.0076988237,0.07105232
2731.8051377287193,7346.28,6.2082167,-0.0038668597,216626,1671.5073080881505,200.06861546517575,6855.79,5.317635,3024.9753,2.1763217,7346.28,6.2082167,0,,,,,1671.5073080881505,0.0005850844,200.06861546517575,0.0006497087,-0.0074156765,0.06996791
2731.8120820563395,7354.572,6.2193418,-0.0038669733,216627,1671.506785680061,200.06910197713816,6864.098,5.327164,3049.3352,2.1819496,7354.572,6.2193418,0,,,,,1671.506785680061,0.0005848421,200.06910197713816,0.00065076153,-0.008250073,0.069994286
2731.819026384192,7341.637,6.227605,-0.0038670867,216628,1671.507143775115,200.06790359312467,6853.157,5.3342423,3073.9292,2.1887658,7341.637,6.227605,0,,,,,1671.507143775115,0.00058673037,200.06790359312467,0.0006523858,-0.0072435187,0.07039367
2731.8259707120446,7360.0225,6.2358913,-0.0038672,216629,1671.5075662943982,200.06678440333027,6867.728,5.34134,3092.2214,2.1943722,7360.0225,6.2358913,0,,,,,1671.5075662943982,0.0005867916,200.06678440333027,0.0006518012,-0.007234478,0.06990018
2731.832915040363,7339.7095,6.2407947,-0.003867313,216630,1671.5080586937136,200.06775675805198,6850.4814,5.34554,3118.4,2.2008684,7339.7095,6.2407947,0,,,,,1671.5080586937136,0.0005886831,200.06775675805198,0.0006538175,-0.00689548,0.07069497
2731.839859368681,7363.949,6.252269,-0.003867426,216631,1671.5079772946794,200.06926058691366,6872.6626,5.355368,3135.235,2.2055166,7363.949,6.252269,0,,,,,1671.5079772946794,0.00058772013,200.06926058691366,0.0006530869,-0.007230013,0.07104789
2731.846803697464,7377.4673,6.264034,-0.0038675384,216632,1671.5070635829572,200.06730662240037,6884.5293,5.3654456,3155.071,2.2123995,7377.4673,6.264034,0,,,,,1671.5070635829572,0.00058778387,200.06730662240037,0.0006529599,-0.0074454253,0.06874947
2731.8537480262485,7394.1777,6.271865,-0.0038676509,216633,1671.5060271236757,200.06957215900636,6897.7754,5.3721533,3164.9216,2.214728,7394.1777,6.271865,0,,,,,1671.5060271236757,0.00058757345,200.06957215900636,0.00065258,-0.008265962,0.070472606
2731.860692355266,7402.7393,6.280386,-0.003867763,216634,1671.5074087446408,200.0676227068682,6906.4526,5.3794518,3179.833,2.2209408,7402.7393,6.280386,0,,,,,1671.5074087446408,0.00058780686,200.0676227068682,0.0006528566,-0.006060263,0.06898698
2731.867636684515,7404.0635,6.2845354,-0.003867875,216635,1671.5077195665372,200.0679233066123,6907.5796,5.383006,3191.012,2.2214954,7404.0635,6.2845354,0,,,,,1671.5077195665372,0.0005886139,200.0679233066123,0.0006534532,-0.0069688596,0.06952005
2731.8745810139976,7398.1255,6.2846427,-0.0038679868,216636,1671.5073406044046,200.06873140427234,6902.3965,5.3830976,3195.7314,2.2221582,7398.1255,6.2846427,0,,,,,1671.5073406044046,0.0005884884,200.06873140427234,0.0006540657,-0.00680175,0.069422185
2731.8815253437137,7405.1533,6.2912097,-0.0038680984,216637,1671.5071034773823,200.06828023880567,6908.7725,5.3887224,3206.2969,2.2259777,7405.1533,6.2912097,0,,,,,1671.5071034773823,0.00058859494,200.06828023880567,0.0006540814,-0.0069705895,0.06937189
2731.8884696736613,7399.8213,6.28991,-0.0038682097,216638,1671.5087325130771,200.06852842641473,6903.565,5.387609,3211.8225,2.2272317,7399.8213,6.28991,0,,,,,1671.5087325130771,0.00058885885,200.06852842641473,0.00065441726,-0.0063520246,0.07003604
2731.895414003609,7405.9414,6.294615,-0.003868321,216639,1671.5097255705348,200.06577169725904,6909.8413,5.391639,3218.7307,2.2308583,7405.9414,6.294615,0,,,,,1671.5097255705348,0.000588925,200.06577169725904,0.0006540379,-0.005994939,0.06794603
2731.9023583340227,7399.982,6.2974334,-0.0038684318,216640,1671.5080513378903,200.06905526689064,6904.52,5.3940535,3230.8477,2.2330928,7399.982,6.2974334,0,,,,,1671.5080513378903,0.00058976037,200.06905526689064,0.00065495924,-0.006665976,0.06928732
2731.909302664437,7410.476,6.3012385,-0.0038685426,216641,1671.5075094860144,200.06838187729332,6912.86,5.397313,3236.182,2.2345033,7410.476,6.3012385,0,,,,,1671.5075094860144,0.00058904476,200.06838187729332,0.00065435143,-0.0067350264,0.06907014
2731.916246995084,7406.0635,6.3019576,-0.0038686532,216642,1671.5075239709392,200.06838273097563,6909.529,5.3979287,3239.1663,2.2357574,7406.0635,6.3019576,0,,,,,1671.5075239709392,0.000589766,200.06838273097563,0.0006550204,-0.00633056,0.069721155
2731.9231913259623,7396.995,6.3092794,-0.0038687636,216643,1671.5073703349422,200.06861390235835,6901.7314,5.4042006,3247.9927,2.2405963,7396.995,6.3092794,0,,,,,1671.5073703349422,0.0005910128,200.06861390235835,0.0006568439,-0.0064397026,0.068503655
2731.930135656842,7390.413,6.306084,-0.003868874,216644,1671.508652204878,200.06847278416964,6895.935,5.4014635,3258.6162,2.2406256,7390.413,6.306084,0,,,,,1671.508652204878,0.00059143227,200.06847278416964,0.0006568105,-0.006403221,0.06936045
2731.9370799881876,7403.0156,6.313704,-0.0038689838,216645,1671.5080930271345,200.06720776893886,6907.906,5.4079905,3268.8342,2.2445285,7403.0156,6.313704,0,,,,,1671.5080930271345,0.0005906779,200.06720776893886,0.0006566184,-0.0066606626,0.06868786
2731.9440243195327,7394.225,6.3180714,-0.0038690937,216646,1671.5080366380353,200.06628761864727,6899.802,5.411731,3282.4421,2.2480166,7394.225,6.3180714,0,,,,,1671.5080366380353,0.00059193117,200.06628761864727,0.00065775734,-0.006431431,0.06866607
2731.9509686511105,7388.9,6.324606,-0.0038692034,216647,1671.507679218253,200.06727716361516,6895.4956,5.417328,3296.319,2.2517886,7388.9,6.324606,0,,,,,1671.507679218253,0.00059284514,200.06727716361516,0.00065966015,-0.006042236,0.06916538
2731.957912982921,7403.61,6.329857,-0.0038693128,216648,1671.507851893322,200.06842278308213,6908.172,5.421826,3309.8367,2.2549226,7403.61,6.329857,0,,,,,1671.507851893322,0.0005930049,200.06842278308213,0.0006582276,-0.006389522,0.06876123
2731.964857314964,7400.356,6.33603,-0.003869422,216649,1671.5081235013188,200.06699855801628,6905.743,5.4271135,3329.0261,2.2599819,7400.356,6.33603,0,,,,,1671.5081235013188,0.0005938415,200.06699855801628,0.0006594152,-0.006150009,0.06873169
2731.9718016470083,7393.4326,6.3404,-0.0038695312,216650,1671.508814370975,200.06898259227347,6899.8657,5.4308567,3347.3594,2.2649238,7393.4326,6.3404,0,,,,,1671.508814370975,0.00059464603,200.06898259227347,0.00066052715,-0.006142323,0.06942444
2731.9787459792847,7395.2163,6.354516,-0.0038696402,216651,1671.5086140606372,200.06635414500818,6901.3926,5.442948,3372.2773,2.2730656,7395.2163,6.354516,0,,,,,1671.5086140606372,0.0005956611,200.06635414500818,0.0006621925,-0.006197969,0.068198115
2731.985690311794,7393.386,6.3621325,-0.003869749,216652,1671.5092135931861,200.0666965120252,6900.3154,5.4494715,3400.3564,2.279684,7393.386,6.3621325,0,,,,,1671.5092135931861,0.00059636374,200.0666965120252,0.0006627626,-0.0064953417,0.069067374
2731.992634644536,7395.6885,6.3704357,-0.0038698574,216653,1671.5083331243977,200.06806545900312,6902.5146,5.4565835,3424.332,2.2852566,7395.6885,6.3704357,0,,,,,1671.5083331243977,0.00059744244,200.06806545900312,0.0006638384,-0.005787724,0.068985514
2731.9995789772784,7392.439,6.3820114,-0.003869966,216654,1671.5093793994608,200.06584087990692,6899.1685,5.4664993,3457.5244,2.2946906,7392.439,6.3820114,0,,,,,1671.5093793994608,0.00059883844,200.06584087990692,0.00066527806,-0.0054780375,0.068059735
2732.0065233102528,7397.9297,6.393982,-0.0038700742,216655,1671.50961402707,200.0673226179811,6904.337,5.476752,3482.901,2.3018806,7397.9297,6.393982,0,,,,,1671.50961402707,0.00059948425,200.0673226179811,0.0006660595,-0.0060527762,0.068938464
2732.0134676434604,7403.1855,6.409194,-0.0038701822,216656,1671.508995919844,200.0670751692815,6908.9946,5.489782,3514.3723,2.3109002,7403.1855,6.409194,0,,,,,1671.508995919844,0.00060029724,200.0670751692815,0.0006675768,-0.0059036114,0.06842131
2732.020411976901,7408.1143,6.4152236,-0.00387029,216657,1671.5082080146394,200.06756030498542,6910.067,5.4949465,3539.7427,2.3163605,7408.1143,6.4152236,0,,,,,1671.5082080146394,0.00060145365,200.06756030498542,0.00066799583,-0.0061138556,0.068601124
2732.0273563103424,7393.629,6.4264026,-0.0038703978,216658,1671.5087574499967,200.06752978891367,6899.977,5.504522,3574.222,2.3267064,7393.629,6.4264026,0,,,,,1671.5087574499967,0.0006032152,200.06752978891367,0.0006702103,-0.0054851244,0.06751775
2732.0343006440153,7408.31,6.4446387,-0.0038705054,216659,1671.5092274530996,200.0673420690073,6913.6562,5.5201426,3602.2292,2.3350348,7408.31,6.4446387,0,,,,,1671.5092274530996,0.0006034668,200.0673420690073,0.0006710948,-0.0069199596,0.06865471
2732.041244977921,7398.148,6.445697,-0.0038706127,216660,1671.5096703251193,200.0664671189339,6904.7007,5.5210485,3622.3394,2.3400745,7398.148,6.445697,0,,,,,1671.5096703251193,0.0006046511,200.0664671189339,0.00067204784,-0.0052758204,0.068083465
2732.048189311828,7390.397,6.4549055,-0.00387072,216661,1671.5080781270985,200.06738351816483,6898.415,5.528936,3651.9275,2.3478909,7390.397,6.4549055,0,,,,,1671.5080781270985,0.00060606527,200.06738351816483,0.0006732688,-0.0059616514,0.067908995
2732.0551336459666,7400.5835,6.4627414,-0.0038708271,216662,1671.508691940883,200.0659616410353,6908.2764,5.535648,3668.7795,2.3513758,7400.5835,6.4627414,0,,,,,1671.508691940883,0.00060608005,200.0659616410353,0.00067324215,-0.0056597623,0.068251
2732.062077980338,7403.3833,6.4685435,-0.003870934,216663,1671.5075838383368,200.067746699413,6909.9146,5.5406175,3682.3198,2.3547595,7403.3833,6.4685435,0,,,,,1671.5075838383368,0.0006065063,200.067746699413,0.0006739108,-0.005787863,0.06808108
2732.0690223147108,7401.7197,6.4741535,-0.003871041,216664,1671.509427857815,200.0662800471108,6907.6465,5.545423,3697.5713,2.3584788,7401.7197,6.4741535,0,,,,,1671.509427857815,0.0006075187,200.0662800471108,0.00067462446,-0.0057927296,0.06805217
2732.0759666495483,7400.408,6.4804716,-0.0038711473,216665,1671.509296575429,200.0672194513737,6908.4453,5.5508347,3712.6707,2.3624496,7400.408,6.4804716,0,,,,,1671.509296575429,0.00060785917,200.0672194513737,0.00067537086,-0.0060765687,0.068793885
2732.082910984153,7393.7935,6.4818206,-0.003871254,216666,1671.5092524602667,200.0662557134476,6902.176,5.55199,3718.5305,2.3642368,7393.7935,6.4818206,0,,,,,1671.5092524602667,0.0006083855,200.0662557134476,0.00067626935,-0.00519244,0.06721478
2732.0898553192233,7386.3496,6.4850125,-0.00387136,216667,1671.5093955553828,200.06589455529965,6895.7656,5.554724,3731.3433,2.3677354,7386.3496,6.4850125,0,,,,,1671.5093955553828,0.0006092859,200.06589455529965,0.0006773802,-0.0052062096,0.06813152
2732.0967996542936,7395.028,6.4851246,-0.0038714663,216668,1671.5087476996068,200.066397201531,6903.5386,5.5548205,3730.6875,2.36805,7395.028,6.4851246,0,,,,,1671.5087476996068,0.0006089444,200.066397201531,0.0006761016,-0.0051889424,0.06785822
2732.1037439895968,7406.9917,6.486317,-0.0038715722,216669,1671.5092819950132,200.06660174113202,6913.564,5.555842,3724.8452,2.366184,7406.9917,6.486317,0,,,,,1671.5092819950132,0.00060820224,200.06660174113202,0.00067542586,-0.005102194,0.067356095
2732.1106883249,7392.0176,6.4808083,-0.0038716781,216670,1671.5086369824844,200.06695539339654,6901.333,5.551123,3722.8838,2.3645678,7392.0176,6.4808083,0,,,,,1671.5086369824844,0.0006087852,200.06695539339654,0.00067602587,-0.005336255,0.06882693
2732.117632660436,7392.5444,6.477408,-0.0038717838,216671,1671.5085834020513,200.06595482195746,6900.7354,5.54821,3713.1897,2.3622735,7392.5444,6.477408,0,,,,,1671.5085834020513,0.0006087613,200.06595482195746,0.0006757636,-0.0062165014,0.06781609
2732.1245769962056,7398.641,6.475931,-0.0038718893,216672,1671.5099359798382,200.0665808251692,6906.3086,5.546946,3703.012,2.360754,7398.641,6.475931,0,,,,,1671.5099359798382,0.00060773676,200.0665808251692,0.00067487394,-0.004726044,0.067998774
2732.1315213319735,7394.0,6.4713025,-0.0038719948,216673,1671.5092681898395,200.0658268762726,6902.4834,5.5429807,3691.4387,2.3570828,7394.0,6.4713025,0,,,,,1671.5092681898395,0.00060790416,200.0658268762726,0.0006748464,-0.005135795,0.067486085
2732.1384656679757,7404.7534,6.464731,-0.0038721,216674,1671.5098390808382,200.0670306613833,6912.109,5.5373526,3673.5288,2.3511398,7404.7534,6.464731,0,,,,,1671.5098390808382,0.00060606113,200.0670306613833,0.0006732066,-0.005098105,0.06835977
2732.1454100042106,7398.1733,6.457006,-0.003872205,216675,1671.5094903866584,200.06647077600078,6905.709,5.530735,3653.8528,2.3474255,7398.1733,6.457006,0,,,,,1671.5094903866584,0.00060599344,200.06647077600078,0.0006728732,-0.005110018,0.06799636
2732.152354340444,7383.928,6.4472966,-0.00387231,216676,1671.5093407783777,200.06712105219597,6894.0996,5.522419,3636.4065,2.3418517,7383.928,6.4472966,0,,,,,1671.5093407783777,0.00060557603,200.06712105219597,0.00067325216,-0.0052832197,0.06738313
2732.159298676912,7388.0474,6.4398212,-0.0038724148,216677,1671.5095224585657,200.065820520454,6897.92,5.516016,3612.2312,2.3365703,7388.0474,6.4398212,0,,,,,1671.5095224585657,0.0006051862,200.065820520454,0.0006719719,-0.005328638,0.06706777
2732.1662430133797,7396.6533,6.4327207,-0.0038725196,216678,1671.5088699046603,200.06587466899038,6905.5957,5.509934,3588.391,2.329403,7396.6533,6.4327207,0,,,,,1671.5088699046603,0.0006035872,200.06587466899038,0.00067034963,-0.0049822167,0.06794867
2732.17318735008,7400.9946,6.4269753,-0.0038726241,216679,1671.5089839015857,200.06611716718396,6909.2446,5.5050125,3568.9924,2.3245854,7400.9946,6.4269753,0,,,,,1671.5089839015857,0.0006029193,200.06611716718396,0.0006693538,-0.0055331686,0.067271866
2732.180131687013,7389.4272,6.4168625,-0.0038727284,216680,1671.509557430395,200.0667016409405,6899.588,5.4963503,3547.255,2.3201997,7389.4272,6.4168625,0,,,,,1671.509557430395,0.0006025723,200.0667016409405,0.0006690147,-0.004483161,0.06800939
2732.1870760239453,7401.763,6.41125,-0.0038728327,216681,1671.5096731870653,200.0678010118947,6909.3135,5.4915433,3525.8948,2.3132172,7401.763,6.41125,0,,,,,1671.5096731870653,0.00060099113,200.0678010118947,0.00066762645,-0.005553538,0.0676307
2732.194020361112,7401.4653,6.40057,-0.0038729368,216682,1671.5095665834106,200.06708776197283,6909.534,5.482395,3499.6296,2.305694,7401.4653,6.40057,0,,,,,1671.5095665834106,0.0006002198,200.06708776197283,0.0006665334,-0.0047188015,0.06734499
2732.2009646982774,7395.8687,6.392718,-0.003873041,216683,1671.508167719309,200.06650438559666,6904.54,5.4756694,3480.1658,2.3022685,7395.8687,6.392718,0,,,,,1671.508167719309,0.00059921184,200.06650438559666,0.0006659609,-0.0053996355,0.067893215
2732.2079090356756,7405.5737,6.3837423,-0.0038731447,216684,1671.5098233687813,200.06642050210317,6911.5615,5.4679813,3452.1787,2.2931135,7405.5737,6.3837423,0,,,,,1671.5098233687813,0.00059818296,200.06642050210317,0.00066440494,-0.003871672,0.06707285
2732.214853373075,7394.095,6.3737693,-0.0038732486,216685,1671.5092458836552,200.06715610426272,6902.9336,5.4594393,3430.8152,2.2883856,7394.095,6.3737693,0,,,,,1671.5092458836552,0.0005975446,200.06715610426272,0.000664123,-0.0044757747,0.06832315
2732.221797710707,7398.799,6.3645897,-0.0038733522,216686,1671.508657723395,200.06680450755263,6906.3203,5.451576,3405.5024,2.2801316,7398.799,6.3645897,0,,,,,1671.508657723395,0.00059661554,200.06680450755263,0.0006625155,-0.0051755295,0.06677451
2732.2287420485704,7379.355,6.351214,-0.0038734556,216687,1671.5110321115887,200.06587748744445,6890.1104,5.4401193,3381.3152,2.2735245,7379.355,6.351214,0,,,,,1671.5110321115887,0.00059651025,200.06587748744445,0.00066278386,-0.0048375637,0.06800067
2732.2356863864347,7402.7314,6.345324,-0.003873559,216688,1671.5101399233433,200.0663582388112,6910.81,5.4350743,3353.6099,2.266047,7402.7314,6.345324,0,,,,,1671.5101399233433,0.0005940386,200.0663582388112,0.0006599041,-0.004905539,0.06807904
2732.242630724532,7403.523,6.3352914,-0.003873662,216689,1671.5109962519361,200.06648017565783,6910.536,5.4264812,3329.0847,2.2592738,7403.523,6.3352914,0,,,,,1671.5109962519361,0.0005931013,200.06648017565783,0.00065911986,-0.0043730782,0.06668818
2732.24957506263,7382.4004,6.3271275,-0.0038737652,216690,1671.5093385747975,200.0666668375413,6893.551,5.419488,3312.8323,2.2555842,7382.4004,6.3271275,0,,,,,1671.5093385747975,0.0005935412,200.0666668375413,0.000659595,-0.004963689,0.069006056
2732.256519400959,7395.6606,6.3208385,-0.0038738681,216691,1671.509932333131,200.06666067428645,6903.7246,5.414101,3289.1562,2.2480319,7395.6606,6.3208385,0,,,,,1671.509932333131,0.0005923322,200.06666067428645,0.00065828126,-0.004057493,0.066928655
2732.263463739522,7389.2397,6.3132353,-0.0038739708,216692,1671.5096286160342,200.06681938374862,6898.24,5.4075885,3272.9946,2.2451055,7389.2397,6.3132353,0,,,,,1671.5096286160342,0.00059189554,200.06681938374862,0.000657499,-0.0052826484,0.068840414
2732.2704080778517,7390.026,6.311756,-0.0038740737,216693,1671.5098535285424,200.0664001899504,6899.3115,5.4063215,3259.6665,2.2426012,7390.026,6.311756,0,,,,,1671.5098535285424,0.00059154624,200.0664001899504,0.00065748487,-0.00486417,0.06722838
2732.277352416647,7402.5366,6.3078127,-0.0038741762,216694,1671.509654945305,200.06627096152832,6909.2666,5.402944,3250.0586,2.2393465,7402.5366,6.3078127,0,,,,,1671.509654945305,0.00059032877,200.06627096152832,0.00065607764,-0.0046462747,0.06637189
2732.2842967554434,7401.289,6.302631,-0.0038742786,216695,1671.5093010599494,200.0669013120378,6908.9497,5.3985057,3240.4214,2.2349734,7401.289,6.302631,0,,,,,1671.5093010599494,0.00059025234,200.0669013120378,0.00065534393,-0.004954415,0.06824421
2732.2912410942395,7397.7397,6.299357,-0.003874381,216696,1671.5101643889245,200.0659535703233,6907.0024,5.395701,3232.346,2.2335064,7397.7397,6.299357,0,,,,,1671.5101643889245,0.00058964995,200.0659535703233,0.00065533066,-0.004594942,0.06846133
2732.298185433267,7390.5806,6.296031,-0.0038744833,216697,1671.5093193611785,200.0660193316161,6899.0444,5.392853,3229.4695,2.2332022,7390.5806,6.296031,0,,,,,1671.5093193611785,0.00058982987,200.0660193316161,0.00065569475,-0.005016932,0.06773735
2732.305129772529,7394.773,6.3012085,-0.0038745853,216698,1671.5112365214977,200.0661212868998,6903.6763,5.397287,3230.268,2.2336094,7394.773,6.3012085,0,,,,,1671.5112365214977,0.0005896913,200.0661212868998,0.0006560646,-0.0039690053,0.06768392
2732.3120741117905,7397.7075,6.2967052,-0.0038746872,216699,1671.509611538096,200.06592836285313,6905.519,5.39343,3229.0046,2.2320955,7397.7075,6.2967052,0,,,,,1671.509611538096,0.00058953674,200.06592836285313,0.0006549422,-0.0037892938,0.067209
2732.3190184512846,7390.7886,6.294774,-0.003874789,216700,1671.509094252663,200.06570185410257,6900.5273,5.3917756,3228.538,2.231497,7390.7886,6.294774,0,,,,,1671.509094252663,0.0005901961,200.06570185410257,0.0006550681,-0.004969379,0.06804244
2732.325962790778,7398.0566,6.298242,-0.0038748907,216701,1671.5093948559831,200.06737073698017,6906.201,5.3947463,3231.905,2.233663,7398.0566,6.298242,0,,,,,1671.5093948559831,0.0005897569,200.06737073698017,0.00065506395,-0.004425544,0.0681201
2732.3329071302724,7397.5786,6.299735,-0.0038749925,216702,1671.5083959991591,200.06536697384163,6905.91,5.396025,3235.1707,2.233183,7397.5786,6.299735,0,,,,,1671.5083959991591,0.0005899523,200.06536697384163,0.00065513427,-0.005270134,0.067996085
2732.33985147,7395.081,6.2999487,-0.003875094,216703,1671.5080128455945,200.06663390276043,6903.124,5.3962083,3240.1472,2.2346241,7395.081,6.2999487,0,,,,,1671.5080128455945,0.00059041934,200.06663390276043,0.0006555435,-0.0048848223,0.06745141
2732.3467958099595,7382.613,6.2999387,-0.0038751953,216704,1671.5099066364985,200.06657721524232,6893.2407,5.3961997,3243.8503,2.236336,7382.613,6.2999387,0,,,,,1671.5099066364985,0.000591179,200.06657721524232,0.0006565486,-0.0042617917,0.06834772
2732.353740149919,7394.5625,6.304872,-0.0038752966,216705,1671.5094484255105,200.06649463155568,6904.1562,5.400425,3249.9773,2.237985,7394.5625,6.304872,0,,,,,1671.5094484255105,0.00059042784,200.06649463155568,0.00065606367,-0.0059497473,0.067747645
2732.360684490113,7397.451,6.307827,-0.0038753976,216706,1671.510703357164,200.06569087148847,6904.961,5.4029565,3257.6877,2.2398398,7397.451,6.307827,0,,,,,1671.510703357164,0.0005913448,200.06569087148847,0.0006563582,-0.0035793562,0.06737854
2732.367628830305,7393.4917,6.3059506,-0.0038754987,216707,1671.5094662817855,200.06576489329996,6901.4297,5.4013486,3255.9917,2.2393668,7393.4917,6.3059506,0,,,,,1671.5094662817855,0.00059109024,200.06576489329996,0.0006562692,-0.0054643564,0.06751245
2732.374573170497,7387.4575,6.311352,-0.0038755997,216708,1671.50956157334,200.064758200152,6897.374,5.4059753,3261.8926,2.2420235,7387.4575,6.311352,0,,,,,1671.50956157334,0.00059164985,200.064758200152,0.0006576015,-0.004608577,0.067831434
2732.3815175109225,7389.221,6.309043,-0.0038757005,216709,1671.511008317297,200.06620209917543,6898.538,5.403998,3263.5225,2.2415657,7389.221,6.309043,0,,,,,1671.511008317297,0.0005917225,200.06620209917543,0.00065713056,-0.0039855754,0.06810279
2732.3884618515813,7393.178,6.3113794,-0.003875801,216710,1671.509438443105,200.0679334395066,6901.829,5.4059987,3267.5999,2.2428362,7393.178,6.3113794,0,,,,,1671.509438443105,0.0005916275,200.0679334395066,0.00065711926,-0.004658986,0.06839728
2732.39540619224,7393.648,6.3124876,-0.0038759017,216711,1671.5102249752106,200.06563883402129,6903.2017,5.406948,3273.154,2.2434099,7393.648,6.3124876,0,,,,,1671.5102249752106,0.0005912809,200.06563883402129,0.0006570011,-0.0044570607,0.06707095
2732.4023505328973,7385.038,6.315034,-0.0038760023,216712,1671.50880679903,200.06502167608718,6895.2285,5.409129,3284.7212,2.2469134,7385.038,6.315034,0,,,,,1671.50880679903,0.000592492,200.06502167608718,0.00065823726,-0.0051364983,0.067832656
2732.409294873789,7384.8594,6.3132906,-0.0038761026,216713,1671.509201982943,200.06603850659155,6895.8403,5.407636,3278.3171,2.2459397,7384.8594,6.3132906,0,,,,,1671.509201982943,0.0005921714,200.06603850659155,0.0006577791,-0.0037363886,0.06776843
2732.4162392149124,7397.603,6.3188224,-0.0038762027,216714,1671.5094389152223,200.06503666177895,6905.976,5.412374,3284.7646,2.2480175,7397.603,6.3188224,0,,,,,1671.5094389152223,0.00059163634,200.06503666177895,0.0006573471,-0.0051837093,0.06823132
2732.4231835560363,7381.4727,6.31592,-0.0038763029,216715,1671.5100667022452,200.06560228827558,6892.631,5.4098887,3287.7551,2.2478566,7381.4727,6.31592,0,,,,,1671.5100667022452,0.0005930421,200.06560228827558,0.0006582075,-0.004197392,0.0680314
2732.430127897161,7383.4443,6.318853,-0.003876403,216716,1671.5092103156958,200.0662756735692,6894.5244,5.4124007,3289.0698,2.248725,7383.4443,6.318853,0,,,,,1671.5092103156958,0.00059281616,200.0662756735692,0.00065886596,-0.0053370935,0.068098865
2732.437072238518,7392.36,6.318553,-0.0038765029,216717,1671.5106088261011,200.06520676788466,6902.2866,5.4121437,3289.0593,2.2474592,7392.36,6.318553,0,,,,,1671.5106088261011,0.0005921776,200.06520676788466,0.0006578444,-0.0041479985,0.06692995
2732.4440165798746,7391.721,6.3244514,-0.0038766027,216718,1671.5102279849489,200.0661576027821,6901.7485,5.417196,3302.1528,2.2522705,7391.721,6.3244514,0,,,,,1671.5102279849489,0.0005928338,200.0661576027821,0.000658669,-0.0041979467,0.068010874
2732.4509609214642,7398.791,6.326792,-0.0038767024,216719,1671.5097824861239,200.06627904144682,6907.3467,5.4192004,3304.651,2.2525408,7398.791,6.326792,0,,,,,1671.5097824861239,0.0005926101,200.06627904144682,0.0006584897,-0.0044190553,0.06762359
2732.457905263054,7400.5596,6.3313785,-0.003876802,216720,1671.5105872007698,200.06552555542916,6909.0786,5.423129,3311.83,2.2553093,7400.5596,6.3313785,0,,,,,1671.5105872007698,0.00059262203,200.06552555542916,0.0006588638,-0.0035144112,0.06800719
2732.4648496048762,7400.571,6.3294196,-0.0038769015,216721,1671.5077170519419,200.06701594180092,6909.1846,5.4214516,3312.254,2.2548137,7400.571,6.3294196,0,,,,,1671.5077170519419,0.000592637,200.06701594180092,0.0006585792,-0.005026223,0.06779732
2732.4717939466977,7393.677,6.3327684,-0.0038770009,216722,1671.5096702425913,200.0669170840342,6903.6035,5.4243197,3321.998,2.2590802,7393.677,6.3327684,0,,,,,1671.5096702425913,0.0005931039,200.0669170840342,0.00065962266,-0.0044514225,0.06850862
2732.4787382885206,7394.7095,6.334266,-0.0038771003,216723,1671.510266347218,200.06657402702518,6903.9644,5.4256024,3325.9062,2.2596262,7394.7095,6.334266,0,,,,,1671.510266347218,0.0005938811,200.06657402702518,0.0006596722,-0.004142595,0.06863334
2732.4856826305772,7386.1934,6.339054,-0.0038771995,216724,1671.5100338029526,200.0648559676394,6896.239,5.4297037,3345.3838,2.2644618,7386.1934,6.339054,0,,,,,1671.5100338029526,0.00059481396,200.0648559676394,0.0006606534,-0.0045212517,0.06725052
2732.492626972632,7398.0337,6.349799,-0.0038772987,216725,1671.510671266294,200.06622696672287,6906.3433,5.4389076,3365.8633,2.2698169,7398.0337,6.349799,0,,,,,1671.510671266294,0.0005950024,200.06622696672287,0.000660929,-0.0046794685,0.06910974
2732.4995713149196,7394.6943,6.348659,-0.0038773976,216726,1671.5104104494744,200.06659930504827,6903.9277,5.437931,3365.5247,2.2697163,7394.6943,6.348659,0,,,,,1671.5104104494744,0.0005947817,200.06659930504827,0.0006606405,-0.004812196,0.068987824
2732.5065156572086,7398.1406,6.349125,-0.0038774966,216727,1671.5086243675194,200.0676957041854,6905.9077,5.43833,3365.8005,2.270016,7398.1406,6.349125,0,,,,,1671.5086243675194,0.000595123,200.0676957041854,0.0006611302,-0.0045053153,0.06785833
2732.513459999729,7396.698,6.351373,-0.0038775953,216728,1671.5087985508485,200.06568998565803,6904.387,5.4402556,3369.0898,2.271274,7396.698,6.351373,0,,,,,1671.5087985508485,0.00059518806,200.06568998565803,0.00066131295,-0.0048800744,0.06838048
2732.5204043422495,7398.843,6.3536987,-0.003877694,216729,1671.5105090137617,200.0656742482256,6907.133,5.4422474,3371.915,2.2719722,7398.843,6.3536987,0,,,,,1671.5105090137617,0.00059524766,200.0656742482256,0.00066153356,-0.0043568215,0.06788715
2732.5273486850033,7396.492,6.35421,-0.0038777925,216730,1671.5099382425008,200.06629033685542,6905.075,5.442685,3378.5906,2.2744367,7396.492,6.35421,0,,,,,1671.5099382425008,0.00059538404,200.06629033685542,0.00066130894,-0.004653428,0.06835562
2732.5342930275247,7390.914,6.3535275,-0.0038778912,216731,1671.510196949835,200.06562792091057,6900.8423,5.442101,3382.4592,2.2740664,7390.914,6.3535275,0,,,,,1671.510196949835,0.00059579266,200.06562792091057,0.00066221453,-0.0039546834,0.06741901
2732.5412373705117,7390.8994,6.360955,-0.0038779895,216732,1671.5092852839107,200.06656530405567,6900.769,5.448463,3390.2659,2.2775555,7390.8994,6.360955,0,,,,,1671.5092852839107,0.0005964508,200.06656530405567,0.0006630323,-0.0046926993,0.06870861
2732.548181713498,7393.506,6.361393,-0.0038780877,216733,1671.508480631868,200.06621207949797,6902.922,5.448838,3398.0461,2.2782621,7393.506,6.361393,0,,,,,1671.508480631868,0.00059664855,200.06621207949797,0.00066249137,-0.005009273,0.068070255
2732.555126056485,7404.811,6.362534,-0.003878186,216734,1671.509322852699,200.06569230099467,6913.4043,5.4498153,3398.1377,2.2776475,7404.811,6.362534,0,,,,,1671.509322852699,0.0005957076,200.06569230099467,0.0006620228,-0.004135732,0.06701906
2732.562070399471,7391.95,6.363189,-0.0038782842,216735,1671.5094227949746,200.0671197389631,6901.2817,5.450377,3406.2183,2.2804751,7391.95,6.363189,0,,,,,1671.5094227949746,0.0005967348,200.0671197389631,0.00066321366,-0.0041505173,0.06867584
2732.56901474269,7400.218,6.3681335,-0.0038783823,216736,1671.509724278523,200.06466873373805,6908.23,5.454612,3410.9531,2.2827106,7400.218,6.3681335,0,,,,,1671.509724278523,0.00059734494,200.06466873373805,0.0006625635,-0.0040535447,0.06688555
2732.575959086143,7392.74,6.3652124,-0.00387848,216737,1671.5096754685724,200.06601051434552,6902.308,5.45211,3412.0344,2.282241,7392.74,6.3652124,0,,,,,1671.5096754685724,0.0005968247,200.06601051434552,0.00066302315,-0.004818317,0.06917253
2732.582903429595,7391.799,6.366374,-0.0038785778,216738,1671.5091757665518,200.0659895589506,6901.4487,5.453105,3413.8887,2.2824335,7391.799,6.366374,0,,,,,1671.5091757665518,0.0005969437,200.0659895589506,0.0006632586,-0.004568754,0.06777958
2732.5898477730466,7384.4297,6.363406,-0.0038786756,216739,1671.5113546645896,200.0650072126651,6896.1304,5.450563,3412.6074,2.2817883,7384.4297,6.363406,0,,,,,1671.5113546645896,0.00059730286,200.0650072126651,0.00066334,-0.0033312938,0.0666961
2732.5967921164997,7386.5586,6.360983,-0.0038787734,216740,1671.5085761425453,200.06704883197665,6897.546,5.448487,3401.3247,2.280005,7386.5586,6.360983,0,,,,,1671.5085761425453,0.0005964545,200.06704883197665,0.000662894,-0.0055863294,0.06943152
2732.603736460185,7392.397,6.3642654,-0.003878871,216741,1671.5104449070884,200.0657809107677,6901.682,5.451298,3397.0903,2.2780364,7392.397,6.3642654,0,,,,,1671.5104449070884,0.0005965328,200.0657809107677,0.0006637088,-0.003637936,0.06719046
2732.6106808041027,7385.4824,6.355015,-0.0038789683,216742,1671.5099242831186,200.0671532666851,6895.8003,5.443375,3385.3909,2.2756693,7385.4824,6.355015,0,,,,,1671.5099242831186,0.000596145,200.0671532666851,0.0006627814,-0.0058039627,0.069031514
2732.6176251480206,7379.727,6.3503623,-0.0038790656,216743,1671.5096820930337,200.0662720582394,6890.89,5.4393897,3379.3848,2.273089,7379.727,6.3503623,0,,,,,1671.5096820930337,0.00059637654,200.0662720582394,0.0006626979,-0.0041124905,0.06863871
2732.6245694919385,7399.0254,6.349724,-0.003879163,216744,1671.5096174570199,200.0648241202066,6907.271,5.438843,3370.6318,2.269465,7399.0254,6.349724,0,,,,,1671.5096174570199,0.0005949148,200.0648241202066,0.0006607936,-0.0048279413,0.068113744
2732.6315138358564,7388.3506,6.3481293,-0.0038792603,216745,1671.5091454843512,200.06673284888433,6897.62,5.437477,3366.5422,2.2706947,7388.3506,6.3481293,0,,,,,1671.5091454843512,0.000596063,200.06673284888433,0.0006618689,-0.0035775164,0.06864583
2732.638458180007,7391.9014,6.3453436,-0.0038793574,216746,1671.509247457786,200.06730567701698,6901.8433,5.4350915,3358.9165,2.2678895,7391.9014,6.3453436,0,,,,,1671.509247457786,0.0005945302,200.06730567701698,0.0006609641,-0.004910766,0.06866617
2732.6454025243906,7410.777,6.3460517,-0.0038794542,216747,1671.5093887869482,200.0676770405453,6917.689,5.4356976,3352.5208,2.2651205,7410.777,6.3460517,0,,,,,1671.5093887869482,0.0005934301,200.0676770405453,0.00065965333,-0.004898569,0.06908839
2732.652346868774,7402.898,6.343443,-0.003879551,216748,1671.5099987924978,200.06651895493445,6911.724,5.433463,3346.45,2.265562,7402.898,6.343443,0,,,,,1671.5099987924978,0.0005935961,200.06651895493445,0.000659604,-0.004940419,0.06822637
2732.6592912131578,7386.321,6.337888,-0.003879648,216749,1671.5097894470223,200.06507694677873,6896.7803,5.4287047,3344.224,2.2641635,7386.321,6.337888,0,,,,,1671.5097894470223,0.00059426983,200.06507694677873,0.0006605455,-0.004122603,0.06738436
2732.6662355575413,7398.178,6.337919,-0.0038797448,216750,1671.509859527439,200.06755848283433,6907.6763,5.428732,3337.2583,2.2612302,7398.178,6.337919,0,,,,,1671.509859527439,0.0005938827,200.06755848283433,0.00065951084,-0.0038310792,0.068831705
2732.673179902158,7394.6143,6.3367524,-0.0038798414,216751,1671.5090470309667,200.066498229174,6904.224,5.4277325,3334.9216,2.2609744,7394.6143,6.3367524,0,,,,,1671.5090470309667,0.0005938485,200.066498229174,0.00065997936,-0.0043846252,0.06846334
2732.680124246774,7395.6743,6.338688,-0.003879938,216752,1671.5095180125943,200.06603602426924,6905.063,5.42939,3335.2625,2.2614954,7395.6743,6.338688,0,,,,,1671.5095180125943,0.00059357734,200.06603602426924,0.0006602107,-0.005271447,0.06891633
2732.6870685916238,7386.0923,6.333761,-0.0038800344,216753,1671.5099133868355,200.06647051735206,6896.6367,5.42517,3333.391,2.2608316,7386.0923,6.333761,0,,,,,1671.5099133868355,0.0005941107,200.06647051735206,0.00066028,-0.004152781,0.06767723
2732.6940129364734,7396.555,6.3364687,-0.0038801308,216754,1671.509726137079,200.06528943800467,6905.0845,5.4274893,3334.5403,2.26081,7396.555,6.3364687,0,,,,,1671.509726137079,0.00059392204,200.06528943800467,0.00065963605,-0.004196804,0.068406574
2732.7009572813226,7402.2476,6.3372855,-0.0038802272,216755,1671.5094980236122,200.06753045433067,6908.7935,5.428189,3333.2363,2.260747,7402.2476,6.3372855,0,,,,,1671.5094980236122,0.00059360365,200.06753045433067,0.00065947324,-0.0038839183,0.06937773
2732.7079016264042,7391.9204,6.3362103,-0.0038803234,216756,1671.5100367423397,200.06557442082263,6901.8135,5.4272676,3334.7114,2.2609909,7391.9204,6.3362103,0,,,,,1671.5100367423397,0.0005939839,200.06557442082263,0.00066000863,-0.0038160055,0.06772246
2732.714845971486,7387.098,6.3371744,-0.0038804195,216757,1671.509785691571,200.06730682801881,6897.1475,5.428094,3333.6013,2.261842,7387.098,6.3371744,0,,,,,1671.509785691571,0.0005939833,200.06730682801881,0.00066045864,-0.004767108,0.06923789
2732.7217903168016,7400.524,6.3419566,-0.0038805155,216758,1671.5104773780854,200.0662202688964,6908.7095,5.43219,3341.6008,2.2634583,7400.524,6.3419566,0,,,,,1671.5104773780854,0.00059424166,200.0662202688964,0.0006601401,-0.0037958887,0.068097524
2732.728734662116,7392.6343,6.34222,-0.0038806114,216759,1671.510072594465,200.06571397171555,6903.302,5.432415,3344.2302,2.2661867,7392.6343,6.34222,0,,,,,1671.510072594465,0.0005942983,200.06571397171555,0.0006604124,-0.004622171,0.06744354
2732.7356790074305,7399.1895,6.3416667,-0.0038807073,216760,1671.5088192013907,200.06801302110637,6908.8394,5.431942,3346.0698,2.2633703,7399.1895,6.3416667,0,,,,,1671.5088192013907,0.0005938455,200.06801302110637,0.0006597585,-0.0045529427,0.06986406
2732.7426233527463,7393.0938,6.3440466,-0.0038808032,216761,1671.5101844822566,200.06727316645797,6902.205,5.43398,3345.2742,2.2650769,7393.0938,6.3440466,0,,,,,1671.5101844822566,0.0005942157,200.06727316645797,0.00066079525,-0.004821222,0.06950558
2732.749567698294,7380.021,6.3419623,-0.003880899,216762,1671.510114890736,200.0652040200064,6891.7827,5.4321947,3357.6294,2.2666357,7380.021,6.3419623,0,,,,,1671.510114890736,0.0005954895,200.0652040200064,0.00066149177,-0.00423935,0.06766658
2732.7565120440745,7387.048,6.3461194,-0.0038809944,216763,1671.5097485677693,200.0666067221332,6898.5513,5.4357557,3352.897,2.2673256,7387.048,6.3461194,0,,,,,1671.5097485677693,0.0005952264,200.0666067221332,0.0006614398,-0.004995136,0.068534024
2732.763456389622,7386.7686,6.3441014,-0.00388109,216764,1671.5096914842159,200.06700783185352,6897.4365,5.434027,3357.9062,2.2677233,7386.7686,6.3441014,0,,,,,1671.5096914842159,0.00059501204,200.06700783185352,0.00066151336,-0.004172938,0.06807501
2732.7704007354027,7396.0337,6.345497,-0.0038811855,216765,1671.5087448688625,200.0659065912297,6904.696,5.435222,3357.7993,2.2666042,7396.0337,6.345497,0,,,,,1671.5087448688625,0.00059443107,200.0659065912297,0.00066063326,-0.004740691,0.06874077
2732.7773450814157,7395.578,6.3455577,-0.0038812808,216766,1671.5079070591082,200.06750991849088,6904.3306,5.435274,3353.6997,2.2669861,7395.578,6.3455577,0,,,,,1671.5079070591082,0.0005951893,200.06750991849088,0.00066055165,-0.0052896347,0.070154294
2732.7842894274286,7392.1396,6.346324,-0.003881376,216767,1671.508545782007,200.06750902320883,6901.466,5.4359307,3358.75,2.268631,7392.1396,6.346324,0,,,,,1671.508545782007,0.00059483084,200.06750902320883,0.0006612229,-0.0046620625,0.06940919
2732.791233773443,7391.9434,6.347424,-0.0038814712,216768,1671.5095044465445,200.06482256561023,6900.6255,5.436873,3359.6091,2.2676158,7391.9434,6.347424,0,,,,,1671.5095044465445,0.00059510587,200.06482256561023,0.00066127075,-0.0044027837,0.06814805
2732.798178119457,7392.346,6.3490577,-0.0038815665,216769,1671.50868433008,200.06686729684185,6902.457,5.4382725,3357.388,2.2681453,7392.346,6.3490577,0,,,,,1671.50868433008,0.0005950005,200.06686729684185,0.000661444,-0.0047458094,0.06946714
2732.8051224657024,7397.5425,6.3483086,-0.0038816615,216770,1671.5100983028472,200.0653115336148,6907.255,5.4376307,3360.0742,2.2679389,7397.5425,6.3483086,0,,,,,1671.5100983028472,0.0005947863,200.0653115336148,0.00066094054,-0.0035114,0.06756537
2732.812066811949,7391.3853,6.3491726,-0.0038817564,216771,1671.5085791758027,200.06772568023382,6902.144,5.4383707,3363.158,2.2693732,7391.3853,6.3491726,0,,,,,1671.5085791758027,0.000595034,200.06772568023382,0.0006616091,-0.0057090796,0.070271306
2732.8190111581957,7390.354,6.350454,-0.0038818514,216772,1671.5107759828668,200.06611241497546,6900.53,5.439468,3367.368,2.2708707,7390.354,6.350454,0,,,,,1671.5107759828668,0.0005953759,200.06611241497546,0.00066194206,-0.0035769157,0.06837474
2732.825955504674,7391.863,6.3520403,-0.0038819462,216773,1671.5094522195666,200.0662501531361,6902.025,5.440827,3363.3167,2.2703924,7391.863,6.3520403,0,,,,,1671.5094522195666,0.00059515575,200.0662501531361,0.00066197506,-0.0053258026,0.06923815
2732.832899851153,7395.557,6.3484282,-0.003882041,216774,1671.5096775578759,200.06571157705162,6904.871,5.4377337,3365.1333,2.2691677,7395.557,6.3484282,0,,,,,1671.5096775578759,0.00059473875,200.06571157705162,0.0006610266,-0.0049819844,0.067445576
2732.8398441978647,7388.145,6.350472,-0.0038821355,216775,1671.510348606917,200.06803153313473,6899.2974,5.439484,3365.1814,2.2702072,7388.145,6.350472,0,,,,,1671.510348606917,0.000595232,200.06803153313473,0.0006621249,-0.00410859,0.07056811
2732.8467885445775,7395.2676,6.348799,-0.00388223,216776,1671.5103501118447,200.06545557059442,6904.9653,5.438051,3366.6135,2.2685318,7395.2676,6.348799,0,,,,,1671.5103501118447,0.0005949848,200.06545557059442,0.00066079217,-0.004360787,0.068691306
2732.8537328912894,7394.0312,6.3492694,-0.0038823246,216777,1671.5095210266052,200.06622262549723,6904.2603,5.4384537,3363.4768,2.2693472,7394.0312,6.3492694,0,,,,,1671.5095210266052,0.0005948275,200.06622262549723,0.00066126796,-0.0044699432,0.06780367
2732.8606772382336,7393.241,6.349714,-0.0038824189,216778,1671.5093131214603,200.0672538136638,6902.992,5.4388347,3364.707,2.2708924,7393.241,6.349714,0,,,,,1671.5093131214603,0.00059519446,200.0672538136638,0.00066108967,-0.0051842513,0.06975738
2732.867621584946,7390.527,6.347475,-0.0038825134,216779,1671.5098355880652,200.06782368386686,6900.5293,5.436917,3360.666,2.268756,7390.527,6.347475,0,,,,,1671.5098355880652,0.0005951553,200.06782368386686,0.0006611973,-0.00488668,0.06911674
2732.8745659321226,7387.885,6.3463635,-0.0038826074,216780,1671.5092011454785,200.06726257812048,6899.502,5.4359646,3360.3416,2.2698748,7387.885,6.3463635,0,,,,,1671.5092011454785,0.00059505797,200.06726257812048,0.00066112075,-0.00525755,0.06921387
2732.8815102790677,7400.081,6.347631,-0.0038827017,216781,1671.5103910370349,200.06599693744167,6908.8467,5.4370503,3357.9731,2.2671323,7400.081,6.347631,0,,,,,1671.5103910370349,0.00059440226,200.06599693744167,0.00066068175,-0.0032631985,0.06798378
2732.8884546262457,7397.5957,6.3448358,-0.0038827958,216782,1671.5091549405074,200.0673935416647,6906.431,5.434656,3355.5469,2.26653,7397.5957,6.3448358,0,,,,,1671.5091549405074,0.00059427036,200.0673935416647,0.0006604372,-0.0056215096,0.07048395
2732.8953989734223,7379.0625,6.3415394,-0.0038828899,216783,1671.5100168985705,200.06647792020385,6890.184,5.4318323,3356.1462,2.2667763,7379.0625,6.3415394,0,,,,,1671.5100168985705,0.0005955933,200.06647792020385,0.00066176115,-0.005765458,0.06988578
2732.902343320833,7394.5894,6.344536,-0.0038829837,216784,1671.509343222473,200.06775016316928,6904.591,5.434399,3353.7837,2.2662265,7394.5894,6.344536,0,,,,,1671.509343222473,0.0005945987,200.06775016316928,0.000660492,-0.0041982,0.06909182
2732.909287668011,7397.156,6.3440113,-0.0038830778,216785,1671.5093627812807,200.06670499163073,6906.3447,5.4339495,3352.5146,2.2664096,7397.156,6.3440113,0,,,,,1671.5093627812807,0.0005946066,200.06670499163073,0.00066005834,-0.004745686,0.0698495
2732.9162320156543,7398.4326,6.343751,-0.0038831714,216786,1671.509553240729,200.0661322690557,6907.9404,5.4337273,3349.0793,2.265621,7398.4326,6.343751,0,,,,,1671.509553240729,0.00059436803,200.0661322690557,0.0006599959,-0.004342477,0.06870383
2732.9231763630646,7384.278,6.3395033,-0.0038832652,216787,1671.509296178748,200.0656102496353,6895.584,5.4300885,3346.617,2.2644305,7384.278,6.3395033,0,,,,,1671.509296178748,0.00059516425,200.0656102496353,0.00066092395,-0.004674973,0.06941166
2732.9301207107073,7393.153,6.3392596,-0.0038833588,216788,1671.5089158586766,200.06713618255404,6903.221,5.42988,3343.416,2.2634487,7393.153,6.3392596,0,,,,,1671.5089158586766,0.00059383153,200.06713618255404,0.00066017814,-0.0047828034,0.068701446
2732.9370650583514,7386.5576,6.3383174,-0.0038834524,216789,1671.509430786166,200.06647090703808,6898.68,5.429073,3340.176,2.2633016,7386.5576,6.3383174,0,,,,,1671.509430786166,0.0005943233,200.06647090703808,0.00066027115,-0.005287042,0.07061378
2732.944009406227,7399.21,6.33857,-0.0038835458,216790,1671.5099122974875,200.06562034589444,6906.9067,5.4292893,3337.4885,2.2619855,7399.21,6.33857,0,,,,,1671.5099122974875,0.0005939188,200.06562034589444,0.0006595265,-0.003999047,0.068019114
2732.9509537538697,7393.057,6.337173,-0.0038836394,216791,1671.5097562137048,200.06616496301524,6902.76,5.4280925,3332.584,2.2637103,7393.057,6.337173,0,,,,,1671.5097562137048,0.00059342256,200.06616496301524,0.0006598496,-0.005871207,0.070132375
2732.957898101746,7405.5527,6.3392086,-0.0038837327,216792,1671.5100519183068,200.06634726541404,6914.0146,5.429836,3329.7966,2.2600687,7405.5527,6.3392086,0,,,,,1671.5100519183068,0.0005938428,200.06634726541404,0.0006589732,-0.0035088465,0.069019616
2732.964842449855,7401.0996,6.335747,-0.0038838258,216793,1671.5082071846643,200.06743068831418,6910.595,5.426871,3331.0122,2.2592516,7401.0996,6.335747,0,,,,,1671.5082071846643,0.00059331965,200.06743068831418,0.0006585628,-0.0061362456,0.070159286
2732.971786797964,7392.928,6.334704,-0.003883919,216794,1671.5096679992132,200.06624012110157,6904.039,5.4259777,3327.8132,2.2620747,7392.928,6.334704,0,,,,,1671.5096679992132,0.00059339916,200.06624012110157,0.00065931637,-0.003817624,0.068948455
2732.9787311460727,7401.0054,6.3371453,-0.003884012,216795,1671.510467218893,200.0665472508729,6910.205,5.4280686,3333.7307,2.2607162,7401.0054,6.3371453,0,,,,,1671.510467218893,0.00059324957,200.0665472508729,0.00065926893,-0.004299787,0.069146745
2732.985675494182,7385.6196,6.3343277,-0.0038841052,216796,1671.5086018358777,200.0667834452736,6896.3613,5.4256554,3335.9465,2.2605376,7385.6196,6.3343277,0,,,,,1671.5086018358777,0.0005942012,200.0667834452736,0.00066004234,-0.005342113,0.06955536
2732.9926198425233,7384.939,6.3375273,-0.0038841981,216797,1671.5096032662998,200.06758419916,6896.3306,5.4283957,3340.9365,2.2629251,7384.939,6.3375273,0,,,,,1671.5096032662998,0.0005944742,200.06758419916,0.0006605204,-0.0046032006,0.06951508
2732.9995641908645,7399.1167,6.3408017,-0.003884291,216798,1671.509914744759,200.06641406457314,6908.0967,5.4312005,3343.5317,2.2636514,7399.1167,6.3408017,0,,,,,1671.509914744759,0.0005936801,200.06641406457314,0.0006599312,-0.004543677,0.07009829
2733.006508539207,7402.559,6.343589,-0.003884384,216799,1671.510352111737,200.0662701788019,6912.177,5.433588,3345.1997,2.265747,7402.559,6.343589,0,,,,,1671.510352111737,0.0005936331,200.0662701788019,0.00065944076,-0.004757215,0.06954114
2733.013452887782,7393.7915,6.3439054,-0.0038844766,216800,1671.5102725600523,200.0664378885369,6903.873,5.4338593,3351.2493,2.2656016,7393.7915,6.3439054,0,,,,,1671.5102725600523,0.0005949228,200.0664378885369,0.0006608784,-0.005258867,0.069228776
2733.0203972363556,7392.036,6.343832,-0.0038845693,216801,1671.5096333246888,200.0660217063546,6902.0566,5.433796,3353.9517,2.2664065,7392.036,6.343832,0,,,,,1671.5096333246888,0.0005948368,200.0660217063546,0.0006608984,-0.004444551,0.06958103
2733.02734158493,7389.9937,6.3465276,-0.003884662,216802,1671.50944666342,200.06630649094237,6899.917,5.436105,3362.3142,2.2681284,7389.9937,6.3465276,0,,,,,1671.50944666342,0.00059477607,200.06630649094237,0.00066131155,-0.0047859065,0.06982433
2733.0342859335046,7390.6504,6.3493786,-0.0038847546,216803,1671.5104595284402,200.06613548910508,6901.8076,5.4385467,3368.9517,2.2710342,7390.6504,6.3493786,0,,,,,1671.5104595284402,0.0005949299,200.06613548910508,0.00066117686,-0.003996198,0.06956903
2733.0412302823124,7393.1904,6.352829,-0.003884847,216804,1671.5086264899594,200.06661947432275,6903.1006,5.4415026,3375.462,2.273552,7393.1904,6.352829,0,,,,,1671.5086264899594,0.0005950617,200.06661947432275,0.00066157547,-0.005556005,0.07070817
2733.0481746311193,7383.933,6.352782,-0.0038849395,216805,1671.5098567119946,200.06566069089553,6895.927,5.441462,3379.1987,2.273551,7383.933,6.352782,0,,,,,1671.5098567119946,0.0005963094,200.06566069089553,0.00066235417,-0.005215583,0.069030516
2733.05511898016,7391.268,6.353426,-0.0038850317,216806,1671.5090157229952,200.06740937861926,6901.859,5.4420137,3383.0154,2.2735596,7391.268,6.353426,0,,,,,1671.5090157229952,0.0005956734,200.06740937861926,0.0006615502,-0.0050256574,0.07079954
2733.062063328968,7393.946,6.3577404,-0.003885124,216807,1671.508313295763,200.06701148747106,6903.5713,5.4457097,3390.423,2.2761602,7393.946,6.3577404,0,,,,,1671.508313295763,0.0005958608,200.06701148747106,0.0006623747,-0.004710363,0.06975445
2733.069007678008,7390.4575,6.360243,-0.0038852163,216808,1671.5085681639,200.0676205935522,6899.9165,5.447853,3397.413,2.2800465,7390.4575,6.360243,0,,,,,1671.5085681639,0.0005967566,200.0676205935522,0.0006626551,-0.0050179707,0.07021177
2733.0759520272804,7387.2856,6.363418,-0.0038853083,216809,1671.5091821686558,200.06622931128572,6898.166,5.4505725,3406.2,2.2803602,7387.2856,6.363418,0,,,,,1671.5091821686558,0.0005972339,200.06622931128572,0.000663095,-0.0052890293,0.069549434
2733.082896376554,7390.9194,6.3668265,-0.0038854002,216810,1671.508656356141,200.06660031091096,6901.0264,5.453492,3413.0676,2.2822843,7390.9194,6.3668265,0,,,,,1671.508656356141,0.00059721,200.06660031091096,0.00066342927,-0.0063294442,0.06956917
2733.089840725826,7399.243,6.3702087,-0.0038854922,216811,1671.5088886189174,200.06724991612654,6908.1943,5.4563894,3413.6912,2.2828274,7399.243,6.3702087,0,,,,,1671.5088886189174,0.0005966409,200.06724991612654,0.00066329475,-0.004536708,0.06991861
2733.0967850751,7389.2993,6.365386,-0.0038855842,216812,1671.5083687527008,200.06678024461857,6900.1133,5.4522586,3414.1243,2.2812655,7389.2993,6.365386,0,,,,,1671.5083687527008,0.0005972122,200.06678024461857,0.000663413,-0.0048555424,0.0699166
2733.103729424373,7401.536,6.3712206,-0.0038856762,216813,1671.5100840163027,200.06744741099908,6910.2847,5.457256,3419.1338,2.2843397,7401.536,6.3712206,0,,,,,1671.5100840163027,0.0005970296,200.06744741099908,0.0006628948,-0.004774965,0.07042362
2733.110673773879,7396.5483,6.370914,-0.003885768,216814,1671.5093050777687,200.06790708350374,6906.606,5.456993,3421.5427,2.2846606,7396.5483,6.370914,0,,,,,1671.5093050777687,0.00059700327,200.06790708350374,0.00066356116,-0.004763972,0.06989466
2733.1176181233845,7395.882,6.371159,-0.0038858596,216815,1671.509316739116,200.0670925698413,6905.491,5.4572034,3426.0288,2.2856648,7395.882,6.371159,0,,,,,1671.509316739116,0.0005972763,200.0670925698413,0.00066338625,-0.005244534,0.069778726
2733.1245624731228,7394.1196,6.3725367,-0.0038859511,216816,1671.508861157255,200.06723046202404,6904.7495,5.458383,3430.0542,2.2866597,7394.1196,6.3725367,0,,,,,1671.508861157255,0.00059746235,200.06723046202404,0.00066359807,-0.005371539,0.07030947
2733.1315068228623,7402.2573,6.3733454,-0.0038860426,216817,1671.5088039619666,200.06654075720664,6911.5513,5.459076,3427.0315,2.2860792,7402.2573,6.3733454,0,,,,,1671.5088039619666,0.0005969197,200.06654075720664,0.0006629594,-0.0051320824,0.06991964
2733.1384511726005,7385.0215,6.3714476,-0.0038861341,216818,1671.5107091917262,200.06665288908056,6896.2314,5.4574504,3427.3752,2.286604,7385.0215,6.3714476,0,,,,,1671.5107091917262,0.0005984987,200.06665288908056,0.0006640883,-0.0052734306,0.070352666
2733.1453955223387,7395.483,6.374425,-0.0038862256,216819,1671.5106563486597,200.0673180478917,6905.877,5.4600005,3428.214,2.286553,7395.483,6.374425,0,,,,,1671.5106563486597,0.0005971752,200.0673180478917,0.00066384726,-0.0055822334,0.07020828
2733.1523398723107,7390.0225,6.3701735,-0.003886317,216820,1671.5097648538892,200.0664413335844,6900.9644,5.456359,3422.349,2.2855453,7390.0225,6.3701735,0,,,,,1671.5097648538892,0.000597286,200.0664413335844,0.00066373876,-0.0052325265,0.070114724
2733.159284222282,7411.6816,6.369349,-0.0038864082,216821,1671.5090326673821,200.06795757968789,6919.4365,5.4556527,3412.173,2.2816527,7411.6816,6.369349,0,,,,,1671.5090326673821,0.0005958443,200.06795757968789,0.0006621161,-0.0053726146,0.07043935
2733.1662285722546,7383.9854,6.3639097,-0.0038864994,216822,1671.509278207244,200.06717609102114,6896.445,5.450994,3411.9836,2.2812376,7383.9854,6.3639097,0,,,,,1671.509278207244,0.00059722527,200.06717609102114,0.00066336984,-0.0043294104,0.06993143
2733.173172922225,7386.646,6.363271,-0.0038865907,216823,1671.5090849201808,200.0662387682779,6898.0864,5.4504466,3405.0127,2.281905,7386.646,6.363271,0,,,,,1671.5090849201808,0.0005968833,200.0662387682779,0.000663299,-0.005102613,0.07043718
2733.18011727243,7390.287,6.357909,-0.0038866817,216824,1671.5091291710114,200.06753044309158,6901.856,5.445854,3393.8887,2.2766228,7390.287,6.357909,0,,,,,1671.5091291710114,0.0005961759,200.06753044309158,0.0006623402,-0.0042106602,0.0704292
2733.187061622634,7384.9243,6.3549166,-0.0038867728,216825,1671.5084282422126,200.06678902865465,6896.6997,5.4432907,3387.3345,2.2758663,7384.9243,6.3549166,0,,,,,1671.5084282422126,0.000596142,200.06678902865465,0.0006623334,-0.0060428646,0.07059442
2733.1940059730705,7392.0312,6.3512864,-0.0038868636,216826,1671.5089230188366,200.06740605648304,6902.274,5.4401817,3370.3162,2.2720225,7392.0312,6.3512864,0,,,,,1671.5089230188366,0.0005952673,200.06740605648304,0.0006614688,-0.0053864163,0.0705767
2733.2009503232757,7395.5254,6.3481765,-0.0038869546,216827,1671.5089562921828,200.0662246261263,6905.5786,5.4375176,3359.8853,2.268317,7395.5254,6.3481765,0,,,,,1671.5089562921828,0.0005947633,200.0662246261263,0.0006605957,-0.006065802,0.07053234
2733.2078946737124,7396.4536,6.3391366,-0.0038870454,216828,1671.5097424361848,200.06708170312362,6906.025,5.4297743,3344.107,2.2627437,7396.4536,6.3391366,0,,,,,1671.5097424361848,0.00059394806,200.06708170312362,0.0006598204,-0.004575255,0.07082014
2733.214839024149,7388.478,6.3345823,-0.0038871362,216829,1671.5085048529072,200.0662978764176,6899.458,5.4258738,3333.7876,2.2601922,7388.478,6.3345823,0,,,,,1671.5085048529072,0.000594022,200.0662978764176,0.00065988523,-0.0041500237,0.07014525
2733.2217833748205,7392.4473,6.330191,-0.0038872268,216830,1671.508914407075,200.06546118530684,6902.682,5.4221125,3321.127,2.2567065,7392.4473,6.330191,0,,,,,1671.508914407075,0.0005934446,200.06546118530684,0.0006589704,-0.005430683,0.07058369
2733.2287277254904,7397.1387,6.3264647,-0.0038873174,216831,1671.5094384744461,200.06627976505337,6906.9624,5.41892,3303.786,2.2527878,7397.1387,6.3264647,0,,,,,1671.5094384744461,0.00059254776,200.06627976505337,0.0006581688,-0.00551104,0.07090933
2733.2356720761604,7386.2676,6.319467,-0.003887408,216832,1671.5093591846046,200.06577566549265,6896.47,5.4129267,3291.7566,2.2523377,7386.2676,6.319467,0,,,,,1671.5093591846046,0.00059250375,200.06577566549265,0.0006582347,-0.005492728,0.070425645
2733.2426164268295,7388.9336,6.313491,-0.0038874985,216833,1671.5086314992993,200.06805613557813,6900.224,5.407808,3277.8164,2.245498,7388.9336,6.313491,0,,,,,1671.5086314992993,0.00059181993,200.06805613557813,0.0006570581,-0.004873862,0.07099117
2733.2495607777328,7396.0093,6.3073583,-0.0038875889,216834,1671.509187393465,200.06785247583144,6906.426,5.4025545,3259.0996,2.2394016,7396.0093,6.3073583,0,,,,,1671.509187393465,0.00059062795,200.06785247583144,0.0006557814,-0.005281037,0.0707104
2733.256505128636,7394.2983,6.300977,-0.0038876792,216835,1671.5092958403752,200.0673851802303,6904.1084,5.397089,3238.7659,2.2342386,7394.2983,6.300977,0,,,,,1671.5092958403752,0.0005902575,200.0673851802303,0.000655969,-0.005040858,0.070136525
2733.263449479538,7386.1226,6.2922177,-0.0038877695,216836,1671.5085846474328,200.0681094311755,6896.2817,5.389586,3226.0112,2.2297227,7386.1226,6.2922177,0,,,,,1671.5085846474328,0.0005898164,200.0681094311755,0.00065554754,-0.005469941,0.07176179
2733.270393830674,7387.025,6.2884417,-0.0038878596,216837,1671.5085627436015,200.06633608613782,6898.4473,5.386352,3213.3267,2.2265892,7387.025,6.2884417,0,,,,,1671.5085627436015,0.0005893851,200.06633608613782,0.00065465167,-0.0062537896,0.07056841
2733.2773381815773,7394.386,6.2854004,-0.00388795,216838,1671.5077411176087,200.06739312105228,6904.422,5.3837466,3194.8235,2.222684,7394.386,6.2854004,0,,,,,1671.5077411176087,0.0005883731,200.06739312105228,0.0006540023,-0.004693916,0.07098689
2733.2842825327125,7390.857,6.280442,-0.00388804,216839,1671.5105850190455,200.06754898779909,6900.564,5.3795,3184.3518,2.2192383,7390.857,6.280442,0,,,,,1671.5105850190455,0.0005885201,200.06754898779909,0.00065361144,-0.004526432,0.07166445
2733.2912268840814,7393.2495,6.273525,-0.00388813,216840,1671.5092841485744,200.06666972981827,6902.957,5.373575,3166.51,2.2164462,7393.2495,6.273525,0,,,,,1671.5092841485744,0.0005875656,200.06666972981827,0.00065236416,-0.004902104,0.07085499
2733.298171235217,7396.933,6.2693863,-0.00388822,216841,1671.5092479354182,200.0661728500973,6905.9014,5.3700304,3155.2485,2.2114756,7396.933,6.2693863,0,,,,,1671.5092479354182,0.0005865505,200.0661728500973,0.000652126,-0.0051757474,0.070725895
2733.3051155865855,7399.5913,6.2707825,-0.00388831,216842,1671.5088991936452,200.06742634288517,6909.2544,5.371226,3144.5876,2.2103,7399.5913,6.2707825,0,,,,,1671.5088991936452,0.0005863908,200.06742634288517,0.0006516875,-0.00555055,0.0713392
2733.312059937953,7401.804,6.2607403,-0.0038883998,216843,1671.5077885320734,200.067121383435,6909.4717,5.362624,3130.9124,2.2035613,7401.804,6.2607403,0,,,,,1671.5077885320734,0.00058578583,200.067121383435,0.00065047207,-0.006597066,0.07167794
2733.319004289555,7398.476,6.257218,-0.0038884894,216844,1671.5093455779313,200.0678640324837,6907.2275,5.359607,3123.1665,2.201904,7398.476,6.257218,0,,,,,1671.5093455779313,0.00058577466,200.0678640324837,0.0006505725,-0.0041121207,0.07106079
2733.3259486409243,7392.181,6.2527742,-0.0038885793,216845,1671.5091724158406,200.0678928772672,6902.753,5.355801,3112.6448,2.2002556,7392.181,6.2527742,0,,,,,1671.5091724158406,0.0005852986,200.0678928772672,0.0006504447,-0.0054494925,0.0714237
2733.332892992525,7405.8203,6.2522583,-0.003888669,216846,1671.5086353965173,200.0665976633435,6914.4995,5.355359,3103.1938,2.197049,7405.8203,6.2522583,0,,,,,1671.5086353965173,0.0005838947,200.0665976633435,0.00064906804,-0.006108298,0.07137809
2733.339837344359,7395.1826,6.246092,-0.0038887584,216847,1671.5089401655712,200.06689681474893,6905.2256,5.350077,3094.8416,2.194989,7395.1826,6.246092,0,,,,,1671.5089401655712,0.00058437797,200.06689681474893,0.00064911455,-0.004751581,0.07106059
2733.3467816959605,7391.731,6.240414,-0.003888848,216848,1671.5095969695112,200.06668038887292,6902.0474,5.345214,3084.7603,2.1916625,7391.731,6.240414,0,,,,,1671.5095969695112,0.0005840956,200.06668038887292,0.0006492236,-0.0053656516,0.07113224
2733.3537260477947,7390.394,6.238336,-0.0038889374,216849,1671.5093292051301,200.06816395985294,6900.7666,5.343434,3079.8923,2.191332,7390.394,6.238336,0,,,,,1671.5093292051301,0.0005841913,200.06816395985294,0.00064871577,-0.0054152925,0.07149155
2733.360670399629,7387.2827,6.24001,-0.0038890268,216850,1671.5079001250551,200.0670068000325,6897.728,5.3448677,3074.7053,2.1903257,7387.2827,6.24001,0,,,,,1671.5079001250551,0.0005841516,200.0670068000325,0.0006494235,-0.0056574545,0.07148954
2733.367614751463,7395.475,6.235117,-0.0038891162,216851,1671.509784496931,200.06706407732824,6903.223,5.3406763,3070.1538,2.1870644,7395.475,6.235117,0,,,,,1671.509784496931,0.0005835095,200.06706407732824,0.0006485534,-0.0047207484,0.07143001
2733.3745591035304,7393.815,6.230948,-0.0038892054,216852,1671.5092079422616,200.06690647046474,6903.243,5.3371058,3062.5715,2.1839852,7393.815,6.230948,0,,,,,1671.5092079422616,0.00058303267,200.06690647046474,0.0006479802,-0.0048955674,0.07070297
2733.381503455597,7387.841,6.2308273,-0.0038892946,216853,1671.5082027031785,200.06781043517643,6898.3643,5.3370023,3059.3218,2.1859434,7387.841,6.2308273,0,,,,,1671.5082027031785,0.00058356224,200.06781043517643,0.0006480848,-0.0059541706,0.07199122
2733.3884478076634,7392.0835,6.2279434,-0.0038893837,216854,1671.5084383134542,200.06758996650217,6900.6904,5.3345323,3053.8357,2.182932,7392.0835,6.2279434,0,,,,,1671.5084383134542,0.00058297324,200.06758996650217,0.0006479623,-0.005106137,0.07100656
2733.3953921597313,7402.909,6.2315392,-0.003889473,216855,1671.5076851407014,200.06724072353978,6911.358,5.337612,3047.9172,2.1821039,7402.909,6.2315392,0,,,,,1671.5076851407014,0.00058225926,200.06724072353978,0.000647524,-0.0054236036,0.07168892
2733.4023365120306,7392.1426,6.2266006,-0.0038895619,216856,1671.510461526793,200.06681773523533,6901.4336,5.333382,3049.9917,2.1811216,7392.1426,6.2266006,0,,,,,1671.510461526793,0.0005827881,200.06681773523533,0.00064749597,-0.0042650932,0.07143888
2733.4092808643304,7393.613,6.2277102,-0.0038896508,216857,1671.507865789908,200.06675751728054,6902.814,5.3343325,3047.528,2.1812007,7393.613,6.2277102,0,,,,,1671.507865789908,0.0005828564,200.06675751728054,0.00064732623,-0.0066977623,0.07175648
2733.41622521663,7388.647,6.226062,-0.0038897397,216858,1671.5082301796383,200.0676939961842,6899.0537,5.3329206,3043.5618,2.180545,7388.647,6.226062,0,,,,,1671.5082301796383,0.00058270147,200.0676939961842,0.00064784253,-0.0060458365,0.07131963
2733.4231695691633,7386.815,6.226608,-0.0038898285,216859,1671.5092054582149,200.06831279974767,6897.6514,5.3333883,3046.7654,2.1828558,7386.815,6.226608,0,,,,,1671.5092054582149,0.00058272964,200.06831279974767,0.0006479067,-0.004766599,0.071496814
2733.4301139214635,7398.356,6.2283382,-0.0038899174,216860,1671.5093530714173,200.06825293309313,6905.796,5.3348703,3046.5994,2.1811817,7398.356,6.2283382,0,,,,,1671.5093530714173,0.00058246695,200.06825293309313,0.0006474554,-0.0047423206,0.071132086
2733.4370582739953,7390.978,6.2285786,-0.003890006,216861,1671.5080984848614,200.06779807442862,6900.5283,5.3350763,3055.3096,2.1830988,7390.978,6.2285786,0,,,,,1671.5080984848614,0.00058295927,200.06779807442862,0.00064772234,-0.0061720945,0.072964735
2733.4440026265283,7401.9536,6.2320924,-0.0038900948,216862,1671.5099359301385,200.06747663850788,6910.2153,5.338086,3056.6042,2.1836147,7401.9536,6.2320924,0,,,,,1671.5099359301385,0.0005822927,200.06747663850788,0.0006476372,-0.004399173,0.071003295
2733.4509469792933,7397.067,6.2333403,-0.0038901833,216863,1671.508525668384,200.06788815776073,6906.0024,5.3391547,3061.8027,2.1855364,7397.067,6.2333403,0,,,,,1671.508525668384,0.0005830947,200.06788815776073,0.0006476803,-0.006372439,0.07283462
2733.4578913320584,7392.1846,6.2321286,-0.0038902718,216864,1671.5087505793567,200.06650666319086,6902.349,5.338117,3062.9675,2.18536,7392.1846,6.2321286,0,,,,,1671.5087505793567,0.0005833789,200.06650666319086,0.00064812816,-0.0055919457,0.071593694
2733.464835684825,7386.4565,6.2378125,-0.0038903602,216865,1671.5089273368962,200.06812244046216,6897.305,5.3429856,3073.3386,2.1893487,7386.4565,6.2378125,0,,,,,1671.5089273368962,0.00058478373,200.06812244046216,0.00064889237,-0.0046512457,0.07191432
2733.47178003759,7398.392,6.2402105,-0.0038904487,216866,1671.5082946697437,200.06657982653243,6907.3193,5.34504,3079.6257,2.190807,7398.392,6.2402105,0,,,,,1671.5082946697437,0.00058372313,200.06657982653243,0.0006482964,-0.0049702795,0.07102501
2733.478724390588,7396.8545,6.2413216,-0.003890537,216867,1671.5087845255662,200.06732074213292,6906.6724,5.345991,3084.2178,2.1914923,7396.8545,6.2413216,0,,,,,1671.5087845255662,0.00058366737,200.06732074213292,0.00064882456,-0.0062806588,0.07223218
2733.4856687435863,7400.657,6.242832,-0.0038906252,216868,1671.5094350674858,200.0674954519785,6908.3706,5.347285,3086.4043,2.1912684,7400.657,6.242832,0,,,,,1671.5094350674858,0.00058386684,200.0674954519785,0.00064870366,-0.0045626094,0.07126714
2733.492613096585,7395.0625,6.2475696,-0.0038907134,216869,1671.508709585594,200.06702079780084,6903.9175,5.3513427,3097.1501,2.1958363,7395.0625,6.2475696,0,,,,,1671.508709585594,0.00058436964,200.06702079780084,0.0006498772,-0.005726727,0.07185835
2733.499557449584,7389.7373,6.251187,-0.0038908017,216870,1671.5089657733326,200.06797603282254,6899.8022,5.354441,3110.4897,2.1990614,7389.7373,6.251187,0,,,,,1671.5089657733326,0.00058561505,200.06797603282254,0.00065063447,-0.0060315705,0.07239347
2733.506501802814,7384.0713,6.2556076,-0.0038908897,216871,1671.5094906668905,200.0671126891189,6895.688,5.358228,3125.9382,2.2036889,7384.0713,6.2556076,0,,,,,1671.5094906668905,0.0005863261,200.0671126891189,0.0006512976,-0.0050092903,0.07152964
2733.5134461558127,7403.6133,6.259105,-0.003890978,216872,1671.509062349757,200.0668194487637,6912.656,5.3612237,3124.6328,2.202626,7403.6133,6.259105,0,,,,,1671.509062349757,0.00058560085,200.0668194487637,0.00064958597,-0.0050908076,0.0721548
2733.5203905092762,7406.685,6.265177,-0.0038910657,216873,1671.5092050116855,200.0668910031055,6915.284,5.366424,3132.8694,2.2060204,7406.685,6.265177,0,,,,,1671.5092050116855,0.00058588857,200.0668910031055,0.0006500094,-0.005707718,0.07191087
2733.527334862507,7389.3286,6.264428,-0.0038911537,216874,1671.5091450776824,200.06655003036408,6899.5034,5.3657827,3141.8813,2.2083933,7389.3286,6.264428,0,,,,,1671.5091450776824,0.00058731326,200.06655003036408,0.00065162295,-0.0055603017,0.071505755
2733.534279215972,7383.186,6.2690115,-0.0038912415,216875,1671.5081398825982,200.0673869030205,6894.122,5.3697085,3148.1692,2.21252,7383.186,6.2690115,0,,,,,1671.5081398825982,0.000587184,200.0673869030205,0.00065288687,-0.0056294897,0.07218376
2733.5412235692033,7397.1533,6.2679343,-0.0038913295,216876,1671.5082734897924,200.06831379419887,6906.033,5.3687863,3150.8455,2.2094674,7397.1533,6.2679343,0,,,,,1671.5082734897924,0.00058684533,200.06831379419887,0.0006518787,-0.005702807,0.07262711
2733.5481679229,7400.3877,6.2732415,-0.003891417,216877,1671.509668963099,200.06807060877262,6909.6963,5.373332,3160.343,2.2142153,7400.3877,6.2732415,0,,,,,1671.509668963099,0.00058696343,200.06807060877262,0.0006519929,-0.0063253934,0.07254459
2733.555112276363,7397.5874,6.27297,-0.0038915048,216878,1671.5102715601063,200.06671995136642,6907.7593,5.3731,3164.5444,2.2136347,7397.5874,6.27297,0,,,,,1671.5102715601063,0.0005865969,200.06671995136642,0.00065212627,-0.0048617455,0.0710959
2733.5620566300604,7392.851,6.2756233,-0.0038915924,216879,1671.5093662724469,200.06798385136315,6902.066,5.3753724,3174.1982,2.2169142,7392.851,6.2756233,0,,,,,1671.5093662724469,0.00058788003,200.06798385136315,0.00065293914,-0.0055191806,0.072506145
2733.569000983525,7377.557,6.2769365,-0.0038916802,216880,1671.5088337441678,200.06690590641713,6890.386,5.376497,3182.6433,2.2200422,7377.557,6.2769365,0,,,,,1671.5088337441678,0.00058872823,200.06690590641713,0.00065415446,-0.0058511263,0.0717993
2733.5759453374535,7392.1646,6.2811704,-0.0038917675,216881,1671.5085956480355,200.0677344096994,6901.808,5.3801236,3187.5437,2.2204812,7392.1646,6.2811704,0,,,,,1671.5085956480355,0.00058819674,200.0677344096994,0.0006537909,-0.006225926,0.07265624
2733.5828896911507,7391.7485,6.281469,-0.003891855,216882,1671.508556311571,200.06811465327044,6902.1323,5.3803797,3190.1692,2.2211862,7391.7485,6.281469,0,,,,,1671.508556311571,0.00058783405,200.06811465327044,0.0006538226,-0.005622728,0.07248332
2733.5898340450817,7397.0747,6.2889156,-0.0038919423,216883,1671.5097800923936,200.0666624790265,6905.714,5.386758,3204.4438,2.22588,7397.0747,6.2889156,0,,,,,1671.5097800923936,0.0005886321,200.0666624790265,0.0006540783,-0.0051944577,0.072027065
2733.596778399011,7390.711,6.2911515,-0.0038920296,216884,1671.5086883756253,200.06744397472056,6899.8223,5.388673,3218.3655,2.228603,7390.711,6.2911515,0,,,,,1671.5086883756253,0.00058956834,200.06744397472056,0.0006549409,-0.0050504887,0.07160546
2733.60372275294,7387.255,6.2966857,-0.003892117,216885,1671.5096029168767,200.0677441992131,6897.846,5.393413,3219.0474,2.2319388,7387.255,6.2966857,0,,,,,1671.5096029168767,0.0005899572,200.0677441992131,0.0006557294,-0.0052834116,0.07250805
2733.6106671068696,7385.736,6.293461,-0.0038922043,216886,1671.5092294732706,200.0676325334889,6897.3457,5.390651,3223.2654,2.2302184,7385.736,6.293461,0,,,,,1671.5092294732706,0.000589694,200.0676325334889,0.00065565965,-0.0057149,0.07235897
2733.617611461032,7384.838,6.295479,-0.0038922913,216887,1671.5078304331626,200.0670400096552,6896.461,5.3923793,3222.9045,2.2308638,7384.838,6.295479,0,,,,,1671.5078304331626,0.0005900432,200.0670400096552,0.00065575197,-0.0058635995,0.07195436
2733.6245558151945,7397.825,6.2961764,-0.0038923784,216888,1671.5082231074307,200.0675834790376,6905.9805,5.392977,3225.3062,2.2316105,7397.825,6.2961764,0,,,,,1671.5082231074307,0.00058918766,200.0675834790376,0.00065490295,-0.0062089344,0.07307113
2733.631500169357,7401.703,6.2955413,-0.0038924655,216889,1671.50893781039,200.06758157672382,6909.635,5.392433,3224.5469,2.230323,7401.703,6.2955413,0,,,,,1671.50893781039,0.0005892641,200.06758157672382,0.00065435166,-0.0056553134,0.072211206
2733.63844452352,7394.167,6.292796,-0.0038925526,216890,1671.5077996001817,200.06859309418667,6904.6626,5.3900814,3221.4211,2.229242,7394.167,6.292796,0,,,,,1671.5077996001817,0.00058897305,200.06859309418667,0.00065481063,-0.005781554,0.07170082
2733.6453888779147,7394.465,6.2951784,-0.0038926394,216891,1671.5093732363082,200.0669157067063,6905.473,5.3921223,3226.1863,2.230766,7394.465,6.2951784,0,,,,,1671.5093732363082,0.0005892112,200.0669157067063,0.00065445394,-0.0052308273,0.07167265
2733.65233323231,7394.5127,6.299364,-0.0038927263,216892,1671.5092968623549,200.06909964367026,6905.7207,5.395707,3223.9194,2.2306545,7394.5127,6.299364,0,,,,,1671.5092968623549,0.00058945,200.06909964367026,0.00065582094,-0.0050724386,0.07240218
2733.659277586706,7395.313,6.2949233,-0.003892813,216893,1671.5077488771537,200.0670890609047,6905.7397,5.391904,3226.992,2.2311232,7395.313,6.2949233,0,,,,,1671.5077488771537,0.000588996,200.0670890609047,0.0006547135,-0.0066834884,0.072865255
2733.666221941334,7390.485,6.2914567,-0.0038928997,216894,1671.5073137432166,200.06766556766732,6901.1255,5.388934,3221.22,2.227793,7390.485,6.2914567,0,,,,,1671.5073137432166,0.00058936735,200.06766556766732,0.0006548499,-0.0060378904,0.072536044
2733.6731662957286,7384.5703,6.294675,-0.0038929866,216895,1671.508599301062,200.06706392073417,6896.479,5.391691,3228.2227,2.2313902,7384.5703,6.294675,0,,,,,1671.508599301062,0.000590016,200.06706392073417,0.00065569836,-0.0052494584,0.072450936
2733.6801106503567,7395.2983,6.29435,-0.0038930732,216896,1671.5083669796309,200.06801359261274,6905.3916,5.3914127,3222.8242,2.229992,7395.2983,6.29435,0,,,,,1671.5083669796309,0.00058947946,200.06801359261274,0.00065455906,-0.00561196,0.07293325
2733.6870550049853,7390.404,6.2942834,-0.0038931598,216897,1671.5082867506612,200.06837210497034,6901.9536,5.3913555,3223.0242,2.2325306,7390.404,6.2942834,0,,,,,1671.5082867506612,0.00058960164,200.06837210497034,0.0006546928,-0.005962289,0.07222972
2733.6939993598467,7390.3374,6.292775,-0.0038932462,216898,1671.5089556402438,200.0679586816055,6901.8135,5.3900633,3218.502,2.2299595,7390.3374,6.292775,0,,,,,1671.5089556402438,0.00058903033,200.0679586816055,0.0006552892,-0.0057709683,0.07257577
2733.700943714474,7388.5376,6.2935286,-0.0038933328,216899,1671.5073465982541,200.0688895526661,6900.2495,5.3907094,3220.0686,2.229929,7388.5376,6.2935286,0,,,,,1671.5073465982541,0.00058953976,200.0688895526661,0.00065512845,-0.0058072633,0.07234974
2733.7078880693352,7398.5664,6.29163,-0.0038934192,216900,1671.5089906977284,200.06659246685066,6907.701,5.389083,3214.0222,2.2280607,7398.5664,6.29163,0,,,,,1671.5089906977284,0.00058881636,200.06659246685066,0.0006542677,-0.0054092356,0.072737895
2733.7148324241957,7402.024,6.2948895,-0.0038935055,216901,1671.5081403562028,200.06760017926183,6910.5176,5.391875,3214.4988,2.2303414,7402.024,6.2948895,0,,,,,1671.5081403562028,0.0005888529,200.06760017926183,0.0006543101,-0.005562368,0.07335066
2733.7217767792895,7394.527,6.2908554,-0.0038935917,216902,1671.5078016793411,200.06804630836763,6905.2646,5.3884196,3214.355,2.227475,7394.527,6.2908554,0,,,,,1671.5078016793411,0.000589367,200.06804630836763,0.000654344,-0.006888944,0.07384483
2733.7287211341513,7387.214,6.2902694,-0.003893678,216903,1671.5084050418018,200.0678505543444,6898.2324,5.3879175,3215.1929,2.2286139,7387.214,6.2902694,0,,,,,1671.5084050418018,0.0005897206,200.0678505543444,0.0006545431,-0.0056265313,0.07227469
2733.735665489245,7392.9277,6.2910943,-0.0038937642,216904,1671.5085895549596,200.06754251670947,6904.1313,5.3886237,3214.2185,2.227874,7392.9277,6.2910943,0,,,,,1671.5085895549596,0.00058897486,200.06754251670947,0.00065435906,-0.0050053243,0.0727053
2733.742609844339,7393.761,6.293695,-0.0038938504,216905,1671.508512204995,200.06717706737444,6904.7705,5.3908515,3211.2302,2.2311127,7393.761,6.293695,0,,,,,1671.508512204995,0.0005892627,200.06717706737444,0.0006546568,-0.005511639,0.07230276
2733.7495541996645,7389.289,6.289905,-0.0038939363,216906,1671.5078106378885,200.06829304048475,6900.235,5.387605,3213.9492,2.2275896,7389.289,6.289905,0,,,,,1671.5078106378885,0.0005891454,200.06829304048475,0.0006546211,-0.0070247627,0.07262902
2733.7564985547588,7392.1733,6.2886534,-0.0038940224,216907,1671.509521056605,200.06775925522263,6902.75,5.3865333,3211.8206,2.2261808,7392.1733,6.2886534,0,,,,,1671.509521056605,0.0005889691,200.06775925522263,0.0006548362,-0.0055130003,0.07209279
2733.763442910086,7383.447,6.2880344,-0.0038941083,216908,1671.5068719448386,200.06718596015264,6895.253,5.386003,3212.7043,2.2278788,7383.447,6.2880344,0,,,,,1671.5068719448386,0.0005894131,200.06718596015264,0.0006547525,-0.0064045535,0.07368068
2733.7703872654115,7393.4893,6.2907624,-0.0038941943,216909,1671.508887173356,200.0676569829845,6903.952,5.38834,3212.3809,2.2306347,7393.4893,6.2907624,0,,,,,1671.508887173356,0.0005890033,200.0676569829845,0.0006543573,-0.0058975713,0.07286555
2733.777331620972,7390.055,6.290033,-0.00389428,216910,1671.5083322727367,200.06696948469065,6901.411,5.387715,3213.6978,2.227351,7390.055,6.290033,0,,,,,1671.5083322727367,0.00058922096,200.06696948469065,0.0006546854,-0.0058185654,0.07328974
2733.784275976298,7385.9766,6.2922378,-0.0038943659,216911,1671.508757160531,200.0680330840059,6898.378,5.389603,3214.4353,2.2286353,7385.9766,6.2922378,0,,,,,1671.508757160531,0.000589349,200.0680330840059,0.0006553098,-0.0056574824,0.07293412
2733.791220331857,7393.147,6.2899685,-0.0038944515,216912,1671.5088121059935,200.06773243834402,6903.928,5.3876595,3212.8352,2.227391,7393.147,6.2899685,0,,,,,1671.5088121059935,0.0005890263,200.06773243834402,0.00065422145,-0.0061143977,0.072928175
2733.7981646874164,7389.049,6.2905364,-0.0038945372,216913,1671.5077289003314,200.06815618639502,6900.9116,5.388146,3215.716,2.2282026,7389.049,6.2905364,0,,,,,1671.5077289003314,0.00058900897,200.06815618639502,0.0006547834,-0.007117943,0.073309235
2733.8051090429763,7389.1777,6.291862,-0.003894623,216914,1671.5094396823995,200.0669590171972,6901.1006,5.3892813,3217.7346,2.2283678,7389.1777,6.291862,0,,,,,1671.5094396823995,0.0005898006,200.0669590171972,0.0006550521,-0.0052408567,0.07237026
2733.812053398769,7392.923,6.2922378,-0.0038947084,216915,1671.508289273588,200.06707195993488,6904.2163,5.389603,3216.49,2.228169,7392.923,6.2922378,0,,,,,1671.508289273588,0.000588804,200.06707195993488,0.0006546049,-0.0056066136,0.07327508
2733.8189977545603,7392.79,6.29142,-0.0038947938,216916,1671.508176572953,200.06862978183148,6903.8037,5.3889027,3218.9253,2.2283294,7392.79,6.29142,0,,,,,1671.508176572953,0.00058879406,200.06862978183148,0.0006549478,-0.006408153,0.07302859
2733.825942110353,7392.233,6.293058,-0.0038948792,216917,1671.507208518545,200.0681170503381,6904.018,5.390306,3218.6926,2.2299087,7392.233,6.293058,0,,,,,1671.507208518545,0.00058917055,200.0681170503381,0.00065459637,-0.006894065,0.07416985
2733.832886466145,7388.6465,6.2899566,-0.0038949647,216918,1671.508435651661,200.0666908060611,6899.0845,5.387649,3215.491,2.2276678,7388.6465,6.2899566,0,,,,,1671.508435651661,0.0005895135,200.0666908060611,0.0006548229,-0.0061801663,0.07305404
2733.83983082217,7386.041,6.291832,-0.00389505,216919,1671.5083645629607,200.0671400119883,6898.298,5.389256,3219.7942,2.2298717,7386.041,6.291832,0,,,,,1671.5083645629607,0.00058985985,200.0671400119883,0.00065495295,-0.0066711586,0.07352536
2733.846775177963,7389.767,6.2948885,-0.0038951354,216920,1671.5093320939854,200.06815741201643,6901.144,5.391874,3216.0032,2.2304356,7389.767,6.2948885,0,,,,,1671.5093320939854,0.0005894936,200.06815741201643,0.0006553167,-0.004697905,0.07285936
2733.853719533988,7399.741,6.290455,-0.0038952206,216921,1671.5074439497835,200.0687638593579,6909.482,5.3880763,3209.8086,2.2270265,7399.741,6.290455,0,,,,,1671.5074439497835,0.0005885293,200.0687638593579,0.0006539373,-0.0068645407,0.073751695
2733.8606638900133,7390.8433,6.2884784,-0.0038953058,216922,1671.5086057856988,200.0668200383052,6902.1104,5.3863835,3209.889,2.2263234,7390.8433,6.2884784,0,,,,,1671.5086057856988,0.00058925815,200.0668200383052,0.0006541439,-0.00589961,0.0737315
2733.8676082462703,7402.6753,6.293461,-0.0038953908,216923,1671.5102591537625,200.06618514939294,6912.863,5.390651,3213.4912,2.2273388,7402.6753,6.293461,0,,,,,1671.5102591537625,0.0005885799,200.06618514939294,0.000654211,-0.004875512,0.072817184
2733.8745526025286,7391.1455,6.2892356,-0.0038954758,216924,1671.5073677021571,200.06832520910547,6903.234,5.3870316,3211.885,2.2263875,7391.1455,6.2892356,0,,,,,1671.5073677021571,0.00058890245,200.06832520910547,0.0006541104,-0.00685452,0.0737525
2733.881496958554,7390.7173,6.293736,-0.003895561,216925,1671.509027901806,200.06883309933755,6902.44,5.390887,3210.5566,2.2273319,7390.7173,6.293736,0,,,,,1671.509027901806,0.0005893491,200.06883309933755,0.0006551411,-0.0064102784,0.074330434
2733.888441315044,7390.9326,6.289662,-0.0038956457,216926,1671.5085023108863,200.06673962780312,6902.2715,5.387397,3211.243,2.227445,7390.9326,6.289662,0,,,,,1671.5085023108863,0.0005892365,200.06673962780312,0.0006545837,-0.0053712,0.07157976
2733.8953856713024,7393.255,6.288413,-0.0038957307,216927,1671.5076248509317,200.0681335661309,6903.831,5.3863273,3209.096,2.2260056,7393.255,6.288413,0,,,,,1671.5076248509317,0.0005887387,200.0681335661309,0.00065390684,-0.006204684,0.07378893
2733.9023300277936,7390.165,6.28901,-0.0038958155,216928,1671.5070511626902,200.06800115446046,6901.177,5.3868384,3211.634,2.226336,7390.165,6.28901,0,,,,,1671.5070511626902,0.00058891554,200.06800115446046,0.0006544309,-0.007004549,0.07360584
2733.9092743840515,7391.049,6.2908473,-0.0038959004,216929,1671.5081311342972,200.06839655553134,6901.333,5.388412,3209.6853,2.2268236,7391.049,6.2908473,0,,,,,1671.5081311342972,0.000590129,200.06839655553134,0.0006547132,-0.0054960544,0.07344773
2733.916218740775,7397.594,6.294779,-0.003895985,216930,1671.50796686237,200.06948752260726,6908.148,5.39178,3212.8657,2.2277138,7397.594,6.294779,0,,,,,1671.50796686237,0.0005887949,200.06948752260726,0.00065484614,-0.005636589,0.073465385
2733.923163097266,7387.3174,6.2886953,-0.0038960697,216931,1671.507632558381,200.06818356348117,6898.128,5.386569,3213.833,2.227928,7387.3174,6.2886953,0,,,,,1671.507632558381,0.000589465,200.06818356348117,0.00065465475,-0.0056876643,0.07365696
2733.9301074537566,7392.835,6.2925916,-0.0038961545,216932,1671.507955310394,200.06679364790187,6903.4385,5.3899064,3215.8525,2.2297285,7392.835,6.2925916,0,,,,,1671.507955310394,0.00058920344,200.06679364790187,0.0006546365,-0.007160177,0.07358643
2733.9370518104793,7382.889,6.2900987,-0.003896239,216933,1671.507781730728,200.06863206238984,6895.453,5.387771,3215.9111,2.2281084,7382.889,6.2900987,0,,,,,1671.507781730728,0.000589628,200.06863206238984,0.0006552195,-0.0062316707,0.074173294
2733.9439961672033,7391.3574,6.291383,-0.0038963235,216934,1671.509480300776,200.06679724707143,6902.613,5.388871,3217.4692,2.2283666,7391.3574,6.291383,0,,,,,1671.509480300776,0.00058925385,200.06679724707143,0.00065462413,-0.0053703506,0.07314421
2733.9509405241606,7393.783,6.2926397,-0.0038964078,216935,1671.507280932277,200.06710739751892,6903.5977,5.389948,3213.9473,2.2285068,7393.783,6.2926397,0,,,,,1671.507280932277,0.0005891173,200.06710739751892,0.0006545635,-0.0055555794,0.07295963
2733.9578848808837,7402.504,6.296494,-0.0038964923,216936,1671.5093792259306,200.06825935866206,6911.126,5.3932495,3217.8398,2.231314,7402.504,6.296494,0,,,,,1671.5093792259306,0.00058920664,200.06825935866206,0.00065412605,-0.006061362,0.07385032
2733.96482923784,7388.7744,6.2922316,-0.0038965766,216937,1671.508130097312,200.0687462361508,6900.636,5.389598,3219.0693,2.2285807,7388.7744,6.2922316,0,,,,,1671.508130097312,0.000589478,200.0687462361508,0.0006551503,-0.0066282568,0.07368427
2733.9717735947966,7387.036,6.2918983,-0.0038966609,216938,1671.5099873840227,200.0677773275893,6898.6743,5.3893127,3221.7573,2.2293403,7387.036,6.2918983,0,,,,,1671.5099873840227,0.0005896217,200.0677773275893,0.0006552462,-0.005853105,0.07332919
2733.978717951753,7394.89,6.293877,-0.0038967452,216939,1671.5078775772295,200.06929857321737,6904.79,5.3910074,3219.3396,2.2290738,7394.89,6.293877,0,,,,,1671.5078775772295,0.00058911537,200.06929857321737,0.00065473124,-0.0063178716,0.07384205
2733.9856623087094,7399.393,6.2935658,-0.0038968294,216940,1671.5073519481527,200.0687599225516,6909.6,5.3907404,3218.9175,2.2289717,7399.393,6.2935658,0,,,,,1671.5073519481527,0.000588472,200.0687599225516,0.000654279,-0.0076690926,0.07460714
2733.9926066658986,7393.8247,6.2949386,-0.0038969135,216941,1671.5086350842657,200.0663819546042,6904.2783,5.3919168,3221.352,2.2306478,7393.8247,6.2949386,0,,,,,1671.5086350842657,0.00058983505,200.0663819546042,0.00065476226,-0.005492412,0.07289171
2733.9995510230883,7388.697,6.2961755,-0.0038969975,216942,1671.5087959004602,200.06704254365405,6901.142,5.3929763,3222.4878,2.2322514,7388.697,6.2961755,0,,,,,1671.5087959004602,0.00059002615,200.06704254365405,0.00065537414,-0.005964987,0.07356318
2734.006495380277,7391.6445,6.294801,-0.0038970816,216943,1671.5080778533886,200.06911982394075,6902.705,5.391799,3221.998,2.2318108,7391.6445,6.294801,0,,,,,1671.5080778533886,0.00058946793,200.06911982394075,0.00065501034,-0.0053810873,0.073584534
2734.013439737466,7404.316,6.298233,-0.0038971656,216944,1671.5078759849266,200.06841111704205,6914.3228,5.3947387,3227.5327,2.2309833,7404.316,6.298233,0,,,,,1671.5078759849266,0.00058896287,200.06841111704205,0.0006543803,-0.0067211497,0.07367341
2734.0203840948893,7393.216,6.2973356,-0.0038972495,216945,1671.5088402423812,200.06859156877005,6904.3447,5.39397,3230.3696,2.2317617,7393.216,6.2973356,0,,,,,1671.5088402423812,0.0005896717,200.06859156877005,0.0006552047,-0.0066906107,0.073454805
2734.027328452311,7396.0796,6.296802,-0.0038973333,216946,1671.5085727485332,200.06908938872988,6905.464,5.3935127,3229.235,2.2320073,7396.0796,6.296802,0,,,,,1671.5085727485332,0.0005896327,200.06908938872988,0.00065480854,-0.0061326018,0.074721284
2734.0342728097326,7390.6206,6.298717,-0.003897417,216947,1671.5090604950824,200.0672060885918,6901.536,5.3951535,3235.6194,2.2338753,7390.6206,6.298717,0,,,,,1671.5090604950824,0.0005904497,200.0672060885918,0.00065562763,-0.006726826,0.07347841
2734.0412171671546,7388.0845,6.2977347,-0.003897501,216948,1671.509203152314,200.06832410414617,6899.7124,5.394312,3233.7056,2.2331076,7388.0845,6.2977347,0,,,,,1671.509203152314,0.0005898763,200.06832410414617,0.0006560022,-0.005241409,0.07238138
2734.04816152481,7393.5083,6.2983,-0.0038975845,216949,1671.5069958286567,200.06884053142656,6904.6064,5.394796,3236.9424,2.2333882,7393.5083,6.2983,0,,,,,1671.5069958286567,0.0005896682,200.06884053142656,0.0006551397,-0.0075501744,0.075463444
2734.0551058822325,7398.967,6.3023033,-0.0038976683,216950,1671.508635715091,200.0679367973719,6907.745,5.3982253,3241.5254,2.2361112,7398.967,6.3023033,0,,,,,1671.508635715091,0.00058992265,200.0679367973719,0.00065512897,-0.005777184,0.073959984
2734.0620502398865,7396.289,6.303276,-0.003897752,216951,1671.509104946172,200.06769738459673,6906.4043,5.3990583,3246.5457,2.2377768,7396.289,6.303276,0,,,,,1671.509104946172,0.00059014093,200.06769738459673,0.00065560377,-0.004825155,0.072854705
2734.068994597542,7396.9697,6.3078237,-0.0038978355,216952,1671.5064519006726,200.06936236860594,6907.4253,5.402953,3246.8853,2.2381206,7396.9697,6.3078237,0,,,,,1671.5064519006726,0.0005904491,200.06936236860594,0.0006560663,-0.006521664,0.075199775
2734.075938955429,7389.4585,6.3054066,-0.0038979189,216953,1671.5081122061522,200.06849150355148,6901.5044,5.4008827,3250.4998,2.2386966,7389.4585,6.3054066,0,,,,,1671.5081122061522,0.0005906947,200.06849150355148,0.0006564035,-0.0064337384,0.07410039
2734.082883313317,7392.397,6.305597,-0.0038980022,216954,1671.5085870582948,200.06734835036337,6903.7456,5.4010463,3254.7122,2.2388566,7392.397,6.305597,0,,,,,1671.5085870582948,0.0005904581,200.06734835036337,0.0006560609,-0.0065539493,0.07421221
2734.0898276709727,7380.4507,6.308023,-0.0038980858,216955,1671.507003570793,200.0689977866719,6893.3374,5.4031243,3263.7979,2.2419448,7380.4507,6.308023,0,,,,,1671.507003570793,0.0005917872,200.0689977866719,0.0006572743,-0.006735415,0.075049706
2734.096772029093,7394.2876,6.3082523,-0.003898169,216956,1671.5085009700454,200.0683966351778,6904.7197,5.403321,3262.725,2.240291,7394.2876,6.3082523,0,,,,,1671.5085009700454,0.0005906745,200.0683966351778,0.00065658486,-0.005985495,0.07385887
2734.10371638698,7396.2866,6.313051,-0.0038982523,216957,1671.5090153565457,200.0683059047139,6907.171,5.407431,3264.2466,2.2434666,7396.2866,6.313051,0,,,,,1671.5090153565457,0.00059170445,200.0683059047139,0.0006565373,-0.0049547,0.073136695
2734.110660744868,7391.6323,6.314468,-0.0038983356,216958,1671.5085453136296,200.0682071975566,6902.148,5.4086447,3271.562,2.2443707,7391.6323,6.314468,0,,,,,1671.5085453136296,0.00059171405,200.0682071975566,0.000657247,-0.0061391895,0.07466303
2734.117605102989,7400.4233,6.3127418,-0.0038984187,216959,1671.5093487809572,200.06775839090957,6909.3276,5.407166,3268.6606,2.2428277,7400.4233,6.3127418,0,,,,,1671.5093487809572,0.00059086294,200.06775839090957,0.00065649435,-0.00673681,0.07504476
2734.12454946111,7381.9795,6.3125596,-0.0038985019,216960,1671.5081969198895,200.06820748611577,6894.565,5.40701,3274.2563,2.2457194,7381.9795,6.3125596,0,,,,,1671.5081969198895,0.0005923671,200.06820748611577,0.0006579363,-0.006802629,0.07470712
2734.1314938192295,7394.4346,6.3269033,-0.003898585,216961,1671.508852171341,200.06764115370592,6905.435,5.4192963,3282.9478,2.2521122,7394.4346,6.3269033,0,,,,,1671.508852171341,0.0005918673,200.06764115370592,0.0006589042,-0.0061385743,0.0746138
2734.1384381775833,7390.788,6.317676,-0.0038986679,216962,1671.5079003951819,200.0682393098261,6901.4062,5.411392,3288.8281,2.2482467,7390.788,6.317676,0,,,,,1671.5079003951819,0.000592136,200.0682393098261,0.0006570088,-0.005821464,0.07427226
2734.1453825359363,7387.796,6.3180966,-0.0038987508,216963,1671.5084128664928,200.06757418455507,6898.0166,5.411753,3288.723,2.2497368,7387.796,6.3180966,0,,,,,1671.5084128664928,0.0005927192,200.06757418455507,0.00065768283,-0.005831424,0.074524105
2734.1523268942897,7389.1455,6.3182063,-0.0038988336,216964,1671.5090399850567,200.0673957340174,6900.161,5.4118466,3287.6626,2.2483175,7389.1455,6.3182063,0,,,,,1671.5090399850567,0.0005926192,200.0673957340174,0.000657677,-0.005930492,0.073639356
2734.159271252643,7382.3457,6.316588,-0.0038989165,216965,1671.5079707954856,200.06828817500934,6894.6455,5.4104605,3290.2473,2.2472436,7382.3457,6.316588,0,,,,,1671.5079707954856,0.00059276115,200.06828817500934,0.0006582789,-0.0070719626,0.074678704
2734.166215610997,7400.108,6.3235955,-0.0038989994,216966,1671.5065139128683,200.06892790392084,6910.0015,5.416463,3296.2053,2.250887,7400.108,6.3235955,0,,,,,1671.5065139128683,0.00059188175,200.06892790392084,0.00065744435,-0.0062488713,0.07458315
2734.1731599695836,7377.692,6.317658,-0.003899082,216967,1671.5077044344605,200.0684503434492,6890.1836,5.411377,3293.78,2.2496305,7377.692,6.317658,0,,,,,1671.5077044344605,0.0005929289,200.0684503434492,0.000658547,-0.0064249327,0.07461404
2734.180104327936,7387.221,6.320949,-0.003899165,216968,1671.5077517265154,200.07005118728196,6899.3223,5.414196,3297.1633,2.2492874,7387.221,6.320949,0,,,,,1671.5077517265154,0.000592538,200.07005118728196,0.00065827195,-0.006712452,0.0757894
2734.1870486865228,7397.7314,6.3221154,-0.0038992476,216969,1671.5083067892444,200.0679438702415,6908.23,5.4151955,3293.8,2.2486384,7397.7314,6.3221154,0,,,,,1671.5083067892444,0.00059186766,200.0679438702415,0.0006576852,-0.0050408365,0.073762804
2734.1939930453414,7387.616,6.3194356,-0.00389933,216970,1671.5078023583726,200.0691638318803,6899.546,5.4129,3293.8623,2.2493267,7387.616,6.3194356,0,,,,,1671.5078023583726,0.0005922652,200.0691638318803,0.00065841613,-0.0068308334,0.07454384
2734.200937403927,7392.4937,6.32003,-0.0038994127,216971,1671.5074933740234,200.06886566751757,6903.065,5.4134088,3292.1492,2.2489202,7392.4937,6.32003,0,,,,,1671.5074933740234,0.00059202145,200.06886566751757,0.00065792364,-0.006790074,0.07520257
2734.2078817627475,7382.239,6.3188324,-0.0038994951,216972,1671.5089467252662,200.06682581940538,6896.142,5.412383,3286.0864,2.2487965,7382.239,6.3188324,0,,,,,1671.5089467252662,0.0005923324,200.06682581940538,0.0006582629,-0.005636767,0.07377209
2734.2148261215666,7387.1016,6.3159504,-0.0038995775,216973,1671.5078429703476,200.0699511513894,6898.6953,5.4099145,3281.2937,2.2471704,7387.1016,6.3159504,0,,,,,1671.5078429703476,0.0005921871,200.0699511513894,0.0006577289,-0.007169705,0.07568165
2734.2217704803857,7389.3413,6.314525,-0.00389966,216974,1671.5081610768466,200.06884136122386,6900.9014,5.408694,3278.4287,2.245508,7389.3413,6.314525,0,,,,,1671.5081610768466,0.0005916422,200.06884136122386,0.0006574662,-0.0065903002,0.07450312
2734.228714839204,7392.21,6.311472,-0.0038997424,216975,1671.5079263409948,200.06722096274368,6903.6636,5.4060783,3270.3406,2.2422147,7392.21,6.311472,0,,,,,1671.5079263409948,0.0005912209,200.06722096274368,0.0006566189,-0.00620947,0.07416097
2734.235659198256,7392.4766,6.3091903,-0.0038998246,216976,1671.5087680885777,200.0695966837612,6902.5854,5.4041243,3260.8489,2.2422326,7392.4766,6.3091903,0,,,,,1671.5087680885777,0.0005905664,200.0695966837612,0.0006566919,-0.006662269,0.07583069
2734.2426035573085,7397.0117,6.306778,-0.0038999068,216977,1671.5072409285488,200.06790855657698,6907.424,5.4020576,3254.8545,2.239157,7397.0117,6.306778,0,,,,,1671.5072409285488,0.00059043226,200.06790855657698,0.0006559663,-0.006634681,0.07488708
2734.2495479163595,7396.1763,6.3027544,-0.003899989,216978,1671.5078830980246,200.06873341734453,6907.02,5.3986115,3243.0085,2.2358143,7396.1763,6.3027544,0,,,,,1671.5078830980246,0.00058990356,200.06873341734453,0.0006557545,-0.006114907,0.074271485
2734.256492275412,7397.663,6.299733,-0.0039000711,216979,1671.5077685938809,200.06814649670503,6908.3325,5.3960238,3237.0273,2.2335043,7397.663,6.299733,0,,,,,1671.5077685938809,0.0005896011,200.06814649670503,0.0006550141,-0.0065517295,0.07520097
2734.263436634697,7394.6924,6.2946787,-0.003900153,216980,1671.50714724246,200.06979537328857,6903.9526,5.391694,3225.6274,2.2313535,7394.6924,6.2946787,0,,,,,1671.50714724246,0.00058940245,200.06979537328857,0.00065489346,-0.0060663293,0.07455804
2734.2703809937484,7393.4443,6.292833,-0.0039002353,216981,1671.5078190741442,200.06965195965003,6902.596,5.3901134,3220.996,2.2299004,7393.4443,6.292833,0,,,,,1671.5078190741442,0.00058924535,200.06965195965003,0.00065471436,-0.0071264533,0.07603564
2734.2773253530336,7398.528,6.289484,-0.0039003172,216982,1671.5063064152296,200.07002525231525,6907.7183,5.387244,3208.346,2.2265568,7398.528,6.289484,0,,,,,1671.5063064152296,0.00058837724,200.07002525231525,0.0006537491,-0.0075817215,0.076051526
2734.284269712551,7373.9395,6.2814784,-0.003900399,216983,1671.5087682683802,200.06906741925934,6887.38,5.3803873,3197.5151,2.2236,7373.9395,6.2814784,0,,,,,1671.5087682683802,0.00058919814,200.06906741925934,0.00065462285,-0.005118926,0.07498089
2734.291214071836,7387.928,6.2772617,-0.003900481,216984,1671.5084716463812,200.06918012595645,6899.7275,5.3767757,3181.2874,2.2182121,7387.928,6.2772617,0,,,,,1671.5084716463812,0.00058826146,200.06918012595645,0.00065318076,-0.007165561,0.07552999
2734.2981584311196,7389.207,6.273281,-0.0039005629,216985,1671.5081542158343,200.06717892740303,6899.9214,5.3733664,3169.426,2.2147741,7389.207,6.273281,0,,,,,1671.5081542158343,0.0005878444,200.06717892740303,0.0006528503,-0.005778408,0.07399358
2734.3051027906376,7388.058,6.265893,-0.0039006446,216986,1671.508857276742,200.06918387690519,6899.5947,5.367038,3152.2578,2.210347,7388.058,6.265893,0,,,,,1671.508857276742,0.0005868588,200.06918387690519,0.00065207697,-0.00589716,0.07531362
2734.3120471501556,7388.022,6.261048,-0.0039007263,216987,1671.5064418063082,200.06941385100248,6899.126,5.362888,3140.0745,2.2067604,7388.022,6.261048,0,,,,,1671.5064418063082,0.00058643066,200.06941385100248,0.00065140426,-0.00733684,0.076137245
2734.318991509905,7386.769,6.256491,-0.0039008078,216988,1671.5083908362078,200.06803719088956,6899.0225,5.358985,3126.5212,2.2037885,7386.769,6.256491,0,,,,,1671.5083908362078,0.0005861123,200.06803719088956,0.0006513093,-0.0058453623,0.074219294
2734.325935869423,7399.6665,6.253312,-0.0039008895,216989,1671.5078997009052,200.06906884198796,6909.4297,5.3562617,3113.604,2.1991258,7399.6665,6.253312,0,,,,,1671.5078997009052,0.0005851106,200.06906884198796,0.00064956176,-0.0064642625,0.07595761
2734.332880229174,7386.7363,6.2488403,-0.003900971,216990,1671.5071139922752,200.06836883302321,6898.1587,5.3524313,3104.7092,2.1977246,7386.7363,6.2488403,0,,,,,1671.5071139922752,0.0005854496,200.06836883302321,0.0006501503,-0.0064721736,0.07440795
2734.3398245889243,7380.76,6.2409816,-0.0039010525,216991,1671.5078921217423,200.0681810869045,6892.815,5.3457,3085.7231,2.193242,7380.76,6.2409816,0,,,,,1671.5078921217423,0.0005848885,200.0681810869045,0.0006497791,-0.007498999,0.07518356
2734.346768948674,7389.823,6.236734,-0.003901134,216992,1671.5081200202715,200.068022372693,6899.9834,5.342062,3073.4448,2.189937,7389.823,6.236734,0,,,,,1671.5081200202715,0.0005839361,200.068022372693,0.00064861414,-0.0063158325,0.07439018
2734.3537133084246,7388.3438,6.232837,-0.0039012155,216993,1671.5086305970221,200.06916314941003,6898.745,5.338724,3064.3865,2.185397,7388.3438,6.232837,0,,,,,1671.5086305970221,0.00058357365,200.06916314941003,0.00064843165,-0.006922129,0.07628344
2734.3606576684087,7392.115,6.2283473,-0.0039012968,216994,1671.5080841124084,200.0680262261948,6900.5884,5.334878,3055.3462,2.1827352,7392.115,6.2283473,0,,,,,1671.5080841124084,0.00058301125,200.0680262261948,0.0006481382,-0.005220045,0.07475422
2734.3676020283915,7404.4473,6.22606,-0.003901378,216995,1671.5086186625172,200.06964563515805,6913.466,5.332919,3038.632,2.1784036,7404.4473,6.22606,0,,,,,1671.5086186625172,0.00058167806,200.06964563515805,0.0006463302,-0.005962697,0.0756002
2734.3745463883743,7391.156,6.2230625,-0.0039014593,216996,1671.5087252324072,200.06773057285005,6901.979,5.3303514,3038.2446,2.1792433,7391.156,6.2230625,0,,,,,1671.5087252324072,0.00058204366,200.06773057285005,0.00064668595,-0.0060790065,0.075042725
2734.381490748358,7383.508,6.224082,-0.0039015405,216997,1671.5076927015298,200.0683606805732,6894.794,5.3312244,3029.5776,2.1769857,7383.508,6.224082,0,,,,,1671.5076927015298,0.00058312825,200.0683606805732,0.0006480482,-0.0072089597,0.07551936
2734.38843510834,7397.2217,6.217232,-0.0039016218,216998,1671.5066652996254,200.06764744583242,6906.0825,5.3253574,3017.0254,2.1730974,7397.2217,6.217232,0,,,,,1671.5066652996254,0.00058182125,200.06764744583242,0.0006457374,-0.007371686,0.07530839
2734.395379468557,7396.232,6.2151837,-0.0039017028,216999,1671.5084809176396,200.06832201056275,6905.186,5.323603,3016.5613,2.17175,7396.232,6.2151837,0,,,,,1671.5084809176396,0.0005812218,200.06832201056275,0.00064593286,-0.0056299637,0.07519932
2734.402323828773,7394.4727,6.213385,-0.0039017838,217000,1671.5069694615854,200.06887336651653,6903.681,5.322062,3007.1792,2.1699626,7394.4727,6.213385,0,,,,,1671.5069694615854,0.00058119366,200.06887336651653,0.000645634,-0.006887346,0.075848304
2734.4092681889892,7403.231,6.2121506,-0.0039018649,217001,1671.5087314377242,200.06874769127262,6912.1274,5.321005,2999.744,2.1664374,7403.231,6.2121506,0,,,,,1671.5087314377242,0.0005806282,200.06874769127262,0.0006450955,-0.006294634,0.07588368
2734.4162125492044,7399.047,6.2086935,-0.003901946,217002,1671.5085973787889,200.06914456493357,6908.3237,5.3180437,2996.2375,2.1654837,7399.047,6.2086935,0,,,,,1671.5085973787889,0.0005805061,200.06914456493357,0.0006446797,-0.0060172207,0.07573952
2734.4231569096537,7397.435,6.207965,-0.0039020267,217003,1671.5081299648418,200.06839352566269,6905.577,5.31742,2998.08,2.165347,7397.435,6.207965,0,,,,,1671.5081299648418,0.0005810918,200.06839352566269,0.0006450697,-0.006727636,0.0759145
2734.4301012701035,7397.2026,6.208215,-0.0039021075,217004,1671.5085895329514,200.0681256862927,6905.7993,5.317634,2994.4028,2.1657472,7397.2026,6.208215,0,,,,,1671.5085895329514,0.00058044516,200.0681256862927,0.0006452551,-0.006470129,0.0751844
2734.437045630552,7396.162,6.207316,-0.0039021883,217005,1671.5077592098748,200.06862212093176,6904.349,5.316864,2993.471,2.1652877,7396.162,6.207316,0,,,,,1671.5077592098748,0.00058068783,200.06862212093176,0.0006451514,-0.006518918,0.075659946
2734.4439899910003,7390.209,6.205731,-0.003902269,217006,1671.507788222361,200.06781889179004,6900.2627,5.315506,2993.3245,2.166212,7390.209,6.205731,0,,,,,1671.507788222361,0.00058069185,200.06781889179004,0.0006451671,-0.007237142,0.07584099
2734.4509343514496,7387.88,6.2049475,-0.0039023499,217007,1671.508677311609,200.06864433517444,6899.0513,5.314835,2995.3691,2.1656444,7387.88,6.2049475,0,,,,,1671.508677311609,0.00058090896,200.06864433517444,0.00064517715,-0.0062491614,0.076072924
2734.457878712131,7403.539,6.208479,-0.0039024304,217008,1671.507149374385,200.0689408915376,6912.4004,5.31786,2993.1973,2.166096,7403.539,6.208479,0,,,,,1671.507149374385,0.0005798715,200.0689408915376,0.00064425287,-0.0070603034,0.07637244
2734.464823072812,7394.462,6.2122183,-0.003902511,217009,1671.5089359602046,200.0678085977491,6904.4917,5.321063,2996.0535,2.1682594,7394.462,6.2122183,0,,,,,1671.5089359602046,0.00058069796,200.0678085977491,0.0006456908,-0.0059174825,0.07551845
2734.4717674334943,7400.582,6.210274,-0.0039025915,217010,1671.5065532113888,200.0698601635207,6908.9565,5.319398,3002.0293,2.1672673,7400.582,6.210274,0,,,,,1671.5065532113888,0.0005803165,200.0698601635207,0.00064494583,-0.0075054592,0.07613729
2734.478711794177,7401.117,6.213481,-0.003902672,217011,1671.5076204922839,200.06901180800608,6909.0483,5.3221445,3008.9526,2.1699255,7401.117,6.213481,0,,,,,1671.5076204922839,0.00058102934,200.06901180800608,0.0006451573,-0.0061630625,0.07616565
2734.485656155091,7399.4453,6.212715,-0.0039027524,217012,1671.509362064606,200.06684407449453,6906.8857,5.3214884,3009.0972,2.1700003,7399.4453,6.212715,0,,,,,1671.509362064606,0.0005809071,200.06684407449453,0.0006452945,-0.0057139564,0.07520879
2734.492600515772,7400.572,6.2162395,-0.003902833,217013,1671.5060759066603,200.0692674185895,6908.678,5.324507,3014.5576,2.1722965,7400.572,6.2162395,0,,,,,1671.5060759066603,0.00058060355,200.0692674185895,0.000645744,-0.007592578,0.07690308
2734.499544876687,7400.683,6.217622,-0.0039029133,217014,1671.5076896647136,200.06840518475593,6909.235,5.3256907,3020.2246,2.1732934,7400.683,6.217622,0,,,,,1671.5076896647136,0.0005811495,200.06840518475593,0.00064564723,-0.006144942,0.07549647
2734.506489237601,7386.8633,6.218641,-0.0039029936,217015,1671.5087495853813,200.068034297988,6898.3774,5.3265643,3029.2087,2.1767662,7386.8633,6.218641,0,,,,,1671.5087495853813,0.0005824767,200.068034297988,0.00064658554,-0.0056598596,0.07554504
2734.513433598749,7399.4204,6.222934,-0.0039030737,217016,1671.508001878707,200.06939952216885,6908.811,5.330241,3034.6177,2.1769557,7399.4204,6.222934,0,,,,,1671.508001878707,0.00058212364,200.06939952216885,0.00064609136,-0.006969308,0.076482646
2734.5203779596636,7386.3374,6.2240286,-0.003903154,217017,1671.5070107232887,200.06841776044072,6896.689,5.331179,3042.8105,2.179417,7386.3374,6.2240286,0,,,,,1671.5070107232887,0.00058291724,200.06841776044072,0.0006476059,-0.006407571,0.07520588
2734.5273223208114,7397.508,6.2297792,-0.0039032341,217018,1671.507974192552,200.0694532811401,6905.6206,5.336105,3048.7407,2.1814814,7397.508,6.2297792,0,,,,,1671.507974192552,0.0005828726,200.0694532811401,0.00064750883,-0.0072108773,0.07695209
2734.5342666819583,7396.9106,6.2301626,-0.0039033142,217019,1671.508212904943,200.06831430233143,6906.6025,5.3364334,3057.1748,2.1827474,7396.9106,6.2301626,0,,,,,1671.508212904943,0.0005827832,200.06831430233143,0.0006473842,-0.006429126,0.0756899
2734.5412110431052,7399.3857,6.237627,-0.0039033943,217020,1671.506796949925,200.06944700549542,6908.1973,5.3428264,3068.1016,2.1882,7399.3857,6.237627,0,,,,,1671.506796949925,0.00058344397,200.06944700549542,0.0006478342,-0.007232457,0.07667897
2734.5481554044864,7386.883,6.2358356,-0.0039034742,217021,1671.507111665506,200.0679243219423,6897.279,5.3412924,3074.3909,2.188854,7386.883,6.2358356,0,,,,,1671.507111665506,0.0005839499,200.0679243219423,0.00064881,-0.00643285,0.07557177
2734.5550997656333,7388.5254,6.2429743,-0.0039035543,217022,1671.5081942510046,200.06779259335352,6899.5156,5.347407,3086.1113,2.192596,7388.5254,6.2429743,0,,,,,1671.5081942510046,0.0005850183,200.06779259335352,0.0006495121,-0.006225149,0.07548472
2734.562044127013,7395.8687,6.248531,-0.0039036341,217023,1671.5069368621498,200.0696686253296,6905.298,5.352166,3098.3315,2.1967213,7395.8687,6.248531,0,,,,,1671.5069368621498,0.00058437855,200.0696686253296,0.00064950535,-0.006332217,0.076293595
2734.5689884883936,7388.407,6.2500343,-0.003903714,217024,1671.508948311024,200.0678027177527,6898.1807,5.353454,3106.032,2.1979496,7388.407,6.2500343,0,,,,,1671.508948311024,0.00058514636,200.0678027177527,0.00065047224,-0.0055078845,0.076156124
2734.5759328500067,7395.4873,6.254632,-0.0039037936,217025,1671.5076822988249,200.06931154468072,6905.247,5.3573923,3114.545,2.2011538,7395.4873,6.254632,0,,,,,1671.5076822988249,0.00058515597,200.06931154468072,0.00065035746,-0.00765921,0.076306544
2734.582877211387,7387.987,6.2544255,-0.0039038735,217026,1671.507481452065,200.0684843172194,6897.987,5.3572154,3119.805,2.2017543,7387.987,6.2544255,0,,,,,1671.507481452065,0.00058566994,200.0684843172194,0.00065108715,-0.0066410163,0.0760988
2734.5898215729994,7396.1147,6.259322,-0.0039039531,217027,1671.5072178325343,200.06945385346955,6905.027,5.3614097,3129.676,2.204416,7396.1147,6.259322,0,,,,,1671.5072178325343,0.0005858922,200.06945385346955,0.0006506443,-0.0072542448,0.07698809
2734.5967659346134,7396.153,6.2632794,-0.0039040328,217028,1671.5098574418005,200.06829894597513,6906.504,5.364799,3139.4546,2.2066185,7396.153,6.2632794,0,,,,,1671.5098574418005,0.0005860192,200.06829894597513,0.00065094075,-0.0059801335,0.07622492
2734.603710296226,7391.9004,6.2644386,-0.0039041124,217029,1671.507275311389,200.06856163387806,6901.7793,5.3657923,3148.0706,2.208407,7391.9004,6.2644386,0,,,,,1671.507275311389,0.0005863529,200.06856163387806,0.0006516133,-0.0066205175,0.07624616
2734.6106546578385,7390.9424,6.267888,-0.003904192,217030,1671.5083106012462,200.066732575228,6900.937,5.3687468,3153.7651,2.2123778,7390.9424,6.267888,0,,,,,1671.5083106012462,0.0005870817,200.066732575228,0.00065217447,-0.005720389,0.07554731
2734.617599019685,7385.6875,6.267373,-0.0039042714,217031,1671.5079272740497,200.07035791048054,6896.669,5.3683057,3158.5933,2.2118669,7385.6875,6.267373,0,,,,,1671.5079272740497,0.0005871998,200.07035791048054,0.000652986,-0.0075101145,0.07675333
2734.6245433815307,7387.754,6.2718716,-0.0039043508,217032,1671.508284349114,200.06907644400613,6899.1855,5.372159,3169.5151,2.2140803,7387.754,6.2718716,0,,,,,1671.508284349114,0.00058739283,200.06907644400613,0.00065266865,-0.0068796715,0.07591751
2734.6314877433765,7398.9385,6.2774816,-0.0039044302,217033,1671.5085728939684,200.06844686319815,6907.673,5.376964,3175.5103,2.218222,7398.9385,6.2774816,0,,,,,1671.5085728939684,0.00058737106,200.06844686319815,0.0006525751,-0.005738741,0.076060645
2734.6384321052224,7385.8643,6.275477,-0.0039045096,217034,1671.506268170773,200.06940310872434,6896.758,5.375247,3180.1252,2.2171898,7385.8643,6.275477,0,,,,,1671.506268170773,0.00058820593,200.06940310872434,0.0006536814,-0.0067412304,0.07677907
2734.6453764670687,7396.576,6.277817,-0.003904589,217035,1671.50715706419,200.06897283297778,6906.0557,5.377251,3179.3347,2.2175255,7396.576,6.277817,0,,,,,1671.50715706419,0.000587761,200.06897283297778,0.00065268646,-0.0066712964,0.076814026
2734.652320829147,7386.1973,6.2774277,-0.0039046681,217036,1671.5069139970235,200.06922973748925,6896.185,5.376918,3182.659,2.2190945,7386.1973,6.2774277,0,,,,,1671.5069139970235,0.000588509,200.06922973748925,0.0006537954,-0.007009326,0.07671622
2734.659265191225,7394.2505,6.2813854,-0.0039047473,217037,1671.5071776500372,200.0695979668961,6903.881,5.3803077,3185.2092,2.220694,7394.2505,6.2813854,0,,,,,1671.5071776500372,0.00058816373,200.0695979668961,0.00065315765,-0.007645807,0.077519245
2734.6662095533047,7385.442,6.2807984,-0.0039048265,217038,1671.509000515021,200.0687455995589,6894.8105,5.379805,3186.6113,2.2211928,7385.442,6.2807984,0,,,,,1671.509000515021,0.0005891795,200.0687455995589,0.00065419066,-0.0066019455,0.07592946
2734.673153915384,7393.4214,6.2825723,-0.0039049056,217039,1671.508421506441,200.0688755690655,6902.372,5.3813243,3186.213,2.2206635,7393.4214,6.2825723,0,,,,,1671.508421506441,0.0005882164,200.0688755690655,0.0006536627,-0.0058056484,0.077574745
2734.6800982776945,7394.1353,6.281185,-0.0039049846,217040,1671.5082794886391,200.06780097915387,6904.2583,5.380136,3185.752,2.219641,7394.1353,6.281185,0,,,,,1671.5082794886391,0.00058812747,200.06780097915387,0.0006535257,-0.0071274564,0.07617144
2734.687042639773,7387.334,6.2812963,-0.0039050637,217041,1671.5079795157612,200.0680731602488,6898.385,5.3802314,3185.9236,2.2209094,7387.334,6.2812963,0,,,,,1671.5079795157612,0.0005883945,200.0680731602488,0.0006538744,-0.006232637,0.07644201
2734.6939870020847,7406.268,6.281486,-0.0039051427,217042,1671.5083051279234,200.06808545952123,6913.555,5.380394,3182.1245,2.2191932,7406.268,6.281486,0,,,,,1671.5083051279234,0.00058741815,200.06808545952123,0.000652881,-0.0069084764,0.07611484
2734.700931364396,7391.7544,6.278218,-0.0039052216,217043,1671.5063754921232,200.07057298427617,6902.074,5.377595,3182.278,2.2186782,7391.7544,6.278218,0,,,,,1671.5063754921232,0.00058798766,200.07057298427617,0.00065305905,-0.0072154733,0.07798692
2734.70787572694,7396.943,6.2801623,-0.0039053003,217044,1671.508773982779,200.06733309074704,6906.3896,5.3792605,3182.1082,2.2208579,7396.943,6.2801623,0,,,,,1671.508773982779,0.0005876641,200.06733309074704,0.00065293815,-0.0058036814,0.075139515
2734.7148200892525,7387.403,6.279641,-0.0039053792,217045,1671.5087884586246,200.06780628190594,6897.403,5.3788137,3187.4475,2.2201679,7387.403,6.279641,0,,,,,1671.5087884586246,0.0005884018,200.06780628190594,0.00065389136,-0.005121769,0.07564088
2734.7217644517964,7386.5146,6.2801185,-0.003905458,217046,1671.506892903464,200.06796479533168,6896.903,5.3792224,3179.6394,2.2194285,7386.5146,6.2801185,0,,,,,1671.506892903464,0.00058849173,200.06796479533168,0.00065420044,-0.0076105995,0.07767005
2734.7287088143403,7387.783,6.278131,-0.0039055366,217047,1671.507089084092,200.06803662737212,6898.1987,5.3775206,3179.4272,2.2185988,7387.783,6.278131,0,,,,,1671.507089084092,0.0005880748,200.06803662737212,0.00065346016,-0.0062856274,0.07701829
2734.735653176885,7390.366,6.2793374,-0.0039056153,217048,1671.5069574242455,200.06871472223864,6899.7715,5.3785534,3177.7507,2.2179284,7390.366,6.2793374,0,,,,,1671.5069574242455,0.00058804656,200.06871472223864,0.0006536881,-0.0078205075,0.07716198
2734.7425975394294,7377.186,6.274491,-0.003905694,217049,1671.507333623056,200.06752403418903,6888.8135,5.374402,3179.6736,2.2170656,7377.186,6.274491,0,,,,,1671.507333623056,0.0005885434,200.06752403418903,0.0006539064,-0.0060084416,0.07565257
2734.7495419022066,7381.469,6.2772756,-0.0039057725,217050,1671.5075424976776,200.06792385683153,6893.134,5.3767877,3178.517,2.2187412,7381.469,6.2772756,0,,,,,1671.5075424976776,0.0005887139,200.06792385683153,0.0006535232,-0.0068472265,0.0770981
2734.756486264984,7394.556,6.2776127,-0.003905851,217051,1671.5085078097675,200.06917570172178,6903.9146,5.3770766,3174.7456,2.2177129,7394.556,6.2776127,0,,,,,1671.5085078097675,0.0005880295,200.06917570172178,0.0006528851,-0.006090221,0.076661356
2734.763430627761,7385.6714,6.2752056,-0.0039059294,217052,1671.5079575200464,200.0692513940413,6895.429,5.375015,3175.9377,2.2179585,7385.6714,6.2752056,0,,,,,1671.5079575200464,0.00058814423,200.0692513940413,0.0006538441,-0.0059134713,0.07660498
2734.770374990538,7397.5723,6.276423,-0.0039060079,217053,1671.5070161366243,200.06973589449666,6905.495,5.376057,3170.5488,2.2160747,7397.5723,6.276423,0,,,,,1671.5070161366243,0.00058745866,200.06973589449666,0.00065271294,-0.008422375,0.07836822
2734.777319353315,7389.998,6.273594,-0.0039060863,217054,1671.507454605675,200.06838695765066,6900.609,5.3736343,3171.7178,2.215439,7389.998,6.273594,0,,,,,1671.507454605675,0.0005877801,200.06838695765066,0.0006530798,-0.0063587823,0.076485045
2734.7842637163253,7379.77,6.272013,-0.0039061646,217055,1671.5084150469102,200.06762637204443,6891.717,5.37228,3170.5493,2.215662,7379.77,6.272013,0,,,,,1671.5084150469102,0.0005882311,200.06762637204443,0.0006533286,-0.00575617,0.07639564
2734.7912080793353,7387.885,6.2750897,-0.0039062428,217056,1671.5079824275356,200.06787792420306,6898.443,5.374915,3171.774,2.21765,7387.885,6.2750897,0,,,,,1671.5079824275356,0.00058758806,200.06787792420306,0.0006531727,-0.007279354,0.07763247
2734.7981524421125,7392.764,6.27253,-0.0039063212,217057,1671.5076887798973,200.06884141470624,6901.873,5.372723,3167.0366,2.2134511,7392.764,6.27253,0,,,,,1671.5076887798973,0.00058768195,200.06884141470624,0.00065271166,-0.0066091865,0.07639515
2734.805096805588,7397.762,6.273995,-0.003906399,217058,1671.508121746786,200.06911506362945,6905.1987,5.3739777,3168.8687,2.2152529,7397.762,6.273995,0,,,,,1671.508121746786,0.0005871965,200.06911506362945,0.00065236737,-0.0066604977,0.07690736
2734.812041168598,7392.886,6.2723837,-0.0039064772,217059,1671.5076491970087,200.06779295547707,6902.5054,5.3725977,3170.0457,2.2139452,7392.886,6.2723837,0,,,,,1671.5076491970087,0.0005869969,200.06779295547707,0.0006525292,-0.007325664,0.0777944
2734.8189855316077,7398.9863,6.2727942,-0.0039065555,217060,1671.507282267261,200.07026490879144,6908.36,5.372949,3164.8406,2.213594,7398.9863,6.2727942,0,,,,,1671.507282267261,0.0005866639,200.07026490879144,0.0006521257,-0.0071052974,0.07660424
2734.825929895083,7402.3105,6.274267,-0.0039066332,217061,1671.50740421803,200.06914473481305,6909.5425,5.374211,3167.2415,2.2150347,7402.3105,6.274267,0,,,,,1671.50740421803,0.0005866753,200.06914473481305,0.00065249583,-0.0058833323,0.07638202
2734.8328742580943,7397.7627,6.2752833,-0.0039067115,217062,1671.508219918848,200.0683103470017,6906.9556,5.375081,3167.903,2.2157173,7397.7627,6.2752833,0,,,,,1671.508219918848,0.0005873547,200.0683103470017,0.0006524957,-0.0051742033,0.07651107
2734.8398186215704,7385.573,6.2755113,-0.0039067892,217063,1671.5074848174017,200.0688037209748,6895.63,5.375276,3176.313,2.2174673,7385.573,6.2755113,0,,,,,1671.5074848174017,0.000588319,200.0688037209748,0.0006535015,-0.0059093186,0.07710232
2734.846762985045,7394.778,6.273531,-0.003906867,217064,1671.5078567329888,200.06912160650708,6903.4707,5.37358,3170.2078,2.2156358,7394.778,6.273531,0,,,,,1671.5078567329888,0.0005871443,200.06912160650708,0.0006525515,-0.0064761704,0.07673805
2734.853707348055,7375.899,6.272528,-0.003906945,217065,1671.507040011901,200.06854988591783,6886.4546,5.3727207,3175.3235,2.2167726,7375.899,6.272528,0,,,,,1671.507040011901,0.0005886348,200.06854988591783,0.00065394444,-0.006886805,0.077609055
2734.860651711531,7384.088,6.276677,-0.003907023,217066,1671.508545683925,200.069185914973,6894.4517,5.376275,3174.861,2.2176223,7384.088,6.276677,0,,,,,1671.508545683925,0.00058864785,200.069185914973,0.0006542711,-0.006040648,0.07705926
2734.867596075006,7387.222,6.2775984,-0.0039071008,217067,1671.5093222296475,200.06704880907245,6896.0703,5.377064,3173.0908,2.2175047,7387.222,6.2775984,0,,,,,1671.5093222296475,0.0005882648,200.06704880907245,0.0006537551,-0.005695691,0.07589501
2734.874540438947,7401.1777,6.275655,-0.003907178,217068,1671.5073964767696,200.07016433216148,6908.9897,5.375399,3170.9277,2.2157094,7401.1777,6.275655,0,,,,,1671.5073964767696,0.00058707915,200.07016433216148,0.00065194647,-0.0064888475,0.07843226
2734.8814848024235,7392.6895,6.273785,-0.003907256,217069,1671.5063561362274,200.0684776162226,6901.834,5.373798,3171.3306,2.2154071,7392.6895,6.273785,0,,,,,1671.5063561362274,0.0005873309,200.0684776162226,0.00065255706,-0.006522978,0.076359846
2734.8884291658997,7395.9033,6.2764325,-0.0039073336,217070,1671.5082122595452,200.06835040211882,6904.571,5.3760653,3176.467,2.2158096,7395.9033,6.2764325,0,,,,,1671.5082122595452,0.0005878705,200.06835040211882,0.000652744,-0.0070226905,0.07753566
2734.8953735298405,7403.711,6.279075,-0.003907411,217071,1671.5080602866983,200.06820024784074,6910.3486,5.378329,3176.4258,2.2167182,7403.711,6.279075,0,,,,,1671.5080602866983,0.0005878425,200.06820024784074,0.00065267563,-0.0063863727,0.07718891
2734.902317893316,7395.329,6.27657,-0.0039074887,217072,1671.507264760198,200.06911722606162,6904.0225,5.376183,3178.1355,2.2170918,7395.329,6.27657,0,,,,,1671.507264760198,0.00058763585,200.06911722606162,0.0006530232,-0.006985938,0.076594815
2734.9092622572575,7386.692,6.275724,-0.003907566,217073,1671.5081065470724,200.06736149416778,6896.5737,5.3754587,3176.597,2.217744,7386.692,6.275724,0,,,,,1671.5081065470724,0.0005882992,200.06736149416778,0.00065343524,-0.0063638603,0.07643093
2734.916206621199,7394.2646,6.2773795,-0.0039076433,217074,1671.508215507407,200.06858571365825,6903.4062,5.376877,3180.2805,2.2182424,7394.2646,6.2773795,0,,,,,1671.508215507407,0.000587575,200.06858571365825,0.0006529836,-0.005844934,0.07746401
2734.92315098514,7384.799,6.274908,-0.0039077206,217075,1671.5080659528726,200.06766286992288,6894.0312,5.37476,3177.78,2.217668,7384.799,6.274908,0,,,,,1671.5080659528726,0.0005883224,200.06766286992288,0.0006536872,-0.0068871574,0.07590935
2734.9300953490815,7396.8203,6.276367,-0.003907798,217076,1671.5081073563426,200.06810568875045,6906.103,5.3760095,3173.2886,2.2166302,7396.8203,6.276367,0,,,,,1671.5081073563426,0.00058757083,200.06810568875045,0.00065253145,-0.0068363585,0.077312216
2734.937039713023,7398.778,6.2757607,-0.003907875,217077,1671.5089227060814,200.06855523155156,6907.3057,5.37549,3171.112,2.2153633,7398.778,6.2757607,0,,,,,1671.5089227060814,0.00058731885,200.06855523155156,0.00065248465,-0.004579463,0.07680885
2734.943984076964,7398.394,6.276888,-0.0039079525,217078,1671.5089539640803,200.0679305423979,6906.5557,5.3764553,3175.5237,2.2168975,7398.394,6.276888,0,,,,,1671.5089539640803,0.0005875396,200.0679305423979,0.00065274,-0.00584273,0.07669324
2734.950928440905,7387.965,6.271861,-0.0039080298,217079,1671.508039387603,200.06771112833388,6897.904,5.37215,3170.0842,2.214414,7387.965,6.271861,0,,,,,1671.508039387603,0.00058785576,200.06771112833388,0.0006528228,-0.00662792,0.07747004
2734.9578728053125,7392.744,6.2762046,-0.0039081066,217080,1671.5104777892243,200.06762026893813,6901.3477,5.37587,3173.8044,2.2168224,7392.744,6.2762046,0,,,,,1671.5104777892243,0.0005876597,200.06762026893813,0.00065328035,-0.0054745297,0.074831784
2734.964817169254,7383.7036,6.2726784,-0.003908184,217081,1671.5075374684752,200.07014050236663,6893.402,5.37285,3173.782,2.2161577,7383.7036,6.2726784,0,,,,,1671.5075374684752,0.0005879275,200.07014050236663,0.0006532921,-0.008090291,0.07983417
2734.971761533661,7399.0015,6.274953,-0.0039082607,217082,1671.507833462402,200.06887069031765,6906.662,5.374798,3168.7344,2.215178,7399.0015,6.274953,0,,,,,1671.507833462402,0.00058759586,200.06887069031765,0.00065276783,-0.0060771597,0.07581524
2734.978705898068,7380.2285,6.2704997,-0.0039083376,217083,1671.5094113640143,200.06641844674067,6892.0503,5.3709836,3167.6724,2.2144294,7380.2285,6.2704997,0,,,,,1671.5094113640143,0.0005878515,200.06641844674067,0.0006531785,-0.005573185,0.076314785
2734.985650262009,7402.394,6.275101,-0.003908415,217084,1671.509022242746,200.06927960448152,6910.0806,5.3749247,3165.1245,2.2148993,7402.394,6.275101,0,,,,,1671.509022242746,0.0005867133,200.06927960448152,0.0006523598,-0.0057284264,0.07599473
2734.992594626416,7398.393,6.272994,-0.0039084917,217085,1671.5067750657508,200.06964469361898,6906.2793,5.37312,3164.62,2.2140577,7398.393,6.272994,0,,,,,1671.5067750657508,0.0005869675,200.06964469361898,0.0006523981,-0.0076508312,0.07861756
2734.999538990823,7391.0967,6.2748623,-0.0039085685,217086,1671.508217688204,200.06812610187592,6899.1357,5.3747206,3166.0251,2.2159636,7391.0967,6.2748623,0,,,,,1671.508217688204,0.0005880776,200.06812610187592,0.0006532342,-0.006407249,0.07682479
2735.00648335523,7383.397,6.2710505,-0.0039086454,217087,1671.508310989791,200.06822346675102,6893.839,5.3714557,3168.6958,2.214499,7383.397,6.2710505,0,,,,,1671.508310989791,0.0005878202,200.06822346675102,0.00065321487,-0.0059808157,0.076555476
2735.0134277201028,7382.9077,6.270425,-0.0039087217,217088,1671.5079352376931,200.06793926820745,6893.071,5.3709197,3163.6248,2.2140253,7382.9077,6.270425,0,,,,,1671.5079352376931,0.0005882208,200.06793926820745,0.0006537851,-0.006260032,0.073627084
2735.0203720845097,7387.2666,6.268708,-0.0039087986,217089,1671.5083466723547,200.06876237225498,6897.8955,5.369449,3160.9292,2.2120738,7387.2666,6.268708,0,,,,,1671.5083466723547,0.0005874348,200.06876237225498,0.0006521885,-0.006381162,0.07715044
2735.0273164489167,7392.5244,6.2724833,-0.0039088754,217090,1671.5091417891867,200.06716035943148,6901.877,5.372683,3164.4756,2.2143354,7392.5244,6.2724833,0,,,,,1671.5091417891867,0.0005875028,200.06716035943148,0.00065261737,-0.0059104636,0.07671561
2735.034260813789,7391.678,6.2697372,-0.0039089518,217091,1671.5081495592394,200.0693249847808,6900.235,5.370331,3163.5642,2.2129757,7391.678,6.2697372,0,,,,,1671.5081495592394,0.00058755465,200.0693249847808,0.00065261964,-0.0068325074,0.07749578
2735.041205178661,7387.2363,6.2715707,-0.003909028,217092,1671.5078817033204,200.06838863388117,6897.4478,5.3719015,3166.8374,2.2145686,7387.2363,6.2715707,0,,,,,1671.5078817033204,0.0005873782,200.06838863388117,0.0006531199,-0.0059004514,0.0764362
2735.048149543069,7391.7856,6.2706814,-0.003909105,217093,1671.508760610293,200.0684281169537,6901.727,5.3711395,3161.2375,2.2128026,7391.7856,6.2706814,0,,,,,1671.508760610293,0.00058707164,200.0684281169537,0.00065263757,-0.0059556165,0.076352455
2735.0550939079417,7390.5293,6.270865,-0.0039091813,217094,1671.508028043214,200.06864785654042,6901.1943,5.371297,3166.9763,2.2137134,7390.5293,6.270865,0,,,,,1671.508028043214,0.0005870934,200.06864785654042,0.00065252744,-0.0053074304,0.076936014
2735.0620382728143,7388.7705,6.269832,-0.0039092577,217095,1671.5089551117067,200.06722850072904,6898.365,5.370412,3165.0347,2.2134302,7388.7705,6.269832,0,,,,,1671.5089551117067,0.0005875343,200.06722850072904,0.0006523165,-0.0058664107,0.07615244
2735.068982637686,7388.852,6.270078,-0.003909334,217096,1671.508141672791,200.06882425784679,6899.3984,5.3706226,3163.3774,2.2132802,7388.852,6.270078,0,,,,,1671.508141672791,0.0005871489,200.06882425784679,0.00065251184,-0.005967513,0.0764012
2735.0759270025596,7396.635,6.271866,-0.0039094104,217097,1671.5093082737967,200.06725480536568,6903.8003,5.3721538,3160.951,2.2137518,7396.635,6.271866,0,,,,,1671.5093082737967,0.0005874527,200.06725480536568,0.0006523557,-0.0053894585,0.07246135
2735.082871367898,7393.806,6.272887,-0.0039094863,217098,1671.5092936503936,200.0673145605812,6902.8115,5.3730288,3160.4912,2.2141154,7393.806,6.272887,0,,,,,1671.5092936503936,0.0005873468,200.0673145605812,0.00065268105,-0.005151143,0.076444365
2735.0898157327706,7392.8813,6.2715907,-0.0039095627,217099,1671.509287537638,200.06765857671687,6901.4937,5.371918,3158.4507,2.2129378,7392.8813,6.2715907,0,,,,,1671.509287537638,0.00058740145,200.06765857671687,0.00065276964,-0.005863444,0.07650107
2735.0967600976433,7388.1426,6.2702723,-0.003909639,217100,1671.5074632389226,200.06788017224602,6898.512,5.3707886,3157.3801,2.2144341,7388.1426,6.2702723,0,,,,,1671.5074632389226,0.0005873415,200.06788017224602,0.0006523655,-0.0060787993,0.077146776
2735.1037044629816,7401.3184,6.27092,-0.003909715,217101,1671.50853254665,200.06781482682783,6910.079,5.3713436,3157.5925,2.2117672,7401.3184,6.27092,0,,,,,1671.50853254665,0.00058665103,200.06781482682783,0.000651892,-0.005468186,0.076408625
2735.11064882832,7398.4375,6.269248,-0.003909791,217102,1671.5087521738405,200.06798228912137,6905.966,5.3699117,3155.2075,2.2113798,7398.4375,6.269248,0,,,,,1671.5087521738405,0.0005868828,200.06798228912137,0.0006519103,-0.004492696,0.0760071
2735.1175931931916,7396.8535,6.2707615,-0.0039098673,217103,1671.5080190759572,200.06927911381956,6905.295,5.371208,3156.3845,2.2119687,7396.8535,6.2707615,0,,,,,1671.5080190759572,0.00058717275,200.06927911381956,0.00065262587,-0.0063549033,0.07674139
2735.1245375585304,7391.5024,6.266772,-0.003909943,217104,1671.5081223748232,200.06789489045366,6900.894,5.3677907,3152.6177,2.2092302,7391.5024,6.266772,0,,,,,1671.5081223748232,0.0005869238,200.06789489045366,0.0006521496,-0.006347201,0.07707058
2735.131481923869,7391.8467,6.267297,-0.003910019,217105,1671.508255365273,200.0683095563463,6900.5933,5.3682404,3151.1829,2.2104752,7391.8467,6.267297,0,,,,,1671.508255365273,0.00058732467,200.0683095563463,0.00065192196,-0.00587823,0.07714352
2735.138426289207,7387.49,6.264487,-0.003910095,217106,1671.5098823044545,200.06796458850408,6897.631,5.3658333,3148.7932,2.2097569,7387.49,6.264487,0,,,,,1671.5098823044545,0.00058699417,200.06796458850408,0.0006525378,-0.00494174,0.07255407
2735.1453706550114,7393.7544,6.2665043,-0.0039101704,217107,1671.5077610409155,200.06832500871928,6901.2715,5.3675613,3150.1968,2.2096274,7393.7544,6.2665043,0,,,,,1671.5077610409155,0.0005873253,200.06832500871928,0.0006519913,-0.006208543,0.07694666
2735.1523150203498,7396.651,6.267554,-0.0039102463,217108,1671.5094758605997,200.06718067934148,6905.661,5.36846,3148.2568,2.2101588,7396.651,6.267554,0,,,,,1671.5094758605997,0.00058664253,200.06718067934148,0.00065159297,-0.00447779,0.07316691
2735.159259385688,7395.0386,6.2719607,-0.003910322,217109,1671.5073266192355,200.06783237733103,6904.1255,5.3722353,3151.4683,2.2120025,7395.0386,6.2719607,0,,,,,1671.5073266192355,0.00058703794,200.06783237733103,0.00065238314,-0.0058447532,0.07709834
2735.166203751491,7391.825,6.264906,-0.0039103976,217110,1671.5077573188905,200.06765860782394,6901.2,5.3661923,3147.1963,2.209095,7391.825,6.264906,0,,,,,1671.5077573188905,0.000586837,200.06765860782394,0.0006518873,-0.0048104054,0.07639378
2735.17314811683,7393.1294,6.2665944,-0.0039104735,217111,1671.5090681807155,200.06761515745256,6902.971,5.3676386,3151.139,2.2101731,7393.1294,6.2665944,0,,,,,1671.5090681807155,0.0005867851,200.06761515745256,0.0006517591,-0.005258582,0.076747976
2735.1800924826343,7387.9805,6.2641335,-0.003910549,217112,1671.5086428717975,200.06731254946155,6898.196,5.3655305,3147.302,2.2082846,7387.9805,6.2641335,0,,,,,1671.5086428717975,0.0005869709,200.06731254946155,0.0006520086,-0.005608938,0.07701395
2735.1870368484374,7398.8516,6.2663827,-0.0039106244,217113,1671.5095458902774,200.0682746503727,6907.955,5.3674574,3146.6956,2.2088897,7398.8516,6.2663827,0,,,,,1671.5095458902774,0.0005864245,200.0682746503727,0.00065124704,-0.005758556,0.07693222
2735.1939812142423,7387.529,6.2644796,-0.0039107,217114,1671.5084007231865,200.06863435793088,6897.958,5.365827,3148.926,2.2093256,7387.529,6.2644796,0,,,,,1671.5084007231865,0.00058676396,200.06863435793088,0.0006520712,-0.006170616,0.07686982
2735.2009255800463,7391.789,6.2640915,-0.0039107753,217115,1671.5095680593126,200.0672215510416,6901.496,5.3654947,3144.0164,2.2083669,7391.789,6.2640915,0,,,,,1671.5095680593126,0.0005865355,200.0672215510416,0.00065165025,-0.0057041245,0.07357741
2735.2078699458502,7404.9746,6.2653375,-0.0039108507,217116,1671.5095803418712,200.06833639389228,6912.863,5.366562,3138.415,2.2064366,7404.9746,6.2653375,0,,,,,1671.5095803418712,0.0005858992,200.06833639389228,0.00065075874,-0.0054130303,0.07274811
2735.214814311654,7393.8643,6.2628922,-0.003910926,217117,1671.5084698298504,200.0674854932988,6901.7466,5.3644676,3143.223,2.2064471,7393.8643,6.2628922,0,,,,,1671.5084698298504,0.000586476,200.0674854932988,0.00065153977,-0.0055089034,0.07713764
2735.221758677458,7391.7197,6.2614903,-0.0039110016,217118,1671.5091748776713,200.06855819769672,6900.4546,5.3632665,3137.9573,2.2077568,7391.7197,6.2614903,0,,,,,1671.5091748776713,0.0005865468,200.06855819769672,0.00065164105,-0.005593923,0.07307986
2735.228703043262,7399.4194,6.2609205,-0.003911077,217119,1671.5088330577012,200.06803998563936,6907.1494,5.3627787,3132.1763,2.20507,7399.4194,6.2609205,0,,,,,1671.5088330577012,0.00058593607,200.06803998563936,0.00065105874,-0.005630853,0.07702632
2735.235647409531,7385.4897,6.256381,-0.003911152,217120,1671.5073523217584,200.0675391216572,6896.5215,5.3588905,3127.535,2.203592,7385.4897,6.256381,0,,,,,1671.5073523217584,0.0005864541,200.0675391216572,0.00065119436,-0.006271783,0.07624914
2735.242591775801,7391.2393,6.254688,-0.003911227,217121,1671.5105600795323,200.06727781689676,6900.66,5.35744,3123.7983,2.2021294,7391.2393,6.254688,0,,,,,1671.5105600795323,0.00058603607,200.06727781689676,0.000650842,-0.0034774386,0.072249316
2735.2495361416054,7395.2236,6.250944,-0.0039113024,217122,1671.5079202612044,200.0668144629488,6902.6426,5.3542337,3112.648,2.1992416,7395.2236,6.250944,0,,,,,1671.5079202612044,0.00058525155,200.0668144629488,0.00064999,-0.00619266,0.07671896
2735.2564805078746,7390.969,6.2496204,-0.0039113774,217123,1671.5088451303359,200.06752916100774,6900.698,5.3531,3110.475,2.1982536,7390.969,6.2496204,0,,,,,1671.5088451303359,0.00058550335,200.06752916100774,0.0006500277,-0.0047041504,0.0731338
2735.2634248741447,7390.561,6.2466865,-0.0039114524,217124,1671.5088280800214,200.06818066703673,6899.1816,5.3505864,3102.0552,2.1961217,7390.561,6.2466865,0,,,,,1671.5088280800214,0.0005850464,200.06818066703673,0.0006503343,-0.00589231,0.073339894
2735.2703692404143,7387.231,6.2422404,-0.0039115273,217125,1671.5086620847317,200.06876297014466,6894.1675,5.3467784,3097.5647,2.1940944,7387.231,6.2422404,0,,,,,1671.5086620847317,0.0005852341,200.06876297014466,0.0006501007,-0.00579733,0.07726704
2735.277313606684,7386.6426,6.2402797,-0.0039116023,217126,1671.510151437688,200.06766916455726,6896.7236,5.345099,3084.628,2.191639,7386.6426,6.2402797,0,,,,,1671.510151437688,0.0005847854,200.06766916455726,0.0006495712,-0.00517951,0.07222844
2735.2842579729527,7390.76,6.2369385,-0.0039116773,217127,1671.5095113603918,200.06693062944066,6900.824,5.342237,3074.4592,2.191012,7390.76,6.2369385,0,,,,,1671.5095113603918,0.00058390363,200.06693062944066,0.00064860313,-0.004604973,0.07258268
2735.2912023392228,7397.0737,6.2320485,-0.0039117523,217128,1671.508555181983,200.0673243071776,6905.7515,5.3380485,3063.0276,2.1841464,7397.0737,6.2320485,0,,,,,1671.508555181983,0.0005827559,200.0673243071776,0.0006475984,-0.0048293313,0.07633738
2735.2981467059576,7398.834,6.23034,-0.0039118268,217129,1671.5096970516772,200.06828214249316,6907.3955,5.3365846,3049.8079,2.1813774,7398.834,6.23034,0,,,,,1671.5096970516772,0.0005829811,200.06828214249316,0.0006475406,-0.0047863494,0.07321964
2735.305091072227,7386.754,6.221463,-0.0039119017,217130,1671.507905007792,200.06736873019577,6896.9404,5.3289814,3038.8188,2.1791105,7386.754,6.221463,0,,,,,1671.507905007792,0.0005828407,200.06736873019577,0.0006472754,-0.006001733,0.07317769
2735.312035438963,7394.3345,6.2194166,-0.0039119762,217131,1671.5105692072182,200.06697748780692,6902.858,5.3272285,3029.2507,2.1757135,7394.3345,6.2194166,0,,,,,1671.5105692072182,0.0005820467,200.06697748780692,0.0006464021,-0.004950089,0.07730102
2735.3189798056987,7398.5557,6.2136397,-0.0039120507,217132,1671.508065308313,200.06747827955945,6904.3135,5.3222804,3014.637,2.1699014,7398.5557,6.2136397,0,,,,,1671.508065308313,0.000581424,200.06747827955945,0.0006460166,-0.005162885,0.07618965
2735.3259241719684,7384.016,6.207315,-0.0039121257,217133,1671.510130445892,200.06713990184423,6894.198,5.316863,3002.6848,2.166977,7384.016,6.207315,0,,,,,1671.510130445892,0.00058165326,200.06713990184423,0.0006462487,-0.004618505,0.07254825
2735.3328685387028,7384.637,6.2057095,-0.0039122,217134,1671.5085359259915,200.0671659570157,6895.619,5.3154874,2994.3171,2.1671958,7384.637,6.2057095,0,,,,,1671.5085359259915,0.0005811071,200.0671659570157,0.0006457863,-0.004794316,0.072669834
2735.3398129054385,7393.86,6.201141,-0.0039122747,217135,1671.5090572644854,200.06811192174243,6903.328,5.311575,2979.9365,2.16114,7393.86,6.201141,0,,,,,1671.5090572644854,0.0005801635,200.06811192174243,0.0006447491,-0.004213495,0.07664588
2735.3467572721734,7390.1587,6.195293,-0.003912349,217136,1671.5092730406463,200.06684411099826,6898.2163,5.3065653,2968.3235,2.15828,7390.1587,6.195293,0,,,,,1671.5092730406463,0.00058006495,200.06684411099826,0.00064437534,-0.0044797002,0.07185348
2735.353701639374,7386.6934,6.192026,-0.0039124233,217137,1671.5096044733896,200.0664987704138,6894.859,5.3037677,2956.4207,2.1557689,7386.6934,6.192026,0,,,,,1671.5096044733896,0.000580105,200.0664987704138,0.0006445438,-0.004654318,0.07530619
2735.36064600611,7386.838,6.1874857,-0.003912498,217138,1671.5086116674386,200.06865651370018,6895.2104,5.2998786,2946.8643,2.1534154,7386.838,6.1874857,0,,,,,1671.5086116674386,0.0005791312,200.06865651370018,0.00064363715,-0.0055384785,0.07739264
2735.367590372846,7393.037,6.183445,-0.0039125723,217139,1671.5091031811767,200.06778911530034,6901.0483,5.296417,2936.6455,2.1489363,7393.037,6.183445,0,,,,,1671.5091031811767,0.0005784767,200.06778911530034,0.00064274203,-0.0054973625,0.076383315
2735.374534740046,7394.2285,6.179925,-0.0039126463,217140,1671.511557171851,200.06741176825133,6902.07,5.293402,2926.3623,2.1462193,7394.2285,6.179925,0,,,,,1671.511557171851,0.0005781611,200.06741176825133,0.00064242684,-0.004137515,0.076341175
2735.381479106781,7387.0747,6.1796055,-0.003912721,217141,1671.509464479144,200.06682414477476,6896.746,5.2931285,2919.899,2.146101,7387.0747,6.1796055,0,,,,,1671.509464479144,0.00057865144,200.06682414477476,0.00064294453,-0.0043577766,0.07249248
2735.3884234739826,7388.9546,6.175573,-0.003912795,217142,1671.509362316597,200.0668407770095,6896.3516,5.2896743,2914.1482,2.1451137,7388.9546,6.175573,0,,,,,1671.509362316597,0.00057802757,200.0668407770095,0.00064219005,-0.0051854365,0.075109616
2735.395367841184,7387.301,6.1712737,-0.003912869,217143,1671.5084764724072,200.06685300766122,6896.2007,5.2859917,2907.1902,2.1427412,7387.301,6.1712737,0,,,,,1671.5084764724072,0.0005773311,200.06685300766122,0.00064192706,-0.006205182,0.0726078
2735.402312208384,7385.1147,6.1666794,-0.003912943,217144,1671.510603558146,200.06648400693317,6894.1924,5.2820563,2899.8403,2.1378367,7385.1147,6.1666794,0,,,,,1671.510603558146,0.0005773613,200.06648400693317,0.0006417477,-0.0032421271,0.07492349
2735.4092565755855,7391.932,6.1674757,-0.003913017,217145,1671.5091606462709,200.06875265529902,6899.714,5.2827387,2898.0073,2.1369634,7391.932,6.1674757,0,,,,,1671.5091606462709,0.0005769993,200.06875265529902,0.00064110965,-0.0051284647,0.077944875
2735.416200942787,7397.8896,6.167183,-0.003913091,217146,1671.5103783489624,200.06598562466638,6903.6685,5.282488,2892.3555,2.1366284,7397.8896,6.167183,0,,,,,1671.5103783489624,0.00057665847,200.06598562466638,0.00064070104,-0.0043484126,0.07587058
2735.423145309987,7387.3936,6.162963,-0.003913165,217147,1671.509400051863,200.06725373981052,6896.9634,5.278873,2885.855,2.1345065,7387.3936,6.162963,0,,,,,1671.509400051863,0.00057691365,200.06725373981052,0.000641203,-0.005213237,0.0722092
2735.430089677188,7388.633,6.1636066,-0.003913239,217148,1671.5089546502686,200.0680338765341,6897.728,5.279424,2887.3022,2.1350343,7388.633,6.1636066,0,,,,,1671.5089546502686,0.00057666854,200.0680338765341,0.00064078084,-0.005392186,0.07324787
2735.4370340448545,7395.795,6.1646748,-0.0039133127,217149,1671.509661104962,200.06713233462634,6903.209,5.2803392,2886.3848,2.1342862,7395.795,6.1646748,0,,,,,1671.509661104962,0.0005764334,200.06713233462634,0.00064051483,-0.0042232014,0.07152211
2735.443978412056,7393.32,6.164027,-0.0039133867,217150,1671.5086039368362,200.0677178945434,6901.392,5.279785,2887.8455,2.1354473,7393.32,6.164027,0,,,,,1671.5086039368362,0.00057660963,200.0677178945434,0.0006407101,-0.004361902,0.07627831
2735.450922779722,7395.9155,6.164001,-0.0039134603,217151,1671.5090562050975,200.06806438225925,6904.0054,5.2797623,2887.8816,2.1336255,7395.9155,6.164001,0,,,,,1671.5090562050975,0.0005764385,200.06806438225925,0.0006401989,-0.005664218,0.07313719
2735.4578671469235,7403.274,6.1676354,-0.0039135343,217152,1671.5096761711713,200.06705948613836,6910.8643,5.2828755,2886.2603,2.1356387,7403.274,6.1676354,0,,,,,1671.5096761711713,0.00057584763,200.06705948613836,0.00063976186,-0.0046237456,0.07166542
2735.4648115145906,7384.912,6.167408,-0.003913608,217153,1671.5088362334986,200.06786497957245,6895.2803,5.2826805,2894.7544,2.1373115,7384.912,6.167408,0,,,,,1671.5088362334986,0.00057730865,200.06786497957245,0.0006416142,-0.004994236,0.07237759
2735.4717558822563,7401.5947,6.1690364,-0.0039136815,217154,1671.5100450295668,200.06732007493162,6907.813,5.2840753,2895.78,2.1362677,7401.5947,6.1690364,0,,,,,1671.5100450295668,0.00057671085,200.06732007493162,0.000640801,-0.0040896996,0.071665384
2735.478700249923,7398.822,6.1747026,-0.003913755,217155,1671.508773778096,200.06826745574384,6906.296,5.288929,2901.8066,2.1403742,7398.822,6.1747026,0,,,,,1671.508773778096,0.00057684816,200.06826745574384,0.0006417789,-0.0056438628,0.07680833
2735.4856446175895,7394.3306,6.1763115,-0.0039138286,217156,1671.510165483142,200.0674994825998,6902.188,5.290307,2906.7288,2.141338,7394.3306,6.1763115,0,,,,,1671.510165483142,0.00057766866,200.0674994825998,0.0006420683,-0.0034295337,0.07151894
2735.492588985256,7396.0347,6.178316,-0.003913902,217157,1671.5095170303384,200.06714943666253,6903.4053,5.292024,2915.594,2.1448467,7396.0347,6.178316,0,,,,,1671.5095170303384,0.00057745713,200.06714943666253,0.0006419812,-0.0046745394,0.07326495
2735.4995333533884,7392.8623,6.178377,-0.0039139753,217158,1671.5090458373638,200.06696588829638,6901.731,5.292076,2922.3206,2.1451797,7392.8623,6.178377,0,,,,,1671.5090458373638,0.0005779828,200.06696588829638,0.00064188446,-0.0056165373,0.07258797
2735.506477721055,7395.3496,6.1805577,-0.003914049,217159,1671.5093477846558,200.0668523284798,6901.808,5.293944,2928.9297,2.1469955,7395.3496,6.1805577,0,,,,,1671.5093477846558,0.00057804195,200.0668523284798,0.00064251636,-0.0045359405,0.07184905
2735.513422089188,7397.96,6.183812,-0.003914122,217160,1671.5095251154323,200.06649037958934,6905.5645,5.2967315,2936.2534,2.1488917,7397.96,6.183812,0,,,,,1671.5095251154323,0.00057808124,200.06649037958934,0.0006424654,-0.004948989,0.07165415
2735.520366456854,7374.0415,6.183023,-0.0039141956,217161,1671.510158521292,200.06621479033348,6885.1426,5.296056,2944.7056,2.1514432,7374.0415,6.183023,0,,,,,1671.510158521292,0.0005799594,200.06621479033348,0.00064473855,-0.0044538607,0.072005935
2735.527310824986,7348.311,6.1816673,-0.0039142687,217162,1671.5102349104925,200.06611252061887,6863.661,5.294894,2957.9539,2.1542056,7348.311,6.1816673,0,,,,,1671.5102349104925,0.00058168615,200.06611252061887,0.00064625393,-0.004314053,0.072210476
2735.5342551931185,7349.895,6.183168,-0.003914342,217163,1671.50985473905,200.0667916220698,6863.7734,5.29618,2961.6255,2.1551452,7349.895,6.183168,0,,,,,1671.50985473905,0.00058177346,200.0667916220698,0.0006464547,-0.0040505677,0.07181946
2735.541199560785,7330.2725,6.1846237,-0.0039144154,217164,1671.509116496803,200.06664141056373,6847.617,5.2974267,2975.8838,2.16084,7330.2725,6.1846237,0,,,,,1671.509116496803,0.00058294914,200.06664141056373,0.0006482113,-0.0043238034,0.07207633
2735.5481439289174,7333.6885,6.1881313,-0.0039144885,217165,1671.5096520219383,200.06630880127554,6851.6797,5.3004313,2978.502,2.1622016,7333.6885,6.1881313,0,,,,,1671.5096520219383,0.0005834656,200.06630880127554,0.00064814126,-0.0041159284,0.07224999
2735.5550882970497,7332.0205,6.1933846,-0.0039145616,217166,1671.5077187753348,200.06495803203327,6850.157,5.304931,2991.1719,2.1656442,7332.0205,6.1933846,0,,,,,1671.5077187753348,0.0005838174,200.06495803203327,0.0006483452,-0.0056140246,0.07292521
2735.5620326656476,7338.901,6.197004,-0.003914634,217167,1671.510109491656,200.06528829508923,6855.3716,5.3080306,2996.4106,2.1691473,7338.901,6.197004,0,,,,,1671.510109491656,0.0005839607,200.06528829508923,0.00064864405,-0.003536328,0.07128865
2735.56897703378,7336.0444,6.1998124,-0.0039147073,217168,1671.5103806590444,200.06485209635528,6853.69,5.3104367,3008.5498,2.169768,7336.0444,6.1998124,0,,,,,1671.5103806590444,0.00058414706,200.06485209635528,0.0006491922,-0.0034043614,0.07053043
2735.575921401912,7335.878,6.204642,-0.0039147804,217169,1671.5086845563917,200.06653325475708,6854.036,5.314573,3020.7397,2.1729772,7335.878,6.204642,0,,,,,1671.5086845563917,0.0005846878,200.06653325475708,0.00064958713,-0.004854063,0.073459335
2735.58286577051,7338.3716,6.2095056,-0.003914853,217170,1671.5106959749803,200.06570186384275,6854.8193,5.318739,3031.1658,2.1766174,7338.3716,6.2095056,0,,,,,1671.5106959749803,0.00058535964,200.06570186384275,0.0006504646,-0.0039420356,0.07186311
2735.5898101386424,7332.0195,6.215434,-0.003914926,217171,1671.5092129144805,200.06640026615685,6850.4136,5.3238173,3039.0703,2.1797786,7332.0195,6.215434,0,,,,,1671.5092129144805,0.0005857661,200.06640026615685,0.00065143115,-0.004876519,0.07195515
2735.5967545072403,7341.611,6.218682,-0.003914999,217172,1671.5079619128276,200.0667207731094,6856.532,5.326599,3049.5881,2.182529,7341.611,6.218682,0,,,,,1671.5079619128276,0.00058607396,200.0667207731094,0.00065128907,-0.0051783887,0.075914554
2735.6036988758383,7333.4214,6.2190194,-0.0039150715,217173,1671.5105288098434,200.06763241027735,6851.8267,5.3268886,3061.0403,2.184305,7333.4214,6.2190194,0,,,,,1671.5105288098434,0.00058625155,200.06763241027735,0.0006516903,-0.0039057077,0.07230239
2735.610643244436,7338.79,6.2234564,-0.003915144,217174,1671.5113567038738,200.0664698348854,6855.2964,5.330689,3072.0925,2.1873653,7338.79,6.2234564,0,,,,,1671.5113567038738,0.000586764,200.0664698348854,0.0006517426,-0.0034864116,0.07148248
2735.6175876130333,7330.3696,6.226579,-0.003915217,217175,1671.5097953551851,200.0662708422539,6848.1333,5.3333635,3078.1702,2.1900616,7330.3696,6.226579,0,,,,,1671.5097953551851,0.00058736926,200.0662708422539,0.00065281754,-0.0046947673,0.07147316
2735.624531981631,7340.1636,6.2286615,-0.0039152894,217176,1671.510379083564,200.0670825098594,6856.2686,5.3351474,3082.647,2.1905456,7340.1636,6.2286615,0,,,,,1671.510379083564,0.00058708864,200.0670825098594,0.0006526164,-0.0038176063,0.072746135
2735.63147635023,7332.8306,6.23059,-0.003915362,217177,1671.5083980727684,200.06715555271026,6849.5884,5.336799,3090.9673,2.193148,7332.8306,6.23059,0,,,,,1671.5083980727684,0.0005878863,200.06715555271026,0.0006528581,-0.0052271155,0.0716599
2735.638420718828,7350.3784,6.234476,-0.0039154347,217178,1671.5080496231456,200.0681224821946,6865.8433,5.3401275,3093.6975,2.193426,7350.3784,6.234476,0,,,,,1671.5080496231456,0.00058701664,200.0681224821946,0.00065209257,-0.0052272533,0.07279756
2735.645365087426,7373.9575,6.2473054,-0.0039155073,217179,1671.5089079617162,200.06650373525505,6887.0796,5.3511167,3096.7844,2.1974773,7373.9575,6.2473054,0,,,,,1671.5089079617162,0.0005859552,200.06650373525505,0.0006516475,-0.0047564595,0.07298226
2735.6523094564895,7381.2007,6.246346,-0.0039155795,217180,1671.5103311897103,200.06660373116642,6892.4673,5.350295,3105.2656,2.197552,7381.2007,6.246346,0,,,,,1671.5103311897103,0.0005856241,200.06660373116642,0.0006503012,-0.003708477,0.07199039
2735.659253825087,7389.5522,6.2500706,-0.003915652,217181,1671.509095382643,200.06619549940442,6899.534,5.353485,3110.2087,2.1982331,7389.5522,6.2500706,0,,,,,1671.509095382643,0.00058552576,200.06619549940442,0.00065040233,-0.0053215064,0.07182992
2735.66619819415,7390.407,6.2525387,-0.0039157243,217182,1671.5092053789485,200.0670310367529,6899.4453,5.355599,3117.5728,2.201591,7390.407,6.2525387,0,,,,,1671.5092053789485,0.0005852123,200.0670310367529,0.0006509103,-0.004485259,0.071875386
2735.6731425632147,7387.2812,6.256349,-0.0039157965,217183,1671.5104730187606,200.06594806395464,6896.5513,5.358863,3122.005,2.2039773,7387.2812,6.256349,0,,,,,1671.5104730187606,0.0005861787,200.06594806395464,0.0006515861,-0.0038540731,0.07140978
2735.6800869322783,7384.855,6.252805,-0.0039158687,217184,1671.5094850793637,200.0671638683768,6895.824,5.3558273,3122.5825,2.2021968,7384.855,6.252805,0,,,,,1671.5094850793637,0.000586096,200.0671638683768,0.0006507211,-0.0047276705,0.07221246
2735.687031301342,7402.63,6.2575674,-0.003915941,217185,1671.5106339830015,200.06639242661865,6911.119,5.3599067,3119.4033,2.201258,7402.63,6.2575674,0,,,,,1671.5106339830015,0.00058511953,200.06639242661865,0.0006501512,-0.0052699787,0.07270947
2735.693975670405,7388.267,6.254972,-0.003916013,217186,1671.5102616500706,200.06642578917825,6899.681,5.3576837,3125.2058,2.202617,7388.267,6.254972,0,,,,,1671.5102616500706,0.0005858068,200.06642578917825,0.00065093936,-0.0041896384,0.071313724
2735.700920039469,7391.3335,6.2558684,-0.003916085,217187,1671.5092857304169,200.06801544693374,6902.001,5.358451,3123.5212,2.2030008,7391.3335,6.2558684,0,,,,,1671.5092857304169,0.00058596523,200.06801544693374,0.0006508585,-0.0055685756,0.07243981
2735.7078644085323,7393.216,6.256371,-0.0039161574,217188,1671.509751218226,200.06682488689458,6902.96,5.358882,3123.7876,2.2025023,7393.216,6.256371,0,,,,,1671.509751218226,0.0005857511,200.06682488689458,0.0006507859,-0.0044241627,0.07166904
2735.7148087775954,7385.766,6.2554646,-0.0039162296,217189,1671.509939961499,200.06589120805066,6896.194,5.358105,3128.7417,2.2027485,7385.766,6.2554646,0,,,,,1671.509939961499,0.0005864197,200.06589120805066,0.00065145147,-0.0047316654,0.07197697
2735.7217531471256,7393.1533,6.2572703,-0.0039163013,217190,1671.51039434545,200.0670600819397,6902.6133,5.359652,3127.8682,2.2034078,7393.1533,6.2572703,0,,,,,1671.51039434545,0.0005858011,200.0670600819397,0.0006510233,-0.0035345661,0.07166995
2735.728697516189,7392.1396,6.257589,-0.0039163735,217191,1671.5089546748213,200.06696204613598,6901.2666,5.3599253,3127.762,2.2035382,7392.1396,6.257589,0,,,,,1671.5089546748213,0.0005861058,200.06696204613598,0.0006510071,-0.0045182286,0.07226904
2735.7356418857185,7392.994,6.261469,-0.003916445,217192,1671.5106137523144,200.0668131777612,6902.751,5.363248,3131.8706,2.2072406,7392.994,6.261469,0,,,,,1671.5106137523144,0.0005860024,200.0668131777612,0.0006515903,-0.0046735373,0.07144839
2735.742586255247,7395.295,6.261879,-0.003916517,217193,1671.5096592291256,200.06803820868856,6904.369,5.3635993,3131.4587,2.2051294,7395.295,6.261879,0,,,,,1671.5096592291256,0.00058608275,200.06803820868856,0.00065146637,-0.004003047,0.073347405
2735.749530624311,7391.629,6.259358,-0.003916589,217194,1671.509705850235,200.06588678344445,6901.942,5.36144,3134.0242,2.2048862,7391.629,6.259358,0,,,,,1671.509705850235,0.0005864499,200.06588678344445,0.0006511511,-0.0039026989,0.071140766
2735.7564749938397,7398.3247,6.2622285,-0.003916661,217195,1671.5094473078277,200.0672419706269,6906.5303,5.363899,3139.7747,2.2062247,7398.3247,6.2622285,0,,,,,1671.5094473078277,0.0005860453,200.0672419706269,0.000651118,-0.0045811203,0.0716389
2735.763419363369,7395.8027,6.26076,-0.0039167325,217196,1671.5111384375145,200.06620822271373,6903.8467,5.362641,3135.4683,2.2044077,7395.8027,6.26076,0,,,,,1671.5111384375145,0.0005869464,200.06620822271373,0.00065125216,-0.0027906483,0.071542345
2735.770363732899,7394.0063,6.264271,-0.003916804,217197,1671.510715182353,200.06640372557007,6902.8047,5.3656483,3140.8594,2.2075555,7394.0063,6.264271,0,,,,,1671.510715182353,0.0005865488,200.06640372557007,0.00065198424,-0.0033204344,0.071145475
2735.777308102894,7397.599,6.2630816,-0.0039168755,217198,1671.5087496324354,200.0670346792607,6907.66,5.3646297,3141.2583,2.2063482,7397.599,6.2630816,0,,,,,1671.5087496324354,0.00058612676,200.0670346792607,0.00065121823,-0.0061051412,0.07204651
2735.7842524724233,7394.289,6.2653875,-0.003916947,217199,1671.509772006763,200.06748680389873,6904.0625,5.366605,3145.8738,2.208769,7394.289,6.2653875,0,,,,,1671.509772006763,0.0005867904,200.06748680389873,0.00065202726,-0.0042870264,0.070743605
2735.7911968419517,7388.7046,6.2630143,-0.003917019,217200,1671.5089717730593,200.06617435928328,6898.798,5.364572,3146.302,2.2087462,7388.7046,6.2630143,0,,,,,1671.5089717730593,0.00058675854,200.06617435928328,0.00065202225,-0.0053869183,0.07243146
2735.798141211947,7393.921,6.2673635,-0.00391709,217201,1671.5100401037025,200.06808928229165,6902.9067,5.368297,3148.1992,2.209707,7393.921,6.2673635,0,,,,,1671.5100401037025,0.0005868976,200.06808928229165,0.0006523765,-0.0038257898,0.07267504
2735.805085581476,7385.232,6.2652874,-0.003917162,217202,1671.509351339737,200.06654062477264,6896.2275,5.366519,3149.1587,2.2105296,7385.232,6.2652874,0,,,,,1671.509351339737,0.0005872089,200.06654062477264,0.00065228576,-0.0045769783,0.072276115
2735.8120299514703,7392.109,6.266232,-0.003917233,217203,1671.5096722729375,200.06627453744878,6899.851,5.3673277,3152.0647,2.2099378,7392.109,6.266232,0,,,,,1671.5096722729375,0.0005873387,200.06627453744878,0.0006520159,-0.0035155641,0.07139881
2735.8189743214666,7390.41,6.269009,-0.0039173043,217204,1671.5103662666093,200.06726296163427,6898.832,5.369707,3157.365,2.213204,7390.41,6.269009,0,,,,,1671.5103662666093,0.0005878271,200.06726296163427,0.0006525794,-0.0039465143,0.0720164
2735.8259186914615,7396.4956,6.2692356,-0.0039173756,217205,1671.5087157231542,200.0676094111771,6905.773,5.369901,3158.0542,2.211927,7396.4956,6.2692356,0,,,,,1671.5087157231542,0.0005868924,200.0676094111771,0.00065204717,-0.003995968,0.07212025
2735.8328630614565,7392.637,6.270471,-0.003917447,217206,1671.5089522492895,200.0673940441542,6903.0635,5.3709593,3159.6843,2.2127154,7392.637,6.270471,0,,,,,1671.5089522492895,0.0005871745,200.0673940441542,0.0006525156,-0.004129323,0.07166555
2735.8398074314505,7396.416,6.272252,-0.003917518,217207,1671.5094945738497,200.06620792532894,6906.3916,5.3724847,3162.1045,2.2131057,7396.416,6.272252,0,,,,,1671.5094945738497,0.0005867773,200.06620792532894,0.0006523982,-0.0049081896,0.071148776
2735.846751801446,7387.3833,6.2769833,-0.0039175893,217208,1671.5113515109867,200.0662949777173,6898.0493,5.376537,3166.7898,2.2164228,7387.3833,6.2769833,0,,,,,1671.5113515109867,0.00058812625,200.0662949777173,0.00065401045,-0.004047175,0.0720608
2735.8536961714403,7400.8345,6.272076,-0.0039176606,217209,1671.510750229414,200.0671378128909,6910.2495,5.372334,3164.755,2.212951,7400.8345,6.272076,0,,,,,1671.510750229414,0.0005869805,200.0671378128909,0.00065191556,-0.0036627862,0.07185182
2735.8606405419005,7383.4946,6.2712436,-0.0039177313,217210,1671.5090780914438,200.06799169024927,6895.7397,5.3716207,3166.8374,2.214763,7383.4946,6.2712436,0,,,,,1671.5090780914438,0.00058800436,200.06799169024927,0.0006527437,-0.005314084,0.07307925
2735.867584911896,7391.9165,6.2742014,-0.0039178026,217211,1671.5088226881962,200.06880652386232,6902.0713,5.374154,3167.9485,2.2159612,7391.9165,6.2742014,0,,,,,1671.5088226881962,0.0005874061,200.06880652386232,0.00065284193,-0.0051817778,0.07213019
2735.8745292823564,7386.0327,6.272217,-0.0039178734,217212,1671.5096808342682,200.06680879383472,6897.486,5.372454,3170.194,2.215237,7386.0327,6.272217,0,,,,,1671.5096808342682,0.0005880178,200.06680879383472,0.0006530956,-0.0045727664,0.07195031
2735.881473652352,7386.434,6.2746058,-0.0039179446,217213,1671.5096084130641,200.06706516490462,6897.136,5.3745008,3173.781,2.2166462,7386.434,6.2746058,0,,,,,1671.5096084130641,0.000588487,200.06706516490462,0.0006532714,-0.003931438,0.07157969
2735.888418022812,7390.281,6.2750797,-0.0039180154,217214,1671.5095834686592,200.06650514078058,6900.9717,5.374907,3175.1748,2.2162519,7390.281,6.2750797,0,,,,,1671.5095834686592,0.00058801245,200.06650514078058,0.00065308687,-0.004244739,0.07086326
2735.895362393273,7389.401,6.2742662,-0.003918086,217215,1671.509570190265,200.06657396540828,6900.375,5.37421,3175.3037,2.2165816,7389.401,6.2742662,0,,,,,1671.509570190265,0.00058788894,200.06657396540828,0.00065299973,-0.0041444628,0.07130287
2735.902306763733,7382.214,6.2770815,-0.003918157,217216,1671.5089888526823,200.0673584018806,6893.2544,5.3766212,3184.6704,2.2190034,7382.214,6.2770815,0,,,,,1671.5089888526823,0.0005883883,200.0673584018806,0.0006538778,-0.0050126,0.0738684
2735.9092511341933,7399.4004,6.2815,-0.0039182277,217217,1671.5096393145611,200.0672425162648,6907.7314,5.380406,3180.6033,2.2187467,7399.4004,6.2815,0,,,,,1671.5096393145611,0.0005876468,200.0672425162648,0.00065364304,-0.0042775352,0.0721228
2735.9161955046543,7396.454,6.277758,-0.0039182985,217218,1671.5099426356564,200.06815427651907,6905.3066,5.377201,3178.0012,2.2174675,7396.454,6.277758,0,,,,,1671.5099426356564,0.0005877233,200.06815427651907,0.00065321603,-0.004056638,0.07157477
2735.923139875114,7392.665,6.2767296,-0.0039183693,217219,1671.5100818062172,200.06582035095258,6902.586,5.37632,3178.8347,2.2178757,7392.665,6.2767296,0,,,,,1671.5100818062172,0.0005880132,200.06582035095258,0.0006531209,-0.003271545,0.07104966
2735.9300842460407,7400.978,6.278262,-0.0039184396,217220,1671.508584125874,200.06715558515626,6909.9253,5.3776326,3176.2153,2.2168539,7400.978,6.278262,0,,,,,1671.508584125874,0.00058738585,200.06715558515626,0.00065244996,-0.0048149424,0.07230179
2735.9370286165017,7383.389,6.2763863,-0.0039185104,217221,1671.5093268651683,200.0663319309856,6894.095,5.3760257,3176.677,2.2204456,7383.389,6.2763863,0,,,,,1671.5093268651683,0.00058848073,200.0663319309856,0.0006537001,-0.004381152,0.070896596
2735.943972987428,7385.037,6.2757664,-0.0039185807,217222,1671.509279684401,200.06665611516962,6895.613,5.3754945,3178.2542,2.2193682,7385.037,6.2757664,0,,,,,1671.509279684401,0.00058844197,200.06665611516962,0.00065337465,-0.0037327837,0.072313234
2735.9509173578886,7393.6133,6.2735767,-0.0039186515,217223,1671.509458910238,200.06645747421464,6902.3604,5.3736196,3172.1245,2.2154455,7393.6133,6.2735767,0,,,,,1671.509458910238,0.0005874946,200.06645747421464,0.0006527704,-0.0039952546,0.071458615
2735.9578617288144,7382.899,6.2747793,-0.003918722,217224,1671.5095364381432,200.06677491606425,6894.095,5.3746495,3176.7466,2.2172506,7382.899,6.2747793,0,,,,,1671.5095364381432,0.0005884834,200.06677491606425,0.00065361237,-0.004315923,0.07150145
2735.964806099741,7390.106,6.27406,-0.003918792,217225,1671.509772636603,200.0665656295267,6900.8066,5.374033,3171.844,2.2161345,7390.106,6.27406,0,,,,,1671.509772636603,0.0005874644,200.0665656295267,0.0006530551,-0.0042307284,0.071748875
2735.9717504706664,7391.395,6.274795,-0.0039188624,217226,1671.509712508369,200.0667457688465,6901.376,5.374663,3171.5244,2.2161012,7391.395,6.274795,0,,,,,1671.509712508369,0.0005878048,200.0667457688465,0.0006532195,-0.004238572,0.0723302
2735.978694841593,7401.531,6.2747555,-0.0039189328,217227,1671.5100450406935,200.0666760091981,6909.665,5.374629,3167.9106,2.2147405,7401.531,6.2747555,0,,,,,1671.5100450406935,0.0005869168,200.0666760091981,0.00065230526,-0.0041167825,0.07180469
2735.98563921252,7391.451,6.2742023,-0.003919003,217228,1671.5087127154293,200.0681212083233,6902.043,5.374155,3169.6675,2.215612,7391.451,6.2742023,0,,,,,1671.5087127154293,0.00058767764,200.0681212083233,0.00065303856,-0.0062251273,0.0744261
2735.992583583446,7394.136,6.273074,-0.0039190734,217229,1671.5101936765582,200.06619524085434,6904.1465,5.373189,3166.7185,2.2146149,7394.136,6.273074,0,,,,,1671.5101936765582,0.0005871622,200.06619524085434,0.0006527024,-0.0045842635,0.070882745
2735.9995279548375,7392.475,6.2716875,-0.003919143,217230,1671.5097520506743,200.0666457895406,6902.0723,5.372001,3164.4485,2.213535,7392.475,6.2716875,0,,,,,1671.5097520506743,0.00058738305,200.0666457895406,0.0006524974,-0.004740925,0.0726981
2736.0064723257633,7394.045,6.2696013,-0.0039192135,217231,1671.5099986319574,200.06556388167502,6902.499,5.370214,3158.1956,2.2114153,7394.045,6.2696013,0,,,,,1671.5099986319574,0.00058745925,200.06556388167502,0.0006524315,-0.0036637776,0.07118036
2736.0134166966905,7393.164,6.2703943,-0.003919284,217232,1671.5095164489544,200.06674573030176,6903.49,5.3708935,3161.7673,2.2122273,7393.164,6.2703943,0,,,,,1671.5095164489544,0.00058731996,200.06674573030176,0.0006520073,-0.0042069475,0.072452955
2736.0203610680815,7384.4854,6.2682786,-0.0039193537,217233,1671.5090058436651,200.0669128102262,6894.4243,5.3690815,3161.5894,2.2123826,7384.4854,6.2682786,0,,,,,1671.5090058436651,0.0005876636,200.0669128102262,0.00065277837,-0.005322001,0.073080584
2736.027305439474,7384.5522,6.268464,-0.0039194236,217234,1671.5101170717417,200.0660013636698,6894.818,5.3692403,3158.2957,2.2128258,7384.5522,6.268464,0,,,,,1671.5101170717417,0.00058766006,200.0660013636698,0.00065276184,-0.0048739417,0.07168469
2736.034249810866,7387.1733,6.266065,-0.0039194934,217235,1671.5091346746642,200.06697081001883,6897.1597,5.367185,3156.1936,2.210819,7387.1733,6.266065,0,,,,,1671.5091346746642,0.0005875256,200.06697081001883,0.0006526136,-0.0049214447,0.07258911
2736.0411941817924,7390.5356,6.2670217,-0.0039195637,217236,1671.5096433122346,200.06606351747226,6901.4834,5.3680043,3154.1353,2.2106638,7390.5356,6.2670217,0,,,,,1671.5096433122346,0.00058718765,200.06606351747226,0.0006521543,-0.004267082,0.07196327
2736.048138553184,7412.2983,6.270395,-0.0039196336,217237,1671.5107995808507,200.06760832200845,6919.9062,5.370894,3152.4263,2.2109244,7412.2983,6.270395,0,,,,,1671.5107995808507,0.0005858308,200.06760832200845,0.0006509098,-0.0028709627,0.07119683
2736.0550829245753,7393.6978,6.2674975,-0.0039197034,217238,1671.5089963862242,200.0685391081798,6904.1665,5.3684125,3152.1604,2.2096972,7393.6978,6.2674975,0,,,,,1671.5089963862242,0.0005869375,200.0685391081798,0.0006520081,-0.0050973967,0.0725194
2736.062027296433,7394.0415,6.2678127,-0.003919773,217239,1671.508248204244,200.06777804564098,6903.5146,5.368682,3153.1636,2.211789,7394.0415,6.2678127,0,,,,,1671.508248204244,0.0005871293,200.06777804564098,0.0006517372,-0.0053356765,0.07367526
2736.068971667825,7393.7773,6.266566,-0.0039198427,217240,1671.509172000513,200.06712320803982,6903.578,5.367614,3148.5493,2.2115433,7393.7773,6.266566,0,,,,,1671.509172000513,0.000586639,200.06712320803982,0.0006515853,-0.0052507003,0.07199853
2736.075916039217,7401.0337,6.267468,-0.0039199125,217241,1671.5119807487097,200.0669798084674,6907.1167,5.3683867,3150.425,2.2103586,7401.0337,6.267468,0,,,,,1671.5119807487097,0.00058656966,200.0669798084674,0.00065189035,-0.003235607,0.07186687
2736.082860411075,7397.444,6.2655563,-0.003919982,217242,1671.5087933578184,200.06702114565735,6905.5835,5.3667493,3149.8674,2.2081132,7397.444,6.2655563,0,,,,,1671.5087933578184,0.00058706704,200.06702114565735,0.00065165106,-0.0039827665,0.07214975
2736.089804782467,7410.8896,6.2700095,-0.0039200517,217243,1671.5092897653342,200.06741430017536,6918.0225,5.370564,3149.8535,2.2103043,7410.8896,6.2700095,0,,,,,1671.5092897653342,0.00058611797,200.06741430017536,0.0006507643,-0.0039664065,0.07209454
2736.0967491543242,7399.9834,6.2741237,-0.003920121,217244,1671.5087271365733,200.06666542342842,6908.9614,5.374088,3149.9773,2.2128792,7399.9834,6.2741237,0,,,,,1671.5087271365733,0.0005867773,200.06666542342842,0.0006527926,-0.0043170247,0.07250068
2736.1036935261814,7390.823,6.267412,-0.0039201905,217245,1671.5093750296787,200.06716237964085,6901.2563,5.368339,3152.7625,2.2123022,7390.823,6.267412,0,,,,,1671.5093750296787,0.00058679987,200.06716237964085,0.0006523366,-0.004737685,0.07254036
2736.1106378975733,7386.1846,6.26786,-0.0039202604,217246,1671.5098915036747,200.06741046130037,6897.5854,5.368723,3154.659,2.2107947,7386.1846,6.26786,0,,,,,1671.5098915036747,0.00058757665,200.06741046130037,0.0006527872,-0.0043396396,0.07231878
2736.117582269431,7387.008,6.266473,-0.0039203297,217247,1671.510728002109,200.0660615988592,6896.8823,5.367534,3154.8606,2.2115824,7387.008,6.266473,0,,,,,1671.510728002109,0.00058730587,200.0660615988592,0.00065265346,-0.003196579,0.06993944
2736.1245266412884,7384.9946,6.2683783,-0.003920399,217248,1671.509463922901,200.06848093857138,6895.875,5.369167,3157.4353,2.2117512,7384.9946,6.2683783,0,,,,,1671.509463922901,0.0005877201,200.06848093857138,0.00065275235,-0.00505636,0.07452231
2736.1314710136126,7389.067,6.2710047,-0.003920468,217249,1671.508711793803,200.065072883947,6900.0913,5.3714166,3162.8462,2.215114,7389.067,6.2710047,0,,,,,1671.508711793803,0.0005872684,200.065072883947,0.0006526431,-0.0045088823,0.07149795
2736.13841538547,7388.4385,6.2707567,-0.0039205374,217250,1671.509791985797,200.0671017370217,6898.8203,5.371204,3162.9707,2.212647,7388.4385,6.2707567,0,,,,,1671.509791985797,0.000587778,200.0671017370217,0.0006527278,-0.0041761794,0.07205441
2736.1453597573272,7402.209,6.2738166,-0.003920607,217251,1671.5079390957264,200.06604407351452,6911.311,5.373825,3167.457,2.2134006,7402.209,6.2738166,0,,,,,1671.5079390957264,0.000587011,200.06604407351452,0.00065186975,-0.0057069254,0.07137107
2736.15230412965,7396.087,6.2745996,-0.0039206757,217252,1671.509112332921,200.06705307860446,6905.28,5.3744955,3170.4863,2.2166023,7396.087,6.2745996,0,,,,,1671.509112332921,0.0005874957,200.06705307860446,0.00065248477,-0.004472255,0.072894424
2736.1592485015076,7386.5825,6.2784815,-0.003920745,217253,1671.5107596818889,200.06621446624695,6897.3896,5.3778205,3177.4285,2.2208345,7386.5825,6.2784815,0,,,,,1671.5107596818889,0.0005880211,200.06621446624695,0.00065365474,-0.002937561,0.071902774
2736.166192873831,7397.9595,6.277679,-0.003920814,217254,1671.509664455155,200.06785678688306,6907.4756,5.377133,3178.3218,2.2173514,7397.9595,6.277679,0,,,,,1671.509664455155,0.0005876003,200.06785678688306,0.0006526496,-0.0044233184,0.07213193
2736.1731372456875,7395.97,6.2799134,-0.0039208834,217255,1671.5092828583722,200.06767597905906,6905.8613,5.379047,3181.4116,2.2187662,7395.97,6.2799134,0,,,,,1671.5092828583722,0.0005881925,200.06767597905906,0.00065305707,-0.0055254214,0.07252939
2736.180081618011,7381.573,6.274918,-0.0039209523,217256,1671.5083039265326,200.06668750412894,6892.3438,5.3747683,3183.637,2.2178414,7381.573,6.274918,0,,,,,1671.5083039265326,0.0005884694,200.06668750412894,0.0006538946,-0.0055029523,0.07165863
2736.1870259903358,7382.154,6.2791023,-0.0039210212,217257,1671.5086524105825,200.06648532350118,6893.392,5.378352,3189.749,2.2204356,7382.154,6.2791023,0,,,,,1671.5086524105825,0.00058900844,200.06648532350118,0.0006540404,-0.004978468,0.072684065
2736.1939703626585,7393.826,6.281421,-0.00392109,217258,1671.5098539308967,200.06863842189006,6903.4707,5.380338,3186.4128,2.2202022,7393.826,6.281421,0,,,,,1671.5098539308967,0.0005884412,200.06863842189006,0.00065362896,-0.0040956405,0.07288751
2736.2009147349813,7390.846,6.278935,-0.003921159,217259,1671.5105131502837,200.06697055102003,6900.432,5.3782086,3183.6785,2.2193897,7390.846,6.278935,0,,,,,1671.5105131502837,0.0005881663,200.06697055102003,0.0006536806,-0.0028357604,0.07024772
2736.2078591073046,7395.729,6.279284,-0.003921228,217260,1671.5092950579924,200.0674558794533,6904.414,5.378508,3186.651,2.2195644,7395.729,6.279284,0,,,,,1671.5092950579924,0.00058817706,200.0674558794533,0.0006532427,-0.004767268,0.072654866
2736.214803479628,7401.224,6.278522,-0.003921297,217261,1671.5098099576583,200.06710250449078,6909.728,5.3778553,3177.2441,2.2176945,7401.224,6.278522,0,,,,,1671.5098099576583,0.00058742624,200.06710250449078,0.00065279036,-0.0052606342,0.073169604
2736.221747852416,7392.388,6.2773514,-0.0039213654,217262,1671.5105080717008,200.06635126282237,6902.7734,5.3768525,3179.9414,2.217946,7392.388,6.2773514,0,,,,,1671.5105080717008,0.000587706,200.06635126282237,0.0006531479,-0.004068952,0.07307352
2736.2286922247395,7387.4517,6.2754483,-0.0039214343,217263,1671.5080533877053,200.06778091131753,6898.102,5.375222,3178.9636,2.218135,7387.4517,6.2754483,0,,,,,1671.5080533877053,0.0005881329,200.06778091131753,0.0006530064,-0.0054970905,0.07332927
2736.235636597529,7403.39,6.276395,-0.0039215027,217264,1671.50902866402,200.06692229697154,6912.5063,5.3760333,3171.3657,2.2144952,7403.39,6.276395,0,,,,,1671.50902866402,0.00058699126,200.06692229697154,0.0006523292,-0.0042634853,0.071336985
2736.242580970317,7396.0703,6.2717795,-0.003921571,217265,1671.5088802297826,200.0682502940181,6904.5312,5.37208,3166.9539,2.2133284,7396.0703,6.2717795,0,,,,,1671.5088802297826,0.0005869875,200.0682502940181,0.00065233523,-0.004747665,0.07424882
2736.249525342641,7393.3438,6.2723646,-0.00392164,217266,1671.5107152180494,200.0662964921161,6900.683,5.372581,3165.4033,2.2145607,7393.3438,6.2723646,0,,,,,1671.5107152180494,0.0005878138,200.0662964921161,0.0006528465,-0.0026363814,0.07284895
2736.25646971543,7402.564,6.2678313,-0.0039217086,217267,1671.508477784088,200.0667904339321,6909.9165,5.368698,3149.6548,2.2096393,7402.564,6.2678313,0,,,,,1671.508477784088,0.00058639114,200.0667904339321,0.0006512279,-0.005313567,0.07224301
2736.2634140882187,7390.1606,6.2661786,-0.003921777,217268,1671.510616392197,200.06615178518345,6898.8955,5.367282,3145.6047,2.2105947,7390.1606,6.2661786,0,,,,,1671.510616392197,0.00058751146,200.06615178518345,0.0006520422,-0.0042161606,0.072398126
2736.2703584610067,7386.1636,6.2604837,-0.0039218455,217269,1671.508437457913,200.06757866820112,6897.068,5.3624043,3137.8982,2.206471,7386.1636,6.2604837,0,,,,,1671.508437457913,0.0005867505,200.06757866820112,0.0006513438,-0.0047870073,0.072033495
2736.277302833796,7395.919,6.261445,-0.003921914,217270,1671.5096250912316,200.06892969171977,6905.069,5.363228,3126.4382,2.2050648,7395.919,6.261445,0,,,,,1671.5096250912316,0.0005855623,200.06892969171977,0.0006515381,-0.0047274246,0.073529646
2736.2842472065854,7388.499,6.249939,-0.0039219824,217271,1671.5096949428698,200.0664856766508,6898.228,5.3533726,3113.555,2.1988063,7388.499,6.249939,0,,,,,1671.5096949428698,0.00058554957,200.0664856766508,0.0006504914,-0.0040892866,0.07213501
2736.291191579839,7396.7876,6.2479143,-0.0039220504,217272,1671.5093370392176,200.06672079445664,6906.055,5.351638,3101.1033,2.195191,7396.7876,6.2479143,0,,,,,1671.5093370392176,0.000584891,200.06672079445664,0.00064973306,-0.0038736311,0.07222103
2736.2981359526284,7397.9224,6.241941,-0.003922119,217273,1671.5088706962258,200.06769434479455,6906.764,5.346522,3087.2961,2.1918697,7397.9224,6.241941,0,,,,,1671.5088706962258,0.0005839513,200.06769434479455,0.00064898207,-0.005347752,0.07199225
2736.3050803258834,7408.4146,6.2400866,-0.003922187,217274,1671.508486912664,200.06862985904758,6915.31,5.3449335,3072.6616,2.1881976,7408.4146,6.2400866,0,,,,,1671.508486912664,0.00058315694,200.06862985904758,0.00064769894,-0.004298734,0.07388416
2736.312024698672,7396.8086,6.232366,-0.0039222552,217275,1671.5088282499853,200.06733557785293,6906.1475,5.3383203,3062.7314,2.1850195,7396.8086,6.232366,0,,,,,1671.5088282499853,0.0005831345,200.06733557785293,0.000647777,-0.0046642646,0.07260789
2736.318969071926,7389.3696,6.227933,-0.003922323,217276,1671.5098260400532,200.06752227348005,6898.5273,5.334523,3054.0342,2.183651,7389.3696,6.227933,0,,,,,1671.5098260400532,0.0005831594,200.06752227348005,0.00064824824,-0.004367689,0.07321608
2736.325913445181,7395.1846,6.22219,-0.003922391,217277,1671.5096450825374,200.0669320037031,6905.0254,5.329604,3037.0493,2.176398,7395.1846,6.22219,0,,,,,1671.5096450825374,0.00058216404,200.0669320037031,0.0006466809,-0.0044754,0.071735404
2736.332857818435,7407.6777,6.2204666,-0.003922459,217278,1671.5088056164202,200.06743836945253,6913.6914,5.3281283,3026.183,2.1744506,7407.6777,6.2204666,0,,,,,1671.5088056164202,0.0005811982,200.06743836945253,0.00064595434,-0.004905976,0.07322322
2736.339802191689,7404.824,6.2156177,-0.003922527,217279,1671.5092507236018,200.06806341743493,6910.3315,5.323975,3016.2249,2.17174,7404.824,6.2156177,0,,,,,1671.5092507236018,0.00058117555,200.06806341743493,0.0006456502,-0.005167007,0.07391148
2736.3467465649446,7391.149,6.210004,-0.003922595,217280,1671.5104528404709,200.06689226374277,6900.807,5.319166,3006.2795,2.168726,7391.149,6.210004,0,,,,,1671.5104528404709,0.0005811767,200.06689226374277,0.000645954,-0.004956396,0.07300158
2736.3536909381996,7385.877,6.2067957,-0.003922663,217281,1671.510083849965,200.06719475710824,6896.4883,5.316418,2993.7903,2.166855,7385.877,6.2067957,0,,,,,1671.510083849965,0.0005810089,200.06719475710824,0.0006457467,-0.0031420148,0.07233788
2736.3606353114533,7394.8647,6.2016745,-0.003922731,217282,1671.5087406812327,200.0673522476377,6903.7173,5.3120313,2981.3362,2.161811,7394.8647,6.2016745,0,,,,,1671.5087406812327,0.0005802629,200.0673522476377,0.00064431806,-0.00531417,0.07270131
2736.367579684708,7400.114,6.1983657,-0.003922799,217283,1671.508253933162,200.0680451284112,6906.6606,5.3091974,2969.8809,2.1588058,7400.114,6.1983657,0,,,,,1671.508253933162,0.00057999924,200.0680451284112,0.00064416777,-0.0055765724,0.07379036
2736.374524058428,7404.4014,6.200247,-0.0039228667,217284,1671.50968662905,200.06802474756793,6910.16,5.3108087,2960.1226,2.1575298,7404.4014,6.200247,0,,,,,1671.50968662905,0.00057949626,200.06802474756793,0.0006441884,-0.004608399,0.07312903
2736.3814684316826,7388.178,6.1882963,-0.0039229346,217285,1671.508286138556,200.06734686280018,6898.4497,5.3005724,2947.1628,2.1524906,7388.178,6.1882963,0,,,,,1671.508286138556,0.00057936274,200.06734686280018,0.00064333424,-0.00542882,0.07332549
2736.3884128054024,7394.855,6.1848807,-0.003923002,217286,1671.5100767364704,200.06747969605885,6903.6064,5.297647,2937.0435,2.1505902,7394.855,6.1848807,0,,,,,1671.5100767364704,0.000578369,200.06747969605885,0.000642655,-0.00515475,0.07313429
2736.3953571791235,7398.5386,6.1841063,-0.0039230697,217287,1671.509543563075,200.06786226056767,6906.7246,5.2969832,2931.4695,2.1475284,7398.5386,6.1841063,0,,,,,1671.509543563075,0.0005784316,200.06786226056767,0.0006423581,-0.0051035006,0.07355796
2736.4023015523785,7394.1113,6.1782126,-0.0039231377,217288,1671.5127001883802,200.06581341946082,6901.8315,5.2919354,2924.796,2.1456115,7394.1113,6.1782126,0,,,,,1671.5127001883802,0.00057823217,200.06581341946082,0.0006420587,-0.002031158,0.07041534
2736.409245926098,7398.0576,6.178381,-0.003923205,217289,1671.5091603036324,200.06873412183086,6905.268,5.2920794,2921.49,2.1448405,7398.0576,6.178381,0,,,,,1671.5091603036324,0.0005777442,200.06873412183086,0.0006418246,-0.0057207095,0.074135154
2736.416190299818,7398.491,6.179279,-0.0039232727,217290,1671.5095053908033,200.06874457050174,6905.3154,5.2928486,2916.51,2.1445754,7398.491,6.179279,0,,,,,1671.5095053908033,0.0005778917,200.06874457050174,0.000641962,-0.0044372166,0.074133016
2736.423134674004,7396.031,6.17429,-0.00392334,217291,1671.5093167198406,200.06803419370317,6901.913,5.2885756,2912.4998,2.1422212,7396.031,6.17429,0,,,,,1671.5093167198406,0.0005777821,200.06803419370317,0.0006417365,-0.0048846193,0.07299598
2736.4300790477237,7390.8257,6.1743956,-0.0039234073,217292,1671.5092941950545,200.06655796350157,6898.3716,5.288666,2913.618,2.1433625,7390.8257,6.1743956,0,,,,,1671.5092941950545,0.0005778001,200.06655796350157,0.00064211385,-0.0054586534,0.07294334
2736.4370234214434,7398.523,6.1786923,-0.003923475,217293,1671.5088961205988,200.06702051661554,6906.6235,5.292346,2912.042,2.1430428,7398.523,6.1786923,0,,,,,1671.5088961205988,0.0005774717,200.06702051661554,0.0006418679,-0.004015951,0.07289696
2736.4439677951646,7398.75,6.17561,-0.0039235423,217294,1671.509750197562,200.06722499003448,6904.387,5.289706,2910.408,2.142552,7398.75,6.17561,0,,,,,1671.509750197562,0.0005777246,200.06722499003448,0.0006416965,-0.004609627,0.07367098
2736.4509121693504,7387.58,6.1756024,-0.0039236094,217295,1671.5092154356425,200.06724981753612,6896.408,5.2896996,2918.3245,2.1441555,7387.58,6.1756024,0,,,,,1671.5092154356425,0.0005781537,200.06724981753612,0.00064201414,-0.005235122,0.07401402
2736.4578565430706,7394.942,6.1783757,-0.003923677,217296,1671.509037487767,200.0686147036089,6903.3994,5.2920747,2917.401,2.146485,7394.942,6.1783757,0,,,,,1671.509037487767,0.00057781406,200.0686147036089,0.0006416489,-0.0049889227,0.073498845
2736.4648009172565,7396.796,6.177785,-0.003923744,217297,1671.508607215744,200.06743636771395,6904.5063,5.2915688,2920.6084,2.1438828,7396.796,6.177785,0,,,,,1671.508607215744,0.0005775929,200.06743636771395,0.0006420255,-0.0051066363,0.073263794
2736.4717452914424,7392.387,6.1822777,-0.003923811,217298,1671.509494490604,200.06769470915404,6901.547,5.2954173,2928.696,2.1477618,7392.387,6.1822777,0,,,,,1671.509494490604,0.00057806575,200.06769470915404,0.0006426313,-0.004907315,0.07378669
2736.478689665628,7397.9536,6.1815205,-0.003923878,217299,1671.510568227427,200.06777949888118,6904.4526,5.2947683,2929.2004,2.1466715,7397.9536,6.1815205,0,,,,,1671.510568227427,0.0005780021,200.06777949888118,0.0006424877,-0.0040299585,0.07300402
2736.4856340398132,7386.9136,6.181893,-0.003923945,217300,1671.509819010706,200.06715238140896,6895.8345,5.2950873,2935.2146,2.1493454,7386.9136,6.181893,0,,,,,1671.509819010706,0.0005789249,200.06715238140896,0.0006429962,-0.004189869,0.071851544
2736.492578413999,7399.98,6.188237,-0.003924012,217301,1671.5087384031601,200.06667620870698,6906.518,5.3005223,2945.7808,2.1514356,7399.98,6.188237,0,,,,,1671.5087384031601,0.0005785869,200.06667620870698,0.0006428926,-0.0044065053,0.07296849
2736.499522788186,7396.257,6.1893163,-0.0039240792,217302,1671.5092541970496,200.06906834487918,6902.7246,5.3014464,2952.2363,2.154348,7396.257,6.1893163,0,,,,,1671.5092541970496,0.0005791924,200.06906834487918,0.0006435879,-0.0058482653,0.074957624
2736.506467162372,7396.866,6.1969132,-0.0039241463,217303,1671.5082420824835,200.06743920867302,6903.4224,5.3079534,2960.2,2.1565146,7396.866,6.1969132,0,,,,,1671.5082420824835,0.00057903136,200.06743920867302,0.00064433,-0.006574597,0.074383624
2736.5134115365577,7393.159,6.195179,-0.0039242133,217304,1671.5107609494078,200.06698309486956,6899.9307,5.306468,2969.8787,2.1577783,7393.159,6.195179,0,,,,,1671.5107609494078,0.0005796693,200.06698309486956,0.0006441774,-0.0036907168,0.07313376
2736.520355911209,7406.23,6.201494,-0.00392428,217305,1671.5100092253606,200.0663376334347,6912.662,5.311877,2972.3599,2.1597035,7406.23,6.201494,0,,,,,1671.5100092253606,0.0005799843,200.0663376334347,0.0006433765,-0.00468116,0.07345391
2736.5273002853946,7392.6465,6.2020364,-0.003924347,217306,1671.5097640012611,200.06736231049757,6898.0103,5.3123417,2986.534,2.1635573,7392.6465,6.2020364,0,,,,,1671.5097640012611,0.0005809934,200.06736231049757,0.0006451662,-0.004716929,0.07255962
2736.5342446600457,7406.2354,6.2076683,-0.0039244136,217307,1671.5103282607054,200.06755140664885,6912.6973,5.3171654,2991.1794,2.1647544,7406.2354,6.2076683,0,,,,,1671.5103282607054,0.00058054476,200.06755140664885,0.0006443364,-0.003512792,0.07365462
2736.5411890346973,7393.997,6.208024,-0.00392448,217308,1671.5091914360557,200.0674714459117,6902.2915,5.31747,3001.6794,2.167136,7393.997,6.208024,0,,,,,1671.5091914360557,0.0005807208,200.0674714459117,0.0006456225,-0.005620128,0.07253334
2736.548133408883,7393.043,6.2132044,-0.003924547,217309,1671.5087922285118,200.06766263709048,6898.5063,5.3219075,3014.685,2.1725037,7393.043,6.2132044,0,,,,,1671.5087922285118,0.00058178924,200.06766263709048,0.00064597407,-0.004756516,0.0738823
2736.5550777835338,7393.075,6.217564,-0.003924614,217310,1671.5096379366846,200.06677372458813,6901.285,5.3256416,3025.0923,2.174295,7393.075,6.217564,0,,,,,1671.5096379366846,0.0005816681,200.06677372458813,0.00064670085,-0.005000835,0.071771674
2736.562022158186,7394.3384,6.2233553,-0.0039246804,217311,1671.5104741115797,200.06788005617776,6901.3916,5.330602,3038.8772,2.1800492,7394.3384,6.2233553,0,,,,,1671.5104741115797,0.00058259687,200.06788005617776,0.0006470569,-0.0034290138,0.07371435
2736.5689665328387,7396.327,6.2272077,-0.003924747,217312,1671.5083900137404,200.06750654247364,6903.369,5.3339024,3047.526,2.1810043,7396.327,6.2272077,0,,,,,1671.5083900137404,0.00058303506,200.06750654247364,0.00064740214,-0.005241608,0.07458456
2736.5759109074897,7394.246,6.230794,-0.0039248136,217313,1671.5090449428624,200.06716966085366,6902.555,5.3369737,3059.096,2.1835065,7394.246,6.230794,0,,,,,1671.5090449428624,0.0005829268,200.06716966085366,0.0006481227,-0.005081715,0.07304163
2736.5828552826065,7389.1426,6.2345433,-0.0039248797,217314,1671.5099633417342,200.06670659265046,6896.2266,5.340185,3072.504,2.18787,7389.1426,6.2345433,0,,,,,1671.5099633417342,0.0005839111,200.06670659265046,0.0006490531,-0.005125901,0.07286617
2736.589799657258,7396.343,6.24197,-0.0039249463,217315,1671.508852960009,200.06720785923588,6903.037,5.3465466,3084.4863,2.1910243,7396.343,6.24197,0,,,,,1671.508852960009,0.00058435416,200.06720785923588,0.00064942904,-0.0052840537,0.07371906
2736.5967440319096,7394.085,6.2470665,-0.003925013,217316,1671.5087368491281,200.06777447926515,6901.164,5.350912,3094.92,2.1936235,7394.085,6.2470665,0,,,,,1671.5087368491281,0.0005852331,200.06777447926515,0.0006503152,-0.0061390996,0.074119546
2736.603688407026,7394.238,6.2497926,-0.003925079,217317,1671.5092115343195,200.06687450104002,6900.9214,5.353247,3106.1924,2.1977053,7394.238,6.2497926,0,,,,,1671.5092115343195,0.0005856628,200.06687450104002,0.0006500832,-0.0050159367,0.074026875
2736.6106327821435,7400.4907,6.2555904,-0.003925145,217318,1671.5096663949525,200.0672375157676,6908.6816,5.358213,3116.6802,2.2014878,7400.4907,6.2555904,0,,,,,1671.5096663949525,0.0005852462,200.0672375157676,0.00065020705,-0.004681661,0.07368953
2736.617577156796,7407.8,6.2577295,-0.0039252117,217319,1671.5087681943262,200.06605919200726,6912.027,5.3600454,3123.9768,2.2017772,7407.8,6.2577295,0,,,,,1671.5087681943262,0.00058534136,200.06605919200726,0.0006500457,-0.0052482453,0.07391584
2736.6245215319127,7402.937,6.26468,-0.003925278,217320,1671.5095358130186,200.06745902970508,6909.5,5.3659987,3139.322,2.207754,7402.937,6.26468,0,,,,,1671.5095358130186,0.0005861259,200.06745902970508,0.00065139716,-0.0056440043,0.073395714
2736.63146590703,7397.916,6.2669487,-0.003925344,217321,1671.509363160459,200.06671674723378,6904.2686,5.367942,3151.137,2.2106621,7397.916,6.2669487,0,,,,,1671.509363160459,0.00058679975,200.06671674723378,0.0006520785,-0.0050053205,0.07364388
2736.638410282147,7388.288,6.270458,-0.00392541,217322,1671.5097422642589,200.06759383052955,6895.2505,5.370948,3166.1846,2.2144768,7388.288,6.270458,0,,,,,1671.5097422642589,0.0005877183,200.06759383052955,0.0006533144,-0.004860484,0.07227228
2736.6453546572643,7399.551,6.2739625,-0.003925476,217323,1671.5088004905206,200.0677710673263,6906.2427,5.3739495,3168.0667,2.216014,7399.551,6.2739625,0,,,,,1671.5088004905206,0.0005872028,200.0677710673263,0.00065225054,-0.0056819865,0.07493234
2736.6522990323806,7389.1323,6.2788787,-0.0039255423,217324,1671.5089303736045,200.06812396759102,6897.8813,5.3781605,3175.2551,2.2182298,7389.1323,6.2788787,0,,,,,1671.5089303736045,0.0005885654,200.06812396759102,0.00065385865,-0.0051732496,0.073523015
2736.659243407964,7387.5254,6.2791915,-0.003925608,217325,1671.509147489501,200.0671054551913,6896.386,5.378429,3184.7825,2.2199225,7387.5254,6.2791915,0,,,,,1671.509147489501,0.000588585,200.0671054551913,0.0006539086,-0.003942455,0.07329414
2736.6661877830816,7402.559,6.2823076,-0.003925674,217326,1671.5095750607225,200.0662798773267,6910.5513,5.381098,3189.1343,2.2202775,7402.559,6.2823076,0,,,,,1671.5095750607225,0.00058791984,200.0662798773267,0.0006527971,-0.00483487,0.07382779
2736.673132158198,7390.1436,6.282013,-0.0039257403,217327,1671.5084210276736,200.06736440208718,6897.4795,5.3808455,3195.4346,2.221669,7390.1436,6.282013,0,,,,,1671.5084210276736,0.0005889607,200.06736440208718,0.0006541421,-0.004960664,0.07361322
2736.680076533781,7399.675,6.286282,-0.003925806,217328,1671.5097176491429,200.0676651498297,6906.1675,5.384502,3198.68,2.2225099,7399.675,6.286282,0,,,,,1671.5097176491429,0.0005891562,200.0676651498297,0.0006538936,-0.003969253,0.07391857
2736.6870209093645,7390.365,6.2865353,-0.0039258716,217329,1671.5092738267006,200.06707622740032,6897.1445,5.384719,3207.007,2.2259877,7390.365,6.2865353,0,,,,,1671.5092738267006,0.00058928377,200.06707622740032,0.0006548174,-0.004485868,0.07287349
2736.6939652844817,7397.5273,6.287984,-0.0039259377,217330,1671.509441527538,200.06805330272616,6903.5117,5.38596,3209.8953,2.225504,7397.5273,6.287984,0,,,,,1671.509441527538,0.0005890949,200.06805330272616,0.00065419485,-0.003972876,0.07432911
2736.7009096600636,7389.834,6.2914147,-0.0039260034,217331,1671.509992605894,200.06812971923296,6898.0684,5.3888984,3218.5117,2.2289095,7389.834,6.2914147,0,,,,,1671.509992605894,0.0005894809,200.06812971923296,0.0006553924,-0.005072894,0.07384527
2736.707854035647,7383.357,6.292217,-0.003926069,217332,1671.508214613901,200.06785866913884,6890.5576,5.3895855,3225.325,2.2296095,7383.357,6.292217,0,,,,,1671.508214613901,0.0005904583,200.06785866913884,0.00065617485,-0.005817108,0.074629195
2736.7147984112303,7404.499,6.2961555,-0.0039261347,217333,1671.510400347323,200.06620496919464,6910.1,5.392959,3224.9038,2.2302854,7404.499,6.2961555,0,,,,,1671.510400347323,0.0005892343,200.06620496919464,0.0006546457,-0.0039371504,0.07272727
2736.7217427868122,7395.1016,6.295949,-0.0039262003,217334,1671.5089958658505,200.06804157396502,6902.137,5.392782,3228.108,2.2323587,7395.1016,6.295949,0,,,,,1671.5089958658505,0.0005896129,200.06804157396502,0.0006554982,-0.0049381168,0.07451897
2736.728687162395,7408.0947,6.3020077,-0.003926266,217335,1671.5106414774896,200.06711337324398,6912.7485,5.3979716,3231.5183,2.2327006,7408.0947,6.3020077,0,,,,,1671.5106414774896,0.0005897993,200.06711337324398,0.00065562146,-0.0030816603,0.07222725
2736.7356315384436,7396.4663,6.298813,-0.003926331,217336,1671.5067037470715,200.0687143593832,6903.8057,5.395235,3238.3123,2.2338448,7396.4663,6.298813,0,,,,,1671.5067037470715,0.0005897537,200.0687143593832,0.00065530924,-0.006846637,0.07652308
2736.7425759140265,7392.965,6.3030424,-0.003926397,217337,1671.5107376999583,200.06676529621438,6899.664,5.398858,3244.573,2.2365537,7392.965,6.3030424,0,,,,,1671.5107376999583,0.0005909328,200.06676529621438,0.0006564932,-0.0025446084,0.0711444
2736.749520290075,7394.8984,6.309191,-0.003926462,217338,1671.5082518132954,200.065997362372,6901.394,5.4041247,3250.46,2.2393672,7394.8984,6.309191,0,,,,,1671.5082518132954,0.0005913577,200.065997362372,0.00065680244,-0.0046293954,0.07319772
2736.7564646656583,7396.766,6.305967,-0.0039265277,217339,1671.507879200485,200.0681383235482,6903.662,5.4013634,3253.1677,2.2382824,7396.766,6.305967,0,,,,,1671.507879200485,0.0005910894,200.0681383235482,0.00065634865,-0.005497725,0.074505724
2736.7634090417073,7382.5513,6.3033667,-0.003926593,217340,1671.5088349709974,200.06666915338067,6892.3545,5.399136,3255.0664,2.2389722,7382.5513,6.3033667,0,,,,,1671.5088349709974,0.0005916288,200.06666915338067,0.0006571736,-0.004941731,0.072777286
2736.770353417755,7393.193,6.30816,-0.003926658,217341,1671.5087645819708,200.06789154112826,6899.9067,5.403241,3261.57,2.2418218,7393.193,6.30816,0,,,,,1671.5087645819708,0.00059142883,200.06789154112826,0.00065677817,-0.003752831,0.07286574
2736.7772977933378,7398.6494,6.3089814,-0.0039267237,217342,1671.508754264437,200.068450111048,6905.842,5.4039454,3262.2039,2.2409325,7398.6494,6.3089814,0,,,,,1671.508754264437,0.00059082184,200.068450111048,0.00065622147,-0.0049952823,0.07425334
2736.7842421693863,7409.3965,6.313359,-0.003926789,217343,1671.5096128469124,200.06734298652606,6913.055,5.407695,3268.1614,2.2423456,7409.3965,6.313359,0,,,,,1671.5096128469124,0.0005910084,200.06734298652606,0.00065614976,-0.005287411,0.07368598
2736.7911865454344,7392.962,6.312628,-0.003926854,217344,1671.5092744250508,200.06779921715597,6900.5337,5.4070687,3272.4277,2.2446609,7392.962,6.312628,0,,,,,1671.5092744250508,0.00059182756,200.06779921715597,0.00065751205,-0.004766451,0.07365635
2736.798130921948,7388.573,6.31203,-0.003926919,217345,1671.508980741796,200.06641886102457,6895.3223,5.406556,3277.9675,2.2451982,7388.573,6.31203,0,,,,,1671.508980741796,0.00059233233,200.06641886102457,0.00065780897,-0.0050220955,0.0739419
2736.8050752979975,7394.8257,6.3151402,-0.003926984,217346,1671.509990897353,200.0679778763094,6902.427,5.40922,3280.3464,2.246993,7394.8257,6.3151402,0,,,,,1671.509990897353,0.0005917874,200.0679778763094,0.00065706554,-0.0042293924,0.07396127
2736.8120196740465,7391.8774,6.3172855,-0.003927049,217347,1671.5087629178922,200.06775440532158,6899.0073,5.411058,3284.2202,2.248319,7391.8774,6.3172855,0,,,,,1671.5087629178922,0.000592442,200.06775440532158,0.00065793295,-0.0050681187,0.07395916
2736.8189640500946,7393.3374,6.319698,-0.0039271144,217348,1671.5091506420263,200.06771487414827,6900.4263,5.413124,3287.7722,2.24793,7393.3374,6.319698,0,,,,,1671.5091506420263,0.00059300085,200.06771487414827,0.000658293,-0.004704262,0.07312887
2736.8259084266087,7385.135,6.3179874,-0.003927179,217349,1671.5096995491128,200.06696501880194,6893.376,5.4116592,3291.772,2.2489605,7385.135,6.3179874,0,,,,,1671.5096995491128,0.0005927516,200.06696501880194,0.0006587915,-0.0046120198,0.07300157
2736.832852803123,7388.78,6.3213077,-0.003927244,217350,1671.5070871723867,200.06792416486542,6895.719,5.414503,3299.5493,2.2512052,7388.78,6.3213077,0,,,,,1671.5070871723867,0.0005929976,200.06792416486542,0.0006586635,-0.0059741456,0.07478474
2736.839797179171,7393.908,6.3233547,-0.003927309,217351,1671.5088421677003,200.0669414101367,6900.396,5.416257,3304.6772,2.2519133,7393.908,6.3233547,0,,,,,1671.5088421677003,0.00059283583,200.0669414101367,0.00065861054,-0.005748746,0.07364213
2736.8467415556847,7390.7466,6.3269987,-0.003927374,217352,1671.5091423921253,200.06624679283473,6897.4785,5.419378,3302.4116,2.2538812,7390.7466,6.3269987,0,,,,,1671.5091423921253,0.00059305655,200.06624679283473,0.00065961824,-0.0046184487,0.07397985
2736.853685932199,7404.019,6.327841,-0.0039274385,217353,1671.5104748614358,200.06758933157494,6908.6543,5.4200993,3307.158,2.2532313,7404.019,6.327841,0,,,,,1671.5104748614358,0.0005925312,200.06758933157494,0.00065851107,-0.0040564034,0.07556218
2736.860630308713,7392.5234,6.326222,-0.0039275032,217354,1671.5093659022255,200.06689752635572,6900.2056,5.4187126,3309.5088,2.2537854,7392.5234,6.326222,0,,,,,1671.5093659022255,0.00059322984,200.06689752635572,0.00065925444,-0.004120814,0.07268676
2736.8675746852273,7398.2583,6.33158,-0.003927568,217355,1671.5088897295398,200.06705435097055,6904.18,5.4233017,3314.9011,2.255795,7398.2583,6.33158,0,,,,,1671.5088897295398,0.0005942939,200.06705435097055,0.0006591042,-0.0048291152,0.07312383
2736.874519061742,7389.7944,6.328414,-0.0039276327,217356,1671.5097429784016,200.06712928849444,6897.7354,5.42059,3313.1401,2.2546756,7389.7944,6.328414,0,,,,,1671.5097429784016,0.0005941512,200.06712928849444,0.0006592648,-0.0044393507,0.07225107
2736.8814634382566,7390.049,6.3267236,-0.0039276974,217357,1671.5090981274834,200.06788724564564,6898.111,5.419142,3314.3384,2.2546256,7390.049,6.3267236,0,,,,,1671.5090981274834,0.00059387385,200.06788724564564,0.000659087,-0.005774536,0.075855
2736.888407815236,7405.578,6.3288927,-0.0039277617,217358,1671.5085332641015,200.06959540500156,6910.382,5.4209995,3311.6782,2.254628,7405.578,6.3288927,0,,,,,1671.5085332641015,0.0005928502,200.06959540500156,0.00065825955,-0.005790452,0.07511713
2736.8953521917497,7390.168,6.3286347,-0.0039278264,217359,1671.5105424467818,200.06468191386492,6895.8105,5.4207788,3314.0288,2.2561765,7390.168,6.3286347,0,,,,,1671.5105424467818,0.0005942366,200.06468191386492,0.0006594476,-0.003580869,0.073249236
2736.902296568264,7397.869,6.329027,-0.003927891,217360,1671.5070517563777,200.06766425880107,6904.3447,5.4211154,3312.9456,2.2549067,7397.869,6.329027,0,,,,,1671.5070517563777,0.00059287687,200.06766425880107,0.0006587734,-0.005893464,0.07437864
2736.9092409452437,7404.667,6.3294063,-0.0039279554,217361,1671.5086708866027,200.0674055449146,6911.615,5.42144,3310.673,2.255555,7404.667,6.3294063,0,,,,,1671.5086708866027,0.00059221796,200.0674055449146,0.0006581109,-0.0060249977,0.07478067
2736.9161853222236,7389.596,6.3278637,-0.0039280197,217362,1671.5104957616813,200.06653016552545,6896.04,5.420119,3308.0938,2.2546492,7389.596,6.3278637,0,,,,,1671.5104957616813,0.00059350417,200.06653016552545,0.00065975875,-0.004106462,0.07289709
2736.9231296992034,7404.867,6.32529,-0.003928084,217363,1671.508720406639,200.06878891917611,6908.634,5.417914,3299.7957,2.2515397,7404.867,6.32529,0,,,,,1671.508720406639,0.0005927206,200.06878891917611,0.0006579449,-0.006157994,0.0755735
2736.930074075718,7394.0806,6.3236117,-0.0039281487,217364,1671.5089024452568,200.06675099590746,6900.4165,5.4164767,3304.175,2.2518184,7394.0806,6.3236117,0,,,,,1671.5089024452568,0.000592895,200.06675099590746,0.0006586714,-0.005006014,0.0734515
2736.9370184526974,7398.9688,6.3219895,-0.003928213,217365,1671.5090297699392,200.0682514568984,6904.952,5.415087,3296.0483,2.2497802,7398.9688,6.3219895,0,,,,,1671.5090297699392,0.000592419,200.0682514568984,0.0006579384,-0.0045551835,0.07579456
2736.9439628296773,7396.754,6.3201756,-0.003928277,217366,1671.5090872138032,200.0664766752091,6903.609,5.413533,3293.2764,2.2492716,7396.754,6.3201756,0,,,,,1671.5090872138032,0.0005924792,200.0664766752091,0.0006577723,-0.0051527414,0.07383285
2736.950907207123,7374.3066,6.319831,-0.003928341,217367,1671.5090616418688,200.06570273748432,6885.3774,5.4132385,3295.0513,2.2518609,7374.3066,6.319831,0,,,,,1671.5090616418688,0.00059419463,200.06570273748432,0.00065924646,-0.0045749457,0.07305171
2736.9578515841026,7385.1094,6.3158374,-0.003928405,217368,1671.508608018835,200.06787525518206,6894.164,5.4098177,3286.692,2.2464986,7385.1094,6.3158374,0,,,,,1671.508608018835,0.0005928026,200.06787525518206,0.0006583206,-0.0061843004,0.074968025
2736.9647959610816,7401.337,6.3172393,-0.0039284695,217369,1671.5101113335677,200.06621623723726,6907.0312,5.4110184,3281.979,2.2463236,7401.337,6.3172393,0,,,,,1671.5101113335677,0.0005920155,200.06621623723726,0.00065705966,-0.0039025266,0.0730523
2736.971740338062,7396.0146,6.3168283,-0.0039285338,217370,1671.508986363017,200.0669664394826,6903.421,5.4106665,3281.6086,2.2463048,7396.0146,6.3168283,0,,,,,1671.508986363017,0.0005920395,200.0669664394826,0.0006573064,-0.004835412,0.07466208
2736.9786847155083,7398.756,6.3128076,-0.0039285976,217371,1671.5092881670976,200.06770847517103,6906.2085,5.4072227,3272.69,2.2427046,7398.756,6.3128076,0,,,,,1671.5092881670976,0.0005913499,200.06770847517103,0.00065707054,-0.0049966914,0.07469021
2736.9856290929533,7400.06,6.314049,-0.0039286613,217372,1671.5072930476178,200.06951718113956,6905.9746,5.4082856,3270.2334,2.2432477,7400.06,6.314049,0,,,,,1671.5072930476178,0.00059182197,200.06951718113956,0.00065689586,-0.006188675,0.075447276
2736.9925734699327,7396.8525,6.310045,-0.0039287256,217373,1671.508733651177,200.06600633813704,6902.9307,5.4048557,3264.2751,2.2433324,7396.8525,6.310045,0,,,,,1671.508733651177,0.00059124123,200.06600633813704,0.000656706,-0.0047093616,0.073382095
2736.9995178473787,7396.1133,6.3091884,-0.0039287894,217374,1671.5089487778926,200.0676081077653,6904.0347,5.404122,3263.6084,2.2413135,7396.1133,6.3091884,0,,,,,1671.5089487778926,0.0005911717,200.0676081077653,0.00065650145,-0.0054929396,0.07473895
2737.006462224824,7389.607,6.3063693,-0.003928853,217375,1671.5089985367133,200.06663902905092,6897.5503,5.401707,3261.4082,2.2415338,7389.607,6.3063693,0,,,,,1671.5089985367133,0.0005911617,200.06663902905092,0.0006566599,-0.0054826275,0.07410938
2737.013406602269,7396.3813,6.3075733,-0.003928917,217376,1671.5090347024536,200.0681553681696,6902.8164,5.402739,3257.2976,2.2391284,7396.3813,6.3075733,0,,,,,1671.5090347024536,0.0005910685,200.0681553681696,0.0006565591,-0.0050323196,0.07555417
2737.0203509797147,7396.6763,6.305304,-0.003928981,217377,1671.509213399503,200.06818109314574,6903.3315,5.4007955,3254.9163,2.2381968,7396.6763,6.305304,0,,,,,1671.509213399503,0.0005909499,200.06818109314574,0.0006562918,-0.0064844503,0.075419016
2737.0272953571607,7398.869,6.30637,-0.0039290446,217378,1671.5086007309271,200.06698352657347,6904.997,5.401708,3250.764,2.2380805,7398.869,6.30637,0,,,,,1671.5086007309271,0.0005911245,200.06698352657347,0.00065596466,-0.0043615536,0.07383766
2737.0342397346053,7403.921,6.306,-0.0039291084,217379,1671.5081078209414,200.06693979421723,6908.745,5.4013915,3252.7114,2.23863,7403.921,6.306,0,,,,,1671.5081078209414,0.00059032906,200.06693979421723,0.00065562874,-0.0062013734,0.07446118
2737.041184112517,7396.4185,6.3048673,-0.0039291717,217380,1671.510293813525,200.0671142945649,6903.659,5.4004216,3252.106,2.2385805,7396.4185,6.3048673,0,,,,,1671.510293813525,0.0005907322,200.0671142945649,0.000656237,-0.0038948138,0.073930405
2737.048128489963,7392.6016,6.3071275,-0.0039292355,217381,1671.50751227306,200.06798993318074,6900.9526,5.402357,3252.33,2.2386155,7392.6016,6.3071275,0,,,,,1671.50751227306,0.00059123593,200.06798993318074,0.0006567575,-0.006335767,0.07555315
2737.055072867873,7400.4883,6.3095865,-0.003929299,217382,1671.5092567725471,200.0675822970758,6906.9917,5.4044633,3250.2354,2.2417538,7400.4883,6.3095865,0,,,,,1671.5092567725471,0.00059122156,200.0675822970758,0.00065626134,-0.004379606,0.07434025
2737.0620172453187,7399.395,6.3039503,-0.0039293626,217383,1671.509034183664,200.0687104894441,6904.974,5.399636,3250.5244,2.2367878,7399.395,6.3039503,0,,,,,1671.509034183664,0.00059055904,200.0687104894441,0.0006562192,-0.005198593,0.074617274
2737.0689616232303,7389.213,6.304677,-0.003929426,217384,1671.5088300311845,200.06754409636497,6898.202,5.400258,3251.4888,2.238035,7389.213,6.304677,0,,,,,1671.5088300311845,0.0005909427,200.06754409636497,0.0006564817,-0.0052085426,0.075125776
2737.075906001142,7403.655,6.3075347,-0.0039294893,217385,1671.5096354785762,200.0676933088034,6910.9575,5.402706,3253.944,2.2383802,7403.655,6.3075347,0,,,,,1671.5096354785762,0.0005905489,200.0676933088034,0.0006557323,-0.0046766875,0.07436196
2737.0828503785865,7391.7476,6.3087406,-0.003929553,217386,1671.5082910110514,200.06775277725492,6899.7354,5.403739,3255.3977,2.2408607,7391.7476,6.3087406,0,,,,,1671.5082910110514,0.0005905819,200.06775277725492,0.00065744383,-0.0065958765,0.0741401
2737.0897947564977,7396.406,6.307191,-0.0039296164,217387,1671.5075398109386,200.06895628058112,6904.397,5.4024115,3259.635,2.2395394,7396.406,6.307191,0,,,,,1671.5075398109386,0.00059110293,200.06895628058112,0.00065614074,-0.005672582,0.075232506
2737.0967391348745,7393.9907,6.3082337,-0.0039296793,217388,1671.5097885442476,200.06757906290736,6902.8213,5.4033046,3259.1514,2.2399254,7393.9907,6.3082337,0,,,,,1671.5097885442476,0.00059080933,200.06757906290736,0.0006566885,-0.0043806387,0.07400127
2737.103683512785,7392.8853,6.3072076,-0.0039297426,217389,1671.508295326039,200.06750886632636,6898.679,5.402426,3262.4895,2.2399485,7392.8853,6.3072076,0,,,,,1671.508295326039,0.00059156155,200.06750886632636,0.00065706763,-0.0054834895,0.075330615
2737.110627890696,7395.7705,6.308445,-0.003929806,217390,1671.5088703219594,200.06734206338962,6902.861,5.403486,3261.4673,2.2411404,7395.7705,6.308445,0,,,,,1671.5088703219594,0.00059116475,200.06734206338962,0.00065650896,-0.0058833915,0.075007685
2737.117572268608,7400.9663,6.3103395,-0.0039298693,217391,1671.5078784625925,200.06816799946625,6909.4795,5.4051085,3260.7,2.2408667,7400.9663,6.3103395,0,,,,,1671.5078784625925,0.0005911,200.06816799946625,0.00065613404,-0.006346669,0.07610476
2737.124516646985,7397.927,6.3121414,-0.003929932,217392,1671.5079912999495,200.067287090808,6905.944,5.406652,3269.45,2.2433121,7397.927,6.3121414,0,,,,,1671.5079912999495,0.00059124763,200.067287090808,0.0006566298,-0.0058602504,0.07447528
2737.1314610248955,7386.0337,6.3122516,-0.0039299955,217393,1671.5096350480728,200.06695753216624,6896.8926,5.4067464,3272.4417,2.244321,7386.0337,6.3122516,0,,,,,1671.5096350480728,0.0005918729,200.06695753216624,0.00065751415,-0.005165205,0.074288875
2737.138405403273,7398.066,6.3146086,-0.0039300583,217394,1671.508294938369,200.06859869415274,6905.473,5.408765,3274.9944,2.2441158,7398.066,6.3146086,0,,,,,1671.508294938369,0.00059148896,200.06859869415274,0.00065721484,-0.005125305,0.07497131
2737.145349781184,7388.432,6.3134556,-0.0039301217,217395,1671.5089068039101,200.06747731231138,6898.437,5.4077773,3281.0781,2.2443695,7388.432,6.3134556,0,,,,,1671.5089068039101,0.00059181533,200.06747731231138,0.0006575373,-0.005665666,0.07446931
2737.1522941595604,7396.6636,6.3190722,-0.0039301845,217396,1671.5098447007445,200.06766662378107,6904.937,5.4125886,3277.653,2.2472486,7396.6636,6.3190722,0,,,,,1671.5098447007445,0.0005917886,200.06766662378107,0.00065785414,-0.0057649035,0.07436331
2737.1592385379367,7397.217,6.3150306,-0.0039302474,217397,1671.5083761776461,200.0675960544258,6903.3115,5.4091268,3281.5288,2.2453103,7397.217,6.3150306,0,,,,,1671.5083761776461,0.0005920789,200.0675960544258,0.00065735227,-0.0053439294,0.07453987
2737.1661829163136,7398.3506,6.316403,-0.0039303103,217398,1671.5093457171256,200.0675028738141,6907.0645,5.410302,3280.6487,2.2466104,7398.3506,6.316403,0,,,,,1671.5093457171256,0.00059142755,200.0675028738141,0.0006571858,-0.005402187,0.07510807
2737.1731272946904,7391.6914,6.314145,-0.003930373,217399,1671.5098405211206,200.06698976901393,6900.2407,5.4083676,3280.055,2.2456126,7391.6914,6.314145,0,,,,,1671.5098405211206,0.0005921219,200.06698976901393,0.0006575097,-0.0044396142,0.07524968
2737.1800716730672,7403.9487,6.3175983,-0.003930436,217400,1671.5084462922607,200.06754435300212,6911.713,5.411326,3283.3186,2.2459106,7403.9487,6.3175983,0,,,,,1671.5084462922607,0.0005913909,200.06754435300212,0.00065653416,-0.005509944,0.07505319
2737.1870160514445,7384.1836,6.316878,-0.003930499,217401,1671.507983951597,200.06849403598403,6895.182,5.4107084,3287.8035,2.247931,7384.1836,6.316878,0,,,,,1671.507983951597,0.00059255795,200.06849403598403,0.0006582248,-0.00610905,0.07513685
2737.1939604302875,7391.3438,6.3163557,-0.0039305612,217402,1671.5082871370942,200.0683086744652,6900.6533,5.4102616,3284.8926,2.2462852,7391.3438,6.3163557,0,,,,,1671.5082871370942,0.0005923844,200.0683086744652,0.00065755105,-0.005902132,0.07508228
2737.200904808664,7386.555,6.316098,-0.003930624,217403,1671.5082864653875,200.0681441511246,6895.3643,5.4100413,3283.2534,2.248534,7386.555,6.316098,0,,,,,1671.5082864653875,0.0005923064,200.0681441511246,0.0006583775,-0.005524394,0.074084096
2737.207849187506,7389.791,6.3141627,-0.0039306865,217404,1671.5081533610462,200.06678348894945,6898.5923,5.4083834,3279.761,2.245828,7389.791,6.3141627,0,,,,,1671.5081533610462,0.0005922586,200.06678348894945,0.0006574958,-0.0051972456,0.07491027
2737.2425710807875,7405.1763,6.3084126,-0.0039309994,217409,1671.509059103743,200.067237639939,6915.534,5.4034576,3253.9163,2.2386703,7405.1763,6.3084126,0,,,,,1671.509059103743,0.0005904329,200.067237639939,0.0006551038,-0.004646532,0.074954815
2737.2495154596295,7395.8086,6.3044004,-0.003931062,217410,1671.5088143489295,200.06917661995658,6907.616,5.400021,3245.095,2.2372308,7395.8086,6.3044004,0,,,,,1671.5088143489295,0.0005904809,200.06917661995658,0.00065551756,-0.0059039225,0.07531596
2737.2564598389376,7383.2495,6.300109,-0.0039311238,217411,1671.508331624094,200.06994468868652,6896.9404,5.396345,3241.8284,2.2359343,7383.2495,6.300109,0,,,,,1671.508331624094,0.0005908054,200.06994468868652,0.0006562097,-0.0060646036,0.074863985
2737.26340421778,7390.8413,6.296325,-0.003931186,217412,1671.5100358598531,200.06743558731984,6903.37,5.3931046,3230.504,2.2319343,7390.8413,6.296325,0,,,,,1671.5100358598531,0.0005901088,200.06743558731984,0.0006549768,-0.00488722,0.0749121
2737.2703485966226,7397.165,6.294671,-0.0039312486,217413,1671.50794683749,200.06849522320226,6908.8877,5.391688,3221.2266,2.2293441,7397.165,6.294671,0,,,,,1671.50794683749,0.00058921153,200.06849522320226,0.0006544619,-0.00535452,0.0751959
2737.277292975464,7388.41,6.289767,-0.003931311,217414,1671.5093075302818,200.06804300417312,6902.6772,5.387487,3214.8936,2.226509,7388.41,6.289767,0,,,,,1671.5093075302818,0.0005893472,200.06804300417312,0.0006546273,-0.0052318308,0.07461542
2737.284237354773,7389.889,6.286453,-0.003931373,217415,1671.5084443556136,200.06795243294698,6902.917,5.384648,3202.1475,2.2250838,7389.889,6.286453,0,,,,,1671.5084443556136,0.00058900303,200.06795243294698,0.00065415347,-0.0048505804,0.074736774
2737.2911817340814,7387.0674,6.282035,-0.003931435,217416,1671.5092444968543,200.06846733606395,6901.467,5.380864,3193.6772,2.221221,7387.0674,6.282035,0,,,,,1671.5092444968543,0.00058837974,200.06846733606395,0.00065391447,-0.005150739,0.0750135
2737.298126112923,7399.5234,6.2801514,-0.003931497,217417,1671.5090247877072,200.06730511182286,6910.1704,5.379251,3182.117,2.2195356,7399.5234,6.2801514,0,,,,,1671.5090247877072,0.0005872732,200.06730511182286,0.000652285,-0.0056385472,0.0757139
2737.3050704922316,7394.692,6.274131,-0.003931559,217418,1671.507355895882,200.06802304960644,6907.7134,5.374094,3166.3186,2.2141712,7394.692,6.274131,0,,,,,1671.507355895882,0.0005873034,200.06802304960644,0.00065230305,-0.0053599305,0.07499265
2737.31201487154,7385.65,6.269525,-0.003931621,217419,1671.509456131983,200.06772583545902,6899.211,5.370149,3160.283,2.2127156,7385.65,6.269525,0,,,,,1671.509456131983,0.0005874335,200.06772583545902,0.0006526259,-0.0045353393,0.07467588
2737.3189592508484,7392.8677,6.265546,-0.003931683,217420,1671.5093456565019,200.06787504021605,6906.322,5.3667407,3146.792,2.208499,7392.8677,6.265546,0,,,,,1671.5093456565019,0.00058626867,200.06787504021605,0.0006511936,-0.0050989566,0.07488293
2737.3259036301556,7388.001,6.260739,-0.003931745,217421,1671.5087055371537,200.0686988917945,6902.4688,5.3626227,3134.2478,2.206701,7388.001,6.260739,0,,,,,1671.5087055371537,0.00058643415,200.0686988917945,0.00065106596,-0.00586367,0.074891165
2737.332848009464,7400.0806,6.257237,-0.003931807,217422,1671.5085888794881,200.0684609076887,6913.47,5.3596234,3121.017,2.2016342,7400.0806,6.257237,0,,,,,1671.5085888794881,0.0005847332,200.0684609076887,0.00064975384,-0.0055962275,0.07543062
2737.339792388773,7396.465,6.251637,-0.003931869,217423,1671.5076046831975,200.06905311669382,6909.0195,5.354827,3110.571,2.198411,7396.465,6.251637,0,,,,,1671.5076046831975,0.0005848499,200.06905311669382,0.0006492257,-0.00689004,0.07598872
2737.34673676808,7396.0796,6.249139,-0.0039319308,217424,1671.5096542763933,200.06871913599895,6909.115,5.3526874,3100.445,2.1959977,7396.0796,6.249139,0,,,,,1671.5096542763933,0.00058456697,200.06871913599895,0.000649252,-0.0047099455,0.07463917
2737.353681147854,7396.7856,6.2432475,-0.003931992,217425,1671.507915744206,200.06880229366772,6909.8794,5.347641,3089.0007,2.1918614,7396.7856,6.2432475,0,,,,,1671.507915744206,0.000583626,200.06880229366772,0.0006488695,-0.0048976946,0.07503653
2737.360625527162,7399.972,6.245976,-0.003932054,217426,1671.5084767673459,200.06842943165717,6912.1064,5.349978,3079.4832,2.1921213,7399.972,6.245976,0,,,,,1671.5084767673459,0.00058362697,200.06842943165717,0.0006491098,-0.005572485,0.07476955
2737.3675699069354,7398.6094,6.2406864,-0.0039321156,217427,1671.5094393436825,200.0680479871524,6911.889,5.345447,3078.4524,2.1898787,7398.6094,6.2406864,0,,,,,1671.5094393436825,0.0005834687,200.0680479871524,0.00064811745,-0.0052199154,0.07559812
2737.374514286243,7394.8774,6.2355633,-0.0039321776,217428,1671.5077243998862,200.06765011952896,6908.6123,5.341059,3065.694,2.1850693,7394.8774,6.2355633,0,,,,,1671.5077243998862,0.00058344944,200.06765011952896,0.0006477447,-0.005960578,0.075195335
2737.3814586660183,7386.9478,6.2297387,-0.003932239,217429,1671.5100875344947,200.06870257746058,6900.4346,5.33607,3057.009,2.1827528,7386.9478,6.2297387,0,,,,,1671.5100875344947,0.00058330805,200.06870257746058,0.0006481421,-0.0047247214,0.075392164
2737.3884030457925,7396.285,6.2311244,-0.0039323005,217430,1671.5091856533977,200.06785492106613,6909.728,5.337257,3049.1404,2.1828501,7396.285,6.2311244,0,,,,,1671.5091856533977,0.00058257463,200.06785492106613,0.0006474138,-0.0052921167,0.07585511
2737.3953474255654,7401.296,6.227718,-0.003932362,217431,1671.5084166643496,200.06781490286488,6913.8047,5.334339,3043.4211,2.1801093,7401.296,6.227718,0,,,,,1671.5084166643496,0.00058186875,200.06781490286488,0.0006466382,-0.005843624,0.07491644
2737.4022918053392,7392.111,6.2247353,-0.0039324234,217432,1671.5083379206326,200.06786126197952,6905.29,5.3317842,3040.434,2.1788,7392.111,6.2247353,0,,,,,1671.5083379206326,0.0005823568,200.06786126197952,0.000646835,-0.006260539,0.0760884
2737.409236185113,7386.6978,6.2210546,-0.003932485,217433,1671.5094052904929,200.06826351488021,6902.617,5.328632,3034.2576,2.1766522,7386.6978,6.2210546,0,,,,,1671.5094052904929,0.00058218057,200.06826351488021,0.000646737,-0.005777606,0.0745353
2737.4161805648864,7393.8413,6.223112,-0.0039325464,217434,1671.5081724382092,200.06971630295274,6907.202,5.330394,3034.9263,2.1764748,7393.8413,6.223112,0,,,,,1671.5081724382092,0.00058216584,200.06971630295274,0.0006467599,-0.005626824,0.07592482
2737.42312494466,7390.3857,6.2209697,-0.003932608,217435,1671.5095298321219,200.06801477398565,6905.0435,5.328559,3033.3035,2.1757863,7390.3857,6.2209697,0,,,,,1671.5095298321219,0.00058198656,200.06801477398565,0.0006463967,-0.0050726514,0.075617075
2737.4300693248993,7375.952,6.219374,-0.003932669,217436,1671.509265348952,200.06797139049345,6892.9365,5.3271923,3032.3198,2.1779132,7375.952,6.219374,0,,,,,1671.509265348952,0.0005830521,200.06797139049345,0.00064739666,-0.00502141,0.07451713
2737.437013704673,7397.0024,6.2220645,-0.0039327303,217437,1671.508638199407,200.06877819956458,6910.6846,5.329497,3030.8557,2.1758008,7397.0024,6.2220645,0,,,,,1671.508638199407,0.0005815047,200.06877819956458,0.0006461674,-0.0058529708,0.07535316
2737.443958084913,7386.282,6.219531,-0.0039327913,217438,1671.5080523480199,200.0681552442164,6901.8613,5.327327,3032.3384,2.175927,7386.282,6.219531,0,,,,,1671.5080523480199,0.00058225595,200.0681552442164,0.0006465132,-0.0058029094,0.07499438
2737.4509024646873,7388.5615,6.221355,-0.0039328528,217439,1671.5083405773776,200.0673408671885,6904.2827,5.328889,3034.9744,2.1766524,7388.5615,6.221355,0,,,,,1671.5083405773776,0.00058211305,200.0673408671885,0.00064643315,-0.005871243,0.075295046
2737.4578468449267,7392.2407,6.223794,-0.0039329138,217440,1671.5089910452764,200.0682056542988,6907.604,5.330978,3035.1946,2.179856,7392.2407,6.223794,0,,,,,1671.5089910452764,0.0005820072,200.0682056542988,0.0006462168,-0.005128053,0.07499953
2737.4647912251658,7391.382,6.2208567,-0.0039329748,217441,1671.508644067391,200.06984827449514,6906.0845,5.328462,3032.8464,2.1762328,7391.382,6.2208567,0,,,,,1671.508644067391,0.0005816997,200.06984827449514,0.0006465696,-0.0063815797,0.07600391
2737.471735605405,7379.4355,6.224532,-0.003933036,217442,1671.5091989725624,200.0689269347298,6896.381,5.3316107,3040.316,2.179752,7379.4355,6.224532,0,,,,,1671.5091989725624,0.00058335485,200.0689269347298,0.0006476878,-0.0048645735,0.07500194
2737.4786799856442,7391.4443,6.2251577,-0.003933097,217443,1671.5087016388513,200.067756024259,6907.046,5.332146,3042.6802,2.1794064,7391.4443,6.2251577,0,,,,,1671.5087016388513,0.00058241107,200.067756024259,0.00064667105,-0.0061509097,0.075785406
2737.4856243658837,7390.8394,6.2279305,-0.003933158,217444,1671.5098530236667,200.0672462909909,6905.9556,5.3345213,3052.0654,2.1807902,7390.8394,6.2279305,0,,,,,1671.5098530236667,0.0005822988,200.0672462909909,0.00064717716,-0.005678955,0.07583635
2737.4925687461223,7390.0806,6.2288895,-0.003933219,217445,1671.5079444727048,200.0678126445386,6905.483,5.3353424,3054.6643,2.1820128,7390.0806,6.2288895,0,,,,,1671.5079444727048,0.00058287545,200.0678126445386,0.00064736925,-0.0053214054,0.07500039
2737.4995131263627,7383.0107,6.2309966,-0.00393328,217446,1671.507640153154,200.0691303194367,6899.017,5.337147,3063.9536,2.184298,7383.0107,6.2309966,0,,,,,1671.507640153154,0.0005832627,200.0691303194367,0.00064840703,-0.0061623794,0.07611718
2737.506457506602,7388.172,6.2365255,-0.003933341,217447,1671.5087246184282,200.0671126686678,6903.9004,5.341883,3071.2598,2.1876915,7388.172,6.2365255,0,,,,,1671.5087246184282,0.00058342004,200.0671126686678,0.00064831454,-0.0053084684,0.07547482
2737.5134018873073,7396.7314,6.238728,-0.0039334013,217448,1671.508648525808,200.06822404769068,6910.299,5.3437696,3075.9773,2.1889489,7396.7314,6.238728,0,,,,,1671.508648525808,0.0005836802,200.06822404769068,0.00064774253,-0.005793283,0.07583123
2737.5203462675468,7384.081,6.2417374,-0.0039334623,217449,1671.5078751084627,200.06924690874501,6901.1807,5.3463473,3084.2998,2.191739,7384.081,6.2417374,0,,,,,1671.5078751084627,0.00058423687,200.06924690874501,0.00064913393,-0.0056621563,0.07581442
2737.527290648252,7375.65,6.2440286,-0.003933523,217450,1671.5093534980708,200.06868576151678,6893.1157,5.34831,3096.819,2.1941862,7375.65,6.2440286,0,,,,,1671.5093534980708,0.00058529165,200.06868576151678,0.0006506066,-0.0058331573,0.07582968
2737.534235028957,7388.7847,6.2493215,-0.0039335834,217451,1671.507767892149,200.06890910364504,6905.199,5.3528433,3107.5835,2.1971006,7388.7847,6.2493215,0,,,,,1671.507767892149,0.0005843294,200.06890910364504,0.00064979657,-0.006665027,0.07553197
2737.5411794091956,7389.1035,6.254244,-0.0039336444,217452,1671.5084299394025,200.06915277388504,6904.8228,5.35706,3114.7559,2.2003176,7389.1035,6.254244,0,,,,,1671.5084299394025,0.0005854613,200.06915277388504,0.0006503512,-0.0053676106,0.075733036
2737.548123789901,7385.5522,6.2560964,-0.003933705,217453,1671.510094605969,200.06842897329327,6902.454,5.3586464,3125.649,2.2019134,7385.5522,6.2560964,0,,,,,1671.510094605969,0.0005856342,200.06842897329327,0.00065113365,-0.0056576594,0.07522519
2737.555068170607,7393.248,6.2612257,-0.0039337655,217454,1671.5081601741465,200.06930423145943,6907.8354,5.36304,3135.4724,2.2045927,7393.248,6.2612257,0,,,,,1671.5081601741465,0.000585768,200.06930423145943,0.00065076695,-0.0056292117,0.07593089
2737.5620125513115,7389.739,6.2658353,-0.003933826,217455,1671.5077852370898,200.06910714049152,6905.476,5.366988,3148.385,2.20932,7389.739,6.2658353,0,,,,,1671.5077852370898,0.00058647065,200.06910714049152,0.0006511402,-0.006070837,0.07581123
2737.568956932016,7392.3975,6.2719574,-0.0039338865,217456,1671.5074269153117,200.06872930087815,6908.8096,5.3722324,3161.6953,2.2126472,7392.3975,6.2719574,0,,,,,1671.5074269153117,0.0005865696,200.06872930087815,0.0006518807,-0.006158305,0.07539155
2737.5759013131874,7393.093,6.277701,-0.0039339466,217457,1671.5088089154772,200.0691641206417,6907.717,5.377152,3173.6367,2.2169135,7393.093,6.277701,0,,,,,1671.5088089154772,0.00058729225,200.0691641206417,0.0006526922,-0.0067486474,0.07530921
2737.582845693892,7389.3687,6.2812643,-0.003934007,217458,1671.507951450203,200.06916437434145,6904.7617,5.3802037,3188.3723,2.219975,7389.3687,6.2812643,0,,,,,1671.507951450203,0.00058831455,200.06916437434145,0.0006532532,-0.0059035434,0.07591192
2737.5897900745967,7384.435,6.286871,-0.0039340677,217459,1671.5099838865265,200.0670375972263,6901.4253,5.3850064,3203.0,2.2259684,7384.435,6.286871,0,,,,,1671.5099838865265,0.000588466,200.0670375972263,0.0006542092,-0.005220088,0.07506758
2737.5967344557685,7390.3594,6.2935953,-0.0039341277,217460,1671.5085727934588,200.06806440582184,6906.686,5.390766,3213.8665,2.2281544,7390.3594,6.2935953,0,,,,,1671.5085727934588,0.00058940536,200.06806440582184,0.0006541384,-0.00561188,0.0760498
2737.603678836474,7382.4727,6.2992263,-0.0039341883,217461,1671.5073784813237,200.06842338275217,6900.444,5.3955894,3231.8567,2.2332656,7382.4727,6.2992263,0,,,,,1671.5073784813237,0.0005898146,200.06842338275217,0.00065565965,-0.0066314866,0.075634465
2737.610623217644,7382.497,6.3012004,-0.0039342484,217462,1671.507134374602,200.07025189636892,6900.523,5.39728,3243.8242,2.235352,7382.497,6.3012004,0,,,,,1671.507134374602,0.0005904665,200.07025189636892,0.0006561207,-0.0071104756,0.076577544
2737.6175675988147,7387.7856,6.3077235,-0.0039343084,217463,1671.5083419026867,200.06799060494353,6904.869,5.4028673,3256.502,2.2393548,7387.7856,6.3077235,0,,,,,1671.5083419026867,0.0005910693,200.06799060494353,0.0006562708,-0.005614088,0.07569336
2737.62451197952,7392.134,6.3114424,-0.003934369,217464,1671.5088015206475,200.06891243795064,6908.1743,5.4060535,3267.6628,2.2421505,7392.134,6.3114424,0,,,,,1671.5088015206475,0.00059078826,200.06891243795064,0.0006562485,-0.0062046,0.076180354
2737.6314563606907,7395.3716,6.317111,-0.003934429,217465,1671.5083635224066,200.06846871309628,6911.5244,5.410908,3281.2441,2.2456903,7395.3716,6.317111,0,,,,,1671.5083635224066,0.0005911654,200.06846871309628,0.0006564768,-0.0062953057,0.07548655
2737.638400741861,7382.9263,6.319478,-0.003934489,217466,1671.5087062740945,200.06879972648113,6899.5884,5.4129357,3292.553,2.2488809,7382.9263,6.319478,0,,,,,1671.5087062740945,0.00059232785,200.06879972648113,0.00065827445,-0.005646225,0.076307
2737.6453451230323,7385.9844,6.325698,-0.003934549,217467,1671.5074760634934,200.0680215665847,6902.358,5.4182634,3306.8535,2.2524629,7385.9844,6.325698,0,,,,,1671.5074760634934,0.0005928478,200.0680215665847,0.0006584638,-0.006379037,0.07617419
2737.6522895046687,7390.3813,6.330081,-0.003934609,217468,1671.5087081860809,200.06922458647048,6906.5127,5.422018,3315.773,2.2572784,7390.3813,6.330081,0,,,,,1671.5087081860809,0.00059292995,200.06922458647048,0.0006585384,-0.005480429,0.07536774
2737.6592338858395,7378.908,6.3309317,-0.003934669,217469,1671.5082816278705,200.06840460257965,6897.1646,5.4227467,3327.0337,2.257594,7378.908,6.3309317,0,,,,,1671.5082816278705,0.00059378793,200.06840460257965,0.0006595284,-0.0062729325,0.07676066
2737.6661782670103,7388.9697,6.3345947,-0.003934729,217470,1671.50946485622,200.0675329376289,6905.5947,5.4258842,3331.02,2.2590141,7388.9697,6.3345947,0,,,,,1671.50946485622,0.0005935194,200.0675329376289,0.0006591905,-0.0053916173,0.075589575
2737.6731226486468,7388.3765,6.3377843,-0.0039347885,217471,1671.5069814693593,200.06883377058398,6904.2314,5.4286165,3335.99,2.2612467,7388.3765,6.3377843,0,,,,,1671.5069814693593,0.0005939966,200.06883377058398,0.0006598882,-0.0061732423,0.07577242
2737.680067029817,7388.1475,6.344376,-0.0039348486,217472,1671.5083932356413,200.06953143819246,6903.838,5.4342623,3347.7793,2.265014,7388.1475,6.344376,0,,,,,1671.5083932356413,0.000594384,200.06953143819246,0.00066071085,-0.0070758075,0.07627514
2737.687011411453,7385.6704,6.344578,-0.003934908,217473,1671.5083302437263,200.06987065789573,6902.4565,5.4344354,3351.234,2.266321,7385.6704,6.344578,0,,,,,1671.5083302437263,0.0005952082,200.06987065789573,0.0006604209,-0.006561334,0.07575077
2737.6939557930905,7391.113,6.3437223,-0.003934968,217474,1671.508409665711,200.06975359461356,6906.945,5.4337025,3356.3564,2.2654982,7391.113,6.3437223,0,,,,,1671.508409665711,0.0005944583,200.06975359461356,0.000660129,-0.0059993495,0.07654513
2737.7009001742613,7391.026,6.3495016,-0.003935028,217475,1671.5075298315696,200.06820312090542,6907.539,5.4386525,3364.7642,2.2685604,7391.026,6.3495016,0,,,,,1671.5075298315696,0.0005944936,200.06820312090542,0.0006609264,-0.005818191,0.0757949
2737.7078445558973,7375.846,6.345491,-0.0039350875,217476,1671.508859413192,200.06865921928807,6894.381,5.435217,3366.417,2.2688773,7375.846,6.345491,0,,,,,1671.508859413192,0.0005954617,200.06865921928807,0.0006613876,-0.0054928013,0.074975915
2737.7147889375333,7384.3335,6.3489065,-0.003935147,217477,1671.5076093560594,200.06907269718116,6901.2896,5.4381433,3370.9055,2.2700741,7384.3335,6.3489065,0,,,,,1671.5076093560594,0.0005952501,200.06907269718116,0.00066143007,-0.0066097216,0.07630406
2737.7217333191697,7384.558,6.355936,-0.0039352067,217478,1671.508532960806,200.06917781358706,6901.588,5.444164,3378.8396,2.27466,7384.558,6.355936,0,,,,,1671.508532960806,0.00059629395,200.06917781358706,0.0006620688,-0.005999707,0.07631189
2737.728677700806,7395.528,6.3532395,-0.0039352663,217479,1671.508386566957,200.0693616980289,6911.5815,5.441854,3375.138,2.270341,7395.528,6.3532395,0,,,,,1671.508386566957,0.00059480686,200.0693616980289,0.00066098344,-0.0063544665,0.075911365
2737.7356220829083,7393.8906,6.355191,-0.0039353254,217480,1671.5084200407628,200.06844125244322,6910.021,5.443526,3382.0215,2.2731237,7393.8906,6.355191,0,,,,,1671.5084200407628,0.000595217,200.06844125244322,0.0006612337,-0.0063568447,0.076690175
2737.742566464545,7382.2056,6.357129,-0.003935385,217481,1671.5077740927645,200.0696557092843,6899.318,5.4451857,3386.7659,2.2766535,7382.2056,6.357129,0,,,,,1671.5077740927645,0.0005964975,200.0696557092843,0.0006622639,-0.006839801,0.07617979
2737.7495108461812,7389.273,6.357414,-0.0039354446,217482,1671.5089325464216,200.06875409522553,6905.428,5.44543,3389.5933,2.2754283,7389.273,6.357414,0,,,,,1671.5089325464216,0.00059593684,200.06875409522553,0.0006616893,-0.0053398972,0.075296715
2737.7564552282834,7387.935,6.358839,-0.003935504,217483,1671.5084156092116,200.06957270398206,6904.4287,5.4466505,3391.9905,2.2766266,7387.935,6.358839,0,,,,,1671.5084156092116,0.00059586554,200.06957270398206,0.00066216866,-0.005780188,0.076174214
2737.76339960992,7389.975,6.360465,-0.0039355634,217484,1671.5074422027324,200.06955585035166,6905.864,5.4480433,3393.9812,2.2776492,7389.975,6.360465,0,,,,,1671.5074422027324,0.00059642317,200.06955585035166,0.00066207646,-0.006553463,0.07624212
2737.770343992022,7392.466,6.3627954,-0.0039356225,217485,1671.50815262364,200.0685951929513,6908.5854,5.4500394,3398.6646,2.2785327,7392.466,6.3627954,0,,,,,1671.50815262364,0.00059570133,200.0685951929513,0.00066231255,-0.0063015553,0.076004215
2737.777288374124,7380.0757,6.3652744,-0.0039356817,217486,1671.5083120009747,200.06910016279556,6897.33,5.4521627,3407.4055,2.2819588,7380.0757,6.3652744,0,,,,,1671.5083120009747,0.00059740746,200.06910016279556,0.0006635177,-0.006432019,0.07698007
2737.7842327562253,7407.325,6.3689227,-0.003935741,217487,1671.508515275627,200.06800254115302,6921.061,5.4552875,3407.8486,2.2807796,7407.325,6.3689227,0,,,,,1671.508515275627,0.0005956517,200.06800254115302,0.0006617354,-0.006374838,0.07577702
2737.791177137862,7394.527,6.367388,-0.0039358004,217488,1671.508343619357,200.0687103919496,6910.64,5.4539733,3409.1816,2.281778,7394.527,6.367388,0,,,,,1671.508343619357,0.00059647375,200.0687103919496,0.0006626258,-0.006668587,0.07660744
2737.798121519964,7398.735,6.367031,-0.0039358595,217489,1671.5087725440792,200.06826265539522,6913.573,5.4536676,3413.6316,2.2807984,7398.735,6.367031,0,,,,,1671.5087725440792,0.000595984,200.06826265539522,0.0006620519,-0.005997676,0.07638962
2737.805065902531,7383.666,6.368106,-0.003935918,217490,1671.5076174130638,200.06889330587887,6900.689,5.454588,3419.471,2.2839193,7383.666,6.368106,0,,,,,1671.5076174130638,0.00059709017,200.06889330587887,0.00066359754,-0.005933913,0.075942636
2737.8120102846347,7391.0283,6.3720517,-0.0039359774,217491,1671.5074701345636,200.06860518541967,6907.3125,5.457968,3423.0317,2.2875566,7391.0283,6.3720517,0,,,,,1671.5074701345636,0.00059687404,200.06860518541967,0.00066319364,-0.00662723,0.076108254
2737.8189546667368,7394.3535,6.3729277,-0.0039360365,217492,1671.508775971985,200.06833710834402,6909.946,5.4587183,3429.3962,2.2863326,7394.3535,6.3729277,0,,,,,1671.508775971985,0.0005967402,200.06833710834402,0.00066319946,-0.0064388365,0.076589525
2737.825899048839,7392.4253,6.375506,-0.0039360956,217493,1671.5074654204889,200.06976414949682,6907.49,5.4609265,3428.6301,2.287772,7392.4253,6.375506,0,,,,,1671.5074654204889,0.000597548,200.06976414949682,0.00066385354,-0.0070036016,0.077064976
2737.8328434314058,7387.8047,6.373267,-0.0039361543,217494,1671.5076377822515,200.0680862494783,6904.6504,5.459009,3431.2566,2.2864554,7387.8047,6.373267,0,,,,,1671.5076377822515,0.0005975909,200.0680862494783,0.0006637585,-0.005857813,0.07566324
2737.8397878135083,7386.8574,6.377426,-0.0039362134,217495,1671.5076429541882,200.06834955354452,6903.497,5.4625716,3437.8604,2.2918634,7386.8574,6.377426,0,,,,,1671.5076429541882,0.0005980996,200.06834955354452,0.00066409673,-0.0061671734,0.07669195
2737.8467321960757,7398.0215,6.378518,-0.003936272,217496,1671.5077391822151,200.06862018638213,6912.1455,5.4635067,3440.2266,2.2897968,7398.0215,6.378518,0,,,,,1671.5077391822151,0.0005974416,200.06862018638213,0.00066364964,-0.0061504655,0.07590113
2737.853676578643,7391.306,6.3760853,-0.003936331,217497,1671.5075385391192,200.06870377396348,6907.124,5.461423,3441.5212,2.2880752,7391.306,6.3760853,0,,,,,1671.5075385391192,0.00059767236,200.06870377396348,0.00066390244,-0.0067269616,0.075928226
2737.8606209607456,7396.3916,6.3795753,-0.00393639,217498,1671.5075788593567,200.0691578937226,6911.6885,5.464412,3447.4417,2.291328,7396.3916,6.3795753,0,,,,,1671.5075788593567,0.00059752545,200.0691578937226,0.0006633903,-0.0063869534,0.0766608
2737.8675653433133,7389.4434,6.3810186,-0.0039364486,217499,1671.5068540391128,200.06902201301284,6905.4805,5.465648,3447.8284,2.2926145,7389.4434,6.3810186,0,,,,,1671.5068540391128,0.0005981202,200.06902201301284,0.0006642942,-0.0070905597,0.07631613
2737.874509725881,7381.418,6.379769,-0.0039365073,217500,1671.507775794087,200.06829875000457,6898.468,5.464578,3454.6326,2.2926774,7381.418,6.379769,0,,,,,1671.507775794087,0.0005986647,200.06829875000457,0.00066471373,-0.005860726,0.07639554
2737.8814541084485,7392.4756,6.384196,-0.003936566,217501,1671.5085185791042,200.06828369933925,6908.0938,5.46837,3453.8513,2.2942507,7392.4756,6.384196,0,,,,,1671.5085185791042,0.000598448,200.06828369933925,0.0006645167,-0.005763093,0.076799266
2737.888398491017,7388.2114,6.382506,-0.0039366246,217502,1671.5085505236239,200.06751555404372,6904.228,5.4669228,3452.0437,2.2933886,7388.2114,6.382506,0,,,,,1671.5085505236239,0.00059824076,200.06751555404372,0.00066483713,-0.006365832,0.07569121
2737.89534287405,7399.177,6.3831763,-0.003936683,217503,1671.5097995902092,200.06838660017914,6913.4595,5.4674964,3451.4224,2.29244,7399.177,6.3831763,0,,,,,1671.5097995902092,0.0005976477,200.06838660017914,0.0006638638,-0.006370898,0.07643345
2737.9022872566175,7384.795,6.3837104,-0.0039367415,217504,1671.5065784925234,200.07097846760962,6901.5215,5.4679537,3452.442,2.2953212,7384.795,6.3837104,0,,,,,1671.5065784925234,0.0005984977,200.07097846760962,0.0006651818,-0.007649524,0.0769521
2737.9092316391857,7388.4277,6.379921,-0.0039368,217505,1671.508328237608,200.06894686072545,6904.0483,5.4647083,3447.7441,2.2916908,7388.4277,6.379921,0,,,,,1671.508328237608,0.00059889926,200.06894686072545,0.0006644089,-0.0064363186,0.075787894
2737.916176022219,7392.095,6.380298,-0.0039368584,217506,1671.507960151123,200.06857032701996,6906.6904,5.465031,3448.447,2.2925773,7392.095,6.380298,0,,,,,1671.507960151123,0.0005979893,200.06857032701996,0.00066437264,-0.0072294357,0.07634659
2737.9231204047865,7400.3833,6.3819494,-0.003936917,217507,1671.50740888147,200.06939505966398,6913.872,5.466446,3447.6096,2.2916207,7400.3833,6.3819494,0,,,,,1671.50740888147,0.0005978911,200.06939505966398,0.00066374417,-0.006004736,0.076524235
2737.9300647878194,7374.2915,6.3755693,-0.0039369753,217508,1671.5084617951807,200.06835715292283,6891.7583,5.460981,3447.5503,2.291532,7374.2915,6.3755693,0,,,,,1671.5084617951807,0.00059853785,200.06835715292283,0.0006653054,-0.007123456,0.07658759
2737.9370091708533,7389.899,6.379886,-0.0039370335,217509,1671.5077157743585,200.0684074023608,6905.204,5.4646783,3442.5232,2.2899442,7389.899,6.379886,0,,,,,1671.5077157743585,0.0005978393,200.0684074023608,0.00066484703,-0.0062522334,0.07641281
2737.9439535534207,7386.965,6.376116,-0.003937092,217510,1671.5079389331481,200.0683683051093,6901.7485,5.4614487,3440.4045,2.2897086,7386.965,6.376116,0,,,,,1671.5079389331481,0.0005977712,200.0683683051093,0.0006638167,-0.005908972,0.07661281
2737.950897936454,7394.4565,6.3764267,-0.0039371504,217511,1671.5067290670436,200.06872479292753,6908.708,5.461715,3440.3572,2.2888217,7394.4565,6.3764267,0,,,,,1671.5067290670436,0.00059739454,200.06872479292753,0.00066339906,-0.007137942,0.077159055
2737.9578423194876,7392.61,6.3781595,-0.0039372086,217512,1671.5078868554347,200.0694928543015,6907.6694,5.463199,3433.387,2.2872343,7392.61,6.3781595,0,,,,,1671.5078868554347,0.00059749815,200.0694928543015,0.0006639692,-0.0062487186,0.077118725
2737.964786702521,7391.3647,6.373424,-0.0039372668,217513,1671.507738375173,200.0688476060125,6906.567,5.459143,3431.4646,2.2878265,7391.3647,6.373424,0,,,,,1671.507738375173,0.00059702253,200.0688476060125,0.00066362374,-0.006979269,0.07591885
2737.97173108602,7390.6055,6.3707767,-0.0039373245,217514,1671.5087312204819,200.06850564900634,6905.954,5.456876,3425.6177,2.2847054,7390.6055,6.3707767,0,,,,,1671.5087312204819,0.0005969239,200.06850564900634,0.0006632413,-0.0055962587,0.076501235
2737.9786754690535,7392.5557,6.3696756,-0.0039373827,217515,1671.5069434343839,200.06861984809248,6906.8477,5.4559326,3422.67,2.28423,7392.5557,6.3696756,0,,,,,1671.5069434343839,0.0005968042,200.06861984809248,0.00066308485,-0.0073244665,0.07695555
2737.985619852087,7399.3228,6.3717628,-0.003937441,217516,1671.5084594859106,200.0687502319379,6913.103,5.45772,3417.649,2.2839324,7399.3228,6.3717628,0,,,,,1671.5084594859106,0.0005963519,200.0687502319379,0.0006627546,-0.0060962737,0.07642198
2737.992564235586,7387.1387,6.366664,-0.0039374987,217517,1671.5072290141916,200.0673772980443,6902.329,5.453353,3417.211,2.282786,7387.1387,6.366664,0,,,,,1671.5072290141916,0.0005969792,200.0673772980443,0.0006630533,-0.0073877764,0.07720409
2737.999508618619,7393.365,6.3661876,-0.003937557,217518,1671.5082172520733,200.06971634275448,6907.983,5.452945,3408.7583,2.2813144,7393.365,6.3661876,0,,,,,1671.5082172520733,0.0005964306,200.06971634275448,0.0006625362,-0.005830869,0.07654657
2738.0064530021186,7390.43,6.363616,-0.0039376146,217519,1671.5071543034,200.06958847826053,6905.3105,5.4507422,3407.801,2.279829,7390.43,6.363616,0,,,,,1671.5071543034,0.00059637264,200.06958847826053,0.00066250283,-0.006081808,0.07637412
2738.013397385152,7401.025,6.361749,-0.003937673,217520,1671.5076914505316,200.06885927701612,6914.255,5.4491434,3396.4082,2.2773123,7401.025,6.361749,0,,,,,1671.5076914505316,0.00059565797,200.06885927701612,0.0006616012,-0.0069278246,0.07656063
2738.020341768651,7387.21,6.360911,-0.0039377306,217521,1671.5077103117092,200.06964295616646,6902.725,5.448425,3398.523,2.2787793,7387.21,6.360911,0,,,,,1671.5077103117092,0.0005963609,200.06964295616646,0.0006625093,-0.0065024886,0.07645327
2738.0272861521494,7384.76,6.359156,-0.0039377883,217522,1671.5076308160951,200.0693742986174,6899.6274,5.4469223,3398.102,2.2783163,7384.76,6.359156,0,,,,,1671.5076308160951,0.00059649214,200.0693742986174,0.00066226284,-0.006307586,0.07659543
2738.034230535649,7398.2676,6.360954,-0.003937846,217523,1671.5083040675922,200.06955889715107,6911.8643,5.448462,3396.0857,2.2767186,7398.2676,6.360954,0,,,,,1671.5083040675922,0.00059540453,200.06955889715107,0.0006616146,-0.0064575095,0.07720754
2738.0411749191476,7389.9565,6.3579206,-0.003937904,217524,1671.507957489082,200.06783189857865,6903.8916,5.4458637,3391.6575,2.2762601,7389.9565,6.3579206,0,,,,,1671.507957489082,0.00059584423,200.06783189857865,0.00066199346,-0.0060885716,0.076796986
2738.0481193026462,7393.19,6.3566566,-0.0039379615,217525,1671.5077802052813,200.06839308901925,6907.8843,5.444781,3387.8125,2.2746234,7393.19,6.3566566,0,,,,,1671.5077802052813,0.0005953521,200.06839308901925,0.00066148624,-0.007028138,0.07734429
2738.0550636861462,7394.108,6.3595023,-0.0039380193,217526,1671.5077531881632,200.06835637871578,6907.9346,5.447219,3389.3362,2.2752557,7394.108,6.3595023,0,,,,,1671.5077531881632,0.0005959455,200.06835637871578,0.0006619225,-0.006900821,0.076755695
2738.062008069645,7393.354,6.357423,-0.003938077,217527,1671.5077776715902,200.06893333037632,6907.2446,5.4454374,3392.7278,2.2751927,7393.354,6.357423,0,,,,,1671.5077776715902,0.00059569045,200.06893333037632,0.00066189206,-0.0068973913,0.07716311
2738.0689524536097,7385.2393,6.3582535,-0.0039381343,217528,1671.5068926408082,200.06891099496053,6900.663,5.446149,3393.8582,2.2771335,7385.2393,6.3582535,0,,,,,1671.5068926408082,0.0005959975,200.06891099496053,0.00066230213,-0.007169523,0.07678768
2738.0758968371088,7388.3623,6.3616667,-0.003938192,217529,1671.5075564040849,200.06888921068176,6903.054,5.4490724,3392.5396,2.2794807,7388.3623,6.3616667,0,,,,,1671.5075564040849,0.0005970005,200.06888921068176,0.00066219614,-0.006181617,0.07656807
2738.082841221074,7389.797,6.3620515,-0.0039382493,217530,1671.5081555188262,200.06873300030028,6904.953,5.4494023,3398.0195,2.2785408,7389.797,6.3620515,0,,,,,1671.5081555188262,0.00059603143,200.06873300030028,0.00066236197,-0.006818378,0.07738247
2738.0897856045726,7389.5186,6.3642035,-0.003938307,217531,1671.5069172354754,200.0686381876147,6903.918,5.451246,3400.6182,2.2796357,7389.5186,6.3642035,0,,,,,1671.5069172354754,0.00059656665,200.0686381876147,0.00066275505,-0.0070535867,0.0767478
2738.096729988537,7381.8203,6.3628373,-0.0039383643,217532,1671.509339179089,200.06885315497206,6897.4033,5.450075,3406.2485,2.2797816,7381.8203,6.3628373,0,,,,,1671.509339179089,0.0005967798,200.06885315497206,0.00066343095,-0.005658582,0.07624424
2738.103674372502,7391.1577,6.3641315,-0.0039384216,217533,1671.5072185215931,200.06855288046327,6905.798,5.451184,3406.663,2.2802496,7391.1577,6.3641315,0,,,,,1671.5072185215931,0.00059652736,200.06855288046327,0.0006623595,-0.0071433857,0.07718786
2738.110618756466,7386.125,6.3647585,-0.003938479,217534,1671.5085525028671,200.06964216829957,6901.0234,5.4517207,3411.6692,2.2815897,7386.125,6.3647585,0,,,,,1671.5085525028671,0.00059723883,200.06964216829957,0.0006631191,-0.0065997764,0.07685373
2738.117563140431,7404.173,6.368033,-0.003938536,217535,1671.508214812902,200.06839641923665,6916.316,5.454526,3411.1423,2.280822,7404.173,6.368033,0,,,,,1671.508214812902,0.00059601973,200.06839641923665,0.000662063,-0.0062891417,0.07693103
2738.1245075243955,7390.8364,6.3688407,-0.0039385934,217536,1671.5082727629815,200.0688795733537,6905.8687,5.4552174,3420.703,2.2841914,7390.8364,6.3688407,0,,,,,1671.5082727629815,0.0005966523,200.0688795733537,0.00066326064,-0.0066702794,0.077056706
2738.131451908361,7382.265,6.370201,-0.0039386507,217537,1671.508573123775,200.06812658238425,6898.329,5.4563828,3424.5903,2.2882965,7382.265,6.370201,0,,,,,1671.508573123775,0.0005977403,200.06812658238425,0.0006639482,-0.005781079,0.0762497
2738.138396292325,7396.481,6.3730416,-0.003938708,217538,1671.5075765539582,200.0687659519645,6910.172,5.458816,3424.9192,2.2875354,7396.481,6.3730416,0,,,,,1671.5075765539582,0.00059653504,200.0687659519645,0.0006628956,-0.0068609687,0.076640956
2738.1453406762903,7392.169,6.374342,-0.0039387653,217539,1671.5072266648797,200.06776947996408,6906.8594,5.4599295,3435.1445,2.287649,7392.169,6.374342,0,,,,,1671.5072266648797,0.0005974958,200.06776947996408,0.0006635603,-0.006879958,0.07712262
2738.1522850602555,7386.7446,6.374069,-0.0039388225,217540,1671.5075873930698,200.06804168460405,6901.4595,5.459696,3436.8867,2.2882736,7386.7446,6.374069,0,,,,,1671.5075873930698,0.00059810316,200.06804168460405,0.00066375424,-0.0067981323,0.077625714
2738.159229444685,7394.885,6.3759828,-0.0039388794,217541,1671.507732927957,200.0691962750101,6909.0938,5.4613347,3436.7937,2.2883215,7394.885,6.3759828,0,,,,,1671.507732927957,0.00059726177,200.0691962750101,0.0006635894,-0.0067563984,0.07700416
2738.16617382865,7396.46,6.378212,-0.0039389366,217542,1671.507587548282,200.06912901055682,6910.3125,5.4632444,3442.3777,2.289242,7396.46,6.378212,0,,,,,1671.507587548282,0.00059743604,200.06912901055682,0.0006635295,-0.0065444936,0.077246584
2738.17311821308,7397.254,6.3807673,-0.0039389934,217543,1671.5052953470529,200.06975983783062,6910.9087,5.465433,3446.3262,2.2919705,7397.254,6.3807673,0,,,,,1671.5052953470529,0.0005976757,200.06975983783062,0.00066393655,-0.0074276533,0.077203535
2738.1800625975106,7389.3794,6.378163,-0.0039390502,217544,1671.5085176155826,200.06873626041303,6904.0405,5.4632025,3446.805,2.2907083,7389.3794,6.378163,0,,,,,1671.5085176155826,0.00059816515,200.06873626041303,0.00066431356,-0.0063394117,0.07693752
2738.187006981941,7397.672,6.381977,-0.003939107,217545,1671.5076146937513,200.0691236067474,6911.263,5.4664693,3450.1077,2.2931094,7397.672,6.381977,0,,,,,1671.5076146937513,0.00059759547,200.0691236067474,0.00066391716,-0.0069632903,0.077157736
2738.193951365906,7383.6274,6.381537,-0.0039391643,217546,1671.507574102514,200.0683824249456,6898.4844,5.466092,3452.9512,2.293408,7383.6274,6.381537,0,,,,,1671.507574102514,0.00059931236,200.0683824249456,0.00066496065,-0.007941507,0.077686474
2738.2008957503363,7389.246,6.380603,-0.003939221,217547,1671.5072215438297,200.06869288408592,6904.0757,5.4652925,3450.745,2.2932267,7389.246,6.380603,0,,,,,1671.5072215438297,0.0005979535,200.06869288408592,0.00066421967,-0.0057928753,0.07730889
2738.2078401347662,7378.7803,6.379156,-0.003939278,217548,1671.5083784817273,200.0682820669529,6895.203,5.464053,3453.0305,2.2933323,7378.7803,6.379156,0,,,,,1671.5083784817273,0.0005986779,200.0682820669529,0.0006648708,-0.0069696065,0.07721041
2738.214784519662,7382.644,6.376696,-0.0039393343,217549,1671.5067747834746,200.06834040413682,6898.2266,5.461946,3447.85,2.2904425,7382.644,6.376696,0,,,,,1671.5067747834746,0.0005985446,200.06834040413682,0.0006646918,-0.0077459225,0.076827645
2738.221728904093,7385.0166,6.37594,-0.003939391,217550,1671.506762619956,200.06874940136478,6900.5693,5.4612985,3442.9973,2.2900162,7385.0166,6.37594,0,,,,,1671.506762619956,0.00059812336,200.06874940136478,0.0006644715,-0.006639939,0.07729545
2738.2286732885236,7385.171,6.3740544,-0.003939448,217551,1671.5073943087193,200.0695150533201,6899.632,5.459683,3440.1868,2.2882075,7385.171,6.3740544,0,,,,,1671.5073943087193,0.0005980593,200.0695150533201,0.00066429557,-0.0066602556,0.076687954
2738.235617672954,7401.3813,6.378714,-0.0039395047,217552,1671.5074390720854,200.0694787034328,6912.7637,5.4636745,3438.9934,2.2891603,7401.3813,6.378714,0,,,,,1671.5074390720854,0.00059739145,200.0694787034328,0.00066357944,-0.0063676094,0.077318735
2738.242562057849,7387.369,6.373239,-0.003939561,217553,1671.5075833164603,200.06814087299344,6902.3926,5.458985,3433.0732,2.2873251,7387.369,6.373239,0,,,,,1671.5075833164603,0.00059767405,200.06814087299344,0.0006636631,-0.007604636,0.0772464
2738.2495064422806,7397.279,6.3702116,-0.003939618,217554,1671.5075056094136,200.06780161318883,6908.466,5.4563913,3424.5579,2.2845485,7397.279,6.3702116,0,,,,,1671.5075056094136,0.0005970456,200.06780161318883,0.00066261576,-0.00667438,0.07700698
2738.256450827176,7397.9688,6.3695464,-0.0039396742,217555,1671.5086401781502,200.0686351108593,6911.275,5.4558215,3413.9177,2.282443,7397.9688,6.3695464,0,,,,,1671.5086401781502,0.00059656135,200.0686351108593,0.0006627056,-0.0065616136,0.07783916
2738.263395212072,7400.435,6.3685465,-0.0039397306,217556,1671.5072172101793,200.06965551514938,6913.235,5.454965,3415.5356,2.2832491,7400.435,6.3685465,0,,,,,1671.5072172101793,0.00059620006,200.06965551514938,0.0006620039,-0.007092599,0.078101106
2738.270339596968,7402.781,6.367245,-0.003939787,217557,1671.5071486268112,200.06919667805496,6914.869,5.4538507,3402.8022,2.2799852,7402.781,6.367245,0,,,,,1671.5071486268112,0.000595925,200.06919667805496,0.0006621645,-0.0069417525,0.07792969
2738.277283981399,7392.6963,6.361707,-0.0039398437,217558,1671.5071723443198,200.07111631922217,6905.759,5.449107,3400.0342,2.2790556,7392.6963,6.361707,0,,,,,1671.5071723443198,0.00059614726,200.07111631922217,0.0006623508,-0.00789372,0.077803046
2738.2842283662944,7396.2295,6.358417,-0.0039399,217559,1671.5080513199782,200.0685077977209,6909.875,5.446289,3387.0212,2.2755003,7396.2295,6.358417,0,,,,,1671.5080513199782,0.0005953584,200.0685077977209,0.0006611849,-0.0069185775,0.07740506
2738.29117275119,7394.5386,6.354246,-0.0039399564,217560,1671.5072673227867,200.06795418845604,6907.8843,5.4427166,3381.3787,2.2728145,7394.5386,6.354246,0,,,,,1671.5072673227867,0.0005951602,200.06795418845604,0.00066100777,-0.0069354014,0.07771958
2738.2981171365523,7393.829,6.3497853,-0.0039400123,217561,1671.5066399629534,200.07021417097255,6907.215,5.4388957,3368.4883,2.2696977,7393.829,6.3497853,0,,,,,1671.5066399629534,0.0005945522,200.07021417097255,0.0006608154,-0.007396311,0.077248365
2738.3050615214474,7407.6494,6.3481064,-0.0039400687,217562,1671.5082946148073,200.06830092281118,6918.772,5.4374576,3355.1704,2.2670467,7407.6494,6.3481064,0,,,,,1671.5082946148073,0.0005936996,200.06830092281118,0.0006592849,-0.0061701704,0.07705393
2738.3120059063444,7396.835,6.344307,-0.003940125,217563,1671.5067367438228,200.0691166061622,6909.306,5.434203,3349.8118,2.265684,7396.835,6.344307,0,,,,,1671.5067367438228,0.0005941139,200.0691166061622,0.0006598827,-0.0070826192,0.07773224
2738.3189502912405,7396.0947,6.340304,-0.0039401813,217564,1671.5079772680313,200.06788163148414,6908.164,5.430774,3340.7952,2.2624943,7396.0947,6.340304,0,,,,,1671.5079772680313,0.00059365283,200.06788163148414,0.00065961323,-0.006502238,0.07730088
2738.3258946766027,7395.185,6.337075,-0.003940237,217565,1671.5074601468013,200.06904913550247,6908.7256,5.428009,3326.144,2.2598987,7395.185,6.337075,0,,,,,1671.5074601468013,0.0005938741,200.06904913550247,0.00065909454,-0.006821516,0.077945985
2738.3328390614984,7386.052,6.3345056,-0.0039402936,217566,1671.5076979365365,200.06962178656,6900.6855,5.4258075,3318.355,2.25977,7386.052,6.3345056,0,,,,,1671.5076979365365,0.0005931721,200.06962178656,0.00065988296,-0.008092806,0.077243075
2738.3397834468597,7402.946,6.329127,-0.0039403494,217567,1671.5081976283755,200.0686408727761,6914.502,5.4212008,3306.8687,2.2537777,7402.946,6.329127,0,,,,,1671.5081976283755,0.0005921143,200.0686408727761,0.00065773784,-0.0071247155,0.077133134
2738.346727832222,7394.5513,6.3231015,-0.0039404053,217568,1671.5070791278667,200.0685590316096,6907.9443,5.4160395,3293.911,2.2508097,7394.5513,6.3231015,0,,,,,1671.5070791278667,0.00059218775,200.0685590316096,0.0006572951,-0.0067140753,0.07686557
2738.3536722175827,7396.9985,6.320374,-0.003940461,217569,1671.507910479764,200.0692204736378,6909.839,5.4137034,3283.4294,2.2469575,7396.9985,6.320374,0,,,,,1671.507910479764,0.00059182406,200.0692204736378,0.00065735605,-0.0068692425,0.077524364
2738.360616602479,7391.7334,6.315109,-0.0039405175,217570,1671.5072431800743,200.06801290472941,6905.876,5.4091935,3277.0085,2.2456834,7391.7334,6.315109,0,,,,,1671.5072431800743,0.0005912375,200.06801290472941,0.00065687345,-0.006725934,0.077245355
2738.3675609878405,7391.9414,6.3128643,-0.0039405734,217571,1671.5078367655528,200.06899884597306,6905.458,5.407271,3269.0212,2.2447996,7391.9414,6.3128643,0,,,,,1671.5078367655528,0.0005913708,200.06899884597306,0.0006566985,-0.0071014827,0.078480005
2738.374505373202,7387.595,6.3102584,-0.0039406293,217572,1671.5077130541658,200.06943304190668,6901.7754,5.405039,3261.8652,2.2425141,7387.595,6.3102584,0,,,,,1671.5077130541658,0.0005911949,200.06943304190668,0.00065700937,-0.007547807,0.07765202
2738.381449759029,7386.4,6.3091817,-0.0039406847,217573,1671.507300202935,200.06970743082434,6900.3813,5.4041166,3252.1328,2.2392924,7386.4,6.3091817,0,,,,,1671.507300202935,0.0005916094,200.06970743082434,0.00065697107,-0.006917795,0.07752912
2738.3883941443914,7382.031,6.302961,-0.0039407406,217574,1671.5081408202857,200.0690647437939,6897.1,5.398788,3246.5557,2.2364993,7382.031,6.302961,0,,,,,1671.5081408202857,0.0005911832,200.0690647437939,0.0006562801,-0.006737131,0.07735438
2738.395338529753,7392.189,6.300717,-0.0039407965,217575,1671.506349796302,200.06897709359242,6905.47,5.3968663,3242.5737,2.234545,7392.189,6.300717,0,,,,,1671.506349796302,0.00058977894,200.06897709359242,0.00065541046,-0.007705782,0.07772074
2738.402282915115,7392.833,6.299547,-0.0039408524,217576,1671.5060833015134,200.07042273695328,6906.0913,5.3958645,3235.2537,2.232796,7392.833,6.299547,0,,,,,1671.5060833015134,0.00058965845,200.07042273695328,0.0006550579,-0.0073230704,0.0787392
2738.4092273009423,7392.679,6.2967906,-0.003940908,217577,1671.507759134911,200.06867357258926,6906.1426,5.393503,3230.36,2.2316875,7392.679,6.2967906,0,,,,,1671.507759134911,0.00058944814,200.06867357258926,0.000654856,-0.0070170327,0.07762867
2738.416171686304,7405.5005,6.297065,-0.0039409637,217578,1671.507618977574,200.0698868874569,6917.137,5.393738,3222.3496,2.2291894,7405.5005,6.297065,0,,,,,1671.507618977574,0.0005883941,200.0698868874569,0.00065398036,-0.0075623724,0.078598864
2738.423116072131,7394.7896,6.294079,-0.003941019,217579,1671.5072998180858,200.06911099912602,6907.7383,5.3911805,3223.5623,2.2295103,7394.7896,6.294079,0,,,,,1671.5072998180858,0.0005893789,200.06911099912602,0.00065441267,-0.0070372922,0.07723458
2738.430060457958,7384.4883,6.294627,-0.0039410745,217580,1671.5075123010552,200.06976469014307,6899.2,5.3916497,3225.0786,2.230759,7384.4883,6.294627,0,,,,,1671.5075123010552,0.0005896471,200.06976469014307,0.0006554915,-0.007571448,0.07820721
2738.43700484332,7385.3037,6.291825,-0.0039411304,217581,1671.5067580401758,200.06901716043956,6898.6406,5.38925,3221.9521,2.2292213,7385.3037,6.291825,0,,,,,1671.5067580401758,0.00058998575,200.06901716043956,0.0006550801,-0.007381306,0.07825453
2738.443949229148,7393.0044,6.2972236,-0.003941186,217582,1671.5068730728447,200.0689994257171,6906.359,5.393874,3225.3308,2.231527,7393.0044,6.2972236,0,,,,,1671.5068730728447,0.0005898582,200.0689994257171,0.0006545587,-0.007447103,0.07842716
2738.450893614975,7388.2334,6.294069,-0.003941241,217583,1671.5084416169666,200.06937779980635,6901.6143,5.3911715,3224.4846,2.2302577,7388.2334,6.294069,0,,,,,1671.5084416169666,0.00058941083,200.06937779980635,0.0006550614,-0.006784141,0.07803945
2738.457838000802,7400.0796,6.2950106,-0.0039412966,217584,1671.5076394303933,200.06831685078836,6911.4463,5.3919783,3224.1265,2.2296124,7400.0796,6.2950106,0,,,,,1671.5076394303933,0.0005888955,200.06831685078836,0.000654228,-0.0061438554,0.078055896
2738.4647823866294,7401.874,6.2973814,-0.003941352,217585,1671.507906647324,200.06890729680927,6912.962,5.394009,3223.5054,2.2307477,7401.874,6.2973814,0,,,,,1671.507906647324,0.0005892165,200.06890729680927,0.0006546371,-0.0071321386,0.077547
2738.4717267729225,7395.595,6.2985973,-0.003941407,217586,1671.506936191175,200.06892189446506,6908.4116,5.3950505,3230.5242,2.2324069,7395.595,6.2985973,0,,,,,1671.506936191175,0.0005891993,200.06892189446506,0.00065515237,-0.008592017,0.078368135
2738.478671158749,7389.3403,6.3014674,-0.0039414624,217587,1671.5066495720641,200.06943226500456,6902.9814,5.397509,3239.1902,2.236884,7389.3403,6.3014674,0,,,,,1671.5066495720641,0.00058997533,200.06943226500456,0.00065578317,-0.007365313,0.07783094
2738.485615544577,7396.3604,6.3027663,-0.003941518,217588,1671.508634945947,200.06924699906648,6909.027,5.398621,3238.0842,2.2367427,7396.3604,6.3027663,0,,,,,1671.508634945947,0.00058986974,200.06924699906648,0.0006548801,-0.0064816647,0.077790104
2738.4925599308704,7399.9556,6.303386,-0.0039415727,217589,1671.5070092481271,200.0699440575705,6911.0947,5.3991523,3243.56,2.235466,7399.9556,6.303386,0,,,,,1671.5070092481271,0.00058974203,200.0699440575705,0.0006550404,-0.0060576787,0.078905314
2738.4995043166973,7389.666,6.3022695,-0.003941628,217590,1671.5066913683074,200.069382444665,6903.5654,5.3981957,3248.0083,2.2361138,7389.666,6.3022695,0,,,,,1671.5066913683074,0.0005903643,200.069382444665,0.000655845,-0.0074372943,0.07764211
2738.506448702991,7399.772,6.3079853,-0.003941683,217591,1671.5065476199284,200.06943557178764,6911.803,5.403092,3255.3315,2.2384884,7399.772,6.3079853,0,,,,,1671.5065476199284,0.00059041387,200.06943557178764,0.00065569096,-0.006505592,0.07780798
2738.5133930888182,7394.8774,6.3082247,-0.0039417385,217592,1671.5076282889095,200.06917944332113,6907.823,5.403297,3261.2659,2.2399333,7394.8774,6.3082247,0,,,,,1671.5076282889095,0.00059061765,200.06917944332113,0.0006559399,-0.00684707,0.077695034
2738.5203374751113,7400.0464,6.3159094,-0.0039417935,217593,1671.506936409677,200.0687631045088,6912.0693,5.409879,3271.5684,2.2438526,7400.0464,6.3159094,0,,,,,1671.506936409677,0.00059094327,200.0687631045088,0.00065664045,-0.007239228,0.07815647
2738.5272818614035,7395.315,6.318742,-0.0039418484,217594,1671.5073101396295,200.07054730954255,6908.492,5.4123054,3278.973,2.2463908,7395.315,6.318742,0,,,,,1671.5073101396295,0.000591717,200.07054730954255,0.0006570901,-0.0076209414,0.0787039
2738.534226247697,7390.3105,6.3195996,-0.0039419034,217595,1671.5064041938842,200.06862159439197,6903.284,5.41304,3290.3728,2.2489064,7390.3105,6.3195996,0,,,,,1671.5064041938842,0.0005920809,200.06862159439197,0.00065790437,-0.0069856527,0.07812487
2738.5411706339905,7398.936,6.325442,-0.0039419583,217596,1671.508055719943,200.06991131952864,6911.0176,5.418044,3302.6394,2.2508469,7398.936,6.325442,0,,,,,1671.508055719943,0.0005919679,200.06991131952864,0.0006577874,-0.0070573706,0.07809767
2738.5481150202827,7398.097,6.329757,-0.0039420133,217597,1671.5065087903818,200.06968453747567,6911.181,5.4217405,3315.5447,2.2546742,7398.097,6.329757,0,,,,,1671.5065087903818,0.0005922415,200.06968453747567,0.00065804215,-0.007270479,0.07745263
2738.5550594065758,7401.856,6.3354287,-0.003942068,217598,1671.5071128231502,200.06878340749878,6913.5845,5.426598,3320.9602,2.2592864,7401.856,6.3354287,0,,,,,1671.5071128231502,0.0005929506,200.06878340749878,0.00065825135,-0.007158357,0.077960886
2738.5620037933345,7403.4663,6.3416977,-0.0039421227,217599,1671.5080760522426,200.0691211561175,6915.8374,5.431968,3336.6777,2.262289,7403.4663,6.3416977,0,,,,,1671.5080760522426,0.0005937997,200.0691211561175,0.0006589381,-0.0063992436,0.07728746
2738.5689481796276,7395.2173,6.3456717,-0.0039421776,217600,1671.5061110030547,200.0698325210708,6908.347,5.435372,3354.412,2.2661426,7395.2173,6.3456717,0,,,,,1671.5061110030547,0.000594458,200.0698325210708,0.00066039193,-0.007551276,0.07826682
2738.57589256592,7388.3604,6.3488317,-0.0039422326,217601,1671.5075425168745,200.06892498798317,6903.0186,5.438079,3369.0684,2.2689247,7388.3604,6.3488317,0,,,,,1671.5075425168745,0.0005954249,200.06892498798317,0.00066124485,-0.0076409485,0.07852315
2738.5828369526794,7387.709,6.355879,-0.003942287,217602,1671.507196909541,200.06925201240298,6901.17,5.444115,3388.8677,2.274884,7387.709,6.355879,0,,,,,1671.507196909541,0.0005958619,200.06925201240298,0.0006621827,-0.0070128273,0.07777646
2738.5897813389724,7402.3076,6.3630753,-0.003942342,217603,1671.5075261248544,200.06805604816913,6915.177,5.450279,3399.5908,2.2780159,7402.3076,6.3630753,0,,,,,1671.5075261248544,0.0005954953,200.06805604816913,0.0006616055,-0.0070298924,0.07782182
2738.596725725731,7395.52,6.368563,-0.0039423965,217604,1671.507604461515,200.06931476745316,6907.939,5.45498,3414.4597,2.2831626,7395.52,6.368563,0,,,,,1671.507604461515,0.0005969212,200.06931476745316,0.00066269614,-0.008161756,0.08150434
2738.60367011249,7379.0664,6.3696685,-0.003942451,217605,1671.5074855462228,200.06854182623889,6895.103,5.4559264,3429.322,2.2867138,7379.0664,6.3696685,0,,,,,1671.5074855462228,0.0005979913,200.06854182623889,0.00066437287,-0.0071339994,0.07781479
2738.6106144992486,7398.7393,6.379068,-0.0039425055,217606,1671.508636598464,200.06937036429744,6911.202,5.463978,3444.7986,2.2900016,7398.7393,6.379068,0,,,,,1671.508636598464,0.0005973443,200.06937036429744,0.00066336803,-0.007465323,0.077913105
2738.617558886007,7394.076,6.386513,-0.00394256,217607,1671.507488063435,200.06924462428967,6907.2407,5.470355,3466.0347,2.2961853,7394.076,6.386513,0,,,,,1671.507488063435,0.0005983137,200.06924462428967,0.0006649664,-0.00777123,0.07795609
2738.6245032722995,7393.159,6.390263,-0.003942615,217608,1671.5077720497854,200.06932580848607,6906.4473,5.473567,3476.1511,2.2998478,7393.159,6.390263,0,,,,,1671.5077720497854,0.0005989065,200.06932580848607,0.0006655714,-0.0066967118,0.07741986
2738.631447659525,7392.7324,6.39623,-0.003942669,217609,1671.5075871466402,200.06939817991386,6906.798,5.4786777,3489.2786,2.3030868,7392.7324,6.39623,0,,,,,1671.5075871466402,0.0005996654,200.06939817991386,0.0006662981,-0.0069461144,0.07847987
2738.6383920462836,7391.088,6.3990283,-0.0039427234,217610,1671.5073191063284,200.06868589095768,6905.8555,5.481075,3502.0713,2.3055267,7391.088,6.3990283,0,,,,,1671.5073191063284,0.0005997473,200.06868589095768,0.00066643185,-0.00749162,0.077571504
2738.645336433042,7389.602,6.405804,-0.003942778,217611,1671.5071180543218,200.06872192897137,6903.727,5.4868784,3519.1055,2.3099,7389.602,6.405804,0,,,,,1671.5071180543218,0.00060101156,200.06872192897137,0.0006674041,-0.008643278,0.07866728
2738.6522808198,7401.856,6.4131975,-0.0039428324,217612,1671.5083799250676,200.06871890305817,6913.2085,5.4932113,3532.0898,2.3145282,7401.856,6.4131975,0,,,,,1671.5083799250676,0.00060093857,200.06871890305817,0.0006671115,-0.006419726,0.07875054
2738.6592252070245,7397.759,6.4149384,-0.0039428864,217613,1671.5066949207796,200.06889922894388,6910.8447,5.4947023,3543.2092,2.316456,7397.759,6.4149384,0,,,,,1671.5066949207796,0.0006012549,200.06889922894388,0.00066769094,-0.008238729,0.080405116
2738.6661695937833,7392.981,6.4227977,-0.003942941,217614,1671.5075185849887,200.06949515687248,6907.0806,5.5014343,3557.4807,2.3238487,7392.981,6.4227977,0,,,,,1671.5075185849887,0.00060195447,200.06949515687248,0.0006687959,-0.007250994,0.078828216
2738.6731139810067,7390.404,6.4222007,-0.003942995,217615,1671.5073250441774,200.06976710466856,6904.106,5.500923,3565.332,2.322582,7390.404,6.4222007,0,,,,,1671.5073250441774,0.00060246873,200.06976710466856,0.00066882104,-0.007283794,0.078550145
2738.680058367766,7394.0996,6.4266086,-0.0039430493,217616,1671.5078488587967,200.06907522353717,6907.395,5.5046983,3570.7139,2.324459,7394.0996,6.4266086,0,,,,,1671.5078488587967,0.0006023887,200.06907522353717,0.0006696275,-0.0074939793,0.07779374
2738.68700275499,7401.76,6.428644,-0.0039431034,217617,1671.5076222975529,200.06891279196583,6914.044,5.5064416,3575.4653,2.3250227,7401.76,6.428644,0,,,,,1671.5076222975529,0.0006021697,200.06891279196583,0.00066882855,-0.006876694,0.07745933
2738.6939471422143,7383.691,6.4279246,-0.0039431574,217618,1671.5074044279008,200.06919014317074,6898.1514,5.505826,3580.5542,2.326946,7383.691,6.4279246,0,,,,,1671.5074044279008,0.0006034665,200.06919014317074,0.0006704628,-0.008141984,0.081346765
2738.7008915294396,7400.4175,6.432617,-0.0039432114,217619,1671.5059348381187,200.06996437216716,6912.8794,5.5098453,3585.3232,2.3273463,7400.4175,6.432617,0,,,,,1671.5059348381187,0.0006030359,200.06996437216716,0.0006697915,-0.008177018,0.07830074
2738.707835916664,7399.7974,6.4348474,-0.0039432654,217620,1671.5068996373575,200.06915360359724,6912.0723,5.511755,3592.1724,2.3294592,7399.7974,6.4348474,0,,,,,1671.5068996373575,0.0006033107,200.06915360359724,0.000669757,-0.006554293,0.078074925
2738.7147803038883,7396.383,6.4344945,-0.0039433194,217621,1671.5078004425397,200.06858922491998,6908.7837,5.511453,3594.4812,2.329579,7396.383,6.4344945,0,,,,,1671.5078004425397,0.00060334976,200.06858922491998,0.0006698803,-0.0062737805,0.07822192
2738.721724691112,7401.116,6.4388156,-0.0039433734,217622,1671.5068666892053,200.06908427413933,6912.861,5.5151544,3594.6025,2.3331957,7401.116,6.4388156,0,,,,,1671.5068666892053,0.0006036429,200.06908427413933,0.0006700866,-0.007770797,0.078228
2738.7286690783367,7384.858,6.43663,-0.0039434275,217623,1671.5076843020042,200.06961906743618,6899.688,5.513282,3602.0835,2.3333566,7384.858,6.43663,0,,,,,1671.5076843020042,0.00060402555,200.06961906743618,0.0006712156,-0.007445232,0.077926174
2738.7356134655606,7388.7905,6.4367304,-0.0039434815,217624,1671.506836360346,200.0702660232072,6903.327,5.513368,3601.2874,2.3330343,7388.7905,6.4367304,0,,,,,1671.506836360346,0.00060376036,200.0702660232072,0.00067098456,-0.007954261,0.08127271
2738.74255785325,7396.112,6.4428897,-0.003943535,217625,1671.5074265340234,200.0690938423603,6909.7773,5.518644,3605.1084,2.3345187,7396.112,6.4428897,0,,,,,1671.5074265340234,0.0006036861,200.0690938423603,0.00067071524,-0.0075557884,0.07824376
2738.749502240475,7394.5757,6.4397063,-0.003943589,217626,1671.5080235463695,200.06872605562438,6908.341,5.5159173,3604.9902,2.3343463,7394.5757,6.4397063,0,,,,,1671.5080235463695,0.0006038653,200.06872605562438,0.00067060854,-0.006698491,0.07833112
2738.7564466276995,7397.8135,6.442495,-0.003943643,217627,1671.5072602703922,200.07052196988568,6910.131,5.5183063,3606.2297,2.3352776,7397.8135,6.442495,0,,,,,1671.5072602703922,0.0006044195,200.07052196988568,0.0006708761,-0.0071974127,0.07816419
2738.7633910153895,7394.468,6.4426126,-0.0039436966,217628,1671.5080023768485,200.0695775515025,6907.7173,5.518407,3612.1143,2.336048,7394.468,6.4426126,0,,,,,1671.5080023768485,0.0006040432,200.0695775515025,0.00067137304,-0.007359121,0.07823297
2738.770335403079,7387.6606,6.440475,-0.00394375,217629,1671.5070701262982,200.06921733801096,6901.8896,5.516576,3613.0095,2.3348176,7387.6606,6.440475,0,,,,,1671.5070701262982,0.0006044658,200.06921733801096,0.000671464,-0.0074752984,0.08058633
2738.777279790304,7396.882,6.441374,-0.003943804,217630,1671.5059583208165,200.06923079422836,6909.778,5.517346,3609.2507,2.3346934,7396.882,6.441374,0,,,,,1671.5059583208165,0.0006038308,200.06923079422836,0.00067094865,-0.008009312,0.07845161
2738.784224177993,7395.145,6.447086,-0.0039438577,217631,1671.5079071305274,200.06980680867278,6908.5537,5.5222383,3623.0862,2.340457,7395.145,6.447086,0,,,,,1671.5079071305274,0.0006043912,200.06980680867278,0.0006714281,-0.006823175,0.07810291
2738.791168565683,7399.315,6.4454813,-0.0039439113,217632,1671.5076895715233,200.06789601700788,6911.9746,5.520864,3619.4998,2.3379176,7399.315,6.4454813,0,,,,,1671.5076895715233,0.00060449215,200.06789601700788,0.0006711504,-0.006915437,0.07759232
2738.798112953373,7381.454,6.445709,-0.003943965,217633,1671.5078226722683,200.06815709223488,6896.958,5.521059,3631.1218,2.3393877,7381.454,6.445709,0,,,,,1671.5078226722683,0.0006059845,200.06815709223488,0.0006721101,-0.00674217,0.08104995
2738.805057341064,7392.137,6.4487205,-0.0039440184,217634,1671.5073895275254,200.06883900745052,6906.0625,5.523638,3633.7112,2.340274,7392.137,6.4487205,0,,,,,1671.5073895275254,0.0006052504,200.06883900745052,0.0006715387,-0.007343404,0.08137562
2738.812001728754,7389.446,6.4502826,-0.003944072,217635,1671.5068936971707,200.06986268185727,6903.7524,5.5249763,3636.84,2.3419828,7389.446,6.4502826,0,,,,,1671.5068936971707,0.0006054023,200.06986268185727,0.0006723491,-0.0068394328,0.078186415
2738.818946116909,7404.09,6.453319,-0.003944125,217636,1671.5068176362076,200.070013246179,6915.491,5.527577,3638.411,2.342333,7404.09,6.453319,0,,,,,1671.5068176362076,0.00060468947,200.070013246179,0.00067161483,-0.007126648,0.07849024
2738.8258905046,7405.623,6.457563,-0.0039441786,217637,1671.506901946608,200.06923388095655,6917.222,5.531212,3644.1826,2.3464062,7405.623,6.457563,0,,,,,1671.506901946608,0.00060444453,200.06923388095655,0.00067189353,-0.0077121495,0.078702785
2738.832834892289,7397.18,6.454717,-0.003944232,217638,1671.5074854802685,200.0701610225422,6910.3315,5.5287747,3647.0315,2.345494,7397.18,6.454717,0,,,,,1671.5074854802685,0.00060543005,200.0701610225422,0.0006720151,-0.008139875,0.07851215
2738.839779280445,7397.6274,6.455363,-0.003944285,217639,1671.5070731961762,200.07052204973024,6910.8716,5.529328,3645.4763,2.3456106,7397.6274,6.455363,0,,,,,1671.5070731961762,0.0006052788,200.07052204973024,0.00067214447,-0.007023781,0.07772052
2738.846723668135,7388.9077,6.4575634,-0.0039443388,217640,1671.5068057186754,200.06895103285115,6903.27,5.5312123,3655.6558,2.3473246,7388.9077,6.4575634,0,,,,,1671.5068057186754,0.00060584734,200.06895103285115,0.00067320996,-0.0075242296,0.07845847
2738.8536680562906,7389.756,6.4572673,-0.003944392,217641,1671.5075933185808,200.06840782796053,6903.8745,5.530959,3652.9626,2.3464055,7389.756,6.4572673,0,,,,,1671.5075933185808,0.00060604396,200.06840782796053,0.00067305705,-0.0076097,0.078872
2738.8606124444464,7394.077,6.4567122,-0.003944445,217642,1671.50679849912,200.06903337932187,6907.1836,5.5304837,3654.204,2.3463223,7394.077,6.4567122,0,,,,,1671.50679849912,0.0006060344,200.06903337932187,0.00067270984,-0.0073269624,0.078552306
2738.8675568321355,7401.0874,6.4563365,-0.0039444985,217643,1671.5075212000208,200.06931143823402,6914.046,5.530162,3651.1724,2.345205,7401.0874,6.4563365,0,,,,,1671.5075212000208,0.0006052273,200.06931143823402,0.0006723099,-0.007205352,0.077837214
2738.874501220292,7398.648,6.459864,-0.0039445516,217644,1671.5071936589409,200.06898870627185,6911.321,5.5331836,3662.4634,2.3474524,7398.648,6.459864,0,,,,,1671.5071936589409,0.0006053796,200.06898870627185,0.0006728574,-0.0073779314,0.07889705
2738.8814456084474,7398.712,6.458997,-0.0039446047,217645,1671.5065442673845,200.06937723668196,6911.423,5.53244,3655.8684,2.3476675,7398.712,6.458997,0,,,,,1671.5065442673845,0.00060579,200.06937723668196,0.00067265966,-0.007681018,0.0787042
2738.8883899966027,7391.061,6.4576473,-0.0039446577,217646,1671.5074546767469,200.06914000171776,6904.98,5.531285,3655.367,2.3465633,7391.061,6.4576473,0,,,,,1671.5074546767469,0.0006064123,200.06914000171776,0.00067311246,-0.0076045743,0.08088284
2738.8953343847584,7396.3125,6.4588475,-0.003944711,217647,1671.5066199529485,200.06971626283206,6908.3945,5.532313,3653.9722,2.3492737,7396.3125,6.4588475,0,,,,,1671.5066199529485,0.00060575095,200.06971626283206,0.00067270454,-0.007969327,0.07864896
2738.9022787729145,7383.5347,6.454376,-0.003944764,217648,1671.5066246645067,200.06969969086734,6897.674,5.528483,3655.9253,2.345788,7383.5347,6.454376,0,,,,,1671.5066246645067,0.00060650293,200.06969969086734,0.00067333196,-0.007991098,0.07867082
2738.9092231615364,7393.607,6.4598722,-0.0039448165,217649,1671.5075469230026,200.06885954796203,6907.2993,5.5331903,3649.1106,2.347947,7393.607,6.4598722,0,,,,,1671.5075469230026,0.0006060297,200.06885954796203,0.0006731615,-0.00686403,0.086035445
2738.916167549691,7387.072,6.455073,-0.0039448696,217650,1671.507364979521,200.06916897163723,6901.2583,5.52908,3650.398,2.3454645,7387.072,6.455073,0,,,,,1671.507364979521,0.00060567993,200.06916897163723,0.00067345204,-0.0072803427,0.082869016
2738.9231119378474,7393.125,6.454104,-0.0039449227,217651,1671.5079899747857,200.0691488866605,6905.283,5.5282497,3648.019,2.3437636,7393.125,6.454104,0,,,,,1671.5079899747857,0.0006057942,200.0691488866605,0.0006727505,-0.0066418443,0.0783843
2738.9300563264683,7403.5366,6.4545016,-0.0039449753,217652,1671.5081765369418,200.06973018107982,6915.364,5.52859,3641.9226,2.3429947,7403.5366,6.4545016,0,,,,,1671.5081765369418,0.0006051103,200.06973018107982,0.00067192706,-0.0075543644,0.07782195
2738.937000715089,7394.5664,6.450114,-0.003945028,217653,1671.5072589780118,200.0682418530858,6906.394,5.5248313,3637.5999,2.341541,7394.5664,6.450114,0,,,,,1671.5072589780118,0.0006053038,200.0682418530858,0.00067187956,-0.007672903,0.08125619
2738.9439451032454,7405.419,6.4510293,-0.003945081,217654,1671.5069692441796,200.06870577974374,6916.5596,5.525616,3634.6753,2.3410585,7405.419,6.4510293,0,,,,,1671.5069692441796,0.00060443155,200.06870577974374,0.00067104603,-0.007957817,0.081405774
2738.9508894918667,7404.193,6.450605,-0.0039451336,217655,1671.508122444539,200.0682898180257,6916.2256,5.5252523,3628.7852,2.3399425,7404.193,6.450605,0,,,,,1671.508122444539,0.0006042941,200.0682898180257,0.00067114865,-0.0074354946,0.08103337
2738.957833880487,7395.465,6.4456177,-0.0039451863,217656,1671.5077052036875,200.06922358576145,6908.503,5.520981,3623.3298,2.338267,7395.465,6.4456177,0,,,,,1671.5077052036875,0.0006044877,200.06922358576145,0.00067140243,-0.007450943,0.07828239
2738.964778269109,7392.0796,6.446246,-0.003945239,217657,1671.50715943382,200.06831401614346,6905.855,5.5215187,3625.2761,2.3409238,7392.0796,6.446246,0,,,,,1671.50715943382,0.00060441886,200.06831401614346,0.00067156355,-0.0074959924,0.07809182
2738.971722657265,7396.973,6.440403,-0.003945292,217658,1671.5075240503065,200.06912270089515,6909.438,5.5165143,3610.7058,2.3341455,7396.973,6.440403,0,,,,,1671.5075240503065,0.000603937,200.06912270089515,0.0006706283,-0.006848894,0.07852607
2738.9786670463513,7406.203,6.440628,-0.003945344,217659,1671.5070534981278,200.06900682486625,6917.4194,5.516707,3604.0796,2.3340168,7406.203,6.440628,0,,,,,1671.5070534981278,0.0006032035,200.06900682486625,0.0006699038,-0.008656044,0.080560975
2738.9856114349727,7392.227,6.436934,-0.0039453967,217660,1671.5075852350083,200.0678845164642,6905.8486,5.5135427,3600.3838,2.3321598,7392.227,6.436934,0,,,,,1671.5075852350083,0.0006037185,200.0678845164642,0.00067075394,-0.006988444,0.08051179
2738.992555823594,7382.4644,6.4322314,-0.0039454494,217661,1671.5070800952626,200.06920890875014,6897.1665,5.509515,3594.8655,2.330438,7382.4644,6.4322314,0,,,,,1671.5070800952626,0.00060417905,200.06920890875014,0.0006706948,-0.007858612,0.0820282
2738.999500212215,7383.9795,6.430671,-0.003945502,217662,1671.5079151638065,200.06890393090154,6898.593,5.508178,3588.5847,2.330258,7383.9795,6.430671,0,,,,,1671.5079151638065,0.00060365733,200.06890393090154,0.00067054486,-0.0077501857,0.081527114
2739.006444600836,7389.0073,6.427814,-0.0039455546,217663,1671.5070422538408,200.06946829871046,6901.2954,5.505731,3578.4534,2.3266246,7389.0073,6.427814,0,,,,,1671.5070422538408,0.0006034244,200.06946829871046,0.0006701976,-0.0075825034,0.08016712
2739.013388989924,7405.1777,6.4296937,-0.0039456068,217664,1671.5067691299103,200.06993736112517,6915.728,5.507341,3574.6548,2.3258066,7405.1777,6.4296937,0,,,,,1671.5067691299103,0.0006024249,200.06993736112517,0.0006688326,-0.006907178,0.0795945
2739.0203333785453,7394.9165,6.423368,-0.0039456594,217665,1671.50822830219,200.06908156880024,6906.7075,5.5019226,3566.935,2.3238044,7394.9165,6.423368,0,,,,,1671.50822830219,0.00060241454,200.06908156880024,0.00066907995,-0.0067004394,0.07839562
2739.0272777676323,7400.2124,6.4256406,-0.0039457115,217666,1671.506929210412,200.06885324271806,6911.3027,5.5038695,3561.2332,2.323318,7400.2124,6.4256406,0,,,,,1671.506929210412,0.00060185953,200.06885324271806,0.00066892465,-0.0075255013,0.08177105
2739.0342221567194,7392.2295,6.4247427,-0.0039457637,217667,1671.5076860363508,200.0688013832387,6904.9395,5.5031004,3561.692,2.322778,7392.2295,6.4247427,0,,,,,1671.5076860363508,0.00060246314,200.0688013832387,0.0006693201,-0.0071976767,0.080605775
2739.0411665453407,7398.342,6.420653,-0.0039458163,217668,1671.5071637292963,200.06947823943983,6910.9395,5.499597,3552.4956,2.3187602,7398.342,6.420653,0,,,,,1671.5071637292963,0.0006019522,200.06947823943983,0.0006682831,-0.008086689,0.082040496
2739.0481109344273,7392.94,6.41841,-0.0039458685,217669,1671.507136329458,200.07027741908664,6905.906,5.497676,3546.3992,2.3184075,7392.94,6.41841,0,,,,,1671.507136329458,0.00060256454,200.07027741908664,0.00066846795,-0.006551824,0.08115442
2739.055055323514,7393.6626,6.417052,-0.0039459206,217670,1671.5071487603427,200.07075252800627,6906.67,5.496513,3545.069,2.3182845,7393.6626,6.417052,0,,,,,1671.5071487603427,0.0006015797,200.07075252800627,0.0006685,-0.0069750673,0.07945898
2739.061999712601,7399.147,6.417127,-0.003945973,217671,1671.5075661043943,200.06869040977264,6911.211,5.496577,3545.8147,2.3177345,7399.147,6.417127,0,,,,,1671.5075661043943,0.0006013802,200.06869040977264,0.0006679083,-0.007511028,0.0786455
2739.068944101689,7407.2764,6.4169483,-0.003946025,217672,1671.506491836481,200.06993567388463,6917.221,5.4964237,3541.5476,2.31698,7407.2764,6.4169483,0,,,,,1671.506491836481,0.00060083444,200.06993567388463,0.00066711847,-0.0077213715,0.079197034
2739.0758884907755,7390.016,6.4145846,-0.003946077,217673,1671.506660773546,200.06838201935554,6903.1836,5.4943995,3542.4714,2.3167028,7390.016,6.4145846,0,,,,,1671.506660773546,0.00060156884,200.06838201935554,0.0006685407,-0.0078113065,0.08094247
2739.082832879862,7395.924,6.418128,-0.003946129,217674,1671.5082460157184,200.06910109418072,6908.4375,5.4974346,3543.28,2.31797,7395.924,6.418128,0,,,,,1671.5082460157184,0.00060139474,200.06910109418072,0.00066828786,-0.0076415627,0.07897769
2739.089777268949,7390.6177,6.412862,-0.0039461814,217675,1671.5068704808184,200.069450422891,6902.382,5.4929237,3538.2363,2.3159497,7390.6177,6.412862,0,,,,,1671.5068704808184,0.00060162257,200.069450422891,0.00066826143,-0.0071420576,0.07977525
2739.096721658502,7392.7285,6.412462,-0.003946233,217676,1671.5076987258205,200.0694017442156,6905.9297,5.4925814,3540.5159,2.3144372,7392.7285,6.412462,0,,,,,1671.5076987258205,0.0006011804,200.0694017442156,0.0006679002,-0.007185532,0.086883344
2739.103666047588,7393.2886,6.4141593,-0.003946285,217677,1671.5071160953023,200.06768750576632,6905.9185,5.494035,3539.1938,2.3162923,7393.2886,6.4141593,0,,,,,1671.5071160953023,0.0006011886,200.06768750576632,0.00066801073,-0.0067283753,0.08151311
2739.110610437141,7401.237,6.4151125,-0.003946337,217678,1671.508278715557,200.06900667203763,6913.3706,5.494851,3535.3206,2.3153858,7401.237,6.4151125,0,,,,,1671.508278715557,0.00060162885,200.06900667203763,0.0006674171,-0.0080340635,0.081571326
2739.1175548262286,7397.485,6.4175606,-0.003946389,217679,1671.5081566852045,200.068672355275,6909.876,5.4969482,3540.3503,2.3164718,7397.485,6.4175606,0,,,,,1671.5081566852045,0.0006015095,200.068672355275,0.0006679498,-0.0072756563,0.07875076
2739.1244992157804,7395.229,6.4165325,-0.0039464408,217680,1671.5073351837289,200.0681708830786,6908.051,5.496068,3540.7866,2.3177207,7395.229,6.4165325,0,,,,,1671.5073351837289,0.0006016953,200.0681708830786,0.00066817383,-0.0072538587,0.08372223
2739.131443605333,7396.687,6.416808,-0.0039464924,217681,1671.5068169957328,200.0701563421494,6909.0264,5.496304,3544.547,2.3178518,7396.687,6.416808,0,,,,,1671.5068169957328,0.0006014594,200.0701563421494,0.00066782016,-0.007844763,0.079578735
2739.1383879944206,7400.143,6.4175096,-0.0039465446,217682,1671.5073025641386,200.0684306104508,6910.969,5.496905,3545.2036,2.3182704,7400.143,6.4175096,0,,,,,1671.5073025641386,0.00060136156,200.0684306104508,0.00066774496,-0.006392731,0.078354
2739.1453323839737,7388.5483,6.416497,-0.0039465963,217683,1671.507614526381,200.06896121930197,6901.751,5.4960375,3546.5369,2.3203704,7388.5483,6.416497,0,,,,,1671.507614526381,0.00060175156,200.06896121930197,0.00066866697,-0.0070543154,0.0817113
2739.1522767735255,7401.703,6.4187293,-0.003946648,217684,1671.5069872605618,200.06982075580277,6913.342,5.497949,3552.4863,2.3180954,7401.703,6.4187293,0,,,,,1671.5069872605618,0.0006011788,200.06982075580277,0.0006680459,-0.0077531035,0.08119616
2739.1592211630787,7395.247,6.417834,-0.0039466997,217685,1671.506488284445,200.07004066383655,6906.5474,5.4971824,3548.5327,2.3183165,7395.247,6.417834,0,,,,,1671.506488284445,0.0006019468,200.07004066383655,0.0006681678,-0.007707689,0.07863129
2739.166165552632,7396.811,6.4171023,-0.0039467514,217686,1671.50743519899,200.06871345528873,6908.135,5.496556,3552.026,2.3181255,7396.811,6.4171023,0,,,,,1671.50743519899,0.00060150493,200.06871345528873,0.0006682357,-0.00812507,0.081334256
2739.1731099426493,7382.295,6.4174843,-0.0039468026,217687,1671.5075106043203,200.06942067822456,6896.3477,5.4968834,3557.65,2.3197196,7382.295,6.4174843,0,,,,,1671.5075106043203,0.0006026662,200.06942067822456,0.0006695715,-0.0068854806,0.08146721
2739.180054332202,7390.4946,6.41887,-0.0039468543,217688,1671.506440989266,200.07077985650284,6903.442,5.49807,3554.161,2.3202934,7390.4946,6.41887,0,,,,,1671.506440989266,0.0006020329,200.07077985650284,0.0006689077,-0.007988041,0.0784784
2739.1869987217547,7396.108,6.421541,-0.003946906,217689,1671.5062617911824,200.0691969386726,6907.754,5.5003576,3552.2405,2.3217814,7396.108,6.421541,0,,,,,1671.5062617911824,0.0006019274,200.0691969386726,0.00066867267,-0.0075753047,0.079473816
2739.193943111773,7399.617,6.4234076,-0.003946957,217690,1671.5080156248375,200.06910393510404,6911.5356,5.5019565,3558.7358,2.3209672,7399.617,6.4234076,0,,,,,1671.5080156248375,0.0006026567,200.06910393510404,0.0006685745,-0.0070630047,0.07905302
2739.2008875013253,7392.7383,6.4193516,-0.003947009,217691,1671.5065528900159,200.0696680168364,6905.4897,5.4984827,3557.2795,2.3203235,7392.7383,6.4193516,0,,,,,1671.5065528900159,0.00060179294,200.0696680168364,0.0006687253,-0.007932821,0.07855319
2739.207831891344,7404.4414,6.421402,-0.00394706,217692,1671.5075854900667,200.06850058317625,6914.871,5.5002384,3555.91,2.3195207,7404.4414,6.421402,0,,,,,1671.5075854900667,0.0006014657,200.06850058317625,0.00066811946,-0.0074780188,0.08153161
2739.214776280897,7391.495,6.4198313,-0.003947112,217693,1671.506333288101,200.0683217951115,6903.609,5.4988937,3557.5847,2.3213413,7391.495,6.4198313,0,,,,,1671.506333288101,0.00060258515,200.0683217951115,0.00066875137,-0.008177162,0.08155547
2739.2217206709147,7390.398,6.4173675,-0.003947163,217694,1671.5080075648054,200.0701317001793,6903.3096,5.496783,3551.178,2.3195753,7390.398,6.4173675,0,,,,,1671.5080075648054,0.00060193194,200.0701317001793,0.0006685699,-0.0068395287,0.07944535
2739.2286650609326,7407.8145,6.427639,-0.003947214,217695,1671.507012389552,200.06965702930702,6918.1646,5.5055814,3552.9248,2.32134,7407.8145,6.427639,0,,,,,1671.507012389552,0.0006016071,200.06965702930702,0.000669247,-0.007827407,0.084282674
2739.235609450951,7391.7056,6.4196396,-0.0039472654,217696,1671.5072243228956,200.0695384656079,6904.176,5.498729,3552.1147,2.3197956,7391.7056,6.4196396,0,,,,,1671.5072243228956,0.00060214533,200.0695384656079,0.0006690514,-0.007870463,0.081181094
2739.2425538409693,7391.8013,6.4153047,-0.0039473167,217697,1671.5070326361044,200.06898586369695,6904.47,5.495016,3547.5925,2.317859,7391.8013,6.4153047,0,,,,,1671.5070326361044,0.0006017483,200.06898586369695,0.00066819735,-0.007934122,0.07855232
2739.249498230987,7378.9683,6.414106,-0.003947368,217698,1671.507200316483,200.06896523144474,6893.2607,5.493989,3548.5903,2.3181508,7378.9683,6.414106,0,,,,,1671.507200316483,0.0006026554,200.06896523144474,0.0006692875,-0.0073169875,0.081874885
2739.256442621006,7397.733,6.41354,-0.003947419,217699,1671.5071095790122,200.0697561747084,6909.607,5.493504,3539.3264,2.316889,7397.733,6.41354,0,,,,,1671.5071095790122,0.0006010499,200.0697561747084,0.00066763046,-0.0077260453,0.079201095
2739.2633870110244,7391.2485,6.4126735,-0.0039474703,217700,1671.5070549413235,200.06888958767524,6903.975,5.492762,3537.7808,2.3162115,7391.2485,6.4126735,0,,,,,1671.5070549413235,0.00060134946,200.06888958767524,0.00066805526,-0.0073397374,0.08119629
2739.2703314010428,7399.9595,6.413409,-0.0039475216,217701,1671.5064167142461,200.06979484671265,6910.596,5.4933925,3529.8289,2.31594,7399.9595,6.413409,0,,,,,1671.5064167142461,0.0006012141,200.06979484671265,0.0006673386,-0.007816582,0.08202633
2739.277275791061,7392.242,6.4080076,-0.003947573,217702,1671.5063694821938,200.06915196662996,6905.244,5.4887657,3526.1064,2.3114674,7392.242,6.4080076,0,,,,,1671.5063694821938,0.0006008617,200.06915196662996,0.00066779956,-0.0072969547,0.07904644
2739.284220181545,7390.8335,6.406205,-0.0039476235,217703,1671.506770909985,200.07026125487772,6902.34,5.4872217,3520.7163,2.3116121,7390.8335,6.406205,0,,,,,1671.506770909985,0.0006010018,200.07026125487772,0.00066745724,-0.007308452,0.079111025
2739.2911645715635,7394.8564,6.40625,-0.0039476748,217704,1671.5074356872,200.06886589791733,6906.114,5.4872603,3514.8052,2.3112128,7394.8564,6.40625,0,,,,,1671.5074356872,0.00060061587,200.06886589791733,0.00066700554,-0.007835218,0.08095996
2739.2981089620466,7379.848,6.3996477,-0.0039477255,217705,1671.5068228213313,200.06935141956475,6894.6284,5.481605,3510.359,2.3075583,7379.848,6.3996477,0,,,,,1671.5068228213313,0.0006010409,200.06935141956475,0.0006674121,-0.0072142547,0.078902416
2739.3050533520654,7392.493,6.398444,-0.0039477767,217706,1671.5076469145702,200.06900108505727,6904.961,5.480574,3497.5237,2.3049335,7392.493,6.398444,0,,,,,1671.5076469145702,0.00059998146,200.06900108505727,0.00066650216,-0.007426582,0.07950418
2739.311997742549,7402.838,6.3961306,-0.0039478275,217707,1671.5059131079527,200.06984444208962,6912.916,5.4785924,3489.12,2.3015587,7402.838,6.3961306,0,,,,,1671.5059131079527,0.0005988909,200.06984444208962,0.0006654034,-0.008279169,0.0820211
2739.318942133033,7381.453,6.39079,-0.0039478783,217708,1671.5074002240867,200.06838575956968,6895.563,5.474018,3480.277,2.3010387,7381.453,6.39079,0,,,,,1671.5074002240867,0.0006003524,200.06838575956968,0.00066627865,-0.0067373393,0.08122695
2739.325886523517,7367.5693,6.3811517,-0.003947929,217709,1671.5084121918399,200.0690401589396,6883.1035,5.4657626,3468.7698,2.2975552,7367.5693,6.3811517,0,,,,,1671.5084121918399,0.0006002989,200.0690401589396,0.0006667392,-0.0067610275,0.078746
2739.332830913536,7353.955,6.37715,-0.0039479802,217710,1671.5070209182693,200.06969719709872,6870.957,5.4623346,3460.2942,2.2956991,7353.955,6.37715,0,,,,,1671.5070209182693,0.0006010138,200.06969719709872,0.00066741224,-0.008124422,0.082308695
2739.3397753040194,7347.487,6.367817,-0.003948031,217711,1671.506786114232,200.0682965067582,6865.0835,5.4543405,3444.8572,2.2903078,7347.487,6.367817,0,,,,,1671.506786114232,0.00060053275,200.0682965067582,0.00066710566,-0.008133552,0.081163414
2739.346719694503,7333.388,6.365329,-0.0039480818,217712,1671.506827954021,200.06867051816462,6853.572,5.4522095,3443.2954,2.2895787,7333.388,6.365329,0,,,,,1671.506827954021,0.0006012679,200.06867051816462,0.0006676983,-0.0070835496,0.08118425
2739.353664085453,7347.523,6.3632946,-0.003948132,217713,1671.5065382054813,200.0699718293778,6865.6167,5.450467,3430.3047,2.2864501,7347.523,6.3632946,0,,,,,1671.5065382054813,0.0005998887,200.0699718293778,0.00066662364,-0.007919549,0.081755936
2739.3606084759363,7341.0254,6.359512,-0.003948183,217714,1671.507727727678,200.06850866266913,6860.12,5.447227,3421.1052,2.2836733,7341.0254,6.359512,0,,,,,1671.507727727678,0.00060048705,200.06850866266913,0.0006665123,-0.0067139817,0.082400486
2739.3675528664203,7341.8955,6.357217,-0.0039482336,217715,1671.5078939345083,200.0683180517373,6860.6797,5.445261,3414.319,2.2838652,7341.8955,6.357217,0,,,,,1671.5078939345083,0.00059974665,200.0683180517373,0.0006663926,-0.008485554,0.08216275
2739.3744972569043,7344.085,6.353612,-0.0039482843,217716,1671.5065896406309,200.06926719932903,6863.667,5.442173,3407.209,2.2812521,7344.085,6.353612,0,,,,,1671.5065896406309,0.0005990452,200.06926719932903,0.0006652811,-0.007325892,0.081875555
2739.3814416478544,7335.428,6.3495064,-0.0039483346,217717,1671.5074239118906,200.06884572772586,6854.968,5.438657,3398.081,2.2783556,7335.428,6.3495064,0,,,,,1671.5074239118906,0.00059952884,200.06884572772586,0.0006663904,-0.007496866,0.08163044
2739.388386038338,7335.899,6.3502393,-0.0039483854,217718,1671.5070191400612,200.0692280845708,6855.7705,5.439285,3392.632,2.2778578,7335.899,6.3502393,0,,,,,1671.5070191400612,0.00060014566,200.0692280845708,0.0006658421,-0.0074712066,0.082223736
2739.395330429288,7336.1055,6.3439713,-0.0039484357,217719,1671.5078175848068,200.06936821569997,6856.312,5.433915,3385.9114,2.2735703,7336.1055,6.3439713,0,,,,,1671.5078175848068,0.0005988402,200.06936821569997,0.0006652283,-0.0070476895,0.08001196
2739.4022748197726,7344.6104,6.3442225,-0.0039484864,217720,1671.5083391220935,200.06857772152568,6862.1562,5.434131,3380.305,2.2730496,7344.6104,6.3442225,0,,,,,1671.5083391220935,0.00059840677,200.06857772152568,0.00066451187,-0.0064403214,0.0791304
2739.4092192107214,7334.125,6.341225,-0.0039485367,217721,1671.50675559735,200.06826583868786,6854.159,5.4315634,3379.727,2.274162,7334.125,6.341225,0,,,,,1671.50675559735,0.00059872563,200.06826583868786,0.0006649744,-0.0075091925,0.08179685
2739.416163601671,7330.5884,6.3358665,-0.003948587,217722,1671.5065708138038,200.06740978223752,6851.2163,5.4269733,3368.276,2.2691357,7330.5884,6.3358665,0,,,,,1671.5065708138038,0.0005981627,200.06740978223752,0.00066459976,-0.008694824,0.08244838
2739.4231079926208,7345.6304,6.33842,-0.0039486373,217723,1671.5079910125012,200.06887754682208,6863.825,5.4291606,3367.3752,2.2686331,7345.6304,6.33842,0,,,,,1671.5079910125012,0.00059770735,200.06887754682208,0.0006640867,-0.0073165246,0.08186072
2739.4300523835705,7336.3955,6.33594,-0.0039486876,217724,1671.5077951880714,200.06890257925198,6855.412,5.4270363,3365.1877,2.2684226,7336.3955,6.33594,0,,,,,1671.5077951880714,0.00059842167,200.06890257925198,0.00066448306,-0.0074044634,0.081672885
2739.43699677452,7351.936,6.3366613,-0.003948738,217725,1671.5056374119724,200.06983933972384,6869.869,5.427654,3356.2,2.2683308,7351.936,6.3366613,0,,,,,1671.5056374119724,0.00059640803,200.06983933972384,0.00066288817,-0.008490633,0.083105676
2739.4439411654694,7360.8657,6.3367376,-0.003948788,217726,1671.5069324185938,200.0700566966353,6876.75,5.4277196,3354.9583,2.265056,7360.8657,6.3367376,0,,,,,1671.5069324185938,0.0005964548,200.0700566966353,0.000662398,-0.0076836133,0.07998604
2739.4508855564195,7378.713,6.3413982,-0.0039488385,217727,1671.507364736352,200.06925723568503,6890.238,5.4317117,3360.2944,2.2664313,7378.713,6.3413982,0,,,,,1671.507364736352,0.0005960395,200.06925723568503,0.0006613954,-0.0071320226,0.08201775
2739.4578299473687,7400.2803,6.347672,-0.0039488887,217728,1671.5074556894906,200.06909786349652,6911.076,5.4370856,3358.3486,2.2685726,7400.2803,6.347672,0,,,,,1671.5074556894906,0.0005940478,200.06909786349652,0.0006601821,-0.0073306756,0.081664085
2739.464774338318,7394.511,6.35131,-0.003948939,217729,1671.5067640312604,200.06902742944308,6906.455,5.4402013,3360.7288,2.2693346,7394.511,6.35131,0,,,,,1671.5067640312604,0.0005944153,200.06902742944308,0.000661239,-0.007671078,0.08188796
2739.4717187297333,7394.3525,6.3474855,-0.003948989,217730,1671.5063533674547,200.06993364931563,6905.7964,5.436926,3366.8262,2.2687213,7394.3525,6.3474855,0,,,,,1671.5063533674547,0.00059447816,200.06993364931563,0.0006605372,-0.008129331,0.082350366
2739.4786631206834,7392.6875,6.347241,-0.003949039,217731,1671.5090401890734,200.0687419760558,6903.5703,5.436716,3366.5347,2.2688346,7392.6875,6.347241,0,,,,,1671.5090401890734,0.0005948258,200.0687419760558,0.0006606789,-0.006341563,0.08266007
2739.4856075120983,7405.4336,6.3524914,-0.003949089,217732,1671.5071066090763,200.06989696326062,6914.824,5.441213,3368.642,2.2720733,7405.4336,6.3524914,0,,,,,1671.5071066090763,0.00059425837,200.06989696326062,0.00066025514,-0.0072746025,0.082001984
2739.4925519030476,7408.905,6.3526936,-0.0039491393,217733,1671.5077842121652,200.06918827657003,6917.767,5.4413867,3370.9993,2.269824,7408.905,6.3526936,0,,,,,1671.5077842121652,0.0005940964,200.06918827657003,0.0006603289,-0.0076246946,0.08247244
2739.4994962944634,7392.7104,6.352173,-0.003949189,217734,1671.5075666513276,200.07023973778294,6903.9346,5.4409404,3377.1636,2.2728176,7392.7104,6.352173,0,,,,,1671.5075666513276,0.00059534964,200.07023973778294,0.0006611849,-0.006567726,0.07913126
2739.5064406858783,7397.1084,6.352765,-0.003949239,217735,1671.5060026089968,200.06965177828317,6907.5244,5.441448,3378.8787,2.2716882,7397.1084,6.352765,0,,,,,1671.5060026089968,0.00059529796,200.06965177828317,0.0006609558,-0.0075809862,0.08269246
2739.513385077293,7396.5947,6.3568773,-0.0039492887,217736,1671.5064673775569,200.0691348428395,6906.468,5.4449706,3386.5396,2.2748551,7396.5947,6.3568773,0,,,,,1671.5064673775569,0.00059548847,200.0691348428395,0.00066154,-0.007479183,0.079109706
2739.5203294682433,7389.7397,6.3576417,-0.003949339,217737,1671.5072125771485,200.06986643989387,6901.5015,5.445625,3394.516,2.2767525,7389.7397,6.3576417,0,,,,,1671.5072125771485,0.00059618073,200.06986643989387,0.00066235795,-0.008086902,0.082320325
2739.5272738596595,7388.7686,6.3617606,-0.003949389,217738,1671.5060286776238,200.06922183519055,6901.1104,5.449153,3401.6235,2.2795978,7388.7686,6.3617606,0,,,,,1671.5060286776238,0.0005962334,200.06922183519055,0.0006627444,-0.0078077186,0.082543395
2739.5342182510744,7405.9346,6.3682075,-0.0039494387,217739,1671.509454465751,200.06915701465607,6914.9326,5.4546747,3414.0198,2.2818232,7405.9346,6.3682075,0,,,,,1671.509454465751,0.00059582194,200.06915701465607,0.00066210574,-0.0065392028,0.08166137
2739.5411626424893,7395.5957,6.37391,-0.0039494885,217740,1671.506823833214,200.0703017819191,6906.1895,5.45956,3422.1533,2.2855847,7395.5957,6.37391,0,,,,,1671.506823833214,0.0005979987,200.0703017819191,0.00066364976,-0.008610436,0.080136776
2739.548107034371,7380.794,6.3697987,-0.003949538,217741,1671.5074667108256,200.06944406287852,6894.2104,5.456038,3432.3716,2.286218,7380.794,6.3697987,0,,,,,1671.5074667108256,0.0005977184,200.06944406287852,0.00066422665,-0.0076258644,0.082168706
2739.555051425785,7388.1855,6.3774962,-0.0039495877,217742,1671.5078553090934,200.06814951408242,6898.818,5.462631,3444.9924,2.291237,7388.1855,6.3774962,0,,,,,1671.5078553090934,0.0005985013,200.06814951408242,0.0006643729,-0.0072436086,0.08253684
2739.5619958172006,7411.2715,6.3847284,-0.0039496375,217743,1671.507477546709,200.06961763687306,6919.5435,5.468826,3453.2024,2.292663,7411.2715,6.3847284,0,,,,,1671.507477546709,0.00059726136,200.06961763687306,0.00066377834,-0.008033233,0.08199728
2739.568940208616,7399.5874,6.3876143,-0.0039496874,217744,1671.5067917590684,200.0697962277909,6910.4346,5.4712977,3466.6577,2.2964542,7399.5874,6.3876143,0,,,,,1671.5067917590684,0.0005984535,200.0697962277909,0.000664829,-0.007776398,0.08212575
2739.575884600497,7394.4424,6.3909607,-0.0039497367,217745,1671.5067069188663,200.06916539960983,6905.358,5.4741645,3480.4285,2.299658,7394.4424,6.3909607,0,,,,,1671.5067069188663,0.00059932243,200.06916539960983,0.0006656972,-0.0067480253,0.08194604
2739.582828991912,7389.215,6.398376,-0.0039497865,217746,1671.5070499551143,200.07061119826082,6901.1626,5.4805155,3496.354,2.3046782,7389.215,6.398376,0,,,,,1671.5070499551143,0.0006003087,200.07061119826082,0.0006669757,-0.0076919636,0.085305944
2739.5897733837933,7398.6587,6.403704,-0.003949836,217747,1671.5071523673487,200.06996446649907,6909.1016,5.48508,3507.5674,2.3075302,7398.6587,6.403704,0,,,,,1671.5071523673487,0.00060034776,200.06996446649907,0.00066652143,-0.007874071,0.07996754
2739.5967177756743,7396.733,6.4078894,-0.0039498853,217748,1671.5072012229225,200.0695526845315,6908.689,5.4886646,3523.6062,2.3110223,7396.733,6.4078894,0,,,,,1671.5072012229225,0.00060066406,200.0695526845315,0.0006671828,-0.007925809,0.079316325
2739.603662167089,7395.512,6.4147997,-0.003949935,217749,1671.5072956125643,200.06953477255345,6906.652,5.4945836,3541.0234,2.3166647,7395.512,6.4147997,0,,,,,1671.5072956125643,0.0006011116,200.06953477255345,0.0006680351,-0.007420836,0.088019766
2739.6106065589697,7385.1646,6.4185658,-0.0039499844,217750,1671.5079180420696,200.06898877958372,6897.515,5.4978094,3557.9753,2.3205743,7385.1646,6.4185658,0,,,,,1671.5079180420696,0.0006025719,200.06898877958372,0.0006696212,-0.007651482,0.08182315
2739.6175509508507,7397.609,6.4249163,-0.003950034,217751,1671.5062818811655,200.06996336716293,6909.1016,5.5032487,3568.7063,2.323434,7397.609,6.4249163,0,,,,,1671.5062818811655,0.00060236646,200.06996336716293,0.0006689275,-0.008349269,0.08331358
2739.6244953427317,7390.7227,6.428442,-0.003950083,217752,1671.5075226059264,200.07034857127522,6901.927,5.5062685,3583.6138,2.3265965,7390.7227,6.428442,0,,,,,1671.5075226059264,0.0006034097,200.07034857127522,0.0006704547,-0.006916719,0.08220788
2739.631439734612,7387.117,6.4390316,-0.0039501325,217753,1671.507436726891,200.0688940814775,6898.9404,5.51534,3599.2913,2.3330607,7387.117,6.4390316,0,,,,,1671.507436726891,0.00060417125,200.0688940814775,0.0006714627,-0.007848445,0.082399
2739.6383841264937,7381.463,6.440746,-0.003950182,217754,1671.5080460735,200.06820863316324,6893.9927,5.5168076,3616.8828,2.3387702,7381.463,6.440746,0,,,,,1671.5080460735,0.00060512376,200.06820863316324,0.00067211525,-0.00704988,0.08270671
2739.6453285183748,7400.85,6.448579,-0.0039502312,217755,1671.5061017123749,200.06934546708877,6910.861,5.523517,3626.2864,2.338945,7400.85,6.448579,0,,,,,1671.5061017123749,0.00060460187,200.06934546708877,0.0006716632,-0.00820657,0.08280134
2739.6522729102558,7387.1616,6.449446,-0.0039502806,217756,1671.5072435440982,200.06865328449456,6900.313,5.52426,3640.7063,2.3420768,7387.1616,6.449446,0,,,,,1671.5072435440982,0.00060573744,200.06865328449456,0.000672411,-0.006579936,0.08213988
2739.6592173026015,7393.352,6.4543657,-0.0039503295,217757,1671.5062626052538,200.06955368988824,6904.924,5.5284734,3650.0547,2.3447185,7393.352,6.4543657,0,,,,,1671.5062626052538,0.0006056136,200.06955368988824,0.0006725661,-0.0076952395,0.08226321
2739.666161694483,7399.496,6.4607506,-0.003950379,217758,1671.5080571258454,200.06933092361854,6910.0073,5.5339427,3663.7317,2.3484075,7399.496,6.4607506,0,,,,,1671.5080571258454,0.00060622307,200.06933092361854,0.0006728004,-0.007617789,0.08270232
2739.6731060863635,7394.054,6.463863,-0.003950428,217759,1671.5079640284407,200.06986165555546,6905.799,5.536608,3674.3464,2.351149,7394.054,6.463863,0,,,,,1671.5079640284407,0.0006066537,200.06986165555546,0.0006738259,-0.0075785588,0.08841936
2739.6800504787097,7388.7954,6.4668603,-0.003950477,217760,1671.506788026361,200.06980007228873,6900.911,5.5391755,3684.89,2.354223,7388.7954,6.4668603,0,,,,,1671.506788026361,0.00060711626,200.06980007228873,0.000674722,-0.0076368274,0.08852838
2739.6869948710573,7386.309,6.4672637,-0.003950526,217761,1671.5062134296027,200.06946609579796,6898.972,5.5395217,3690.4163,2.3556283,7386.309,6.4672637,0,,,,,1671.5062134296027,0.00060758664,200.06946609579796,0.0006745018,-0.008431069,0.082528844
2739.693939262939,7403.157,6.4727125,-0.0039505754,217762,1671.5063685232396,200.06981110279628,6913.5664,5.5441885,3694.1038,2.3567388,7403.157,6.4727125,0,,,,,1671.5063685232396,0.000607013,200.06981110279628,0.00067388127,-0.008049552,0.08611467
2739.7008836552855,7390.4214,6.474379,-0.0039506243,217763,1671.5082691881087,200.0694748853514,6903.0864,5.545616,3701.6143,2.358392,7390.4214,6.474379,0,,,,,1671.5082691881087,0.0006082716,200.0694748853514,0.00067536184,-0.0070063113,0.08779413
2739.707828047631,7402.1963,6.4760113,-0.003950673,217764,1671.5064281925834,200.06968962798996,6911.9824,5.547014,3707.0283,2.3600469,7402.1963,6.4760113,0,,,,,1671.5064281925834,0.0006071345,200.06968962798996,0.0006742553,-0.008274924,0.08540402
2739.7147724395127,7387.5415,6.4751825,-0.0039507225,217765,1671.5071433135302,200.06915183950008,6899.7134,5.5463047,3708.6428,2.3611257,7387.5415,6.4751825,0,,,,,1671.5071433135302,0.00060823624,200.06915183950008,0.00067540625,-0.0076882103,0.08903053
2739.721716831859,7404.417,6.4756036,-0.0039507714,217766,1671.5075257069286,200.0701249385734,6914.148,5.5466647,3702.2046,2.358444,7404.417,6.4756036,0,,,,,1671.5075257069286,0.000606966,200.0701249385734,0.00067437376,-0.0075620394,0.08844461
2739.728661224205,7399.091,6.47624,-0.0039508203,217767,1671.5066664669926,200.06902045429555,6909.167,5.5472097,3705.7573,2.3599544,7399.091,6.47624,0,,,,,1671.5066664669926,0.00060767337,200.06902045429555,0.0006746763,-0.0082692,0.082931094
2739.735605616552,7400.93,6.4795465,-0.003950869,217768,1671.506921615518,200.07051194106046,6910.447,5.550042,3710.383,2.363636,7400.93,6.4795465,0,,,,,1671.506921615518,0.000607618,200.07051194106046,0.00067477545,-0.007892754,0.08868541
2739.7425500093645,7394.877,6.4797263,-0.0039509176,217769,1671.5072633829425,200.06971207249964,6906.6514,5.5501966,3709.8462,2.3619714,7394.877,6.4797263,0,,,,,1671.5072633829425,0.00060775864,200.06971207249964,0.00067578035,-0.0071258456,0.08496016
2739.7494944017108,7397.4194,6.47878,-0.0039509665,217770,1671.505471621623,200.07081237828075,6908.5327,5.549385,3712.7405,2.3611972,7397.4194,6.47878,0,,,,,1671.505471621623,0.00060787017,200.07081237828075,0.0006749055,-0.008001637,0.087870024
2739.756438794057,7390.282,6.4791455,-0.0039510154,217771,1671.507987451037,200.06912001277695,6902.36,5.549699,3710.8328,2.3613007,7390.282,6.4791455,0,,,,,1671.507987451037,0.0006085073,200.06912001277695,0.00067583215,-0.0071186214,0.08831054
2739.7633831864046,7402.235,6.4775352,-0.0039510643,217772,1671.5070661761713,200.06809734337725,6912.8237,5.54832,3707.8003,2.360345,7402.235,6.4775352,0,,,,,1671.5070661761713,0.0006075517,200.06809734337725,0.0006742804,-0.00844638,0.083115056
2739.770327579216,7394.7217,6.4778214,-0.0039511127,217773,1671.5071563073557,200.0686646867344,6906.124,5.548565,3707.982,2.3604364,7394.7217,6.4778214,0,,,,,1671.5071563073557,0.0006085635,200.0686646867344,0.0006750945,-0.0069164443,0.084576994
2739.7772719715626,7402.529,6.4786153,-0.0039511616,217774,1671.5075963076854,200.07044392595415,6913.0576,5.5492444,3711.1611,2.3606708,7402.529,6.4786153,0,,,,,1671.5075963076854,0.0006073664,200.07044392595415,0.0006748713,-0.008124977,0.08898992
2739.784216364375,7392.9683,6.477431,-0.00395121,217775,1671.5081484978227,200.0690791312748,6903.898,5.54823,3712.3125,2.3618655,7392.9683,6.477431,0,,,,,1671.5081484978227,0.0006082766,200.0690791312748,0.00067545846,-0.008313727,0.08841303
2739.7911607567216,7403.029,6.4814234,-0.003951259,217776,1671.5066438130227,200.06787470321785,6912.1777,5.55165,3717.135,2.3635278,7403.029,6.4814234,0,,,,,1671.5066438130227,0.00060790696,200.06787470321785,0.0006750606,-0.008148862,0.08851557
2739.798105149534,7400.4307,6.4805074,-0.0039513074,217777,1671.5070797291673,200.0701029614746,6911.61,5.550865,3716.7434,2.363254,7400.4307,6.4805074,0,,,,,1671.5070797291673,0.0006079131,200.0701029614746,0.0006751954,-0.00786601,0.0855902
2739.8050495423454,7392.8335,6.4856777,-0.003951356,217778,1671.5071601703928,200.0682928719677,6904.1914,5.555294,3722.9539,2.3656368,7392.8335,6.4856777,0,,,,,1671.5071601703928,0.0006090036,200.0682928719677,0.00067659776,-0.008190006,0.08741951
2739.8119939346925,7398.7305,6.479927,-0.0039514047,217779,1671.507002750491,200.06992885378892,6909.1655,5.5503683,3718.5754,2.3621829,7398.7305,6.479927,0,,,,,1671.507002750491,0.0006078992,200.06992885378892,0.0006750809,-0.008112973,0.08879894
2739.8189383275044,7403.1406,6.482271,-0.003951453,217780,1671.506104121018,200.06997842014997,6912.5806,5.552376,3722.3933,2.3638246,7403.1406,6.482271,0,,,,,1671.506104121018,0.0006077976,200.06997842014997,0.00067497115,-0.0077543114,0.08914852
2739.8258827203167,7406.438,6.4834337,-0.0039515016,217781,1671.50678834169,200.06956145651577,6916.7876,5.553372,3718.9946,2.3638155,7406.438,6.4834337,0,,,,,1671.50678834169,0.000607675,200.06956145651577,0.00067481794,-0.008119566,0.0853614
2739.832827113129,7399.859,6.482286,-0.00395155,217782,1671.5069954965236,200.06886156463594,6909.7236,5.5523887,3721.6345,2.3635614,7399.859,6.482286,0,,,,,1671.5069954965236,0.0006079954,200.06886156463594,0.0006756579,-0.007475824,0.08859401
2739.839771505942,7399.541,6.4846697,-0.0039515984,217783,1671.5072065730012,200.06876244715178,6910.2715,5.554431,3725.1963,2.3650482,7399.541,6.4846697,0,,,,,1671.5072065730012,0.0006088018,200.06876244715178,0.00067540276,-0.007160025,0.08519842
2739.8467158987546,7397.0684,6.484062,-0.003951647,217784,1671.5079290140159,200.0687776922626,6907.37,5.55391,3727.491,2.3656564,7397.0684,6.484062,0,,,,,1671.5079290140159,0.000608851,200.0687776922626,0.0006758836,-0.007431266,0.08876227
2739.8536602920317,7402.357,6.482545,-0.003951695,217785,1671.5071617843673,200.06957211946934,6911.57,5.552611,3724.1184,2.3636549,7402.357,6.482545,0,,,,,1671.5071617843673,0.0006079039,200.06957211946934,0.0006754287,-0.00830999,0.087831266
2739.8606046848445,7391.243,6.4847717,-0.0039517432,217786,1671.507628243545,200.07001729361141,6902.814,5.5545177,3726.9553,2.3663547,7391.243,6.4847717,0,,,,,1671.507628243545,0.0006089936,200.07001729361141,0.0006762844,-0.007952981,0.08952593
2739.8675490776563,7412.488,6.48656,-0.0039517917,217787,1671.5069624902205,200.06900715728682,6921.266,5.55605,3726.006,2.3660758,7412.488,6.48656,0,,,,,1671.5069624902205,0.000607431,200.06900715728682,0.00067447155,-0.007983635,0.08460249
2739.874493470934,7396.493,6.4841356,-0.0039518396,217788,1671.5074242040466,200.06922057332167,6906.5557,5.553973,3727.6165,2.3658223,7396.493,6.4841356,0,,,,,1671.5074242040466,0.00060880696,200.06922057332167,0.0006757373,-0.0075792004,0.085132286
2739.8814378637467,7392.1807,6.4821696,-0.003951888,217789,1671.507309690088,200.06772279248193,6903.8496,5.552289,3726.5295,2.364887,7392.1807,6.4821696,0,,,,,1671.507309690088,0.00060883316,200.06772279248193,0.0006758925,-0.0073691276,0.08195494
2739.888382257024,7400.646,6.4818916,-0.003951936,217790,1671.5069717956833,200.06971317087934,6910.2554,5.5520506,3723.7493,2.3642366,7400.646,6.4818916,0,,,,,1671.5069717956833,0.00060780806,200.06971317087934,0.0006755814,-0.0093473885,0.08986038
2739.895326649836,7406.997,6.482604,-0.0039519845,217791,1671.507446941669,200.07008962349238,6916.2188,5.552661,3721.4897,2.3629932,7406.997,6.482604,0,,,,,1671.507446941669,0.0006073607,200.07008962349238,0.00067501713,-0.008701015,0.08919036
2739.9022710431145,7397.396,6.480148,-0.0039520324,217792,1671.5082049467817,200.06918620048975,6907.529,5.550557,3716.7532,2.3630128,7397.396,6.480148,0,,,,,1671.5082049467817,0.00060786656,200.06918620048975,0.000675678,-0.0073477384,0.08805878
2739.909215436393,7386.5903,6.477899,-0.0039520804,217793,1671.5069293553809,200.0688664990288,6898.7544,5.548631,3716.3447,2.3632014,7386.5903,6.477899,0,,,,,1671.5069293553809,0.0006087505,200.0688664990288,0.00067578617,-0.007357279,0.089023165
2739.91615982967,7403.6777,6.47734,-0.0039521283,217794,1671.5080166110697,200.0692689710218,6913.5645,5.5481524,3708.1619,2.3598723,7403.6777,6.47734,0,,,,,1671.5080166110697,0.00060721824,200.0692689710218,0.0006746447,-0.007920021,0.08818754
2739.9231042224824,7386.3286,6.4732533,-0.003952177,217795,1671.5062081746253,200.06997766193174,6897.685,5.5446515,3705.7732,2.36069,7386.3286,6.4732533,0,,,,,1671.5062081746253,0.0006080965,200.06997766193174,0.00067559036,-0.0093616415,0.08425316
2739.9300486157604,7394.6357,6.4739313,-0.0039522247,217796,1671.5091093514347,200.06929724315378,6905.0366,5.5452323,3698.6318,2.357597,7394.6357,6.4739313,0,,,,,1671.5091093514347,0.00060819637,200.06929724315378,0.0006751413,-0.005597224,0.084638596
2739.936993009038,7398.813,6.472216,-0.0039522727,217797,1671.5068186249132,200.0701332701662,6909.0947,5.5437636,3690.7996,2.3562078,7398.813,6.472216,0,,,,,1671.5068186249132,0.00060754677,200.0701332701662,0.00067401637,-0.008366694,0.08322465
2739.9439374023154,7390.218,6.4711666,-0.0039523207,217798,1671.5079566173606,200.06934068853047,6901.5566,5.5428643,3689.327,2.3557196,7390.218,6.4711666,0,,,,,1671.5079566173606,0.0006077644,200.06934068853047,0.00067490846,-0.007032202,0.08848862
2739.9508817960595,7401.713,6.465131,-0.003952368,217799,1671.507720619194,200.06987144759228,6911.456,5.5376945,3674.7224,2.351407,7401.713,6.465131,0,,,,,1671.507720619194,0.0006065778,200.06987144759228,0.00067337084,-0.007285646,0.085062936
2739.957826189338,7402.8315,6.461594,-0.003952416,217800,1671.5064355973045,200.0698694884426,6912.7407,5.5346656,3666.0518,2.34847,7402.8315,6.461594,0,,,,,1671.5064355973045,0.00060620887,200.0698694884426,0.00067288394,-0.0071612876,0.0883523
2739.9647705826155,7402.2476,6.45757,-0.003952464,217801,1671.5072948157217,200.0705027717738,6912.446,5.531218,3654.0652,2.3459153,7402.2476,6.45757,0,,,,,1671.5072948157217,0.0006053158,200.0705027717738,0.00067223865,-0.009065999,0.08945687
2739.971714975893,7389.595,6.4578295,-0.003952512,217802,1671.5081373663845,200.069104327681,6901.2437,5.5314407,3648.3074,2.3456795,7389.595,6.4578295,0,,,,,1671.5081373663845,0.0006064051,200.069104327681,0.0006737852,-0.007179505,0.08846384
2739.9786593696367,7389.7983,6.4515,-0.0039525595,217803,1671.504623287579,200.06975962730212,6901.713,5.5260186,3640.3542,2.3432252,7389.7983,6.4515,0,,,,,1671.504623287579,0.0006055574,200.06975962730212,0.0006726086,-0.009100904,0.08351738
2739.9856037629147,7402.9473,6.448019,-0.0039526075,217804,1671.5079857120108,200.06974853215758,6912.4727,5.5230374,3625.6829,2.3390706,7402.9473,6.448019,0,,,,,1671.5079857120108,0.00060436456,200.06974853215758,0.0006711411,-0.007260262,0.08890845
2739.9925481566574,7396.4897,6.44236,-0.003952655,217805,1671.506456031925,200.06831631277333,6906.5703,5.51819,3618.1697,2.3358572,7396.4897,6.44236,0,,,,,1671.506456031925,0.000604233,200.06831631277333,0.0006713193,-0.0069545647,0.0819324
2739.999492549936,7399.7393,6.4388304,-0.003952703,217806,1671.5067168415385,200.06905748765445,6909.9893,5.515167,3605.4639,2.332451,7399.7393,6.4388304,0,,,,,1671.5067168415385,0.0006036128,200.06905748765445,0.0006703637,-0.008040315,0.089185536
2740.00643694368,7403.415,6.434768,-0.0039527505,217807,1671.506975432098,200.06994927464814,6912.946,5.5116873,3593.6665,2.32941,7403.415,6.434768,0,,,,,1671.506975432098,0.00060315523,200.06994927464814,0.0006696134,-0.008360881,0.08576055
2740.013381337423,7398.2407,6.432286,-0.003952798,217808,1671.5075485990596,200.0675781454944,6908.192,5.5095615,3586.048,2.3284986,7398.2407,6.432286,0,,,,,1671.5075485990596,0.0006031163,200.0675781454944,0.0006700549,-0.0075594475,0.083710454
2740.0203257307016,7382.593,6.422102,-0.003952846,217809,1671.5073403713593,200.06848497757952,6895.5244,5.5008388,3571.047,2.323336,7382.593,6.422102,0,,,,,1671.5073403713593,0.00060304743,200.06848497757952,0.0006702384,-0.007137963,0.08877125
2740.0272701244453,7396.386,6.422499,-0.0039528934,217810,1671.5068503865625,200.06931018465963,6906.5703,5.5011787,3560.1404,2.3228786,7396.386,6.422499,0,,,,,1671.5068503865625,0.00060267,200.06931018465963,0.00066853507,-0.0077901,0.08565961
2740.034214518189,7405.667,6.420744,-0.003952941,217811,1671.5080250796427,200.06890663525203,6914.816,5.499675,3548.8235,2.3180263,7405.667,6.420744,0,,,,,1671.5080250796427,0.00060201506,200.06890663525203,0.00066810235,-0.007731408,0.08588659
2740.0411589119317,7390.7183,6.413263,-0.0039529884,217812,1671.5070918973609,200.06846321725965,6901.865,5.4932675,3541.8872,2.316829,7390.7183,6.413263,0,,,,,1671.5070918973609,0.0006018462,200.06846321725965,0.0006683787,-0.007748844,0.08318854
2740.048103305676,7393.2036,6.4078145,-0.003953036,217813,1671.5068562851006,200.0696958883364,6903.9473,5.4886003,3530.1191,2.312153,7393.2036,6.4078145,0,,,,,1671.5068562851006,0.0006012702,200.0696958883364,0.0006673263,-0.0072761583,0.08295872
2740.05504769942,7391.5137,6.407475,-0.0039530834,217814,1671.5056004459727,200.07053164439665,6902.0015,5.4883094,3524.1367,2.3140311,7391.5137,6.407475,0,,,,,1671.5056004459727,0.0006011146,200.07053164439665,0.00066772726,-0.008231004,0.08586872
2740.0619920936283,7398.844,6.4061193,-0.0039531305,217815,1671.5077167809957,200.06984821865638,6909.144,5.4871483,3514.7954,2.3105078,7398.844,6.4061193,0,,,,,1671.5077167809957,0.000600528,200.06984821865638,0.0006669296,-0.00727963,0.08598928
2740.068936487372,7396.042,6.4039273,-0.003953178,217816,1671.5063720607586,200.0689873965566,6906.743,5.4852705,3513.5857,2.3090959,7396.042,6.4039273,0,,,,,1671.5063720607586,0.0006003074,200.0689873965566,0.00066669524,-0.00887881,0.08340445
2740.0758808811156,7399.3833,6.4028554,-0.0039532254,217817,1671.507618325585,200.06962389448114,6908.5527,5.484353,3510.8389,2.307493,7399.3833,6.4028554,0,,,,,1671.507618325585,0.000600152,200.06962389448114,0.0006666483,-0.0074618766,0.08318031
2740.0828252748593,7391.6616,6.399175,-0.003953273,217818,1671.5075798338598,200.06918562984552,6902.9565,5.4812,3502.911,2.305868,7391.6616,6.399175,0,,,,,1671.5075798338598,0.0006001537,200.06918562984552,0.00066659856,-0.0075887004,0.08365308
2740.089769669068,7387.0034,6.399186,-0.00395332,217819,1671.5072957233426,200.06893080222324,6897.9414,5.4812098,3504.9924,2.308297,7387.0034,6.399186,0,,,,,1671.5072957233426,0.00060059724,200.06893080222324,0.0006669379,-0.007424897,0.0832608
2740.096714062812,7396.306,6.4017034,-0.0039533675,217820,1671.505953166337,200.07025640714923,6906.841,5.4833655,3500.485,2.3064995,7396.306,6.4017034,0,,,,,1671.505953166337,0.0006006509,200.07025640714923,0.00066649355,-0.008078869,0.085505806
2740.1036584570215,7393.098,6.398358,-0.0039534145,217821,1671.5070512366638,200.06959510006016,6903.147,5.4805,3499.3948,2.305111,7393.098,6.398358,0,,,,,1671.5070512366638,0.0006002359,200.06959510006016,0.00066661864,-0.0077811196,0.0843351
2740.1106028512304,7390.7427,6.4012127,-0.0039534615,217822,1671.5071201013252,200.06886142939135,6901.8203,5.4829454,3504.5425,2.3065627,7390.7427,6.4012127,0,,,,,1671.5071201013252,0.0006003807,200.06886142939135,0.0006672346,-0.0074337763,0.08264705
2740.1175472449736,7399.0137,6.3977647,-0.003953509,217823,1671.5070426039858,200.06969100289274,6908.5806,5.4799924,3495.5798,2.3038626,7399.0137,6.3977647,0,,,,,1671.5070426039858,0.0005993643,200.06969100289274,0.0006660883,-0.007125868,0.0839983
2740.124491639183,7395.186,6.397623,-0.003953556,217824,1671.5069392987439,200.0695425708377,6905.614,5.479871,3498.7195,2.3044884,7395.186,6.397623,0,,,,,1671.5069392987439,0.0005998221,200.0695425708377,0.00066650705,-0.007880081,0.08395606
2740.131436033392,7392.0425,6.3996696,-0.003953603,217825,1671.5073674303203,200.06918344234293,6902.5737,5.481624,3501.8389,2.3062563,7392.0425,6.3996696,0,,,,,1671.5073674303203,0.0006004199,200.06918344234293,0.0006669535,-0.007209678,0.08283938
2740.138380427601,7397.6235,6.4013386,-0.00395365,217826,1671.5067890994258,200.0700970682555,6907.4385,5.483053,3501.9949,2.3076339,7397.6235,6.4013386,0,,,,,1671.5067890994258,0.00059983897,200.0700970682555,0.0006665903,-0.00796327,0.08562899
2740.145324821811,7398.2354,6.400934,-0.003953697,217827,1671.5072638706795,200.06847305873032,6906.7354,5.482707,3505.2827,2.3066435,7398.2354,6.400934,0,,,,,1671.5072638706795,0.00060039765,200.06847305873032,0.00066640624,-0.007557363,0.08335069
2740.15226921602,7384.298,6.400889,-0.003953744,217828,1671.5060251357809,200.0697961935174,6896.815,5.4826684,3508.6553,2.308888,7384.298,6.400889,0,,,,,1671.5060251357809,0.0006007664,200.0697961935174,0.00066725415,-0.008656015,0.08395355
2740.1592136102295,7397.6694,6.4071975,-0.003953791,217829,1671.5060761592624,200.06892984839098,6908.021,5.4880714,3507.4531,2.308563,7397.6694,6.4071975,0,,,,,1671.5060761592624,0.00060032296,200.06892984839098,0.0006675844,-0.0071919523,0.08379211
2740.166158004438,7391.8013,6.4022036,-0.0039538383,217830,1671.506686617928,200.06979990444165,6902.8027,5.4837947,3512.368,2.3080845,7391.8013,6.4022036,0,,,,,1671.506686617928,0.0006007786,200.06979990444165,0.0006668281,-0.007667766,0.08908678
2740.1731023986476,7389.566,6.404207,-0.0039538853,217831,1671.5069737120068,200.06824310057348,6900.6636,5.4855103,3520.1055,2.309742,7389.566,6.404207,0,,,,,1671.5069737120068,0.0006008741,200.06824310057348,0.00066738256,-0.0077756774,0.08891709
2740.1800467928565,7403.9507,6.407371,-0.0039539323,217832,1671.506308870163,200.07031504226222,6913.3823,5.4882207,3516.38,2.3109655,7403.9507,6.407371,0,,,,,1671.506308870163,0.0006001869,200.07031504226222,0.0006665437,-0.0072709145,0.085555635
2740.1869911870654,7402.271,6.407267,-0.0039539794,217833,1671.5063257834886,200.06991247375345,6911.3413,5.4881315,3519.5688,2.31045,7402.271,6.407267,0,,,,,1671.5063257834886,0.0006004038,200.06991247375345,0.0006670884,-0.007987343,0.089484744
2740.193935581741,7399.8706,6.4083467,-0.003954026,217834,1671.5071772821912,200.06980095651687,6909.2837,5.489056,3523.997,2.3115785,7399.8706,6.4083467,0,,,,,1671.5071772821912,0.0006005511,200.06980095651687,0.00066720764,-0.007173595,0.083458886
2740.2008799759496,7398.993,6.4096756,-0.003954073,217835,1671.5060335239439,200.06922957289208,6908.707,5.4901943,3529.0935,2.3128495,7398.993,6.4096756,0,,,,,1671.5060335239439,0.00060063624,200.06922957289208,0.00066728296,-0.008713025,0.08430945
2740.207824370624,7392.712,6.412005,-0.0039541195,217836,1671.507153680219,200.06957583649194,6903.8735,5.49219,3530.6394,2.3138125,7392.712,6.412005,0,,,,,1671.507153680219,0.00060109765,200.06957583649194,0.0006685164,-0.0074153687,0.089553244
2740.214768764834,7396.7134,6.4118752,-0.0039541665,217837,1671.5065570121249,200.06920302698288,6907.906,5.4920783,3537.5151,2.3141797,7396.7134,6.4118752,0,,,,,1671.5065570121249,0.00060121244,200.06920302698288,0.0006674983,-0.0081774555,0.08882903
2740.22171315951,7390.9243,6.411964,-0.003954213,217838,1671.50630881587,200.0703141829412,6902.4473,5.4921546,3537.36,2.3157933,7390.9243,6.411964,0,,,,,1671.50630881587,0.00060147204,200.0703141829412,0.0006681655,-0.0077903434,0.08964702
2740.2286575537187,7398.6357,6.410399,-0.00395426,217839,1671.508007180983,200.07032773096103,6908.5864,5.490814,3532.4824,2.313087,7398.6357,6.410399,0,,,,,1671.508007180983,0.0006008726,200.07032773096103,0.0006674447,-0.0070893792,0.089212194
2740.235601948393,7385.216,6.4119496,-0.0039543067,217840,1671.5062899428676,200.07008679318264,6897.065,5.492142,3536.2832,2.3153145,7385.216,6.4119496,0,,,,,1671.5062899428676,0.0006019512,200.07008679318264,0.00066869665,-0.008336828,0.083776906
2740.2425463430686,7401.432,6.4152203,-0.0039543533,217841,1671.507505801938,200.06945903009398,6911.2544,5.4949436,3536.9111,2.3160377,7401.432,6.4152203,0,,,,,1671.507505801938,0.000601487,200.06945903009398,0.00066735,-0.0072967247,0.089396745
2740.2494907377427,7392.7744,6.4103637,-0.0039544,217842,1671.5076708379106,200.06914839293003,6904.246,5.4907837,3533.5864,2.3135448,7392.7744,6.4103637,0,,,,,1671.5076708379106,0.0006013985,200.06914839293003,0.0006678436,-0.007824879,0.0835097
2740.2564351324177,7399.504,6.41062,-0.0039544464,217843,1671.5065003421148,200.07064051900394,6909.857,5.4910035,3531.1228,2.3138568,7399.504,6.41062,0,,,,,1671.5065003421148,0.0006009476,200.07064051900394,0.00066718773,-0.0083895,0.08977695
2740.2633795270926,7395.685,6.4107594,-0.003954493,217844,1671.5070129051924,200.07095902557953,6906.874,5.4911227,3529.294,2.3155146,7395.685,6.4107594,0,,,,,1671.5070129051924,0.00060083123,200.07095902557953,0.00066753034,-0.008083736,0.08658633
2740.2703239217685,7390.217,6.405754,-0.0039545395,217845,1671.5078388576223,200.0692518353271,6901.283,5.4868355,3523.2637,2.3101482,7390.217,6.405754,0,,,,,1671.5078388576223,0.0006009885,200.0692518353271,0.0006678042,-0.0066323373,0.08505242
2740.2772683164426,7389.5537,6.4074883,-0.003954586,217846,1671.5070722214032,200.07052872876474,6900.894,5.488321,3521.4944,2.312672,7389.5537,6.4074883,0,,,,,1671.5070722214032,0.00060099305,200.07052872876474,0.0006679976,-0.007103353,0.083576284
2740.2842127111176,7397.4814,6.407858,-0.0039546327,217847,1671.5069946837439,200.06896025816093,6908.0684,5.488638,3515.0115,2.309484,7397.4814,6.407858,0,,,,,1671.5069946837439,0.0006003474,200.06896025816093,0.00066748157,-0.007590256,0.0891618
2740.2911571057925,7384.006,6.4018073,-0.0039546792,217848,1671.5078551840525,200.06814359361155,6896.5146,5.483455,3510.723,2.3087785,7384.006,6.4018073,0,,,,,1671.5078551840525,0.00060147,200.06814359361155,0.0006675153,-0.00734329,0.08322557
2740.298101500467,7386.931,6.4004664,-0.003954726,217849,1671.507049095279,200.0699278492444,6898.8022,5.4823065,3500.0579,2.307086,7386.931,6.4004664,0,,,,,1671.507049095279,0.00060045655,200.0699278492444,0.0006676042,-0.0077160303,0.08676135
2740.3050458956072,7393.2646,6.3959413,-0.003954772,217850,1671.5063295062046,200.0688355110677,6904.529,5.4784303,3493.8013,2.3032115,7393.2646,6.3959413,0,,,,,1671.5063295062046,0.00059978734,200.0688355110677,0.00066597725,-0.008568561,0.08310373
2740.311990290282,7394.2456,6.3879976,-0.0039548185,217851,1671.507657254602,200.07128042393646,6904.8823,5.4716263,3474.9207,2.2975662,7394.2456,6.3879976,0,,,,,1671.507657254602,0.00059884327,200.07128042393646,0.00066538196,-0.0072335596,0.09005216
2740.3189346854233,7385.985,6.3888607,-0.0039548646,217852,1671.5086430867789,200.0688538231118,6897.5337,5.4723654,3476.8694,2.3006716,7385.985,6.3888607,0,,,,,1671.5086430867789,0.0005993104,200.0688538231118,0.00066589686,-0.007213912,0.08396871
2740.325879080098,7382.1,6.383439,-0.003954911,217853,1671.5080212788448,200.06937706781824,6895.0117,5.4677215,3463.7527,2.2945735,7382.1,6.383439,0,,,,,1671.5080212788448,0.00059907575,200.06937706781824,0.00066582847,-0.0070356587,0.085464574
2740.3328234752385,7390.087,6.3803167,-0.0039549572,217854,1671.5071619384962,200.06883538698804,6901.4106,5.4650474,3451.698,2.2919645,7390.087,6.3803167,0,,,,,1671.5071619384962,0.0005981856,200.06883538698804,0.0006648257,-0.006831414,0.08941129
2740.3397678699134,7394.4272,6.3755846,-0.003955004,217855,1671.5073914090622,200.0689015507304,6905.9424,5.460994,3437.8215,2.2894316,7394.4272,6.3755846,0,,,,,1671.5073914090622,0.00059745513,200.0689015507304,0.00066376314,-0.0067017484,0.089985
2740.346712265054,7395.1987,6.3782544,-0.00395505,217856,1671.5077154243872,200.06947967707535,6906.485,5.463281,3429.451,2.2900012,7395.1987,6.3782544,0,,,,,1671.5077154243872,0.0005973134,200.06947967707535,0.0006641155,-0.0076839677,0.083141245
2740.353656660194,7400.3193,6.367202,-0.003955096,217857,1671.5069382079798,200.06930825777238,6909.4053,5.453814,3412.1853,2.283249,7400.3193,6.367202,0,,,,,1671.5069382079798,0.00059642986,200.06930825777238,0.0006623934,-0.007504387,0.08410676
2740.360601055335,7388.248,6.3611913,-0.003955142,217858,1671.507645333022,200.06947808100287,6899.1943,5.4486656,3404.8743,2.2798648,7388.248,6.3611913,0,,,,,1671.507645333022,0.0005964966,200.06947808100287,0.00066294253,-0.0078015043,0.08630481
2740.3675454500103,7404.2407,6.3580832,-0.0039551887,217859,1671.5069601305918,200.0698734089244,6912.6006,5.446003,3386.027,2.2738616,7404.2407,6.3580832,0,,,,,1671.5069601305918,0.00059527473,200.0698734089244,0.0006612343,-0.008430832,0.08510658
2740.37448984515,7401.659,6.3515744,-0.003955235,217860,1671.50576708778,200.0679180965683,6910.4756,5.440428,3371.5928,2.2707987,7401.659,6.3515744,0,,,,,1671.50576708778,0.0005948704,200.0679180965683,0.00066065066,-0.0073802467,0.08907148
2740.3814342402907,7392.4565,6.345585,-0.003955281,217861,1671.5068986383471,200.07028583061597,6902.883,5.435298,3359.1409,2.267801,7392.4565,6.345585,0,,,,,1671.5068986383471,0.000594854,200.07028583061597,0.0006604628,-0.0076338765,0.08393515
2740.3883786354313,7400.9785,6.3438277,-0.003955327,217862,1671.5075530715067,200.06884158851506,6911.11,5.4337926,3348.0706,2.2661538,7400.9785,6.3438277,0,,,,,1671.5075530715067,0.0005938154,200.06884158851506,0.00065964414,-0.00795118,0.089804776
2740.395323030572,7394.723,6.336608,-0.003955373,217863,1671.5070089427938,200.06839498585157,6904.3022,5.4276085,3335.1877,2.2605898,7394.723,6.336608,0,,,,,1671.5070089427938,0.0005939017,200.06839498585157,0.00065967214,-0.008028997,0.08391077
2740.402267426178,7392.837,6.332005,-0.0039554187,217864,1671.5055592421581,200.06956141186103,6903.962,5.4236655,3321.8657,2.257972,7392.837,6.332005,0,,,,,1671.5055592421581,0.0005933304,200.06956141186103,0.0006588109,-0.008502256,0.084322184
2740.409211821319,7396.018,6.3267055,-0.003955465,217865,1671.5066379202126,200.07054122738765,6906.606,5.4191265,3310.3657,2.2538176,7396.018,6.3267055,0,,,,,1671.5066379202126,0.00059246353,200.07054122738765,0.0006581897,-0.008268389,0.089959115
2740.4161562164595,7386.928,6.3214025,-0.003955511,217866,1671.5080353746469,200.06941234267057,6898.728,5.414584,3300.6536,2.250831,7386.928,6.3214025,0,,,,,1671.5080353746469,0.00059259165,200.06941234267057,0.00065840007,-0.0064691426,0.08360927
2740.4231006115997,7405.917,6.32432,-0.003955557,217867,1671.505947192458,200.0709520219273,6914.1274,5.4170833,3287.3818,2.2507875,7405.917,6.32432,0,,,,,1671.505947192458,0.00059153826,200.0709520219273,0.00065707834,-0.008141752,0.08484483
2740.4300450072055,7393.165,6.3163404,-0.0039556026,217868,1671.5080166370744,200.06908770348446,6903.8867,5.4102483,3277.8794,2.2459471,7393.165,6.3163404,0,,,,,1671.5080166370744,0.0005913394,200.06908770348446,0.0006576107,-0.0075888336,0.082959406
2740.436989402346,7402.57,6.3120565,-0.0039556487,217869,1671.5073794852822,200.0693872667821,6911.567,5.406579,3267.1401,2.24111,7402.57,6.3120565,0,,,,,1671.5073794852822,0.00059077295,200.0693872667821,0.0006563494,-0.0075184125,0.08386047
2740.4439337979525,7394.256,6.3089423,-0.0039556944,217870,1671.5063612242868,200.0703475524416,6904.884,5.4039116,3262.2324,2.2402482,7394.256,6.3089423,0,,,,,1671.5063612242868,0.00059090595,200.0703475524416,0.0006563755,-0.0074588964,0.08384727
2740.450878193092,7380.602,6.302602,-0.0039557405,217871,1671.5060726732388,200.07044813297904,6892.8135,5.3984804,3253.693,2.2390113,7380.602,6.302602,0,,,,,1671.5060726732388,0.00059117464,200.07044813297904,0.00065666117,-0.008352675,0.08412963
2740.4578225886994,7391.0283,6.303632,-0.003955786,217872,1671.508032982448,200.07091568836927,6902.495,5.399363,3247.61,2.2361603,7391.0283,6.303632,0,,,,,1671.508032982448,0.00059045403,200.07091568836927,0.00065629545,-0.00774562,0.08374739
2740.464766983841,7393.6006,6.3004904,-0.003955832,217873,1671.5066574400491,200.069699098854,6904.4663,5.396672,3241.5823,2.235052,7393.6006,6.3004904,0,,,,,1671.5066574400491,0.0005901475,200.069699098854,0.00065515994,-0.007326335,0.08305747
2740.471711379447,7393.5513,6.3022804,-0.003955878,217874,1671.5069340508744,200.0688236543718,6903.6943,5.3982058,3239.6448,2.2358608,7393.5513,6.3022804,0,,,,,1671.5069340508744,0.00059021014,200.0688236543718,0.0006556737,-0.0070957225,0.0829593
2740.4786557750526,7399.701,6.298963,-0.0039559235,217875,1671.506466462349,200.07002633594672,6909.3066,5.395364,3233.0457,2.232935,7399.701,6.298963,0,,,,,1671.506466462349,0.000589513,200.07002633594672,0.0006547641,-0.0075046057,0.08479096
2740.485600170659,7394.4575,6.2984757,-0.003955969,217876,1671.5068853055125,200.0688429968269,6904.495,5.394946,3230.5845,2.2326994,7394.4575,6.2984757,0,,,,,1671.5068853055125,0.0005897895,200.0688429968269,0.00065537513,-0.0077572386,0.08389875
2740.492544566265,7397.3657,6.298713,-0.0039560148,217877,1671.5071399764795,200.0699404290597,6907.057,5.3951497,3230.679,2.2324538,7397.3657,6.298713,0,,,,,1671.5071399764795,0.00058952166,200.0699404290597,0.0006551678,-0.008594387,0.08434446
2740.499488961405,7386.903,6.2953897,-0.003956061,217878,1671.5076814080087,200.0686785004226,6898.741,5.392303,3230.0781,2.2319694,7386.903,6.2953897,0,,,,,1671.5076814080087,0.00058994396,200.0686785004226,0.00065546343,-0.0076485495,0.083252504
2740.5064333570117,7400.0815,6.298365,-0.0039561065,217879,1671.507475375195,200.07021445816736,6909.7515,5.3948517,3229.722,2.2333417,7400.0815,6.298365,0,,,,,1671.507475375195,0.00058945245,200.07021445816736,0.0006548917,-0.006034591,0.083030686
2740.5133777526175,7387.16,6.295498,-0.003956152,217880,1671.505521715223,200.06856769657375,6897.6914,5.392396,3228.415,2.2320704,7387.16,6.295498,0,,,,,1671.505521715223,0.0005898622,200.06856769657375,0.00065550185,-0.008582566,0.083657846
2740.5203221486895,7387.9478,6.294136,-0.0039561973,217881,1671.506065583544,200.07015580162215,6900.2114,5.391229,3226.1174,2.2313604,7387.9478,6.294136,0,,,,,1671.506065583544,0.0005894592,200.07015580162215,0.0006551636,-0.008172956,0.084228694
2740.527266544296,7411.0527,6.302181,-0.003956243,217882,1671.507170249623,200.0692204505661,6918.674,5.3981204,3231.5315,2.2334409,7411.0527,6.302181,0,,,,,1671.507170249623,0.00058947556,200.0692204505661,0.00065434544,-0.0076460377,0.084189914
2740.5342109399026,7386.8745,6.297804,-0.0039562886,217883,1671.5077996715615,200.0695165686463,6896.8467,5.394371,3233.635,2.2329323,7386.8745,6.297804,0,,,,,1671.5077996715615,0.0005906933,200.0695165686463,0.00065586134,-0.0067777517,0.08322694
2740.5411553355084,7389.256,6.300046,-0.003956334,217884,1671.506033157522,200.06959209766904,6900.5586,5.3962913,3239.563,2.2342658,7389.256,6.300046,0,,,,,1671.506033157522,0.0005906824,200.06959209766904,0.0006556234,-0.00858106,0.083928004
2740.54809973158,7401.537,6.3036838,-0.0039563794,217885,1671.5068090535178,200.07013217368805,6909.3706,5.3994074,3247.6877,2.2364316,7401.537,6.3036838,0,,,,,1671.5068090535178,0.00059003313,200.07013217368805,0.00065530033,-0.0075008124,0.08377003
2740.5550441271866,7393.9883,6.3092384,-0.003956425,217886,1671.5074471871317,200.07012848212545,6904.2617,5.4041653,3253.7922,2.2390687,7393.9883,6.3092384,0,,,,,1671.5074471871317,0.0005906886,200.07012848212545,0.00065691903,-0.007713302,0.08438465
2740.561988522792,7398.9497,6.3113084,-0.0039564706,217887,1671.50706502628,200.070078694332,6909.348,5.405938,3259.1807,2.2410333,7398.9497,6.3113084,0,,,,,1671.50706502628,0.00059035205,200.070078694332,0.0006563365,-0.0067079337,0.08353264
2740.568932918864,7385.86,6.310975,-0.003956516,217888,1671.5074760347834,200.06886566336792,6897.5356,5.4056525,3271.5273,2.2435875,7385.86,6.310975,0,,,,,1671.5074760347834,0.00059151,200.06886566336792,0.0006574903,-0.0070653693,0.0842032
2740.5758773144703,7394.361,6.317008,-0.0039565614,217889,1671.507878543077,200.06913014710975,6904.526,5.4108205,3284.2744,2.2462704,7394.361,6.317008,0,,,,,1671.507878543077,0.00059155974,200.06913014710975,0.0006573205,-0.008107722,0.084488116
2740.5828217105427,7392.645,6.3207545,-0.0039566066,217890,1671.5064366460147,200.0699532275499,6903.2266,5.4140296,3290.5728,2.2489512,7392.645,6.3207545,0,,,,,1671.5064366460147,0.00059227576,200.0699532275499,0.0006579934,-0.008567643,0.08962515
2740.589766106614,7392.806,6.3250294,-0.003956652,217891,1671.5069971527441,200.0712740188297,6903.807,5.417691,3303.44,2.252118,7392.806,6.3250294,0,,,,,1671.5069971527441,0.00059245195,200.0712740188297,0.00065850397,-0.007316436,0.084909394
2740.5967105022205,7385.0664,6.3293033,-0.0039566974,217892,1671.5066487067666,200.06959707548629,6897.624,5.421352,3319.3928,2.2575066,7385.0664,6.3293033,0,,,,,1671.5066487067666,0.00059337134,200.06959707548629,0.0006592469,-0.0080822045,0.08956455
2740.6036548982925,7387.8936,6.3327303,-0.0039567426,217893,1671.5076064581792,200.06785790729484,6899.272,5.4242873,3328.309,2.2580066,7387.8936,6.3327303,0,,,,,1671.5076064581792,0.0005939103,200.06785790729484,0.0006596561,-0.007816663,0.08388808
2740.610599294364,7396.359,6.3427715,-0.0039567878,217894,1671.5066199765754,200.0700087989359,6907.1577,5.4328876,3343.2644,2.2639856,7396.359,6.3427715,0,,,,,1671.5066199765754,0.00059445435,200.0700087989359,0.0006600275,-0.0071226233,0.08381108
2740.6175436904355,7382.223,6.3439536,-0.003956833,217895,1671.5073937335549,200.0693697042603,6895.3213,5.4339004,3359.011,2.2668867,7382.223,6.3439536,0,,,,,1671.5073937335549,0.0005951451,200.0693697042603,0.0006612977,-0.007556665,0.0899204
2740.6244880860418,7392.0117,6.3518467,-0.0039568786,217896,1671.507025436248,200.07015285229258,6903.382,5.440661,3372.8252,2.2720141,7392.0117,6.3518467,0,,,,,1671.507025436248,0.00059505395,200.07015285229258,0.0006611769,-0.008195471,0.09044979
2740.631432482114,7394.591,6.353156,-0.0039569237,217897,1671.5081517850867,200.07052174742623,6904.5117,5.441783,3378.7493,2.2731082,7394.591,6.353156,0,,,,,1671.5081517850867,0.0005952643,200.07052174742623,0.0006617578,-0.006589615,0.090110235
2740.6383768781857,7395.619,6.35816,-0.003956969,217898,1671.5056393658733,200.07054667147915,6906.367,5.446069,3393.7886,2.2757,7395.619,6.35816,0,,,,,1671.5056393658733,0.00059535843,200.07054667147915,0.00066181633,-0.008396764,0.08999769
2740.6453212742576,7380.847,6.361778,-0.003957014,217899,1671.5061729263189,200.06824987521293,6893.9185,5.4491673,3408.7336,2.2808385,7380.847,6.361778,0,,,,,1671.5061729263189,0.0005970564,200.06824987521293,0.000663416,-0.008397427,0.08992042
2740.6522656707953,7393.7705,6.3702016,-0.003957059,217900,1671.5074174116169,200.0705973696846,6905.2466,5.456383,3422.436,2.2846177,7393.7705,6.3702016,0,,,,,1671.5074174116169,0.0005970799,200.0705973696846,0.0006632874,-0.007075462,0.09038943
2740.659210066867,7390.0273,6.375077,-0.003957104,217901,1671.5054983363823,200.06894799901067,6901.4673,5.460559,3438.217,2.2887447,7390.0273,6.375077,0,,,,,1671.5054983363823,0.0005977419,200.06894799901067,0.0006641068,-0.008448707,0.09013911
2740.6661544629383,7404.078,6.382656,-0.003957149,217902,1671.5076889541108,200.06942790872174,6912.217,5.467051,3439.9307,2.290047,7404.078,6.382656,0,,,,,1671.5076889541108,0.0005974665,200.06942790872174,0.000664553,-0.0067937244,0.09037126
2740.6730988590107,7393.6714,6.3825502,-0.0039571943,217903,1671.5073155527034,200.068711238031,6904.295,5.46696,3453.996,2.2934942,7393.6714,6.3825502,0,,,,,1671.5073155527034,0.00059843477,200.068711238031,0.00066458853,-0.007794563,0.0898394
2740.6800432555488,7380.28,6.3831096,-0.003957239,217904,1671.507232188818,200.06855951646332,6892.5,5.467439,3461.5723,2.2967906,7380.28,6.3831096,0,,,,,1671.507232188818,0.0005992314,200.06855951646332,0.00066546135,-0.007931252,0.08567256
2740.68698765162,7385.963,6.383481,-0.003957284,217905,1671.506960889358,200.06966470444476,6896.519,5.467757,3463.8528,2.2967374,7385.963,6.383481,0,,,,,1671.506960889358,0.00059931807,200.06966470444476,0.0006656276,-0.007860349,0.085145265
2740.6939320476918,7384.3223,6.387893,-0.0039573293,217906,1671.507341609665,200.06888807709248,6897.53,5.4715366,3470.251,2.298134,7384.3223,6.387893,0,,,,,1671.507341609665,0.00059939985,200.06888807709248,0.00066604686,-0.00821149,0.090025686
2740.7008764442294,7392.7246,6.3891196,-0.003957374,217907,1671.5063179490019,200.06747752909448,6902.54,5.472587,3477.2102,2.2988153,7392.7246,6.3891196,0,,,,,1671.5063179490019,0.00059963117,200.06747752909448,0.0006652147,-0.007201643,0.08757983
2740.7078208403013,7404.1436,6.3918314,-0.003957419,217908,1671.5067213344098,200.06935183139493,6913.973,5.4749103,3476.0317,2.298484,7404.1436,6.3918314,0,,,,,1671.5067213344098,0.00059856375,200.06935183139493,0.00066475925,-0.0066341353,0.09069667
2740.7147652368385,7387.2393,6.392478,-0.003957464,217909,1671.5064031291313,200.06968312225627,6899.0913,5.475464,3481.7004,2.300579,7387.2393,6.392478,0,,,,,1671.5064031291313,0.00059980626,200.06968312225627,0.00066660385,-0.008153832,0.089877434
2740.721709632911,7385.912,6.3926907,-0.003957509,217910,1671.5077788389508,200.06988338267936,6897.932,5.475646,3483.8086,2.3017826,7385.912,6.3926907,0,,,,,1671.5077788389508,0.0006002295,200.06988338267936,0.00066644134,-0.0071815895,0.089331605
2740.7286540294485,7387.025,6.390234,-0.0039575538,217911,1671.506242704572,200.06986032214894,6898.3906,5.4735417,3481.5967,2.3011832,7387.025,6.390234,0,,,,,1671.506242704572,0.00059971784,200.06986032214894,0.0006658438,-0.008505015,0.09032327
2740.7355984259857,7386.6504,6.3928485,-0.0039575985,217912,1671.5060448463382,200.06981253538643,6898.284,5.4757814,3484.9885,2.3039672,7386.6504,6.3928485,0,,,,,1671.5060448463382,0.0005997149,200.06981253538643,0.0006663471,-0.008184943,0.09068135
2740.742542822523,7397.601,6.3917365,-0.003957643,217913,1671.5094111287226,200.06920175193264,6907.947,5.4748287,3479.6672,2.2992923,7397.601,6.3917365,0,,,,,1671.5094111287226,0.00059936475,200.06920175193264,0.00066545175,-0.0058580525,0.08783287
2740.749487218595,7405.9326,6.393524,-0.0039576883,217914,1671.506271948952,200.0692939658382,6915.9873,5.47636,3480.6433,2.2997727,7405.9326,6.393524,0,,,,,1671.506271948952,0.00059857086,200.0692939658382,0.0006648904,-0.009571936,0.091016084
2740.7564316151324,7395.637,6.392514,-0.003957733,217915,1671.5092371295937,200.06903419260217,6905.6294,5.475495,3481.5474,2.300424,7395.637,6.392514,0,,,,,1671.5092371295937,0.0005992438,200.06903419260217,0.0006658162,-0.007418196,0.0882221
2740.76337601167,7384.579,6.388979,-0.0039577777,217916,1671.5069027919849,200.0692500632034,6896.643,5.4724665,3479.6272,2.3001957,7384.579,6.388979,0,,,,,1671.5069027919849,0.0005994513,200.0692500632034,0.0006661884,-0.0084745865,0.088736854
2740.770320408208,7383.1426,6.3870792,-0.0039578225,217917,1671.5070349182583,200.0692209484082,6895.3223,5.47084,3475.0437,2.2985585,7383.1426,6.3870792,0,,,,,1671.5070349182583,0.00059954403,200.0692209484082,0.0006661187,-0.007352752,0.09064237
2740.7772648047453,7391.6777,6.388675,-0.003957867,217918,1671.5068982096218,200.06909862173558,6903.1167,5.4722066,3472.657,2.2972546,7391.6777,6.388675,0,,,,,1671.5068982096218,0.0005995719,200.06909862173558,0.0006653666,-0.0076334863,0.08982917
2740.784209201283,7391.279,6.3880663,-0.003957912,217919,1671.506193916301,200.06886287386612,6902.8535,5.471685,3472.326,2.2976074,7391.279,6.3880663,0,,,,,1671.506193916301,0.0005988928,200.06886287386612,0.00066516653,-0.008285706,0.090175144
2740.7911535978205,7390.4785,6.384078,-0.0039579566,217920,1671.507753178529,200.0697337547053,6901.671,5.4682693,3461.8894,2.2956262,7390.4785,6.384078,0,,,,,1671.507753178529,0.00059861236,200.0697337547053,0.0006653336,-0.007986085,0.089624345
2740.798097994358,7407.3687,6.3871617,-0.0039580013,217921,1671.5076190668865,200.07050358877453,6916.424,5.4709105,3455.778,2.2965205,7407.3687,6.3871617,0,,,,,1671.5076190668865,0.0005980664,200.07050358877453,0.00066400453,-0.00761034,0.090724535
2740.8050423913614,7387.4927,6.380901,-0.0039580455,217922,1671.5064604529036,200.0686776912747,6899.996,5.4655476,3455.443,2.2939248,7387.4927,6.380901,0,,,,,1671.5064604529036,0.0005988213,200.0686776912747,0.00066477543,-0.007646453,0.0903844
2740.811986787898,7390.3745,6.3793344,-0.00395809,217923,1671.5072294683366,200.0697260064528,6902.171,5.4642057,3448.9353,2.2923577,7390.3745,6.3793344,0,,,,,1671.5072294683366,0.00059835723,200.0697260064528,0.00066444674,-0.007262146,0.09074441
2740.818931184436,7378.208,6.372383,-0.003958135,217924,1671.506142441822,200.06949994152902,6891.1133,5.458252,3440.451,2.2887728,7378.208,6.372383,0,,,,,1671.506142441822,0.00059892423,200.06949994152902,0.0006648661,-0.007917124,0.090559505
2740.8258755809734,7394.5186,6.377644,-0.0039581796,217925,1671.5080546204772,200.069751152467,6905.7534,5.462758,3437.0137,2.288736,7394.5186,6.377644,0,,,,,1671.5080546204772,0.0005983725,200.069751152467,0.0006642044,-0.006425769,0.08779517
2740.8328199779767,7380.9326,6.373441,-0.003958224,217926,1671.5072799957338,200.06981005048226,6894.0005,5.459158,3431.1943,2.2884521,7380.9326,6.373441,0,,,,,1671.5072799957338,0.0005980317,200.06981005048226,0.0006649702,-0.007899062,0.09064514
2740.8397643745143,7395.0176,6.3705177,-0.0039582686,217927,1671.5065033462947,200.06941914125719,6906.8213,5.456654,3423.6252,2.2846417,7395.0176,6.3705177,0,,,,,1671.5065033462947,0.0005967422,200.06941914125719,0.0006632931,-0.007696183,0.08876638
2740.846708771518,7401.466,6.369152,-0.003958313,217928,1671.5067003254214,200.06928107096837,6912.624,5.455484,3414.9019,2.282936,7401.466,6.369152,0,,,,,1671.5067003254214,0.00059641496,200.06928107096837,0.000662453,-0.0077511314,0.090726696
2740.853653168055,7389.375,6.3641315,-0.0039583575,217929,1671.5071975104006,200.06991350171555,6901.101,5.451184,3407.4148,2.2814472,7389.375,6.3641315,0,,,,,1671.5071975104006,0.00059666485,200.06991350171555,0.0006629031,-0.007758206,0.09127477
2740.860597565058,7398.1016,6.364924,-0.0039584017,217930,1671.50793278738,200.06873512829878,6909.309,5.451863,3404.3086,2.2819788,7398.1016,6.364924,0,,,,,1671.50793278738,0.0005961409,200.06873512829878,0.00066211773,-0.0070176004,0.090298444
2740.867541961596,7386.9526,6.3586416,-0.0039584464,217931,1671.5072645812713,200.06910682373658,6898.4805,5.446481,3398.1113,2.2778223,7386.9526,6.3586416,0,,,,,1671.5072645812713,0.0005966494,200.06910682373658,0.0006625365,-0.006798582,0.0886893
2740.8744863585985,7396.529,6.360615,-0.0039584907,217932,1671.5058329015694,200.06933328561863,6907.6772,5.4481716,3397.375,2.2769706,7396.529,6.360615,0,,,,,1671.5058329015694,0.0005955881,200.06933328561863,0.0006618964,-0.007988395,0.08656973
2740.8814307556017,7384.723,6.354881,-0.003958535,217933,1671.5066635557455,200.06860401749344,6898.024,5.44326,3386.1917,2.274822,7384.723,6.354881,0,,,,,1671.5066635557455,0.00059588737,200.06860401749344,0.000662415,-0.008041129,0.09056145
2740.888375152605,7386.809,6.353025,-0.003958579,217934,1671.508026980723,200.06833842258453,6899.5845,5.4416704,3378.1035,2.2737002,7386.809,6.353025,0,,,,,1671.508026980723,0.00059580844,200.06833842258453,0.000661694,-0.007636225,0.08844266
2740.895319549143,7389.1836,6.3483906,-0.003958624,217935,1671.5070944788079,200.06951197306233,6901.796,5.4377007,3369.5525,2.270006,7389.1836,6.3483906,0,,,,,1671.5070944788079,0.00059507415,200.06951197306233,0.00066104473,-0.00742489,0.09057193
2740.902263946146,7389.1035,6.3450756,-0.003958668,217936,1671.5066780454847,200.07048770702193,6901.2793,5.4348617,3359.654,2.2680972,7389.1035,6.3450756,0,,,,,1671.5066780454847,0.0005947231,200.07048770702193,0.0006609882,-0.008365858,0.091029055
2740.909208343149,7400.096,6.3449717,-0.0039587123,217937,1671.5073056331762,200.06932885570652,6910.037,5.434773,3352.727,2.2661638,7400.096,6.3449717,0,,,,,1671.5073056331762,0.00059413165,200.06932885570652,0.00066005165,-0.006950967,0.09049994
2740.9161527401525,7392.412,6.3405337,-0.0039587566,217938,1671.5059863618276,200.07014532187443,6903.765,5.4309716,3343.5488,2.2632368,7392.412,6.3405337,0,,,,,1671.5059863618276,0.00059390545,200.07014532187443,0.0006600836,-0.008696382,0.09184192
2740.9230971371553,7382.2974,6.3346972,-0.003958801,217939,1671.5080574397005,200.06911640493564,6895.598,5.425972,3337.3403,2.2610817,7382.2974,6.3346972,0,,,,,1671.5080574397005,0.00059434347,200.06911640493564,0.0006599297,-0.0074198414,0.08959434
2740.930041534158,7399.1924,6.335092,-0.003958845,217940,1671.5074419624004,200.07040301516142,6909.251,5.42631,3324.3972,2.2574463,7399.1924,6.335092,0,,,,,1671.5074419624004,0.0005929278,200.07040301516142,0.0006590221,-0.0071973344,0.091688134
2740.9369859311614,7387.3286,6.329908,-0.0039588893,217941,1671.5068114103656,200.06956703283853,6899.51,5.4218698,3318.8877,2.2575054,7387.3286,6.329908,0,,,,,1671.5068114103656,0.00059340923,200.06956703283853,0.0006588065,-0.009061659,0.0888267
2740.943930328165,7391.672,6.3265996,-0.0039589335,217942,1671.5081124341818,200.06969748603564,6901.9346,5.419036,3307.603,2.2535865,7391.672,6.3265996,0,,,,,1671.5081124341818,0.0005927549,200.06969748603564,0.0006587132,-0.0077925036,0.089747265
2740.950874725168,7393.586,6.3237715,-0.0039589778,217943,1671.5059320223843,200.0703271965,6905.5435,5.416613,3295.544,2.2509623,7393.586,6.3237715,0,,,,,1671.5059320223843,0.00059209194,200.0703271965,0.00065819855,-0.00799486,0.090530515
2740.957819122637,7392.1523,6.3183537,-0.0039590215,217944,1671.507676169922,200.069683700517,6903.603,5.411973,3285.0208,2.2475233,7392.1523,6.3183537,0,,,,,1671.507676169922,0.0005918213,200.069683700517,0.0006578198,-0.0072825523,0.08645944
2740.96476351964,7388.686,6.316405,-0.003959066,217945,1671.5065582759387,200.0696636869183,6901.077,5.4103036,3273.455,2.2483327,7388.686,6.316405,0,,,,,1671.5065582759387,0.0005920212,200.0696636869183,0.000657106,-0.0078314,0.08487124
2740.9717079166435,7388.423,6.3121977,-0.00395911,217946,1671.506546958422,200.06918531582704,6900.9707,5.4067,3264.6265,2.2431173,7388.423,6.3121977,0,,,,,1671.506546958422,0.0005917351,200.06918531582704,0.00065719517,-0.008284749,0.0870862
2740.978652313646,7394.042,6.305598,-0.0039591542,217947,1671.5084078560046,200.06778996484428,6904.534,5.401047,3252.8118,2.2386403,7394.042,6.305598,0,,,,,1671.5084078560046,0.00059047755,200.06778996484428,0.0006560503,-0.008156985,0.09089832
2740.9855967111152,7402.705,6.3014216,-0.003959198,217948,1671.507082815517,200.06954428714405,6912.3306,5.39747,3239.7043,2.2334993,7402.705,6.3014216,0,,,,,1671.507082815517,0.000589459,200.06954428714405,0.00065500516,-0.0073557105,0.09023309
2740.992541108119,7399.7715,6.2997017,-0.0039592423,217949,1671.5065110483429,200.0700526377572,6909.984,5.3959966,3230.6157,2.2329593,7399.7715,6.2997017,0,,,,,1671.5065110483429,0.0005890854,200.0700526377572,0.0006549955,-0.006922271,0.08579067
2740.999485505587,7387.528,6.294651,-0.003959286,217950,1671.507470587178,200.06764247137764,6899.625,5.3916707,3219.4585,2.230144,7387.528,6.294651,0,,,,,1671.507470587178,0.0005897972,200.06764247137764,0.00065532007,-0.0069271754,0.08979914
2741.0064299025903,7388.897,6.2906933,-0.0039593303,217951,1671.5067514674704,200.0689915743214,6901.6455,5.3882804,3208.041,2.2264588,7388.897,6.2906933,0,,,,,1671.5067514674704,0.0005897815,200.0689915743214,0.00065398787,-0.00918672,0.085138485
2741.0133743000592,7390.892,6.2863774,-0.003959374,217952,1671.506453765489,200.0699831753708,6902.9507,5.3845835,3199.2896,2.2243812,7390.892,6.2863774,0,,,,,1671.506453765489,0.0005887897,200.0699831753708,0.0006543034,-0.0077249873,0.08451961
2741.020318697062,7394.815,6.2826896,-0.0039594183,217953,1671.50676172442,200.06812171405622,6906.5674,5.381425,3185.596,2.219748,7394.815,6.2826896,0,,,,,1671.50676172442,0.00058806204,200.06812171405622,0.00065318035,-0.007923444,0.08519659
2741.0272630945306,7391.782,6.2762365,-0.003959462,217954,1671.5075215256932,200.06937914213148,6902.8306,5.3758974,3177.7903,2.2173207,7391.782,6.2762365,0,,,,,1671.5075215256932,0.0005876739,200.06937914213148,0.00065311766,-0.007417685,0.08444784
2741.0342074915347,7390.706,6.273202,-0.0039595063,217955,1671.506486070111,200.06887732653786,6902.188,5.373298,3164.4636,2.216433,7390.706,6.273202,0,,,,,1671.506486070111,0.0005874608,200.06887732653786,0.0006524913,-0.008481172,0.08684457
2741.0411518890037,7391.3086,6.271441,-0.00395955,217956,1671.5058961884552,200.06915355299293,6902.887,5.37179,3155.0642,2.2124586,7391.3086,6.271441,0,,,,,1671.5058961884552,0.00058714364,200.06915355299293,0.0006522877,-0.007324237,0.08550708
2741.048096286472,7385.283,6.2656465,-0.003959594,217957,1671.5062799108548,200.06945331518992,6898.237,5.366827,3146.2998,2.20964,7385.283,6.2656465,0,,,,,1671.5062799108548,0.0005867387,200.06945331518992,0.0006521079,-0.00903114,0.09137476
2741.0550406839407,7397.595,6.2612505,-0.0039596376,217958,1671.5062789212002,200.06989352741076,6907.6504,5.363061,3134.3438,2.2061224,7397.595,6.2612505,0,,,,,1671.5062789212002,0.0005857964,200.06989352741076,0.0006508629,-0.0077127707,0.091012165
2741.061985080944,7388.4243,6.2579374,-0.003959682,217959,1671.5070086602325,200.06939766705997,6901.332,5.360224,3131.9844,2.2041757,7388.4243,6.2579374,0,,,,,1671.5070086602325,0.0005858382,200.06939766705997,0.0006511588,-0.007332293,0.09111148
2741.068929478413,7392.375,6.255048,-0.0039597256,217960,1671.5072706665283,200.0682115854589,6905.0127,5.357748,3118.903,2.2015858,7392.375,6.255048,0,,,,,1671.5072706665283,0.00058554165,200.0682115854589,0.00065020996,-0.007905824,0.085906185
2741.075873875881,7403.1743,6.2545896,-0.0039597694,217961,1671.5072684894942,200.0698573393301,6913.1333,5.3573556,3109.3137,2.1986332,7403.1743,6.2545896,0,,,,,1671.5072684894942,0.00058460666,200.0698573393301,0.0006495871,-0.007914054,0.09185773
2741.0828182733503,7406.2427,6.24987,-0.003959813,217962,1671.5064517364012,200.06951497338764,6915.8647,5.3533134,3099.0598,2.1958628,7406.2427,6.24987,0,,,,,1671.5064517364012,0.0005840852,200.06951497338764,0.0006485281,-0.008465622,0.08646094
2741.089762670819,7385.6396,6.2444425,-0.003959857,217963,1671.5065003400573,200.06969985271544,6899.0366,5.3486643,3095.4092,2.19373,7385.6396,6.2444425,0,,,,,1671.5065003400573,0.0005845998,200.06969985271544,0.0006498545,-0.00841307,0.08543324
2741.0967070682877,7385.5635,6.2423058,-0.0039599007,217964,1671.5078864466786,200.06886406311455,6898.7676,5.346834,3090.6753,2.1932828,7385.5635,6.2423058,0,,,,,1671.5078864466786,0.00058461033,200.06886406311455,0.0006492232,-0.0063132867,0.08469823
2741.1036514657567,7399.2637,6.2404,-0.0039599445,217965,1671.5064498734916,200.06932710612656,6910.007,5.3452015,3081.0835,2.1893928,7399.2637,6.2404,0,,,,,1671.5064498734916,0.0005830619,200.06932710612656,0.0006482999,-0.008358364,0.08552988
2741.110595863226,7389.295,6.238542,-0.0039599882,217966,1671.5065280525432,200.06836057273398,6902.824,5.3436103,3076.1707,2.1891892,7389.295,6.238542,0,,,,,1671.5065280525432,0.0005836678,200.06836057273398,0.0006489495,-0.00815376,0.08633485
2741.1175402606946,7397.734,6.236759,-0.003960032,217967,1671.5069939463979,200.06995880967392,6908.301,5.3420835,3070.4006,2.187392,7397.734,6.236759,0,,,,,1671.5069939463979,0.00058334315,200.06995880967392,0.0006478904,-0.0073864427,0.08984967
2741.124484658163,7392.586,6.2363625,-0.003960076,217968,1671.507389114235,200.06903365527558,6904.9834,5.3417435,3067.4688,2.187219,7392.586,6.2363625,0,,,,,1671.507389114235,0.0005835936,200.06903365527558,0.00064808526,-0.0067540132,0.08621935
2741.131429056098,7383.215,6.2350607,-0.003960119,217969,1671.5066381157458,200.07016092058097,6896.545,5.3406286,3067.2498,2.1897862,7383.215,6.2350607,0,,,,,1671.5066381157458,0.0005839502,200.07016092058097,0.0006487357,-0.008567121,0.08752496
2741.138373453566,7382.8545,6.2312903,-0.003960163,217970,1671.5067769372636,200.06877605124154,6896.357,5.337399,3059.9866,2.1857274,7382.8545,6.2312903,0,,,,,1671.5067769372636,0.00058364955,200.06877605124154,0.00064844894,-0.007474792,0.08670653
2741.145317851035,7388.7656,6.229237,-0.0039602066,217971,1671.5070520445304,200.06901982323257,6902.356,5.3356404,3052.231,2.1823692,7388.7656,6.229237,0,,,,,1671.5070520445304,0.00058304594,200.06901982323257,0.0006479041,-0.007542906,0.08697401
2741.152262248504,7400.66,6.229333,-0.0039602504,217972,1671.50671692927,200.0697864067154,6910.6577,5.335722,3046.767,2.1803687,7400.66,6.229333,0,,,,,1671.50671692927,0.00058222725,200.0697864067154,0.0006472475,-0.0077545047,0.0852603
2741.1592066464395,7397.4434,6.227341,-0.0039602937,217973,1671.5077394086861,200.06861834102372,6908.5356,5.334016,3042.3416,2.1812263,7397.4434,6.227341,0,,,,,1671.5077394086861,0.0005826992,200.06861834102372,0.00064693793,-0.0073101358,0.091257386
2741.1661510439076,7393.7725,6.224014,-0.0039603375,217974,1671.5067927870878,200.069924234825,6906.3726,5.3311663,3040.0618,2.1785433,7393.7725,6.224014,0,,,,,1671.5067927870878,0.00058223994,200.069924234825,0.0006466031,-0.0081413835,0.085187025
2741.173095441842,7397.8677,6.2220488,-0.003960381,217975,1671.5072508263377,200.0696166068803,6909.461,5.329483,3031.2278,2.176742,7397.8677,6.2220488,0,,,,,1671.5072508263377,0.00058176875,200.0696166068803,0.00064622826,-0.0077758813,0.08663705
2741.180039839311,7397.9546,6.2222724,-0.0039604246,217976,1671.506916510634,200.06967662458575,6909.2173,5.3296747,3030.8699,2.1765904,7397.9546,6.2222724,0,,,,,1671.506916510634,0.0005813559,200.06967662458575,0.00064597116,-0.0078646485,0.08684202
2741.1869842367796,7403.215,6.219026,-0.0039604683,217977,1671.505834274882,200.07064354171393,6914.147,5.3268943,3021.1782,2.172663,7403.215,6.219026,0,,,,,1671.505834274882,0.00058082456,200.07064354171393,0.0006453915,-0.008112331,0.087079056
2741.1939286347138,7386.9385,6.2172484,-0.0039605116,217978,1671.5066663649122,200.06903473839634,6900.2935,5.3253713,3021.5425,2.1738777,7386.9385,6.2172484,0,,,,,1671.5066663649122,0.0005816012,200.06903473839634,0.0006463566,-0.008064478,0.090108894
2741.2008730326484,7397.82,6.2187943,-0.003960555,217979,1671.506105077881,200.06978704826582,6909.596,5.326696,3015.1396,2.1728206,7397.82,6.2187943,0,,,,,1671.506105077881,0.0005812541,200.06978704826582,0.00064607465,-0.0077720936,0.08697641
2741.2078174301178,7392.381,6.2122517,-0.0039605987,217980,1671.5065200384481,200.06915033097144,6904.1978,5.3210917,3009.2295,2.1695309,7392.381,6.2122517,0,,,,,1671.5065200384481,0.000581199,200.06915033097144,0.0006456788,-0.008349387,0.08750561
2741.214761828052,7392.307,6.2108774,-0.003960642,217981,1671.5063767433503,200.069075648175,6904.479,5.3199143,3001.9612,2.1678276,7392.307,6.2108774,0,,,,,1671.5063767433503,0.0005809676,200.069075648175,0.0006455297,-0.007323336,0.08702233
2741.221706225521,7392.69,6.210438,-0.003960686,217982,1671.5065380851238,200.0692571610805,6905.6772,5.3195376,2995.0928,2.1696486,7392.69,6.210438,0,,,,,1671.5065380851238,0.0005803712,200.0692571610805,0.0006453886,-0.007910373,0.08638694
2741.2286506234555,7402.9033,6.2096705,-0.003960729,217983,1671.5070059627442,200.07040410583443,6913.89,5.3188806,2987.0542,2.164726,7402.9033,6.2096705,0,,,,,1671.5070059627442,0.00057974935,200.07040410583443,0.00064464647,-0.007012152,0.086392105
2741.23559502139,7392.8755,6.201012,-0.0039607724,217984,1671.5061073736533,200.0699977403059,6905.4854,5.3114643,2979.627,2.1613028,7392.8755,6.201012,0,,,,,1671.5061073736533,0.0005797863,200.0699977403059,0.0006441128,-0.008327199,0.09150494
2741.2425394193247,7387.498,6.2012625,-0.0039608157,217985,1671.506290216745,200.06855003033567,6901.007,5.3116784,2976.9443,2.1626549,7387.498,6.2012625,0,,,,,1671.506290216745,0.0005801561,200.06855003033567,0.0006444982,-0.007765226,0.08773219
2741.2494838167936,7390.5776,6.1955743,-0.0039608595,217986,1671.5067319887276,200.06941827030585,6902.75,5.3068066,2964.7322,2.1577418,7390.5776,6.1955743,0,,,,,1671.5067319887276,0.00057935447,200.06941827030585,0.0006439111,-0.008034292,0.086674005
2741.2564282147287,7397.835,6.1963625,-0.003960903,217987,1671.5060348082422,200.06995569004192,6909.149,5.307482,2959.4211,2.1566122,7397.835,6.1963625,0,,,,,1671.5060348082422,0.0005788177,200.06995569004192,0.00064338936,-0.007842607,0.08771344
2741.263372612663,7392.501,6.1875024,-0.003960946,217988,1671.5056590240251,200.0692590474629,6903.979,5.2998924,2946.6558,2.151628,7392.501,6.1875024,0,,,,,1671.5056590240251,0.00057835813,200.0692590474629,0.0006426121,-0.008246828,0.085913226
2741.270317010597,7403.5474,6.1859765,-0.0039609894,217989,1671.5069745130356,200.07030963623285,6914.7593,5.2985854,2932.3796,2.148885,7403.5474,6.1859765,0,,,,,1671.5069745130356,0.00057737366,200.07030963623285,0.00064170506,-0.007890486,0.09213349
2741.277261408532,7387.046,6.179803,-0.0039610327,217990,1671.5058141559914,200.06948414027988,6901.1685,5.293298,2923.2588,2.1479914,7387.046,6.179803,0,,,,,1671.5058141559914,0.00057772815,200.06948414027988,0.00064200896,-0.008568117,0.091753736
2741.2842058064666,7398.2095,6.1774254,-0.003961076,217991,1671.5079132796898,200.070082078919,6909.5156,5.291261,2914.5107,2.1432703,7398.2095,6.1774254,0,,,,,1671.5079132796898,0.00057711714,200.070082078919,0.0006412133,-0.0062713935,0.08693791
2741.2911502044003,7398.558,6.172667,-0.0039611193,217992,1671.5071929525438,200.06963452135966,6909.801,5.287185,2902.759,2.1396382,7398.558,6.172667,0,,,,,1671.5071929525438,0.0005767611,200.06963452135966,0.0006404661,-0.0071134586,0.0871451
2741.2980946023354,7387.3013,6.165849,-0.0039611626,217993,1671.50613832328,200.06981189186448,6900.6943,5.2813454,2895.0298,2.135773,7387.3013,6.165849,0,,,,,1671.50613832328,0.0005765315,200.06981189186448,0.00064089696,-0.008596404,0.08779382
2741.3050390002704,7397.616,6.1659527,-0.003961206,217994,1671.506324906801,200.07011083804085,6909.664,5.281434,2876.9697,2.1334887,7397.616,6.1659527,0,,,,,1671.506324906801,0.00057537854,200.07011083804085,0.00064022164,-0.008561419,0.08813568
2741.311983398204,7393.468,6.159175,-0.0039612493,217995,1671.5070985088234,200.0691840054174,6905.9673,5.2756286,2865.099,2.1289618,7393.468,6.159175,0,,,,,1671.5070985088234,0.0005753634,200.0691840054174,0.00063933356,-0.0073938286,0.087555796
2741.3189277961387,7392.384,6.15288,-0.0039612926,217996,1671.5059359084119,200.06980661581795,6904.9697,5.270237,2852.1963,2.1282556,7392.384,6.15288,0,,,,,1671.5059359084119,0.0005745097,200.06980661581795,0.0006385778,-0.008512,0.08758534
2741.3258721940733,7389.9873,6.1476016,-0.003961336,217997,1671.5060372158628,200.06901032159422,6903.551,5.2657156,2838.3892,2.1216936,7389.9873,6.1476016,0,,,,,1671.5060372158628,0.00057432835,200.06901032159422,0.00063848594,-0.0072665466,0.08658499
2741.3328165920075,7390.826,6.1411395,-0.003961379,217998,1671.5077961178795,200.0691691190121,6904.394,5.2601805,2825.8003,2.1173804,7390.826,6.1411395,0,,,,,1671.5077961178795,0.00057364895,200.0691691190121,0.0006376705,-0.007178297,0.08663339
2741.3397609899416,7395.368,6.1356606,-0.0039614225,217999,1671.5076739843262,200.0696900021439,6906.7817,5.2554874,2808.2546,2.1123257,7395.368,6.1356606,0,,,,,1671.5076739843262,0.00057278085,200.0696900021439,0.00063687336,-0.006514373,0.08642411
2741.346705388343,7396.38,6.1326423,-0.0039614653,218000,1671.5064274439094,200.0693288648073,6908.452,5.2529025,2791.8992,2.1094503,7396.38,6.1326423,0,,,,,1671.5064274439094,0.00057216943,200.0693288648073,0.0006365138,-0.007352874,0.08622409
2741.3536497862774,7388.702,6.1252947,-0.0039615086,218001,1671.5060107606125,200.07066178681757,6902.8223,5.2466087,2782.186,2.104684,7388.702,6.1252947,0,,,,,1671.5060107606125,0.000572733,200.07066178681757,0.0006357067,-0.007210255,0.09229487
2741.3605941842115,7388.6123,6.119807,-0.003961552,218002,1671.505631428693,200.06935670263348,6901.7295,5.2419076,2769.9841,2.101197,7388.6123,6.119807,0,,,,,1671.505631428693,0.0005714959,200.06935670263348,0.0006356175,-0.008073089,0.08723049
2741.3675385821457,7391.6147,6.1116757,-0.0039615952,218003,1671.5073890408291,200.0698597747385,6904.1084,5.2349434,2751.4287,2.0953689,7391.6147,6.1116757,0,,,,,1671.5073890408291,0.0005707218,200.0698597747385,0.0006343573,-0.008047924,0.08717742
2741.374482980546,7394.234,6.108814,-0.003961638,218004,1671.5069040948229,200.06906498264777,6907.538,5.2324915,2736.7852,2.093354,7394.234,6.108814,0,,,,,1671.5069040948229,0.0005699231,200.06906498264777,0.0006334975,-0.008720768,0.08769125
2741.3814273784806,7393.8286,6.1025004,-0.0039616814,218005,1671.5067042749354,200.06910868179475,6905.9595,5.227084,2721.6167,2.0869105,7393.8286,6.1025004,0,,,,,1671.5067042749354,0.0005698759,200.06910868179475,0.0006329752,-0.007587891,0.08748593
2741.38837177688,7389.989,6.100875,-0.003961724,218006,1671.5071457163663,200.06849807823622,6903.018,5.225692,2709.6292,2.0849404,7389.989,6.100875,0,,,,,1671.5071457163663,0.0005696773,200.06849807823622,0.0006334381,-0.00681828,0.0867293
2741.395316174815,7384.3896,6.0903106,-0.0039617675,218007,1671.5052287844728,200.07042850912237,6899.144,5.216643,2692.406,2.0785434,7384.3896,6.0903106,0,,,,,1671.5052287844728,0.00056848035,200.07042850912237,0.0006324765,-0.008455127,0.088049725
2741.402260572749,7378.023,6.082867,-0.003961811,218008,1671.5079795123506,200.06864191444262,6892.4233,5.210267,2682.158,2.0760322,7378.023,6.082867,0,,,,,1671.5079795123506,0.0005688645,200.06864191444262,0.0006320375,-0.007051859,0.08517894
2741.4092049711494,7393.6865,6.081567,-0.0039618537,218009,1671.5073729901608,200.06905816084395,6906.4883,5.209153,2663.9119,2.0708187,7393.6865,6.081567,0,,,,,1671.5073729901608,0.0005674333,200.06905816084395,0.00063076004,-0.008002003,0.08745361
2741.416149369084,7394.766,6.073652,-0.003961897,218010,1671.505998262323,200.06959106545136,6906.692,5.2023735,2651.08,2.0651066,7394.766,6.073652,0,,,,,1671.505998262323,0.00056656654,200.06959106545136,0.0006297705,-0.008061706,0.08820935
2741.4230937674847,7396.5425,6.0679584,-0.00396194,218011,1671.5068525635734,200.06971951936262,6908.9204,5.1974974,2636.0137,2.061137,7396.5425,6.0679584,0,,,,,1671.5068525635734,0.00056589884,200.06971951936262,0.0006291252,-0.00745166,0.086573645
2741.430038165419,7390.4834,6.0615664,-0.003961983,218012,1671.507357268003,200.06897869691684,6901.996,5.1920223,2622.7593,2.0575855,7390.4834,6.0615664,0,,,,,1671.507357268003,0.00056549767,200.06897869691684,0.00062870147,-0.007014623,0.08763282
2741.4369825638187,7390.4453,6.0593977,-0.003962026,218013,1671.507062331315,200.06883839124833,6904.37,5.1901646,2611.675,2.0545266,7390.4453,6.0593977,0,,,,,1671.507062331315,0.0005652662,200.06883839124833,0.0006283633,-0.007893405,0.08689708
2741.4439269617537,7388.9507,6.051614,-0.0039620693,218014,1671.5074226122786,200.06976584860664,6901.9814,5.1834974,2599.1196,2.049682,7388.9507,6.051614,0,,,,,1671.5074226122786,0.0005644587,200.06976584860664,0.0006277383,-0.0072732596,0.086545005
2741.450871360153,7387.873,6.045459,-0.003962112,218015,1671.5072683084343,200.0689852646489,6900.985,5.178225,2581.1672,2.0451286,7387.873,6.045459,0,,,,,1671.5072683084343,0.0005641325,200.0689852646489,0.00062716374,-0.0071402653,0.08565176
2741.4578157585534,7393.4966,6.0422826,-0.003962155,218016,1671.5063658638733,200.06961057169292,6906.6196,5.1755047,2572.9116,2.040982,7393.4966,6.0422826,0,,,,,1671.5063658638733,0.0005635581,200.06961057169292,0.00062612863,-0.008452284,0.087455064
2741.464760156488,7389.34,6.0382075,-0.0039621983,218017,1671.5057487690924,200.07088571009643,6901.936,5.172014,2561.352,2.0396578,7389.34,6.0382075,0,,,,,1671.5057487690924,0.00056351116,200.07088571009643,0.0006259755,-0.008653842,0.08841579
2741.471704554889,7376.9995,6.033661,-0.003962241,218018,1671.5078068244297,200.06904633518366,6891.008,5.1681194,2551.0107,2.0369651,7376.9995,6.033661,0,,,,,1671.5078068244297,0.0005637486,200.06904633518366,0.0006268466,-0.007356458,0.08603441
2741.4786489532885,7389.3755,6.0304127,-0.003962284,218019,1671.5069582365488,200.06821185220403,6903.3613,5.1653376,2536.5825,2.0324116,7389.3755,6.0304127,0,,,,,1671.5069582365488,0.0005625009,200.06821185220403,0.00062547595,-0.007793565,0.086957365
2741.4855933516887,7390.251,6.0231743,-0.003962327,218020,1671.5070342221431,200.0700318825547,6903.477,5.1591372,2524.296,2.0280073,7390.251,6.0231743,0,,,,,1671.5070342221431,0.0005613913,200.0700318825547,0.00062447455,-0.008234874,0.08660066
2741.4925377496234,7387.9844,6.018548,-0.00396237,218021,1671.5061457287622,200.0682944134014,6900.3003,5.1551747,2512.6948,2.0242994,7387.9844,6.018548,0,,,,,1671.5061457287622,0.00056219555,200.0682944134014,0.0006241244,-0.007130655,0.08501146
2741.499482148023,7388.1797,6.0157323,-0.003962413,218022,1671.507296803237,200.06890407749304,6901.8975,5.152763,2502.4004,2.0242486,7388.1797,6.0157323,0,,,,,1671.507296803237,0.00056110224,200.06890407749304,0.0006234509,-0.006891612,0.08578405
2741.506426546423,7397.2188,6.011554,-0.003962456,218023,1671.5048225398302,200.07068438512616,6910.0884,5.149184,2484.8164,2.0162015,7397.2188,6.011554,0,,,,,1671.5048225398302,0.0005598945,200.07068438512616,0.0006228558,-0.008689541,0.087493725
2741.5133709448232,7389.3477,6.0087986,-0.0039624986,218024,1671.5068968302946,200.06777528524051,6902.249,5.146824,2478.4297,2.0153482,7389.3477,6.0087986,0,,,,,1671.5068968302946,0.0005601586,200.06777528524051,0.000622915,-0.007909412,0.08658379
2741.5203153427583,7391.01,6.000574,-0.003962542,218025,1671.5057780608026,200.07033419941695,6903.2217,5.1397796,2465.931,2.0104954,7391.01,6.000574,0,,,,,1671.5057780608026,0.0005591265,200.07033419941695,0.00062193285,-0.0081655085,0.08879518
2741.527259741158,7391.5615,5.997596,-0.003962585,218026,1671.506936665559,200.06974511593856,6903.839,5.1372285,2457.5928,2.0077655,7391.5615,5.997596,0,,,,,1671.506936665559,0.0005589267,200.06974511593856,0.0006217838,-0.007552471,0.085467435
2741.5342041395584,7395.367,5.9909654,-0.0039626276,218027,1671.5066071710055,200.0702814415477,6907.379,5.1315494,2443.5337,2.0024455,7395.367,5.9909654,0,,,,,1671.5066071710055,0.0005579935,200.0702814415477,0.0006203807,-0.008491304,0.0862636
2741.5411485379586,7395.5767,5.986873,-0.0039626705,218028,1671.5073832224768,200.06949680109503,6906.982,5.1280437,2433.7397,1.9989592,7395.5767,5.986873,0,,,,,1671.5073832224768,0.0005576657,200.06949680109503,0.0006199724,-0.0074889213,0.08650884
2741.548092936359,7387.9775,5.9811378,-0.0039627133,218029,1671.5063894313564,200.06837842367653,6901.4185,5.1231313,2419.474,1.9953264,7387.9775,5.9811378,0,,,,,1671.5063894313564,0.0005577266,200.06837842367653,0.0006196708,-0.007887253,0.0858673
2741.5550373347583,7376.9717,5.9777856,-0.003962756,218030,1671.5069865451003,200.0704197308285,6891.584,5.1202602,2413.535,1.9947107,7376.9717,5.9777856,0,,,,,1671.5069865451003,0.00055797526,200.0704197308285,0.0006205124,-0.007831653,0.08694899
2741.561981733159,7387.1196,5.979691,-0.003962799,218031,1671.5072876222778,200.07028173857273,6900.6733,5.121892,2401.9468,1.9923806,7387.1196,5.979691,0,,,,,1671.5072876222778,0.00055740756,200.07028173857273,0.0006201045,-0.007471203,0.0862659
2741.5689261315597,7384.0854,5.971317,-0.003962842,218032,1671.507629898674,200.0689958451126,6896.555,5.1147194,2392.526,1.9876964,7384.0854,5.971317,0,,,,,1671.507629898674,0.00055686047,200.0689958451126,0.0006192516,-0.0070408676,0.08589191
2741.575870529959,7389.6587,5.96675,-0.0039628847,218033,1671.504794626889,200.06982441912774,6902.058,5.1108074,2382.146,1.9839649,7389.6587,5.96675,0,,,,,1671.504794626889,0.0005561497,200.06982441912774,0.0006178048,-0.010215225,0.08810699
2741.5828149283593,7392.8403,5.960702,-0.0039629275,218034,1671.5066782439262,200.06920326160517,6904.4766,5.105627,2368.4685,1.9790859,7392.8403,5.960702,0,,,,,1671.5066782439262,0.00055538845,200.06920326160517,0.00061721774,-0.007782059,0.08580545
2741.5897593267596,7392.96,5.957582,-0.0039629703,218035,1671.5059257041235,200.06938934055856,6904.1167,5.102955,2360.5332,1.9774308,7392.96,5.957582,0,,,,,1671.5059257041235,0.000554717,200.06938934055856,0.00061668525,-0.008792773,0.08629016
2741.59670372516,7388.4604,5.9574385,-0.003963013,218036,1671.5078149107285,200.06935447564058,6901.09,5.102832,2354.6685,1.979189,7388.4604,5.9574385,0,,,,,1671.5078149107285,0.000554872,200.06935447564058,0.00061703933,-0.007780042,0.08592632
2741.6036481235597,7399.9707,5.952081,-0.003963056,218037,1671.5076766951415,200.0693309129879,6909.9434,5.0982428,2342.4468,1.9715087,7399.9707,5.952081,0,,,,,1671.5076766951415,0.00055390946,200.0693309129879,0.00061582966,-0.00745588,0.08670506
2741.6105925219604,7384.6045,5.9496746,-0.003963099,218038,1671.5064716590934,200.06966928354086,6897.8115,5.096182,2334.2974,1.9696908,7384.6045,5.9496746,0,,,,,1671.5064716590934,0.00055403844,200.06966928354086,0.0006168448,-0.0073542506,0.08629714
2741.6175369203606,7388.141,5.942054,-0.0039631417,218039,1671.504338378324,200.06991371982136,6900.842,5.0896544,2320.2285,1.9663512,7388.141,5.942054,0,,,,,1671.504338378324,0.0005531062,200.06991371982136,0.00061536185,-0.008769871,0.08661192
2741.6244813187604,7389.2954,5.9365697,-0.0039631845,218040,1671.5063981997455,200.07057676104938,6901.84,5.0849566,2312.5007,1.9617202,7389.2954,5.9365697,0,,,,,1671.5063981997455,0.00055296766,200.07057676104938,0.00061494554,-0.007541651,0.085434735
2741.6314257171603,7387.0835,5.932945,-0.0039632274,218041,1671.5065190610742,200.06981436143354,6899.6265,5.081852,2303.5908,1.9594506,7387.0835,5.932945,0,,,,,1671.5065190610742,0.0005526901,200.06981436143354,0.00061462965,-0.008331185,0.08761553
2741.6383701155605,7389.686,5.934234,-0.00396327,218042,1671.5058523758412,200.0705293460925,6900.614,5.082956,2292.1226,1.9581171,7389.686,5.934234,0,,,,,1671.5058523758412,0.0005520924,200.0705293460925,0.0006150553,-0.007835211,0.087250404
2741.6453145144264,7388.5503,5.9243503,-0.0039633126,218043,1671.506576689119,200.06986797171578,6900.882,5.07449,2280.038,1.951524,7388.5503,5.9243503,0,,,,,1671.506576689119,0.00055155414,200.06986797171578,0.0006137978,-0.007882804,0.085376516
2741.652258912826,7390.47,5.9202266,-0.0039633554,218044,1671.5061039795771,200.06968177007474,6901.528,5.070958,2270.0112,1.9486678,7390.47,5.9202266,0,,,,,1671.5061039795771,0.0005513528,200.06968177007474,0.0006130768,-0.0073553342,0.08655111
2741.659203311227,7391.492,5.9178824,-0.0039633983,218045,1671.5070970990953,200.06925094578384,6904.092,5.06895,2262.057,1.9470367,7391.492,5.9178824,0,,,,,1671.5070970990953,0.0005508666,200.06925094578384,0.0006122184,-0.006989856,0.08222739
2741.6661477096272,7399.544,5.9140725,-0.003963441,218046,1671.5061849970639,200.07043538455292,6909.73,5.0656867,2251.3203,1.9416838,7399.544,5.9140725,0,,,,,1671.5061849970639,0.00055012706,200.07043538455292,0.00061168737,-0.007609814,0.08617808
2741.6730921080275,7388.6846,5.910227,-0.003963484,218047,1671.506268217688,200.0703669905415,6900.84,5.0623927,2246.5815,1.9415709,7388.6846,5.910227,0,,,,,1671.506268217688,0.00055026275,200.0703669905415,0.00061169616,-0.008570709,0.086731225
2741.680036506427,7390.212,5.909337,-0.003963527,218048,1671.507212402611,200.06866092964754,6901.5635,5.0616307,2236.295,1.9389973,7390.212,5.909337,0,,,,,1671.507212402611,0.0005509336,200.06866092964754,0.0006114955,-0.008460105,0.087331854
2741.6869809052932,7388.3623,5.904764,-0.003963569,218049,1671.5056407441016,200.06927855407739,6900.372,5.0577135,2228.8733,1.9377542,7388.3623,5.904764,0,,,,,1671.5056407441016,0.0005499753,200.06927855407739,0.00061104173,-0.007844583,0.08199816
2741.693925303693,7391.3574,5.903202,-0.003963612,218050,1671.5058396162954,200.06999544525377,6902.924,5.056376,2224.2532,1.9343618,7391.3574,5.903202,0,,,,,1671.5058396162954,0.00054896844,200.06999544525377,0.00061069557,-0.008605674,0.08329652
2741.700869702093,7387.941,5.9010806,-0.003963655,218051,1671.5062013852705,200.06912377330502,6899.7705,5.0545588,2211.9165,1.9335934,7387.941,5.9010806,0,,,,,1671.5062013852705,0.0005490243,200.06912377330502,0.00061118294,-0.0077448487,0.08567873
2741.7078141004936,7387.2,5.896947,-0.0039636977,218052,1671.5067312406445,200.06993773651138,6897.88,5.0510178,2203.698,1.9293938,7387.2,5.896947,0,,,,,1671.5067312406445,0.0005489415,200.06993773651138,0.0006107435,-0.00874305,0.0866273
2741.7147584993586,7398.8315,5.891576,-0.00396374,218053,1671.506192726449,200.0694896184226,6907.4854,5.046417,2195.975,1.9251512,7398.8315,5.891576,0,,,,,1671.506192726449,0.0005476954,200.0694896184226,0.0006091529,-0.008408461,0.08521189
2741.721702897759,7393.1733,5.886568,-0.003963783,218054,1671.505887680089,200.0705401746116,6904.888,5.0421276,2187.5974,1.921591,7393.1733,5.886568,0,,,,,1671.505887680089,0.00054757163,200.0705401746116,0.0006086159,-0.008992185,0.08402817
2741.7286472961596,7392.1157,5.8865366,-0.0039638258,218055,1671.507589105731,200.06921017322694,6903.2104,5.042101,2183.8674,1.921567,7392.1157,5.8865366,0,,,,,1671.507589105731,0.0005473957,200.06921017322694,0.00060902373,-0.007028633,0.08547641
2741.735591695026,7377.897,5.880578,-0.003963868,218056,1671.5065079929802,200.0697020199099,6891.2246,5.0369973,2179.9268,1.9192408,7377.897,5.880578,0,,,,,1671.5065079929802,0.0005479825,200.0697020199099,0.00060912775,-0.008250414,0.08201102
2741.7425360934253,7380.2266,5.8799767,-0.003963911,218057,1671.5066941000798,200.07035037537722,6892.4375,5.0364823,2168.178,1.917486,7380.2266,5.8799767,0,,,,,1671.5066941000798,0.00054746465,200.07035037537722,0.00060940674,-0.008236699,0.08265026
2741.7494804918256,7387.0986,5.8779283,-0.003963954,218058,1671.50562560332,200.0699353957965,6899.279,5.0347276,2168.405,1.91563,7387.0986,5.8779283,0,,,,,1671.50562560332,0.00054696633,200.0699353957965,0.000608416,-0.009022814,0.086815745
2741.756424890226,7391.369,5.876133,-0.0039639967,218059,1671.5062393405274,200.07013776206196,6901.9624,5.03319,2158.704,1.9138706,7391.369,5.876133,0,,,,,1671.5062393405274,0.00054659613,200.07013776206196,0.00060805853,-0.008064701,0.0824155
2741.7633692890913,7385.654,5.872362,-0.003964039,218060,1671.507760357861,200.06861244979336,6897.301,5.0299597,2154.3792,1.9114193,7385.654,5.872362,0,,,,,1671.507760357861,0.0005468337,200.06861244979336,0.000607873,-0.006979244,0.08151297
2741.770313687491,7390.1826,5.870881,-0.003964082,218061,1671.5063934173072,200.06975327062406,6900.6567,5.0286913,2150.0503,1.9098345,7390.1826,5.870881,0,,,,,1671.5063934173072,0.0005461438,200.06975327062406,0.0006073042,-0.007155549,0.082344
2741.7772580858914,7386.863,5.8708935,-0.0039641247,218062,1671.5049894414672,200.07025807447667,6899.2065,5.028702,2146.784,1.9098159,7386.863,5.8708935,0,,,,,1671.5049894414672,0.0005463433,200.07025807447667,0.0006071996,-0.009058291,0.08362406
2741.784202484758,7393.4766,5.8687124,-0.003964167,218063,1671.5074294626688,200.06800864764355,6903.883,5.026834,2143.4365,1.9076089,7393.4766,5.8687124,0,,,,,1671.5074294626688,0.0005457717,200.06800864764355,0.0006067345,-0.00825297,0.08177365
2741.791146883158,7392.2524,5.8712106,-0.00396421,218064,1671.5067079146713,200.06982485348152,6901.132,5.028973,2142.1685,1.9077622,7392.2524,5.8712106,0,,,,,1671.5067079146713,0.000546917,200.06982485348152,0.0006073984,-0.0074412837,0.0824781
2741.798091281558,7389.8457,5.8681655,-0.003964253,218065,1671.506707556413,200.07054976524947,6900.3286,5.0263653,2138.2239,1.9063045,7389.8457,5.8681655,0,,,,,1671.506707556413,0.0005460686,200.07054976524947,0.0006071469,-0.00856015,0.08313929
2741.8050356804238,7394.239,5.866975,-0.003964295,218066,1671.5058384636068,200.0702262024609,6903.7437,5.025345,2137.3901,1.9054941,7394.239,5.866975,0,,,,,1671.5058384636068,0.0005457964,200.0702262024609,0.00060659496,-0.0078863455,0.0829263
2741.811980078824,7397.7856,5.869924,-0.003964338,218067,1671.505938974593,200.06917116406404,6907.359,5.0278716,2137.247,1.9069949,7397.7856,5.869924,0,,,,,1671.505938974593,0.0005455598,200.06917116406404,0.0006064619,-0.0083582625,0.08292222
2741.818924477689,7392.8125,5.8651795,-0.0039643804,218068,1671.5059407995507,200.0696373489203,6903.322,5.0238075,2132.7656,1.9046824,7392.8125,5.8651795,0,,,,,1671.5059407995507,0.00054541655,200.0696373489203,0.00060647214,-0.007792504,0.08187831
2741.8258688760898,7392.4478,5.8663125,-0.003964423,218069,1671.505982959804,200.06998968867052,6902.2446,5.024778,2134.0227,1.9061944,7392.4478,5.8663125,0,,,,,1671.505982959804,0.00054520904,200.06998968867052,0.0006065919,-0.008279692,0.082978345
2741.8328132744905,7388.831,5.8641887,-0.003964466,218070,1671.5065095724256,200.0696230178163,6898.147,5.0229588,2132.2231,1.9044976,7388.831,5.8641887,0,,,,,1671.5065095724256,0.0005456122,200.0696230178163,0.0006068364,-0.0070475745,0.082040474
2741.8397576733555,7391.862,5.8654823,-0.0039645084,218071,1671.5062007550014,200.0692698467875,6902.8496,5.024067,2131.5112,1.9050598,7391.862,5.8654823,0,,,,,1671.5062007550014,0.00054535986,200.0692698467875,0.00060670223,-0.008921591,0.08298613
2741.8467020717558,7392.253,5.864353,-0.0039645513,218072,1671.506996362688,200.07023283716623,6902.625,5.0231,2133.496,1.9042077,7392.253,5.864353,0,,,,,1671.506996362688,0.0005453493,200.07023283716623,0.00060658297,-0.008160867,0.082850605
2741.8536464701565,7393.6387,5.864894,-0.003964594,218073,1671.5069380995142,200.0702228627413,6902.888,5.023563,2131.2383,1.9040884,7393.6387,5.864894,0,,,,,1671.5069380995142,0.00054534094,200.0702228627413,0.0006065051,-0.0076681813,0.083396465
2741.860590869022,7389.224,5.8655534,-0.0039646365,218074,1671.5056816008898,200.06955975863286,6900.3394,5.024128,2131.439,1.9045109,7389.224,5.8655534,0,,,,,1671.5056816008898,0.00054519466,200.06955975863286,0.00060681853,-0.009065955,0.08185765
2741.8675352674218,7390.4,5.8630843,-0.0039646793,218075,1671.5064700728076,200.0704268868951,6899.708,5.0220127,2130.0896,1.9046481,7390.4,5.8630843,0,,,,,1671.5064700728076,0.0005455674,200.0704268868951,0.000606493,-0.008604136,0.083511256
2741.874479666288,7396.3115,5.8652983,-0.0039647217,218076,1671.5064328101355,200.07021713293992,6905.012,5.023909,2132.8694,1.9037641,7396.3115,5.8652983,0,,,,,1671.5064328101355,0.00054550864,200.07021713293992,0.0006063616,-0.007362524,0.08280365
2741.8814240646884,7393.302,5.869826,-0.0039647645,218077,1671.5070660196968,200.06869376816857,6902.737,5.027787,2129.955,1.906385,7393.302,5.869826,0,,,,,1671.5070660196968,0.0005457466,200.06869376816857,0.0006075901,-0.0071327714,0.08176359
2741.888368463088,7394.504,5.86358,-0.0039648074,218078,1671.5069791896983,200.07012353558966,6903.3276,5.0224376,2130.3613,1.9035606,7394.504,5.86358,0,,,,,1671.5069791896983,0.0005451724,200.07012353558966,0.000606143,-0.008696717,0.0836156
2741.8953128619537,7390.8364,5.8647614,-0.0039648497,218079,1671.5074105959668,200.07026553169015,6900.7007,5.0234494,2131.3308,1.904139,7390.8364,5.8647614,0,,,,,1671.5074105959668,0.00054570613,200.07026553169015,0.0006069797,-0.007467148,0.082596146
2741.902257260354,7388.902,5.8649664,-0.0039648926,218080,1671.5053122343797,200.0695262606424,6900.3154,5.023625,2129.1357,1.9038335,7388.902,5.8649664,0,,,,,1671.5053122343797,0.0005454355,200.0695262606424,0.0006069957,-0.00897191,0.08243235
2741.9092016587542,7386.9673,5.8632364,-0.0039649354,218081,1671.5060613473956,200.06993434373496,6897.8755,5.0221434,2130.2722,1.9056102,7386.9673,5.8632364,0,,,,,1671.5060613473956,0.00054547883,200.06993434373496,0.000606574,-0.008757334,0.083404616
2741.91614605762,7382.27,5.8608627,-0.003964978,218082,1671.5052767000998,200.06901339380033,6893.375,5.02011,2130.0964,1.9033152,7382.27,5.8608627,0,,,,,1671.5052767000998,0.00054598897,200.06901339380033,0.0006069461,-0.008217506,0.0823185
2741.9230904560204,7393.814,5.862684,-0.0039650206,218083,1671.506347517288,200.06928280867442,6903.2695,5.0216694,2127.8691,1.9023793,7393.814,5.862684,0,,,,,1671.506347517288,0.00054535386,200.06928280867442,0.00060608634,-0.00833295,0.083424285
2741.9300348548863,7392.455,5.8635488,-0.003965063,218084,1671.5064521835852,200.06868013131495,6901.155,5.022411,2128.1118,1.9038994,7392.455,5.8635488,0,,,,,1671.5064521835852,0.0005454767,200.06868013131495,0.0006064483,-0.008407155,0.086570315
2741.9369792532866,7398.283,5.8641505,-0.003965106,218085,1671.5063220541067,200.07044539292508,6906.951,5.0229263,2127.8364,1.9035695,7398.283,5.8641505,0,,,,,1671.5063220541067,0.00054517336,200.07044539292508,0.0006061409,-0.008221566,0.08346921
2741.943923651686,7388.299,5.861958,-0.0039651487,218086,1671.506769799017,200.07060031848192,6898.832,5.0210485,2125.754,1.9029492,7388.299,5.861958,0,,,,,1671.506769799017,0.00054537336,200.07060031848192,0.0006064371,-0.0076396717,0.08363101
2741.9508680505523,7390.267,5.862958,-0.003965191,218087,1671.5075868846884,200.0705743958049,6900.4854,5.021905,2123.4844,1.9041708,7390.267,5.862958,0,,,,,1671.5075868846884,0.00054530177,200.0705743958049,0.0006066246,-0.007821994,0.08401162
2741.957812448952,7396.008,5.8630342,-0.003965234,218088,1671.5076238245615,200.06870242400663,6904.1953,5.02197,2125.1628,1.9029518,7396.008,5.8630342,0,,,,,1671.5076238245615,0.0005449294,200.06870242400663,0.0006061614,-0.00839174,0.08146917
2741.964756847352,7396.361,5.861571,-0.0039652768,218089,1671.5064743346225,200.06946686573718,6904.407,5.0207167,2124.2449,1.9011225,7396.361,5.861571,0,,,,,1671.5064743346225,0.00054508966,200.06946686573718,0.0006059129,-0.008692701,0.0830577
2741.9717012462183,7387.1157,5.85951,-0.003965319,218090,1671.5051106080773,200.07068282326685,6896.709,5.0189514,2121.039,1.9011065,7387.1157,5.85951,0,,,,,1671.5051106080773,0.000545339,200.07068282326685,0.00060659595,-0.009189985,0.08345059
2741.978645644619,7388.1567,5.8593388,-0.003965362,218091,1671.5076413730767,200.06915224009555,6898.863,5.018804,2120.8687,1.9002485,7388.1567,5.8593388,0,,,,,1671.5076413730767,0.0005453292,200.06915224009555,0.0006064146,-0.0065369518,0.08179483
2741.985590043019,7384.7554,5.8608537,-0.003965405,218092,1671.5067401524725,200.06920856246697,6895.894,5.020102,2121.5986,1.901782,7384.7554,5.8608537,0,,,,,1671.5067401524725,0.00054543075,200.06920856246697,0.00060688803,-0.0077068987,0.08210685
2741.9925344418843,7391.8555,5.859923,-0.003965447,218093,1671.5073729383819,200.06978606344381,6900.661,5.0193048,2119.5806,1.9004388,7391.8555,5.859923,0,,,,,1671.5073729383819,0.0005448881,200.06978606344381,0.0006063818,-0.007561678,0.08179467
2741.999478840285,7391.6885,5.860477,-0.00396549,218094,1671.5063560941833,200.06968677183787,6900.674,5.019779,2117.5713,1.9028761,7391.6885,5.860477,0,,,,,1671.5063560941833,0.0005448195,200.06968677183787,0.00060593215,-0.008440143,0.084235385
2742.0064232386844,7394.0845,5.85832,-0.003965533,218095,1671.507122874172,200.06909961329,6902.6167,5.0179324,2113.9216,1.8997835,7394.0845,5.85832,0,,,,,1671.507122874172,0.00054463296,200.06909961329,0.0006055941,-0.007258616,0.08286335
2742.0133676370847,7392.1646,5.857764,-0.0039655757,218096,1671.505940421289,200.06941725014403,6903.703,5.0174556,2114.024,1.8982446,7392.1646,5.857764,0,,,,,1671.505940421289,0.0005443716,200.06941725014403,0.0006055904,-0.00916003,0.08283977
2742.0203120359506,7385.3877,5.855517,-0.003965618,218097,1671.5064318442594,200.06879437245473,6897.041,5.015531,2113.0264,1.8974196,7385.3877,5.855517,0,,,,,1671.5064318442594,0.00054498104,200.06879437245473,0.00060616236,-0.008050723,0.082485385
2742.0272564343504,7386.489,5.85994,-0.003965661,218098,1671.5059556818542,200.06985750020382,6895.41,5.0193195,2113.899,1.9007732,7386.489,5.85994,0,,,,,1671.5059556818542,0.0005451222,200.06985750020382,0.0006069713,-0.008711946,0.087158345
2742.0342008327502,7397.949,5.8577604,-0.003965704,218099,1671.507077512929,200.06884157468446,6905.904,5.0174527,2115.16,1.8976982,7397.949,5.8577604,0,,,,,1671.507077512929,0.0005446306,200.06884157468446,0.00060557027,-0.0064678467,0.08263343
2742.041145231151,7394.2363,5.856078,-0.0039657466,218100,1671.5063939333675,200.0696299603127,6903.627,5.016012,2110.5754,1.8971627,7394.2363,5.856078,0,,,,,1671.5063939333675,0.0005444013,200.0696299603127,0.000605534,-0.007923081,0.08300271
2742.0480896300173,7394.1343,5.855414,-0.003965789,218101,1671.5060279218465,200.0688846737632,6903.0615,5.015443,2109.4429,1.8968122,7394.1343,5.855414,0,,,,,1671.5060279218465,0.0005445375,200.0688846737632,0.00060541224,-0.00824588,0.08217378
2742.055034028417,7396.2046,5.8543625,-0.003965832,218102,1671.5064438982802,200.0707652647386,6904.8535,5.0145426,2108.2961,1.8955622,7396.2046,5.8543625,0,,,,,1671.5064438982802,0.00054423756,200.0707652647386,0.0006051669,-0.008360821,0.08426521
2742.061978426817,7393.798,5.856116,-0.0039658747,218103,1671.5065412423032,200.0695600570805,6902.985,5.0160437,2106.749,1.896429,7393.798,5.856116,0,,,,,1671.5065412423032,0.0005448289,200.0695600570805,0.00060567114,-0.008141981,0.08174906
2742.068922825217,7391.878,5.8586326,-0.0039659175,218104,1671.506285678867,200.0691756877338,6900.6553,5.0181994,2108.702,1.8980494,7391.878,5.8586326,0,,,,,1671.506285678867,0.00054456573,200.0691756877338,0.0006061985,-0.008650818,0.08269941
2742.0758672236175,7383.797,5.8548064,-0.0039659603,218105,1671.504926426876,200.0714503883798,6894.3477,5.0149226,2112.3242,1.8979601,7383.797,5.8548064,0,,,,,1671.504926426876,0.0005448594,200.0714503883798,0.00060630206,-0.009181962,0.08469869
2742.082811622017,7388.5205,5.8563056,-0.003966003,218106,1671.506648341692,200.07010867737154,6897.157,5.0162067,2113.535,1.8986725,7388.5205,5.8563056,0,,,,,1671.506648341692,0.0005447254,200.07010867737154,0.00060583366,-0.008048736,0.08268117
2742.0897560208828,7396.1064,5.8563013,-0.0039660456,218107,1671.5061952572778,200.06888821822778,6904.1323,5.0162024,2109.1519,1.8965372,7396.1064,5.8563013,0,,,,,1671.5061952572778,0.0005442237,200.06888821822778,0.0006056109,-0.008896144,0.08282408
2742.096700419283,7395.393,5.855084,-0.0039660884,218108,1671.5072756335321,200.06915872835958,6903.2856,5.01516,2110.1238,1.8957769,7395.393,5.855084,0,,,,,1671.5072756335321,0.0005444984,200.06915872835958,0.0006052411,-0.007342186,0.08377433
2742.1036448176833,7396.696,5.8575025,-0.0039661312,218109,1671.5077326951246,200.06820192642724,6904.139,5.0172315,2111.7341,1.8990872,7396.696,5.8575025,0,,,,,1671.5077326951246,0.0005446066,200.06820192642724,0.0006053444,-0.0074638333,0.080992006
2742.110589216083,7397.0986,5.8590274,-0.003966174,218110,1671.5062782065927,200.06950693198652,6906.504,5.0185375,2112.274,1.9001794,7397.0986,5.8590274,0,,,,,1671.5062782065927,0.00054440624,200.06950693198652,0.0006055513,-0.007470317,0.08341795
2742.117533614484,7386.9927,5.8539867,-0.003966217,218111,1671.5057913063274,200.06921419711148,6895.663,5.01422,2112.0676,1.8969922,7386.9927,5.8539867,0,,,,,1671.5057913063274,0.0005449209,200.06921419711148,0.0006059757,-0.008653726,0.082225606
2742.124478012883,7397.4062,5.8561525,-0.00396626,218112,1671.5056407103268,200.06999054084426,6905.4233,5.0160756,2107.7368,1.8964477,7397.4062,5.8561525,0,,,,,1671.5056407103268,0.00054445723,200.06999054084426,0.0006050713,-0.008865538,0.08361019
2742.1314224112834,7400.5293,5.857818,-0.0039663026,218113,1671.5075768532135,200.07080491716414,6908.2954,5.0175023,2111.097,1.8973166,7400.5293,5.857818,0,,,,,1671.5075768532135,0.0005444035,200.07080491716414,0.0006052214,-0.008402309,0.08158639
2742.1383668096837,7387.6694,5.8550873,-0.0039663455,218114,1671.5053810462848,200.06990348020548,6896.3,5.015163,2111.6812,1.8986613,7387.6694,5.8550873,0,,,,,1671.5053810462848,0.00054499315,200.06990348020548,0.0006059432,-0.00912232,0.083625175
2742.145311208084,7388.876,5.856452,-0.0039663883,218115,1671.5075465817943,200.0677296571369,6898.144,5.016332,2114.0984,1.8978671,7388.876,5.856452,0,,,,,1671.5075465817943,0.00054511934,200.0677296571369,0.0006060684,-0.0073309843,0.08148152
2742.1522556064842,7389.822,5.857654,-0.003966431,218116,1671.50682955672,200.06976450636236,6898.6636,5.0173616,2110.6611,1.8983138,7389.822,5.857654,0,,,,,1671.50682955672,0.0005448452,200.06976450636236,0.0006061619,-0.008589662,0.08429886
2742.1592000048836,7391.784,5.855037,-0.003966474,218117,1671.5069753279658,200.0689899123497,6900.4863,5.01512,2110.256,1.8979234,7391.784,5.855037,0,,,,,1671.5069753279658,0.00054439256,200.0689899123497,0.00060564035,-0.0071387184,0.08176326
2742.1661444032848,7392.1167,5.854797,-0.003966517,218118,1671.5063147900576,200.069998977681,6899.3823,5.014914,2109.3477,1.8971298,7392.1167,5.854797,0,,,,,1671.5063147900576,0.00054488523,200.069998977681,0.00060605636,-0.008854511,0.0822997
2742.173088801219,7401.204,5.857326,-0.00396656,218119,1671.5061636765213,200.0701156235625,6907.689,5.017081,2110.1143,1.8971018,7401.204,5.857326,0,,,,,1671.5061636765213,0.00054452335,200.0701156235625,0.0006054108,-0.008373679,0.082942374
2742.1800331996187,7393.645,5.855144,-0.003966603,218120,1671.5053928786892,200.0709739631206,6901.911,5.0152116,2109.646,1.8966246,7393.645,5.855144,0,,,,,1671.5053928786892,0.0005441519,200.0709739631206,0.0006055045,-0.009079837,0.085204296
2742.186977598019,7391.741,5.85707,-0.003966646,218121,1671.5077597217658,200.0685513077209,6899.989,5.0168614,2110.6348,1.8978324,7391.741,5.85707,0,,,,,1671.5077597217658,0.0005449274,200.0685513077209,0.0006058566,-0.0074811825,0.081618294
2742.1939219964197,7373.3037,5.851248,-0.0039666886,218122,1671.5056893214576,200.06940243041194,6885.2334,5.011874,2112.1287,1.8972212,7373.3037,5.851248,0,,,,,1671.5056893214576,0.0005453085,200.06940243041194,0.0006064509,-0.008549206,0.08182748
2742.2008663948195,7394.2905,5.855773,-0.0039667315,218123,1671.5067985669004,200.0691770401855,6903.5386,5.0157504,2111.7092,1.8969401,7394.2905,5.855773,0,,,,,1671.5067985669004,0.0005444916,200.0691770401855,0.0006052899,-0.007950829,0.08231566
2742.2078107927537,7388.146,5.8547645,-0.003966775,218124,1671.5060220147836,200.06952992997628,6897.635,5.0148864,2113.4714,1.8972704,7388.146,5.8547645,0,,,,,1671.5060220147836,0.00054468086,200.06952992997628,0.0006057346,-0.0082491515,0.08252155
2742.2147551911544,7381.4824,5.853743,-0.0039668176,218125,1671.5065216735607,200.0690918694916,6891.7505,5.014012,2110.7488,1.8970808,7381.4824,5.853743,0,,,,,1671.5065216735607,0.00054497784,200.0690918694916,0.00060621626,-0.006923774,0.082006566
2742.2216995895537,7398.82,5.8613415,-0.0039668605,218126,1671.5071168103952,200.069294283609,6905.675,5.02052,2108.82,1.8993809,7398.82,5.8613415,0,,,,,1671.5071168103952,0.0005445156,200.069294283609,0.0006065449,-0.008327014,0.08243889
2742.228643987954,7395.531,5.8552003,-0.0039669033,218127,1671.5072770566633,200.06834780682254,6903.9077,5.0152597,2108.817,1.8960462,7395.531,5.8552003,0,,,,,1671.5072770566633,0.00054416544,200.06834780682254,0.00060570205,-0.008137453,0.08181151
2742.235588385889,7392.794,5.854629,-0.0039669466,218128,1671.5056718098645,200.06908444581754,6900.511,5.01477,2110.8174,1.8968748,7392.794,5.854629,0,,,,,1671.5056718098645,0.00054451195,200.06908444581754,0.0006054002,-0.008811079,0.08315467
2742.24253278429,7382.4556,5.8537354,-0.0039669895,218129,1671.5084778513196,200.06841680916366,6892.0557,5.014005,2111.5925,1.8988823,7382.4556,5.8537354,0,,,,,1671.5084778513196,0.000545047,200.06841680916366,0.00060640275,-0.0069407746,0.08128604
2742.2494771822235,7392.556,5.8559275,-0.003967033,218130,1671.5070752349147,200.06927622699118,6901.6074,5.015883,2109.1494,1.8964247,7392.556,5.8559275,0,,,,,1671.5070752349147,0.00054429815,200.06927622699118,0.00060583785,-0.008424415,0.08724215
2742.2564215806237,7396.8687,5.863791,-0.0039670756,218131,1671.5064023639268,200.06937618340632,6903.976,5.022618,2113.387,1.9027983,7396.8687,5.863791,0,,,,,1671.5064023639268,0.0005451323,200.06937618340632,0.0006065324,-0.007905629,0.08291276
2742.2633659785583,7399.0737,5.8554597,-0.003967119,218132,1671.5063956992192,200.0698739556229,6905.798,5.015482,2108.5571,1.8962003,7399.0737,5.8554597,0,,,,,1671.5063956992192,0.00054427644,200.0698739556229,0.00060530676,-0.008038558,0.082116775
2742.270310376958,7390.071,5.8536415,-0.0039671618,218133,1671.5063942779361,200.07008026151982,6898.7686,5.0139246,2108.0032,1.895999,7390.071,5.8536415,0,,,,,1671.5063942779361,0.00054443575,200.07008026151982,0.0006056849,-0.0076638986,0.08263699
2742.2772547748923,7394.8247,5.8538427,-0.003967205,218134,1671.5063561725158,200.06992190043923,6903.2173,5.014097,2105.3606,1.8953297,7394.8247,5.8538427,0,,,,,1671.5063561725158,0.000544376,200.06992190043923,0.0006051944,-0.00843594,0.08265952
2742.2841991732926,7390.095,5.8536124,-0.003967248,218135,1671.5068373510294,200.06998796609005,6896.4746,5.0139,2110.6526,1.8968247,7390.095,5.8536124,0,,,,,1671.5068373510294,0.00054489693,200.06998796609005,0.00060594024,-0.008045047,0.08793143
2742.291143571228,7390.489,5.854447,-0.003967291,218136,1671.5068533476367,200.0704016111165,6896.4424,5.0146146,2108.577,1.896941,7390.489,5.854447,0,,,,,1671.5068533476367,0.00054510875,200.0704016111165,0.00060602475,-0.00805312,0.08391296
2742.298087969162,7393.077,5.854504,-0.0039673345,218137,1671.5063353348744,200.0702770370751,6900.6104,5.014663,2106.977,1.8981786,7393.077,5.854504,0,,,,,1671.5063353348744,0.000544773,200.0702770370751,0.0006056078,-0.008164869,0.08336309
2742.305032367562,7393.273,5.8544335,-0.0039673774,218138,1671.5062809117483,200.06871093670313,6900.412,5.014603,2108.2646,1.8963891,7393.273,5.8544335,0,,,,,1671.5062809117483,0.000544854,200.06871093670313,0.0006058612,-0.008811118,0.08264497
2742.3119767654966,7391.2183,5.856934,-0.0039674207,218139,1671.5065826022496,200.0694398621775,6898.4766,5.016745,2108.5112,1.8984759,7391.2183,5.856934,0,,,,,1671.5065826022496,0.0005454056,200.0694398621775,0.0006058831,-0.008252478,0.08266563
2742.3189211634312,7388.9307,5.854663,-0.003967464,218140,1671.5071134005198,200.06913163475573,6896.123,5.0147996,2108.8135,1.8961226,7388.9307,5.854663,0,,,,,1671.5071134005198,0.0005448352,200.06913163475573,0.0006061869,-0.008985192,0.08412923
2742.325865561365,7383.1396,5.851355,-0.0039675073,218141,1671.5065373046466,200.06748412269505,6892.398,5.011966,2108.2368,1.8958776,7383.1396,5.851355,0,,,,,1671.5065373046466,0.0005449723,200.06748412269505,0.00060576067,-0.0075658187,0.081300646
2742.3328099597657,7397.9053,5.859328,-0.00396755,218142,1671.5051268099887,200.0708041817854,6905.452,5.018795,2107.648,1.8980882,7397.9053,5.859328,0,,,,,1671.5051268099887,0.00054426386,200.0708041817854,0.0006056746,-0.008753351,0.08773677
2742.3397543577,7393.894,5.857666,-0.0039675934,218143,1671.5073662946613,200.0681023418556,6898.886,5.017372,2107.3127,1.8979179,7393.894,5.857666,0,,,,,1671.5073662946613,0.0005450552,200.0681023418556,0.0006063401,-0.0069197346,0.08085117
2742.346698755634,7389.8145,5.854909,-0.0039676367,218144,1671.506677940575,200.07006839266722,6898.254,5.0150104,2105.5247,1.8961529,7389.8145,5.854909,0,,,,,1671.506677940575,0.00054483383,200.07006839266722,0.00060585735,-0.008188704,0.083376445
2742.353643153569,7392.7676,5.8539004,-0.00396768,218145,1671.5070670210441,200.06813551858102,6900.777,5.0141463,2105.9656,1.8947953,7392.7676,5.8539004,0,,,,,1671.5070670210441,0.00054483325,200.06813551858102,0.00060546136,-0.007314632,0.08212613
2742.3605875515036,7390.4136,5.8540235,-0.0039677233,218146,1671.505828657394,200.06986499719517,6898.7563,5.0142517,2109.119,1.896754,7390.4136,5.8540235,0,,,,,1671.505828657394,0.00054416334,200.06986499719517,0.00060557865,-0.0088753635,0.08380039
2742.367531949438,7393.4214,5.855202,-0.0039677667,218147,1671.5066421794552,200.0689753601831,6899.6924,5.015261,2105.7676,1.8967317,7393.4214,5.855202,0,,,,,1671.5066421794552,0.0005449936,200.0689753601831,0.0006057241,-0.00825746,0.082675934
2742.3744763473724,7395.961,5.853683,-0.00396781,218148,1671.5063335345305,200.07059771590286,6903.3276,5.01396,2103.5977,1.8945549,7395.961,5.853683,0,,,,,1671.5063335345305,0.00054440164,200.07059771590286,0.0006049431,-0.008835046,0.08305621
2742.3814207448418,7386.4897,5.854355,-0.0039678537,218149,1671.5067771040488,200.07016849517626,6894.178,5.014536,2108.7837,1.89908,7386.4897,5.854355,0,,,,,1671.5067771040488,0.00054458453,200.07016849517626,0.00060607004,-0.008350177,0.08245363
2742.3883651427755,7389.013,5.8523197,-0.003967897,218150,1671.5068127354,200.0682900776316,6896.4717,5.012792,2104.0276,1.8973421,7389.013,5.8523197,0,,,,,1671.5068127354,0.00054448977,200.0682900776316,0.0006055321,-0.007990541,0.08322467
2742.39530954071,7399.281,5.8535404,-0.0039679403,218151,1671.5067080487215,200.06938535775726,6907.1895,5.013838,2102.4458,1.8948029,7399.281,5.8535404,0,,,,,1671.5067080487215,0.00054391375,200.06938535775726,0.00060470816,-0.007900126,0.0819186
2742.4022539386447,7390.564,5.8527164,-0.0039679836,218152,1671.507194771238,200.06860141681503,6898.416,5.013132,2105.138,1.8958001,7390.564,5.8527164,0,,,,,1671.507194771238,0.0005447332,200.06860141681503,0.0006054129,-0.007151948,0.082176514
2742.4091983361136,7399.201,5.8546886,-0.0039680274,218153,1671.5056639237953,200.07005625041253,6905.205,5.0148215,2103.6958,1.8952414,7399.201,5.8546886,0,,,,,1671.5056639237953,0.00054475263,200.07005625041253,0.0006051613,-0.0077750855,0.08292812
2742.416142734048,7399.0757,5.8535113,-0.0039680707,218154,1671.5076072230918,200.06880512882344,6906.345,5.013813,2102.6938,1.8945783,7399.0757,5.8535113,0,,,,,1671.5076072230918,0.0005441356,200.06880512882344,0.00060492376,-0.008418315,0.08284876
2742.4230871315167,7386.422,5.85133,-0.0039681145,218155,1671.5073214883846,200.06858547590335,6893.865,5.0119443,2101.5142,1.8942174,7386.422,5.85133,0,,,,,1671.5073214883846,0.0005445225,200.06858547590335,0.00060574355,-0.0072077774,0.082336634
2742.4300315294518,7382.411,5.8509235,-0.003968158,218156,1671.5060248228433,200.06850834500028,6891.347,5.0115967,2105.996,1.895619,7382.411,5.8509235,0,,,,,1671.5060248228433,0.0005444849,200.06850834500028,0.0006059691,-0.009019413,0.08248692
2742.4369759269202,7397.4077,5.852932,-0.0039682016,218157,1671.5078186093174,200.0693777992252,6903.749,5.0133166,2104.7488,1.8946403,7397.4077,5.852932,0,,,,,1671.5078186093174,0.0005439707,200.0693777992252,0.00060518185,-0.0073321452,0.08244834
2742.4439203248544,7403.899,5.855098,-0.003968245,218158,1671.506846111051,200.06991372681188,6910.3794,5.015172,2103.1272,1.8971522,7403.899,5.855098,0,,,,,1671.506846111051,0.0005438356,200.06991372681188,0.00060436525,-0.007832367,0.08326944
2742.4508647223233,7388.9478,5.8532095,-0.0039682887,218159,1671.5072137430736,200.06910293196134,6897.088,5.0135546,2105.3088,1.8962495,7388.9478,5.8532095,0,,,,,1671.5072137430736,0.0005447633,200.06910293196134,0.00060561486,-0.008685498,0.08403676
2742.4578091197927,7398.6562,5.855891,-0.0039683324,218160,1671.5064990502956,200.07006595837834,6905.197,5.0158515,2105.3318,1.8953081,7398.6562,5.855891,0,,,,,1671.5064990502956,0.0005446271,200.07006595837834,0.0006054222,-0.0073179984,0.08290863
2742.464753517727,7390.0796,5.852853,-0.0039683757,218161,1671.5059043227993,200.06848009479975,6896.557,5.013249,2105.1194,1.8943442,7390.0796,5.852853,0,,,,,1671.5059043227993,0.00054457056,200.06848009479975,0.00060595537,-0.007593823,0.08146302
2742.4716979151954,7387.506,5.8511524,-0.0039684195,218162,1671.5059752824059,200.0699649107137,6894.5083,5.0117927,2105.0034,1.8947209,7387.506,5.8511524,0,,,,,1671.5059752824059,0.00054482836,200.0699649107137,0.000605685,-0.008260283,0.08321653
2742.4786423126648,7391.2793,5.8528404,-0.0039684633,218163,1671.50730408855,200.06811100415229,6897.91,5.013239,2105.172,1.8949183,7391.2793,5.8528404,0,,,,,1671.50730408855,0.0005446482,200.06811100415229,0.0006056195,-0.008374353,0.0825335
2742.4855867101332,7397.856,5.853409,-0.003968507,218164,1671.506745331386,200.06931145137952,6904.1147,5.0137253,2100.9336,1.8965994,7397.856,5.853409,0,,,,,1671.506745331386,0.0005438289,200.06931145137952,0.00060516095,-0.008324187,0.08427719
2742.4925311076017,7385.9062,5.8511596,-0.003968551,218165,1671.507478045876,200.06811407634117,6893.7656,5.0117984,2105.0632,1.8948561,7385.9062,5.8511596,0,,,,,1671.507478045876,0.0005446599,200.06811407634117,0.0006060285,-0.006497374,0.08059032
2742.499475505071,7403.204,5.8598003,-0.0039685946,218166,1671.5068412925948,200.0695698623078,6908.6353,5.0192,2102.622,1.897258,7403.204,5.8598003,0,,,,,1671.5068412925948,0.0005439962,200.0695698623078,0.0006057518,-0.008588674,0.08320812
2742.5064199025405,7398.741,5.8525305,-0.0039686384,218167,1671.5061854981034,200.06907377402962,6905.199,5.012973,2103.0708,1.8933725,7398.741,5.8525305,0,,,,,1671.5061854981034,0.00054404925,200.06907377402962,0.000604909,-0.007616691,0.08245361
2742.5133643000086,7399.0825,5.8538713,-0.003968682,218168,1671.506194054254,200.0703693071648,6904.797,5.014122,2101.4526,1.8949097,7399.0825,5.8538713,0,,,,,1671.506194054254,0.0005440442,200.0703693071648,0.00060497806,-0.008669983,0.08294298
2742.5203086974775,7396.3267,5.8533697,-0.003968726,218169,1671.507071392851,200.06885044449186,6901.386,5.013692,2105.0435,1.8958949,7396.3267,5.8533697,0,,,,,1671.507071392851,0.0005447158,200.06885044449186,0.0006055599,-0.0070880223,0.08295261
2742.527253094481,7392.666,5.851494,-0.00396877,218170,1671.506606315438,200.0691894985107,6899.2324,5.0120854,2099.7302,1.8940796,7392.666,5.851494,0,,,,,1671.506606315438,0.00054424134,200.0691894985107,0.00060569623,-0.0074862423,0.082102045
2742.5341974919493,7395.7153,5.851098,-0.003968814,218171,1671.5054257344034,200.0694768003976,6901.18,5.0117464,2101.1313,1.8939,7395.7153,5.851098,0,,,,,1671.5054257344034,0.00054424256,200.0694768003976,0.0006053747,-0.008615227,0.08238187
2742.541141888952,7395.77,5.851622,-0.003968858,218172,1671.5071785304863,200.06824191499342,6900.9893,5.012195,2102.7324,1.8940579,7395.77,5.851622,0,,,,,1671.5071785304863,0.0005441044,200.06824191499342,0.0006051208,-0.007123764,0.08179383
2742.5480862864215,7397.381,5.8511906,-0.003968902,218173,1671.5065366608121,200.06864399737037,6901.7964,5.011825,2099.8467,1.8935184,7397.381,5.8511906,0,,,,,1671.5065366608121,0.0005442128,200.06864399737037,0.0006048727,-0.00785265,0.082391895
2742.5550306834252,7392.443,5.8513603,-0.003968946,218174,1671.5067444411368,200.06831059078522,6898.564,5.0119705,2102.6082,1.8944222,7392.443,5.8513603,0,,,,,1671.5067444411368,0.00054402027,200.06831059078522,0.0006057174,-0.007947859,0.081668094
2742.5619750808937,7404.067,5.853783,-0.00396899,218175,1671.5065825723614,200.07057883604398,6909.28,5.0140457,2100.31,1.8940161,7404.067,5.853783,0,,,,,1671.5065825723614,0.0005437061,200.07057883604398,0.0006049387,-0.007966567,0.08327414
2742.5689194778965,7391.57,5.8516154,-0.003969034,218176,1671.507427608697,200.06839712228685,6898.0337,5.0121894,2102.0222,1.8944926,7391.57,5.8516154,0,,,,,1671.507427608697,0.00054419675,200.06839712228685,0.00060551154,-0.008397918,0.08284922
2742.5758638749,7389.8433,5.851666,-0.0039690784,218177,1671.5056174210938,200.06900202963934,6896.088,5.012233,2103.7456,1.895687,7389.8433,5.851666,0,,,,,1671.5056174210938,0.0005446165,200.06900202963934,0.0006056583,-0.00906889,0.0836666
2742.582808272368,7395.034,5.8520603,-0.003969122,218178,1671.5061934249275,200.06902164582692,6899.2046,5.0125704,2102.5862,1.8944299,7395.034,5.8520603,0,,,,,1671.5061934249275,0.0005443875,200.06902164582692,0.00060576666,-0.007913551,0.08247343
2742.5897526693707,7388.377,5.8494787,-0.0039691664,218179,1671.50676245086,200.06889720612838,6893.981,5.010359,2100.0586,1.8937535,7388.377,5.8494787,0,,,,,1671.50676245086,0.0005448028,200.06889720612838,0.00060545234,-0.007991053,0.082521826
2742.5966970663744,7400.9287,5.854047,-0.0039692107,218180,1671.5067794471643,200.06944251985425,6905.466,5.0142717,2099.7424,1.8964628,7400.9287,5.854047,0,,,,,1671.5067794471643,0.00054425607,200.06944251985425,0.000605113,-0.008441265,0.08155799
2742.6036414633777,7394.7007,5.8509645,-0.003969255,218181,1671.5078249158798,200.06875632254736,6899.4604,5.0116315,2101.282,1.8936744,7394.7007,5.8509645,0,,,,,1671.5078249158798,0.0005442406,200.06875632254736,0.000605196,-0.006330518,0.08270962
2742.610585860381,7391.6235,5.851089,-0.003969299,218182,1671.5049877741696,200.06902770472678,6897.541,5.0117383,2103.1633,1.8947774,7391.6235,5.851089,0,,,,,1671.5049877741696,0.00054445706,200.06902770472678,0.0006054106,-0.00890192,0.08217841
2742.617530256918,7396.2773,5.851945,-0.003969344,218183,1671.5082094601557,200.06844277620388,6901.354,5.0124717,2102.2302,1.893335,7396.2773,5.851945,0,,,,,1671.5082094601557,0.00054443773,200.06844277620388,0.00060502335,-0.006148184,0.08239168
2742.624474653922,7395.2783,5.851458,-0.003969388,218184,1671.5066638817793,200.06878489958908,6900.7407,5.0120544,2099.213,1.8931862,7395.2783,5.851458,0,,,,,1671.5066638817793,0.00054457755,200.06878489958908,0.0006052724,-0.00825469,0.08239401
2742.6314190509243,7396.2983,5.853249,-0.0039694323,218185,1671.5066033720168,200.0680099004361,6902.019,5.0135884,2100.0857,1.8949741,7396.2983,5.853249,0,,,,,1671.5066033720168,0.00054407003,200.0680099004361,0.00060538464,-0.007930965,0.08186906
2742.638363447462,7386.0933,5.847865,-0.003969477,218186,1671.5067851013832,200.06862343499157,6890.712,5.008977,2099.7559,1.8935742,7386.0933,5.847865,0,,,,,1671.5067851013832,0.0005448223,200.06862343499157,0.00060566264,-0.007225705,0.08186405
2742.645307844465,7391.747,5.8502393,-0.0039695213,218187,1671.5061972413432,200.07049428556522,6897.2134,5.0110106,2099.1204,1.8932707,7391.747,5.8502393,0,,,,,1671.5061972413432,0.00054480124,200.07049428556522,0.00060548907,-0.008234114,0.08343599
2742.6522522410023,7399.84,5.8524957,-0.003969566,218188,1671.5066985627277,200.06924978935243,6904.0244,5.0129433,2101.8657,1.8939924,7399.84,5.8524957,0,,,,,1671.5066985627277,0.00054424367,200.06924978935243,0.0006049647,-0.008085901,0.082863696
2742.659196638005,7391.4956,5.8503685,-0.00396961,218189,1671.5055448232904,200.06837034243603,6894.8066,5.0111213,2099.9802,1.8953156,7391.4956,5.8503685,0,,,,,1671.5055448232904,0.0005452167,200.06837034243603,0.00060568564,-0.007863392,0.081692815
2742.6661410345428,7398.1455,5.8509045,-0.003969655,218190,1671.5066799313904,200.06959653052797,6902.4053,5.0115805,2099.0383,1.8932077,7398.1455,5.8509045,0,,,,,1671.5066799313904,0.0005438648,200.06959653052797,0.0006050563,-0.008445137,0.08693871
2742.6730854310813,7397.2944,5.8517942,-0.0039696996,218191,1671.5068365039012,200.06844996464991,6901.7056,5.0123425,2102.3865,1.8940722,7397.2944,5.8517942,0,,,,,1671.5068365039012,0.0005439542,200.06844996464991,0.0006050533,-0.008229308,0.083078675
2742.6800298276185,7388.5527,5.848428,-0.0039697443,218192,1671.5072588492446,200.06852996057913,6892.973,5.009459,2098.0308,1.8927227,7388.5527,5.848428,0,,,,,1671.5072588492446,0.00054470275,200.06852996057913,0.0006057511,-0.007436288,0.08314365
2742.6869742241556,7398.2354,5.8507066,-0.003969789,218193,1671.5069124788447,200.06903649294884,6902.2593,5.0114107,2099.921,1.8926102,7398.2354,5.8507066,0,,,,,1671.5069124788447,0.0005441888,200.06903649294884,0.000604835,-0.008808081,0.08218792
2742.6939186206932,7385.5527,5.848597,-0.0039698337,218194,1671.5070654165656,200.06810049143965,6891.459,5.009604,2099.1143,1.8937478,7385.5527,5.848597,0,,,,,1671.5070654165656,0.0005447137,200.06810049143965,0.0006057919,-0.006586641,0.08095577
2742.700863017231,7403.448,5.8508897,-0.0039698784,218195,1671.5055898566268,200.07042258589112,6906.644,5.0115676,2095.7966,1.8931913,7403.448,5.8508897,0,,,,,1671.5055898566268,0.00054365135,200.07042258589112,0.0006046753,-0.007900427,0.08290685
2742.7078074137676,7397.342,5.8497434,-0.003969923,218196,1671.5064512837628,200.06944364810764,6901.404,5.010586,2096.6167,1.8928605,7397.342,5.8497434,0,,,,,1671.5064512837628,0.00054378464,200.06944364810764,0.0006047015,-0.008437874,0.08397601
2742.71475180984,7396.8193,5.851292,-0.0039699683,218197,1671.5062247875014,200.0682545861956,6901.214,5.0119123,2097.0847,1.8942877,7396.8193,5.851292,0,,,,,1671.5062247875014,0.0005438887,200.0682545861956,0.0006051334,-0.007799742,0.0805064
2742.721696206378,7390.286,5.84844,-0.003970013,218198,1671.5074100709867,200.06885320294103,6894.7886,5.009469,2099.063,1.8926212,7390.286,5.84844,0,,,,,1671.5074100709867,0.0005443265,200.06885320294103,0.00060546125,-0.007993226,0.08253323
2742.728640602449,7401.626,5.852309,-0.003970058,218199,1671.5054390271212,200.069391190986,6905.7417,5.0127835,2096.385,1.8928379,7401.626,5.852309,0,,,,,1671.5054390271212,0.0005436844,200.069391190986,0.0006049993,-0.008676288,0.08291185
2742.7355849989867,7393.916,5.8501043,-0.003970103,218200,1671.5073942342142,200.06840378667337,6897.267,5.010895,2095.4531,1.8925968,7393.916,5.8501043,0,,,,,1671.5073942342142,0.00054513157,200.06840378667337,0.00060534425,-0.007040337,0.08208836
2742.7425293950587,7398.1836,5.851719,-0.003970148,218201,1671.5067663010495,200.06990387372184,6902.0635,5.012278,2097.8599,1.8939025,7398.1836,5.851719,0,,,,,1671.5067663010495,0.0005440141,200.06990387372184,0.0006051578,-0.007836623,0.08341884
2742.7494737911306,7390.863,5.8495455,-0.003970193,218202,1671.5060651895349,200.06788498904123,6896.567,5.0104165,2094.876,1.8933042,7390.863,5.8495455,0,,,,,1671.5060651895349,0.00054464315,200.06788498904123,0.00060541957,-0.007589694,0.080774434
2742.756418187202,7388.148,5.848054,-0.0039702384,218203,1671.5066515572703,200.06945000925666,6893.0913,5.009138,2097.519,1.8924029,7388.148,5.848054,0,,,,,1671.5066515572703,0.0005445801,200.06945000925666,0.0006050178,-0.0075966287,0.082882755
2742.7633625832746,7393.0464,5.8499837,-0.0039702835,218204,1671.5077779352755,200.068536769877,6897.5474,5.010792,2097.7234,1.8929574,7393.0464,5.8499837,0,,,,,1671.5077779352755,0.0005443258,200.068536769877,0.0006056466,-0.00702452,0.08247658
2742.7703069793465,7387.8936,5.8471575,-0.0039703287,218205,1671.5068377740781,200.06759448295546,6893.7803,5.008371,2096.4485,1.8922795,7387.8936,5.8471575,0,,,,,1671.5068377740781,0.00054442935,200.06759448295546,0.0006050333,-0.008854062,0.086827286
2742.777251375418,7395.0464,5.8501196,-0.003970374,218206,1671.5058125255616,200.06986990042708,6899.9536,5.0109076,2094.9187,1.8927487,7395.0464,5.8501196,0,,,,,1671.5058125255616,0.0005445265,200.06986990042708,0.0006048452,-0.007915978,0.08318027
2742.7841957714895,7394.927,5.8509574,-0.003970419,218207,1671.505961142359,200.0690044420025,6898.41,5.0116253,2094.9692,1.8941969,7394.927,5.8509574,0,,,,,1671.505961142359,0.00054442533,200.0690044420025,0.0006052335,-0.008669351,0.08715232
2742.7911401675615,7402.749,5.849001,-0.003970464,218208,1671.506700577549,200.0688272778908,6906.5884,5.00995,2089.3262,1.891299,7402.749,5.849001,0,,,,,1671.506700577549,0.0005435779,200.0688272778908,0.0006043388,-0.007830721,0.0819868
2742.798084563168,7388.014,5.847672,-0.00397051,218209,1671.5064026923976,200.06858782965483,6894.853,5.0088115,2096.155,1.8926952,7388.014,5.847672,0,,,,,1671.5064026923976,0.0005442304,200.06858782965483,0.00060537894,-0.0078315465,0.08241368
2742.8050289592393,7394.748,5.8489323,-0.003970555,218210,1671.5090049990365,200.06810888709992,6899.242,5.009891,2093.0164,1.8917449,7394.748,5.8489323,0,,,,,1671.5090049990365,0.0005444895,200.06810888709992,0.00060489454,-0.0063388175,0.08131318
2742.811973354846,7384.4194,5.8452225,-0.0039706007,218211,1671.5071801551687,200.068539217377,6890.477,5.0067134,2093.1428,1.8914464,7384.4194,5.8452225,0,,,,,1671.5071801551687,0.0005443563,200.068539217377,0.0006053356,-0.00773048,0.08312912
2742.8189177504523,7395.365,5.8482547,-0.0039706463,218212,1671.508557348058,200.06655462325813,6899.527,5.0093102,2092.6934,1.8915114,7395.365,5.8482547,0,,,,,1671.508557348058,0.00054422766,200.06655462325813,0.00060485,-0.005813556,0.07980095
2742.8258621460586,7398.3677,5.852448,-0.003970692,218213,1671.5073430698224,200.0690469641938,6901.7354,5.0129023,2092.085,1.8930357,7398.3677,5.852448,0,,,,,1671.5073430698224,0.0005439862,200.0690469641938,0.0006055383,-0.008066576,0.083444014
2742.832806541664,7383.681,5.8450184,-0.0039707376,218214,1671.507743051405,200.06809904741172,6890.3867,5.006539,2093.215,1.8912554,7383.681,5.8450184,0,,,,,1671.507743051405,0.000544611,200.06809904741172,0.00060538773,-0.007560245,0.08100529
2742.8397509372708,7396.039,5.8482556,-0.003970783,218215,1671.505931152636,200.06875006598906,6901.4336,5.0093117,2092.602,1.891302,7396.039,5.8482556,0,,,,,1671.505931152636,0.000543706,200.06875006598906,0.0006047522,-0.007391713,0.08256981
2742.8466953328766,7388.8765,5.8457704,-0.003970829,218216,1671.5060517667657,200.07037714098533,6893.5586,5.007183,2090.6223,1.891225,7388.8765,5.8457704,0,,,,,1671.5060517667657,0.0005443441,200.07037714098533,0.0006054559,-0.009868939,0.08398104
2742.8536397284824,7397.272,5.8485384,-0.0039708745,218217,1671.5066267982975,200.06946023304218,6901.7515,5.0095534,2088.974,1.8912058,7397.272,5.8485384,0,,,,,1671.5066267982975,0.0005442805,200.06946023304218,0.00060476776,-0.0071886303,0.082275674
2742.8605841236235,7402.3364,5.8489738,-0.0039709206,218218,1671.5074798972876,200.06808574237604,6907.131,5.0099263,2089.7576,1.8910648,7402.3364,5.8489738,0,,,,,1671.5074798972876,0.00054343214,200.06808574237604,0.0006044998,-0.007788243,0.08167083
2742.86752851923,7396.1,5.848476,-0.003970966,218219,1671.5062886363685,200.06921009934254,6902.785,5.0095,2091.9993,1.8911618,7396.1,5.848476,0,,,,,1671.5062886363685,0.0005433209,200.06921009934254,0.00060507545,-0.007518656,0.08204624
2742.8744729143705,7389.0327,5.843272,-0.0039710123,218220,1671.507078708014,200.06834456017168,6895.2715,5.0050426,2088.7407,1.8885858,7389.0327,5.843272,0,,,,,1671.507078708014,0.0005437666,200.06834456017168,0.00060521846,-0.0067537636,0.08049751
2742.88141730951,7397.242,5.849176,-0.0039710584,218221,1671.506585814213,200.0682631006393,6904.6226,5.0100994,2088.5962,1.8920921,7397.242,5.849176,0,,,,,1671.506585814213,0.00054370903,200.0682631006393,0.00060458336,-0.006910019,0.08134771
2742.888361704651,7402.356,5.8479924,-0.0039711045,218222,1671.5069785515595,200.06837148585794,6907.1274,5.009086,2086.5105,1.8896362,7402.356,5.8479924,0,,,,,1671.5069785515595,0.00054334203,200.06837148585794,0.00060431723,-0.007215729,0.08182802
2742.895306099791,7396.633,5.84717,-0.0039711506,218223,1671.5066797872605,200.06859139677022,6903.7524,5.0083814,2089.4226,1.8906949,7396.633,5.84717,0,,,,,1671.5066797872605,0.0005437634,200.06859139677022,0.00060449843,-0.008310018,0.0823355
2742.902250494931,7390.072,5.846012,-0.0039711967,218224,1671.5067273240222,200.06923313956767,6897.516,5.0073895,2088.426,1.8903341,7390.072,5.846012,0,,,,,1671.5067273240222,0.0005436863,200.06923313956767,0.00060508936,-0.008858029,0.08176203
2742.909194890072,7394.302,5.8473167,-0.003971243,218225,1671.5084746023713,200.06854067009493,6900.78,5.0085073,2090.058,1.8901777,7394.302,5.8473167,0,,,,,1671.5084746023713,0.0005440007,200.06854067009493,0.0006048079,-0.0069537573,0.08252978
2742.9161392852125,7391.8257,5.846601,-0.003971289,218226,1671.5075395246386,200.06836913371922,6898.7915,5.007894,2089.8916,1.8908223,7391.8257,5.846601,0,,,,,1671.5075395246386,0.0005440518,200.06836913371922,0.0006047165,-0.0072112144,0.08204535
2742.9230836798865,7398.4565,5.845781,-0.0039713355,218227,1671.5061900909263,200.06919692089394,6904.246,5.0071917,2085.5396,1.8892034,7398.4565,5.845781,0,,,,,1671.5061900909263,0.0005434453,200.06919692089394,0.0006042267,-0.008128421,0.08196507
2742.9300280745624,7388.8193,5.8446307,-0.003971382,218228,1671.5087071431465,200.06735049779016,6895.794,5.006206,2087.4893,1.8897414,7388.8193,5.8446307,0,,,,,1671.5087071431465,0.0005444261,200.06735049779016,0.000604716,-0.006205916,0.08147082
2742.936972469703,7388.5317,5.8456573,-0.003971428,218229,1671.5073301227096,200.06837511603598,6896.109,5.007086,2090.6733,1.8902127,7388.5317,5.8456573,0,,,,,1671.5073301227096,0.00054393144,200.06837511603598,0.0006051969,-0.0073709087,0.08299538
2742.943916864378,7386.253,5.8454676,-0.0039714747,218230,1671.506894584423,200.068543410516,6895.436,5.006923,2093.0457,1.8906922,7386.253,5.8454676,0,,,,,1671.506894584423,0.0005441567,200.068543410516,0.00060503517,-0.008154444,0.08132572
2742.950861259052,7391.0625,5.8465295,-0.0039715213,218231,1671.5074288221176,200.0684209729577,6899.2905,5.007833,2088.479,1.8906304,7391.0625,5.8465295,0,,,,,1671.5074288221176,0.0005439273,200.0684209729577,0.00060462835,-0.0070203925,0.08202364
2742.9578056537275,7380.774,5.8447275,-0.003971568,218232,1671.5077179108532,200.06834661087348,6891.298,5.0062895,2089.5063,1.8903301,7380.774,5.8447275,0,,,,,1671.5077179108532,0.0005446417,200.06834661087348,0.00060494593,-0.007402544,0.08193468
2742.964750048402,7390.0327,5.8474703,-0.0039716144,218233,1671.507120543556,200.06849305045753,6898.3096,5.0086384,2090.0042,1.8918678,7390.0327,5.8474703,0,,,,,1671.507120543556,0.00054408074,200.06849305045753,0.0006052177,-0.007532466,0.082382984
2742.971694442611,7397.378,5.8501387,-0.0039716614,218234,1671.5072488904516,200.0681858341774,6905.634,5.0109243,2089.1226,1.8908947,7397.378,5.8501387,0,,,,,1671.5072488904516,0.0005437806,200.0681858341774,0.0006046723,-0.007465936,0.08186724
2742.9786388372863,7397.3525,5.847,-0.003971708,218235,1671.5064595571264,200.06856599601878,6905.568,5.0082355,2087.249,1.8892214,7397.3525,5.847,0,,,,,1671.5064595571264,0.0005431391,200.06856599601878,0.00060423394,-0.0066470304,0.08112569
2742.9855832314956,7376.3906,5.8452177,-0.003971755,218236,1671.5071548320225,200.0680407620745,6888.357,5.006709,2089.9978,1.8911241,7376.3906,5.8452177,0,,,,,1671.5071548320225,0.0005444434,200.0680407620745,0.0006055312,-0.008058095,0.08200999
2742.9925276261706,7396.083,5.8463316,-0.0039718016,218237,1671.5074175545171,200.06807834198597,6904.0566,5.0076632,2087.422,1.8898077,7396.083,5.8463316,0,,,,,1671.5074175545171,0.0005437021,200.06807834198597,0.0006044321,-0.006690824,0.08148978
2742.9994720203795,7392.084,5.8465466,-0.0039718486,218238,1671.5071927492493,200.0686962658865,6902.817,5.007848,2086.9612,1.8898406,7392.084,5.8465466,0,,,,,1671.5071927492493,0.00054337387,200.0686962658865,0.0006044742,-0.0068454323,0.0812309
2743.0064164145892,7388.024,5.8470106,-0.0039718957,218239,1671.508400581286,200.0681140916439,6897.9946,5.008245,2088.4644,1.8905884,7388.024,5.8470106,0,,,,,1671.508400581286,0.0005439317,200.0681140916439,0.00060496805,-0.007022574,0.08171478
2743.0133608087976,7384.1455,5.846368,-0.0039719427,218240,1671.5061050908323,200.06890970825847,6895.4893,5.0076947,2091.467,1.8915855,7384.1455,5.846368,0,,,,,1671.5061050908323,0.0005438773,200.06890970825847,0.0006054492,-0.008071404,0.081756644
2743.0203052025413,7385.293,5.845322,-0.00397199,218241,1671.5080887504575,200.06664439292746,6894.7246,5.0067987,2090.0405,1.8907948,7385.293,5.845322,0,,,,,1671.5080887504575,0.00054430566,200.06664439292746,0.0006048791,-0.0065311072,0.081256285
2743.0272495967506,7383.7964,5.8440294,-0.003972037,218242,1671.5075038116165,200.0671907329213,6894.791,5.0056915,2089.407,1.8898729,7383.7964,5.8440294,0,,,,,1671.5075038116165,0.0005441844,200.0671907329213,0.00060531794,-0.007144674,0.08058158
2743.0341939904943,7393.34,5.8453474,-0.0039720847,218243,1671.5081702921575,200.06817621274132,6902.4185,5.00682,2086.2896,1.8890492,7393.34,5.8453474,0,,,,,1671.5081702921575,0.0005436293,200.06817621274132,0.00060473994,-0.006829662,0.08181092
2743.0411383847036,7399.5605,5.8486547,-0.0039721318,218244,1671.5073593416685,200.068239486174,6909.463,5.009653,2087.5254,1.8893067,7399.5605,5.8486547,0,,,,,1671.5073593416685,0.00054310425,200.068239486174,0.0006042992,-0.0072731203,0.082088016
2743.0480827784463,7387.4956,5.8493466,-0.0039721793,218245,1671.507189802809,200.06836872846898,6899.172,5.010246,2087.734,1.8915501,7387.4956,5.8493466,0,,,,,1671.507189802809,0.0005440784,200.06836872846898,0.0006058465,-0.007899308,0.081404515
2743.055027172191,7388.8096,5.844867,-0.0039722268,218246,1671.5074491797334,200.06851646004228,6899.568,5.006409,2084.7917,1.8881512,7388.8096,5.844867,0,,,,,1671.5074491797334,0.0005436482,200.06851646004228,0.00060496404,-0.006847748,0.08072621
2743.061971565934,7383.8857,5.8451023,-0.0039722743,218247,1671.507674423493,200.06795163232132,6895.7334,5.00661,2088.4084,1.890763,7383.8857,5.8451023,0,,,,,1671.507674423493,0.000543988,200.06795163232132,0.0006049043,-0.0065686484,0.08146272
2743.0689159596773,7394.08,5.8469105,-0.0039723217,218248,1671.5062528688222,200.06748343956596,6905.1636,5.008159,2086.3374,1.8893534,7394.08,5.8469105,0,,,,,1671.5062528688222,0.0005436474,200.06748343956596,0.00060436135,-0.007323304,0.08095024
