time,flux,flux_err,timecorr,cadenceno,centroid_col,centroid_row,sap_flux,sap_flux_err,sap_bkg,sap_bkg_err,pdcsap_flux,pdcsap_flux_err,quality,psf_centr1,psf_centr1_err,psf_centr2,psf_centr2_err,mom_centr1,mom_centr1_err,mom_centr2,mom_centr2_err,pos_corr1,pos_corr2
1816.1186807505921,6699.266,3.3379798,0.0037080487,28255,1507.2961238353212,1179.5350673568657,5490.3438,2.5843818,1176.5731,0.8977365,6699.266,3.3379798,0,,,,,1507.2961238353212,0.00036206358,1179.5350673568657,0.00029847305,0.0138372965,0.042184684
1816.1395145736708,6703.769,3.3429968,0.0037085472,28256,1507.296566626641,1179.5352606128113,5492.2563,2.5882664,1175.9253,0.898096,6703.769,3.3429968,0,,,,,1507.296566626641,0.00036254234,1179.5352606128113,0.0002990777,0.014695887,0.04250351
1816.160348394888,6700.7974,3.3382385,0.0037090438,28257,1507.296550602679,1179.5355649555077,5490.593,2.584582,1176.9412,0.89764047,6700.7974,3.3382385,0,,,,,1507.296550602679,0.00036210055,1179.5355649555077,0.000298477,0.013757243,0.042436063
1816.1811822144753,6703.073,3.3405647,0.0037095388,28258,1507.2951025660182,1179.5344819673662,5493.3906,2.5863833,1176.3656,0.9002841,6703.073,3.3405647,0,,,,,1507.2951025660182,0.00036200313,1179.5344819673662,0.00029864375,0.013140322,0.041818373
1816.2020160324319,6702.442,3.3386912,0.0037100322,28259,1507.2963097334077,1179.5364441078752,5490.979,2.5849328,1175.937,0.8992028,6702.442,3.3386912,0,,,,,1507.2963097334077,0.0003619975,1179.5364441078752,0.00029848298,0.013739951,0.043488864
1816.2228498487586,6702.2207,3.3384566,0.003710524,28260,1507.294983871735,1179.5350420524417,5492.633,2.584751,1174.8237,0.8987186,6702.2207,3.3384566,0,,,,,1507.294983871735,0.00036179295,1179.5350420524417,0.00029832742,0.012804724,0.04132139
1816.2436836636894,6707.8193,3.3397357,0.0037110143,28261,1507.2958899782122,1179.5359211933526,5494.265,2.5857415,1176.3983,0.8976202,6707.8193,3.3397357,0,,,,,1507.2958899782122,0.00036210904,1179.5359211933526,0.00029843312,0.012907386,0.043003336
1816.2645174767574,6696.9966,3.3376997,0.0037115028,28262,1507.2944469764723,1179.5352976775696,5486.3364,2.5841649,1174.2297,0.8970205,6696.9966,3.3376997,0,,,,,1507.2944469764723,0.0003623571,1179.5352976775696,0.00029887364,0.010998298,0.04247514
1816.2853512881945,6700.4336,3.338343,0.0037119896,28263,1507.2943650397513,1179.5350442870904,5487.6743,2.584663,1176.2517,0.899285,6700.4336,3.338343,0,,,,,1507.2943650397513,0.00036203206,1179.5350442870904,0.0002986854,0.011706636,0.043256536
1816.3061850982351,6709.581,3.3397746,0.003712475,28264,1507.2929882201224,1179.5354554035882,5495.739,2.5857713,1176.0768,0.8976877,6709.581,3.3397746,0,,,,,1507.2929882201224,0.000361938,1179.5354554035882,0.00029841415,0.010352145,0.042697664
1816.3270189068787,6695.4033,3.3388405,0.0037129591,28265,1507.2926998185558,1179.535448145553,5483.676,2.5850482,1177.056,0.8984038,6695.4033,3.3388405,0,,,,,1507.2926998185558,0.00036295952,1179.535448145553,0.00029879334,0.010271196,0.04242616
1816.347852713893,6705.265,3.339034,0.0037134415,28266,1507.2930346243222,1179.533576545323,5491.1387,2.585198,1176.0441,0.89959955,6705.265,3.339034,0,,,,,1507.2930346243222,0.00036192682,1179.533576545323,0.0002984875,0.0099256355,0.039684385
1816.3686865192774,6700.0996,3.339194,0.0037139223,28267,1507.2918234261847,1179.535065604595,5484.688,2.585322,1177.2487,0.9015981,6700.0996,3.339194,0,,,,,1507.2918234261847,0.00036232488,1179.535065604595,0.0002989065,0.008999159,0.0425442
1816.4311879272807,6699.1206,3.3395967,0.0037153566,28270,1507.291762137634,1179.535436981315,5483.9097,2.5856338,1176.6445,0.89942616,6699.1206,3.3395967,0,,,,,1507.291762137634,0.00036256335,1179.535436981315,0.00029924393,0.009440711,0.043017797
1816.51452311855,6694.783,3.3354073,0.0037172495,28274,1507.2920336790849,1179.5346912293062,5473.748,2.5823898,1177.2692,0.8986333,6694.783,3.3354073,0,,,,,1507.2920336790849,0.0003630814,1179.5346912293062,0.00029922643,0.008717692,0.04301327
1816.6603596528628,6699.097,3.3445556,0.0037205117,28281,1507.290683706141,1179.5349971990204,5481.2046,2.5894732,1177.3864,0.8990523,6699.097,3.3445556,0,,,,,1507.290683706141,0.00036408342,1179.5349971990204,0.0003000552,0.007950751,0.04149566
1816.7020272228858,6693.387,3.3389256,0.0037214325,28283,1507.2909515730653,1179.5344260168047,5477.3066,2.585114,1178.5173,0.8982324,6693.387,3.3389256,0,,,,,1507.2909515730653,0.00036324246,1179.5344260168047,0.0002996118,0.008183468,0.040278066
1816.7228610061513,6693.2153,3.3372116,0.0037218912,28284,1507.289848538054,1179.5350673141886,5478.1987,2.583787,1178.2148,0.89848167,6693.2153,3.3372116,0,,,,,1507.289848538054,0.00036329895,1179.5350673141886,0.00029902952,0.006506367,0.041198745
1816.743694788253,6695.898,3.3373866,0.0037223487,28285,1507.2909349026625,1179.5357874420852,5473.6035,2.5839226,1177.9456,0.89824945,6695.898,3.3373866,0,,,,,1507.2909349026625,0.00036357684,1179.5357874420852,0.0002996009,0.007923787,0.043225132
1816.806196127571,6704.3135,3.337502,0.0037237143,28288,1507.2883499557115,1179.5333745721452,5487.2637,2.5840118,1177.4597,0.8982106,6704.3135,3.337502,0,,,,,1507.2883499557115,0.0003621779,1179.5333745721452,0.00029859552,0.00525844,0.03995485
1816.827029905248,6705.487,3.3375962,0.0037241674,28289,1507.2895825861422,1179.5351242810218,5485.1025,2.5840847,1177.669,0.8977026,6705.487,3.3375962,0,,,,,1507.2895825861422,0.00036254793,1179.5351242810218,0.00029880524,0.0065091876,0.042229433
1816.8895312310626,6702.9326,3.3381674,0.0037255194,28292,1507.289029663072,1179.5325034664975,5487.167,2.5845273,1176.8063,0.8977612,6702.9326,3.3381674,0,,,,,1507.289029663072,0.0003629439,1179.5325034664975,0.00029870294,0.005555193,0.037805986
1816.910365004316,6702.182,3.3381965,0.003725968,28293,1507.290931845801,1179.5344428305966,5485.998,2.58455,1177.5651,0.8983296,6702.182,3.3381965,0,,,,,1507.290931845801,0.0003626982,1179.5344428305966,0.0002988151,0.0076892967,0.040866792
1816.9311987764056,6705.088,3.3381226,0.0037264156,28294,1507.2895791811336,1179.5336862944384,5489.7656,2.5844924,1178.1676,0.89755034,6705.088,3.3381226,0,,,,,1507.2895791811336,0.00036252177,1179.5336862944384,0.0002985302,0.005605741,0.03942071
1816.9520325475648,6694.5127,3.336614,0.0037268621,28295,1507.2894737604397,1179.5346975851185,5474.6846,2.5833242,1178.7551,0.89997315,6694.5127,3.336614,0,,,,,1507.2894737604397,0.0003634034,1179.5346975851185,0.00029916017,0.0061129564,0.042436652
1816.9937000863886,6703.722,3.3373075,0.0037277518,28297,1507.2894098291913,1179.5334774597143,5486.6577,2.583861,1176.968,0.8978852,6703.722,3.3373075,0,,,,,1507.2894098291913,0.00036242945,1179.5334774597143,0.00029861942,0.005984258,0.03985132
1817.0145338542864,6703.411,3.3372626,0.003728195,28298,1507.289228905551,1179.5331589496784,5486.572,2.5838263,1177.5165,0.8971766,6703.411,3.3372626,0,,,,,1507.289228905551,0.00036247846,1179.5331589496784,0.00029866202,0.006107329,0.039338615
1817.035367621254,6697.196,3.3379736,0.0037286375,28299,1507.2891863400612,1179.5331119251261,5484.7744,2.584377,1179.1538,0.8978479,6697.196,3.3379736,0,,,,,1507.2891863400612,0.00036272712,1179.5331119251261,0.0002988027,0.0057209483,0.038514297
1817.0562013870574,6697.7583,3.3376079,0.0037290787,28300,1507.2894380574085,1179.5340199867203,5481.604,2.5840938,1177.7614,0.8984417,6697.7583,3.3376079,0,,,,,1507.2894380574085,0.00036305212,1179.5340199867203,0.0002989725,0.005367052,0.039368425
1817.0770351519286,6701.512,3.3377123,0.003729519,28301,1507.2885058292225,1179.5332781805623,5485.9556,2.5841746,1177.836,0.89823925,6701.512,3.3377123,0,,,,,1507.2885058292225,0.00036264758,1179.5332781805623,0.000298756,0.0048791487,0.038509484
1817.0978689158685,6699.013,3.338358,0.0037299583,28302,1507.2888809628687,1179.533473928011,5483.952,2.5846746,1178.6198,0.900439,6699.013,3.338358,0,,,,,1507.2888809628687,0.00036299814,1179.533473928011,0.00029881895,0.005589507,0.039242066
1817.1187026788773,6705.296,3.3386774,0.0037303967,28303,1507.2884809650616,1179.5332265517923,5490.8184,2.584922,1178.6633,0.8978489,6705.296,3.3386774,0,,,,,1507.2884809650616,0.00036226012,1179.5332265517923,0.00029860405,0.004508718,0.03844144
1817.1395364407224,6706.1323,3.3392875,0.003730834,28304,1507.2889163308641,1179.5330090792156,5487.114,2.5853944,1176.8309,0.9011033,6706.1323,3.3392875,0,,,,,1507.2889163308641,0.0003628358,1179.5330090792156,0.00029863487,0.005810843,0.03945017
1817.160370201637,6706.207,3.3446026,0.0037312703,28305,1507.288507478714,1179.53300971869,5490.217,2.5895095,1177.359,0.8992186,6706.207,3.3446026,0,,,,,1507.288507478714,0.0003630822,1179.53300971869,0.0002997079,0.0046102265,0.03776568
1817.1812039616195,6693.7017,3.3387132,0.0037317057,28306,1507.2896160703783,1179.534119644956,5474.972,2.5849495,1178.9437,0.89900357,6693.7017,3.3387132,0,,,,,1507.2896160703783,0.00036317008,1179.534119644956,0.00029970784,0.00582915,0.041110404
1817.2020377206702,6704.9307,3.3384683,0.0037321402,28307,1507.2867160307273,1179.5303318114813,5488.184,2.58476,1177.7887,0.8978421,6704.9307,3.3384683,0,,,,,1507.2867160307273,0.0003625676,1179.5303318114813,0.0002987745,0.0031030222,0.035380978
1817.22287147879,6700.8257,3.3403585,0.0037325737,28308,1507.2891866402522,1179.5329344092079,5485.407,2.5862234,1178.3615,0.8988105,6700.8257,3.3403585,0,,,,,1507.2891866402522,0.0003638735,1179.5329344092079,0.0002988154,0.0059844865,0.03822199
1817.2645389920024,6697.8745,3.3389134,0.0037334377,28310,1507.288287763506,1179.5330044838447,5485.124,2.5851047,1177.7834,0.89866674,6697.8745,3.3389134,0,,,,,1507.288287763506,0.00036261673,1179.5330044838447,0.00029905938,0.0051455176,0.038676396
1817.2853727473278,6691.5005,3.3419557,0.0037338685,28311,1507.2874027639944,1179.5327190996618,5477.7246,2.58746,1179.9055,0.8989357,6691.5005,3.3419557,0,,,,,1507.2874027639944,0.00036347305,1179.5327190996618,0.00030021215,0.003364372,0.038349546
1817.3062065017214,6698.9873,3.3375568,0.0037342983,28312,1507.2878031174143,1179.5296407290143,5477.7993,2.5840542,1179.8748,0.8983987,6698.9873,3.3375568,0,,,,,1507.2878031174143,0.0003629658,1179.5296407290143,0.0002992787,0.0041242787,0.035724476
1817.327040254952,6696.3853,3.338761,0.003734727,28313,1507.2871404132327,1179.5323525329618,5485.332,2.584987,1178.1959,0.8984051,6696.3853,3.338761,0,,,,,1507.2871404132327,0.00036246888,1179.5323525329618,0.00029887108,0.0038209134,0.037848502
1817.3478740074845,6706.359,3.3407462,0.0037351549,28314,1507.2884657091925,1179.5323062479322,5492.3276,2.5865238,1177.5159,0.89853853,6706.359,3.3407462,0,,,,,1507.2884657091925,0.00036220942,1179.5323062479322,0.00029871505,0.0048154504,0.03792009
1817.3687077590853,6702.9688,3.3394525,0.0037355819,28315,1507.2873817192037,1179.5324767569223,5491.3115,2.585522,1177.6514,0.897788,6702.9688,3.3394525,0,,,,,1507.2873817192037,0.00036257852,1179.5324767569223,0.0002985472,0.0035862823,0.036989104
1817.3895415097538,6699.779,3.3398995,0.003736008,28316,1507.288316880618,1179.533163225928,5488.176,2.5858684,1178.2041,0.90145844,6699.779,3.3398995,0,,,,,1507.288316880618,0.0003623523,1179.533163225928,0.00029859855,0.0043708333,0.037525285
1817.4103752594913,6703.168,3.3404958,0.003736433,28317,1507.2864990507264,1179.5327808504253,5491.8145,2.5863297,1177.4076,0.8983581,6703.168,3.3404958,0,,,,,1507.2864990507264,0.0003625238,1179.5327808504253,0.00029864194,0.0029006652,0.037257265
1817.4312090085307,6701.076,3.3385131,0.0037368576,28318,1507.2875672373016,1179.532071087113,5487.049,2.5847948,1177.8257,0.8979392,6701.076,3.3385131,0,,,,,1507.2875672373016,0.00036242223,1179.532071087113,0.00029884555,0.0039047024,0.03741696
1817.4520427564062,6708.427,3.3388693,0.0037372808,28319,1507.287148909038,1179.5325045507261,5494.6553,2.5850706,1176.6351,0.8979005,6708.427,3.3388693,0,,,,,1507.287148909038,0.00036203567,1179.5325045507261,0.00029828158,0.0039136917,0.037551396
1817.4728765035823,6699.166,3.338066,0.0037377034,28320,1507.2870658973509,1179.5327095872663,5489.218,2.5844488,1177.5957,0.8975098,6699.166,3.338066,0,,,,,1507.2870658973509,0.00036232697,1179.5327095872663,0.00029855577,0.0035418437,0.037297413
1817.4937102498272,6704.679,3.3436596,0.003738125,28321,1507.2879377182444,1179.5325997669374,5491.4927,2.5887792,1178.2328,0.899344,6704.679,3.3436596,0,,,,,1507.2879377182444,0.0003628542,1179.5325997669374,0.00029919491,0.0042148405,0.0378527
1817.5145439951414,6700.134,3.339159,0.0037385458,28322,1507.2874027853384,1179.5326219584456,5489.8643,2.585295,1178.4478,0.89769274,6700.134,3.339159,0,,,,,1507.2874027853384,0.00036228212,1179.5326219584456,0.0002986338,0.004199705,0.03688846
1817.535377739758,6699.9614,3.342117,0.0037389658,28323,1507.2874254556373,1179.5325707526895,5487.1646,2.587585,1177.9584,0.8989017,6699.9614,3.342117,0,,,,,1507.2874254556373,0.0003627229,1179.5325707526895,0.0002994872,0.0037151477,0.038362116
1817.5562114834422,6695.5737,3.3398283,0.003739385,28324,1507.2874749761354,1179.5309880573434,5487.2017,2.585813,1178.9719,0.90070754,6695.5737,3.3398283,0,,,,,1507.2874749761354,0.00036254036,1179.5309880573434,0.00029876508,0.0033663928,0.035530556
1817.5770452261947,6698.082,3.338056,0.003739803,28325,1507.2883041337004,1179.533873344901,5483.1616,2.584441,1180.004,0.89907867,6698.082,3.338056,0,,,,,1507.2883041337004,0.0003626539,1179.533873344901,0.00029886645,0.004290463,0.039811384
1817.5978789680157,6699.86,3.3419714,0.0037402203,28326,1507.2872991522304,1179.529310720557,5487.52,2.5874722,1177.5681,0.9024885,6699.86,3.3419714,0,,,,,1507.2872991522304,0.0003625147,1179.529310720557,0.00029908802,0.0025346237,0.033894897
1817.6187127091391,6708.221,3.3407767,0.0037406369,28327,1507.2886722995165,1179.5325442537946,5495.595,2.5865474,1178.2086,0.8977202,6708.221,3.3407767,0,,,,,1507.2886722995165,0.00036270358,1179.5325442537946,0.000298397,0.004567078,0.03754731
1817.639546449331,6701.302,3.3374968,0.0037410525,28328,1507.2857315887786,1179.5314016233147,5483.6533,2.584008,1179.1349,0.898212,6701.302,3.3374968,0,,,,,1507.2857315887786,0.00036247727,1179.5314016233147,0.0002988781,0.0019184895,0.037634157
1817.6603801888236,6696.957,3.3381062,0.0037414674,28329,1507.2880292481645,1179.5315838265449,5483.907,2.5844796,1179.2903,0.89833313,6696.957,3.3381062,0,,,,,1507.2880292481645,0.00036249319,1179.5315838265449,0.00029890955,0.004379435,0.03640215
1817.681213927386,6705.603,3.3393955,0.0037418813,28330,1507.2862229301734,1179.531434008191,5496.0166,2.5854778,1177.141,0.8981692,6705.603,3.3393955,0,,,,,1507.2862229301734,0.00036189717,1179.531434008191,0.00029822084,0.0022821322,0.0358616
1817.7020476650166,6698.234,3.3399904,0.0037422944,28331,1507.2877761332327,1179.5330207324203,5489.0767,2.5859385,1178.3458,0.897916,6698.234,3.3399904,0,,,,,1507.2877761332327,0.00036296813,1179.5330207324203,0.0002987394,0.0040802783,0.03749773
1817.7228814019488,6701.6206,3.3394842,0.0037427067,28332,1507.286966880244,1179.5325969550552,5489.851,2.5855465,1179.1399,0.8979131,6701.6206,3.3394842,0,,,,,1507.286966880244,0.00036251624,1179.5325969550552,0.0002986962,0.0031943896,0.037556615
1817.74371513795,6700.1753,3.3395607,0.0037431181,28333,1507.286944380199,1179.5317167191113,5490.105,2.5856059,1178.9998,0.8977069,6700.1753,3.3395607,0,,,,,1507.286944380199,0.0003624014,1179.5317167191113,0.0002987993,0.0032911005,0.03580058
1817.7645488732517,6703.9585,3.3392851,0.0037435289,28334,1507.2866770184373,1179.5323671411159,5488.788,2.5853925,1177.8016,0.89805686,6703.9585,3.3392851,0,,,,,1507.2866770184373,0.00036310623,1179.5323671411159,0.00029857503,0.002981873,0.037192307
1817.7853826076223,6699.499,3.3458376,0.0037439386,28335,1507.2862187408684,1179.5312857151175,5490.602,2.5904655,1180.063,0.8997125,6699.499,3.3458376,0,,,,,1507.2862187408684,0.00036333152,1179.5312857151175,0.00029935673,0.0033010382,0.035424814
1817.8062163412942,6704.534,3.3407364,0.0037443477,28336,1507.2869874930072,1179.5320410807951,5493.567,2.586516,1178.7511,0.90035504,6704.534,3.3407364,0,,,,,1507.2869874930072,0.0003623064,1179.5320410807951,0.00029842096,0.0026533671,0.03687688
1817.8270500740362,6706.0156,3.3399355,0.0037447559,28337,1507.286787969268,1179.530452763216,5495.1875,2.585896,1178.8604,0.8982112,6706.0156,3.3399355,0,,,,,1507.286787969268,0.000362035,1179.530452763216,0.00029831263,0.0027548058,0.033985704
1817.8478838060798,6709.886,3.3401566,0.0037451633,28338,1507.2873985827434,1179.5321102115317,5495.0913,2.5860672,1178.1611,0.8989292,6709.886,3.3401566,0,,,,,1507.2873985827434,0.00036204426,1179.5321102115317,0.000298467,0.00373543,0.037312314
1817.8687175371908,6706.11,3.3400738,0.0037455698,28339,1507.2856974465074,1179.5308722674934,5496.7847,2.5860033,1178.4233,0.8990206,6706.11,3.3400738,0,,,,,1507.2856974465074,0.00036192473,1179.5308722674934,0.00029821438,0.002105084,0.03453929
1817.889551267603,6693.7656,3.338845,0.0037459757,28340,1507.2869707517227,1179.5321903025633,5485.5884,2.5850515,1179.6975,0.89828104,6693.7656,3.338845,0,,,,,1507.2869707517227,0.00036282605,1179.5321903025633,0.00029884934,0.0032412538,0.036519114
1817.9103849973178,6702.0137,3.3395965,0.0037463808,28341,1507.2863377728079,1179.530097915329,5488.727,2.5856335,1177.6895,0.89909095,6702.0137,3.3395965,0,,,,,1507.2863377728079,0.00036238838,1179.530097915329,0.00029879506,0.0026324044,0.03532208
1817.931218726101,6705.6694,3.3413851,0.003746785,28342,1507.2869423323389,1179.5314372687897,5494.772,2.5870183,1177.6055,0.897638,6705.6694,3.3413851,0,,,,,1507.2869423323389,0.00036237523,1179.5314372687897,0.00029868836,0.003571252,0.036288116
1817.9520524541852,6702.277,3.3384867,0.0037471885,28343,1507.2856572762264,1179.531127000493,5492.366,2.5847743,1179.1871,0.8974316,6702.277,3.3384867,0,,,,,1507.2856572762264,0.00036198052,1179.531127000493,0.0002983385,0.0021717548,0.035720527
1817.9728861813385,6706.414,3.3403928,0.003747591,28344,1507.2870794363591,1179.5321042916542,5496.0864,2.58625,1177.8376,0.8985161,6706.414,3.3403928,0,,,,,1507.2870794363591,0.00036207534,1179.5321042916542,0.000298367,0.0035291498,0.03660021
1817.9937199077933,6695.715,3.3409336,0.003747993,28345,1507.285624273754,1179.5312601430412,5485.4526,2.586669,1179.5302,0.8982155,6695.715,3.3409336,0,,,,,1507.285624273754,0.00036289435,1179.5312601430412,0.00029937018,0.0020096006,0.03540527
1818.0145536333168,6707.1846,3.3380086,0.0037483939,28346,1507.2862978862,1179.5299043845587,5488.926,2.5844042,1178.4254,0.8978728,6707.1846,3.3380086,0,,,,,1507.2862978862,0.00036229417,1179.5299043845587,0.00029857873,0.00251134,0.035251707
1818.035387358375,6705.4688,3.347103,0.0037487943,28347,1507.2865809210898,1179.5314746051342,5496.3228,2.5914454,1178.963,0.8992817,6705.4688,3.347103,0,,,,,1507.2865809210898,0.00036206932,1179.5314746051342,0.00029968278,0.0021389122,0.034691162
1818.0562210825008,6698.077,3.3396156,0.0037491939,28348,1507.286804968004,1179.5322476486301,5488.9087,2.5856483,1180.0033,0.89824975,6698.077,3.3396156,0,,,,,1507.286804968004,0.0003627945,1179.5322476486301,0.00029867137,0.0032822203,0.036244784
1818.0770548056955,6702.274,3.344497,0.0037495925,28349,1507.2861809086328,1179.5307514066121,5494.578,2.5894277,1180.072,0.89962316,6702.274,3.344497,0,,,,,1507.2861809086328,0.0003620765,1179.5307514066121,0.00029925263,0.0024670812,0.033858627
1818.0978885281922,6698.223,3.3385382,0.0037499904,28350,1507.2872656818695,1179.531978379837,5490.2075,2.584814,1178.921,0.8983233,6698.223,3.3385382,0,,,,,1507.2872656818695,0.00036212307,1179.531978379837,0.00029851065,0.0033392492,0.03632482
1818.1187222499914,6704.2437,3.338987,0.0037503876,28351,1507.2860580209745,1179.5302905549213,5494.834,2.5851617,1179.0217,0.897299,6704.2437,3.338987,0,,,,,1507.2860580209745,0.00036192863,1179.5302905549213,0.00029828397,0.0020920297,0.03433483
1818.139555971091,6704.4907,3.3436117,0.003750784,28352,1507.2862668792386,1179.5308713645315,5493.5073,2.588742,1179.9731,0.89841413,6704.4907,3.3436117,0,,,,,1507.2862668792386,0.00036216018,1179.5308713645315,0.00029923994,0.0032911783,0.035678167
1818.160389691259,6700.1997,3.3406227,0.0037511797,28353,1507.2851350656244,1179.5307297702693,5490.5244,2.586428,1179.1118,0.8985018,6700.1997,3.3406227,0,,,,,1507.2851350656244,0.00036262613,1179.5307297702693,0.00029871138,0.0013861458,0.034665823
1818.1812234107283,6704.2144,3.3451889,0.0037515745,28354,1507.2864276782407,1179.5320744919493,5491.7705,2.5899634,1179.2358,0.8987542,6704.2144,3.3451889,0,,,,,1507.2864276782407,0.00036268053,1179.5320744919493,0.00029968098,0.0028061895,0.035947185
1818.202057129499,6702.903,3.3395894,0.0037519687,28355,1507.285735116504,1179.5313869659658,5491.4653,2.585628,1178.0142,0.8980312,6702.903,3.3395894,0,,,,,1507.285735116504,0.00036243358,1179.5313869659658,0.00029856904,0.0022305024,0.036110893
1818.2228908475722,6709.6772,3.3420029,0.0037523622,28356,1507.285833676234,1179.530111401582,5499.681,2.5874965,1180.0557,0.8993254,6709.6772,3.3420029,0,,,,,1507.285833676234,0.0003621304,1179.530111401582,0.00029823015,0.0020742442,0.03283097
1818.2437245647145,6702.9077,3.3421926,0.0037527548,28357,1507.2859584812795,1179.5323302737045,5489.3774,2.5876436,1180.3257,0.8987774,6702.9077,3.3421926,0,,,,,1507.2859584812795,0.0003629926,1179.5323302737045,0.00029913223,0.0023399668,0.037020475
1818.2645582811579,6703.159,3.3400517,0.0037531466,28358,1507.2846354390883,1179.5295974019505,5494.42,2.585986,1179.4774,0.89787376,6703.159,3.3400517,0,,,,,1507.2846354390883,0.00036203413,1179.5295974019505,0.0002985001,0.0009273513,0.03299916
1818.2853919969018,6701.684,3.3398585,0.0037535378,28359,1507.2869250939102,1179.5307184936328,5490.2095,2.5858362,1179.6746,0.89828116,6701.684,3.3398585,0,,,,,1507.2869250939102,0.00036254426,1179.5307184936328,0.00029868944,0.0030317663,0.035059635
1818.306225711948,6703.16,3.3387048,0.0037539282,28360,1507.284228614499,1179.5293241055767,5493.1206,2.584943,1179.787,0.8975608,6703.16,3.3387048,0,,,,,1507.284228614499,0.00036201547,1179.5293241055767,0.00029840646,0.00016733925,0.032627728
1818.3270594262958,6704.796,3.3405576,0.003754318,28361,1507.285491561074,1179.5300721466633,5494.6978,2.5863776,1180.2393,0.89851415,6704.796,3.3405576,0,,,,,1507.285491561074,0.00036230363,1179.5300721466633,0.00029845664,0.0016848267,0.03400377
1818.3478931397115,6697.7637,3.341604,0.0037547068,28362,1507.2859865108376,1179.53107188816,5487.675,2.5871878,1181.216,0.9023589,6697.7637,3.341604,0,,,,,1507.2859865108376,0.00036284226,1179.53107188816,0.00029880478,0.002008884,0.035100512
1818.3687268524295,6703.8047,3.3404243,0.003755095,28363,1507.28615921889,1179.5303009266217,5490.882,2.5862744,1180.8103,0.8993812,6703.8047,3.3404243,0,,,,,1507.28615921889,0.00036251958,1179.5303009266217,0.00029856196,0.0023358695,0.03404077
1818.389560564449,6704.9614,3.3392901,0.0037554824,28364,1507.2855185476005,1179.530062442655,5493.5225,2.5853965,1180.1787,0.89804,6704.9614,3.3392901,0,,,,,1507.2855185476005,0.00036197482,1179.530062442655,0.00029839677,0.0016312128,0.03338271
1818.41039427577,6699.9087,3.341483,0.003755869,28365,1507.2851188979776,1179.5302941392695,5487.818,2.587094,1180.8872,0.900329,6699.9087,3.341483,0,,,,,1507.2851188979776,0.00036268734,1179.5302941392695,0.00029904975,0.0015326019,0.0351749
1818.4312279863923,6700.7603,3.3398366,0.0037562551,28366,1507.2849332584397,1179.5304491375543,5492.645,2.5858192,1180.012,0.8983079,6700.7603,3.3398366,0,,,,,1507.2849332584397,0.00036209292,1179.5304491375543,0.00029851744,0.0008351024,0.033311855
1818.4520616960829,6700.752,3.347708,0.0037566402,28367,1507.2853645406478,1179.529507526185,5491.5254,2.5919137,1179.011,0.89997774,6700.752,3.347708,0,,,,,1507.2853645406478,0.00036250398,1179.529507526185,0.0003001036,0.0011237743,0.032831196
1818.4728954053076,6705.985,3.3397784,0.0037570249,28368,1507.2858969902873,1179.5305468010981,5496.4473,2.5857742,1180.0111,0.8982788,6705.985,3.3397784,0,,,,,1507.2858969902873,0.00036189595,1179.5305468010981,0.0002982547,0.0017639743,0.034218665
1818.4937291136018,6701.6216,3.3406715,0.0037574086,28369,1507.2847242499681,1179.5304939523305,5493.1304,2.5864658,1179.1434,0.8980921,6701.6216,3.3406715,0,,,,,1507.2847242499681,0.00036217712,1179.5304939523305,0.00029872142,0.0008445734,0.034471836
1818.514562821198,6704.2573,3.3437257,0.0037577916,28370,1507.2855777962761,1179.5308182370827,5495.7256,2.5888307,1180.1792,0.90047544,6704.2573,3.3437257,0,,,,,1507.2855777962761,0.00036227424,1179.5308182370827,0.00029890853,0.0013186771,0.033791922
1818.5353965280954,6710.635,3.3407326,0.003758174,28371,1507.2848650006072,1179.5299633539103,5499.866,2.5865133,1179.4155,0.89794546,6710.635,3.3407326,0,,,,,1507.2848650006072,0.00036184286,1179.5299633539103,0.00029821994,0.00063912314,0.03344045
1818.5562302342933,6710.719,3.3420813,0.0037585555,28372,1507.2857718611249,1179.5305842558969,5499.0557,2.5875573,1179.5852,0.9006375,6710.719,3.3420813,0,,,,,1507.2857718611249,0.00036182243,1179.5305842558969,0.00029834267,0.0018085893,0.035020735
1818.5770639397927,6700.127,3.3402014,0.0037589364,28373,1507.2852326775435,1179.5294570852504,5492.243,2.5861018,1181.022,0.8989607,6700.127,3.3402014,0,,,,,1507.2852326775435,0.00036235456,1179.5294570852504,0.00029850984,0.0007072437,0.031755675
1818.5978976445952,6699.153,3.3394368,0.0037593166,28374,1507.2856296953157,1179.5312929775175,5488.1587,2.58551,1180.4655,0.8982135,6699.153,3.3394368,0,,,,,1507.2856296953157,0.00036252875,1179.5312929775175,0.00029880385,0.0021589526,0.03627198
1818.6187313484663,6701.3154,3.3418436,0.003759696,28375,1507.2849192559663,1179.5299985228703,5491.4644,2.5873733,1182.0273,0.9017344,6701.3154,3.3418436,0,,,,,1507.2849192559663,0.00036234222,1179.5299985228703,0.000298699,0.0005380811,0.03288494
1818.63956505187,6707.105,3.3403974,0.0037600747,28376,1507.285454862428,1179.5299759496893,5495.6455,2.5862536,1180.7076,0.89872754,6707.105,3.3403974,0,,,,,1507.285454862428,0.00036207528,1179.5299759496893,0.0002983141,0.0013024003,0.033248577
1818.6603987543429,6703.1455,3.3401396,0.0037604526,28377,1507.2845343639435,1179.529578900213,5494.8345,2.586054,1180.1318,0.898105,6703.1455,3.3401396,0,,,,,1507.2845343639435,0.00036213215,1179.529578900213,0.0002984142,0.00056545675,0.03237954
1818.68123245635,6701.715,3.3425887,0.00376083,28378,1507.2858564604144,1179.5303494342857,5491.5576,2.5879502,1181.2097,0.898706,6701.715,3.3425887,0,,,,,1507.2858564604144,0.00036254665,1179.5303494342857,0.00029917771,0.0014948206,0.0342199
1818.7020661574263,6705.5747,3.3402312,0.0037612065,28379,1507.2837579447025,1179.529764165242,5491.2197,2.586125,1181.9368,0.8991273,6705.5747,3.3402312,0,,,,,1507.2837579447025,0.00036219673,1179.529764165242,0.00029868868,3.6698606e-05,0.034347653
1818.7228998580379,6706.7144,3.340338,0.0037615825,28380,1507.285276527407,1179.5301461476472,5495.455,2.5862076,1181.0062,0.8977646,6706.7144,3.340338,0,,,,,1507.285276527407,0.00036201059,1179.5301461476472,0.00029853632,0.0012674537,0.03358263
1818.7437335577172,6707.0986,3.3429973,0.0037619576,28381,1507.2839344723807,1179.529222655108,5497.1055,2.5882666,1180.2762,0.8993773,6707.0986,3.3429973,0,,,,,1507.2839344723807,0.00036219283,1179.529222655108,0.00029869672,-7.925066e-05,0.03259536
1818.7645672566975,6704.4604,3.3430595,0.003762332,28382,1507.2858768839205,1179.5307258337027,5495.2886,2.5883148,1180.3309,0.9018702,6704.4604,3.3430595,0,,,,,1507.2858768839205,0.0003621897,1179.5307258337027,0.00029857588,0.0015722464,0.034290407
1818.7854009552118,6705.199,3.3409724,0.003762706,28383,1507.2842611758676,1179.5293994398062,5495.694,2.5866988,1182.0393,0.899428,6705.199,3.3409724,0,,,,,1507.2842611758676,0.00036192543,1179.5293994398062,0.0002984052,0.00011539936,0.032951932
1818.8062346527959,6704.475,3.3425214,0.003763079,28384,1507.2844319500962,1179.529832364601,5495.119,2.5878983,1181.1698,0.89998686,6704.475,3.3425214,0,,,,,1507.2844319500962,0.00036213803,1179.529832364601,0.00029878528,0.0006397969,0.033190083
1818.827068349682,6705.5474,3.340097,0.0037634512,28385,1507.2846246794797,1179.52991303878,5496.613,2.586021,1180.5299,0.89780015,6705.5474,3.340097,0,,,,,1507.2846246794797,0.00036188375,1179.52991303878,0.00029831607,0.00069204473,0.032992736
1818.847902045869,6706.2007,3.3447986,0.0037638228,28386,1507.2842143207395,1179.5297262325869,5496.9067,2.5896611,1181.4161,0.9017652,6706.2007,3.3447986,0,,,,,1507.2842143207395,0.00036228113,1179.5297262325869,0.00029888444,0.00017601611,0.033242725
1818.8687357415895,6706.2773,3.3421173,0.003764194,28387,1507.2847052014563,1179.5288741775137,5497.066,2.5875852,1181.0842,0.89882797,6706.2773,3.3421173,0,,,,,1507.2847052014563,0.0003620767,1179.5288741775137,0.00029871063,0.00066073495,0.032752525
1818.889569436379,6702.2524,3.3407147,0.0037645642,28388,1507.2843745968732,1179.5300641230622,5494.127,2.5864995,1181.9105,0.89919674,6702.2524,3.3407147,0,,,,,1507.2843745968732,0.00036224443,1179.5300641230622,0.00029850137,0.00056383864,0.03287009
1818.9104031304703,6705.459,3.3417745,0.0037649337,28389,1507.2853901637925,1179.5298886914102,5495.434,2.5873199,1181.7435,0.9010504,6705.459,3.3417745,0,,,,,1507.2853901637925,0.00036227694,1179.5298886914102,0.00029850777,0.0010505068,0.033554945
1818.931236823864,6705.2007,3.3435702,0.0037653025,28390,1507.2840590837695,1179.529505502143,5494.494,2.58871,1181.6252,0.89926046,6705.2007,3.3435702,0,,,,,1507.2840590837695,0.00036245037,1179.529505502143,0.00029884558,-0.000114491566,0.032285042
1818.9520705167913,6704.5215,3.3478036,0.0037656708,28391,1507.2842000719386,1179.5296707608413,5494.582,2.5919878,1182.3138,0.90182424,6704.5215,3.3478036,0,,,,,1507.2842000719386,0.00036401086,1179.5296707608413,0.0002992099,0.0006461933,0.03228082
1818.9729042087868,6706.53,3.3409834,0.0037660382,28392,1507.2839765572724,1179.5290598958811,5498.333,2.5867074,1182.003,0.89856285,6706.53,3.3409834,0,,,,,1507.2839765572724,0.00036207947,1179.5290598958811,0.00029824066,-0.0002521044,0.03232784
1818.9937379000842,6707.283,3.3443244,0.003766405,28393,1507.2849124949084,1179.5295069737915,5494.2217,2.589294,1181.9471,0.89884114,6707.283,3.3443244,0,,,,,1507.2849124949084,0.0003624885,1179.5295069737915,0.0002992251,0.00089306314,0.032975562
1819.014571590916,6708.7705,3.342245,0.0037667712,28394,1507.2833961724618,1179.5279652357237,5498.449,2.5876842,1179.9431,0.89866877,6708.7705,3.342245,0,,,,,1507.2833961724618,0.00036219222,1179.5279652357237,0.00029841025,-0.00083660276,0.030819725
1819.0354052808166,6702.915,3.3446867,0.0037671365,28395,1507.285161812482,1179.529996621313,5491.2964,2.5895746,1181.792,0.9004943,6702.915,3.3446867,0,,,,,1507.285161812482,0.00036347526,1179.529996621313,0.00029910062,0.0011926516,0.033359755
1819.0562389702516,6707.7715,3.343525,0.0037675013,28396,1507.2835874566438,1179.5290445513558,5499.9624,2.5886753,1181.7157,0.89911604,6707.7715,3.343525,0,,,,,1507.2835874566438,0.0003620291,1179.5290445513558,0.00029858664,-0.00087217777,0.031346396
1819.0770726587543,6703.3564,3.3411376,0.0037678652,28397,1507.2853115853825,1179.5303010613752,5490.9233,2.5868268,1181.334,0.9011166,6703.3564,3.3411376,0,,,,,1507.2853115853825,0.00036240226,1179.5303010613752,0.00029862122,0.0013505032,0.034313753
1819.0979063467923,6702.3228,3.3410268,0.0037682287,28398,1507.2831824523928,1179.5290187726062,5494.2393,2.586741,1182.6812,0.8986391,6702.3228,3.3410268,0,,,,,1507.2831824523928,0.00036240063,1179.5290187726062,0.0002984523,-0.0005721905,0.031297892
1819.1187400341316,6699.3633,3.3411043,0.0037685914,28399,1507.2838306402398,1179.5293212401439,5489.9517,2.5868008,1181.9176,0.9010266,6699.3633,3.3411043,0,,,,,1507.2838306402398,0.0003624157,1179.5293212401439,0.00029870882,-0.00011351566,0.032723807
1819.1395737205396,6704.2236,3.3414156,0.0037689533,28400,1507.2833088706852,1179.529179753901,5498.053,2.5870419,1182.6487,0.8988678,6704.2236,3.3414156,0,,,,,1507.2833088706852,0.00036196067,1179.529179753901,0.00029828123,-0.0007328097,0.03173877
1819.160407406482,6705.66,3.3415158,0.0037693146,28401,1507.2840014105839,1179.5294452269775,5495.441,2.5871196,1181.9949,0.8986191,6705.66,3.3415158,0,,,,,1507.2840014105839,0.00036216478,1179.5294452269775,0.0002985588,-0.00031469748,0.032544255
1819.1812410917253,6709.287,3.3444834,0.0037696753,28402,1507.2844353627859,1179.5296532686443,5500.0503,2.589417,1181.2845,0.8990812,6709.287,3.3444834,0,,,,,1507.2844353627859,0.00036205418,1179.5296532686443,0.0002988612,0.0002703514,0.032927033
1819.2020747762706,6707.02,3.3457596,0.0037700352,28403,1507.2837916585163,1179.5289723933106,5498.5776,2.5904052,1181.2579,0.9010679,6707.02,3.3457596,0,,,,,1507.2837916585163,0.0003638196,1179.5289723933106,0.00029844526,-0.0006624914,0.03200424
1819.2229084601177,6702.619,3.341175,0.0037703945,28404,1507.2845364187335,1179.5298288208496,5494.8423,2.5868556,1180.4374,0.8981872,6702.619,3.341175,0,,,,,1507.2845364187335,0.00036206222,1179.5298288208496,0.00029867733,0.00035198496,0.03300507
1819.2437421432662,6703.842,3.3403735,0.003770753,28405,1507.283303618651,1179.5285358605408,5495.616,2.5862353,1182.3064,0.89793545,6703.842,3.3403735,0,,,,,1507.283303618651,0.0003620186,1179.5285358605408,0.00029842692,-0.0011197742,0.03155763
1819.264575825949,6704.3433,3.3442755,0.0037711111,28406,1507.2844467479717,1179.5296665187443,5496.254,2.589256,1180.7416,0.8990833,6704.3433,3.3442755,0,,,,,1507.2844467479717,0.00036215785,1179.5296665187443,0.00029907256,9.306552e-05,0.032458942
1819.2854095077003,6701.4155,3.3445487,0.0037714683,28407,1507.2833321692544,1179.52835808239,5497.0386,2.5894678,1183.0995,0.9008116,6701.4155,3.3445487,0,,,,,1507.2833321692544,0.00036238096,1179.52835808239,0.00029885338,-0.0011194596,0.031202804
1819.3062431887531,6707.5566,3.3427322,0.0037718248,28408,1507.2847115001314,1179.5300485533833,5497.237,2.5880613,1182.0052,0.89855945,6707.5566,3.3427322,0,,,,,1507.2847115001314,0.000362042,1179.5300485533833,0.00029873932,0.0005877923,0.033709906
1819.3270768693399,6695.1655,3.340823,0.0037721808,28409,1507.283106676855,1179.528360129113,5490.8076,2.5865831,1181.4922,0.9008597,6695.1655,3.340823,0,,,,,1507.283106676855,0.00036227325,1179.528360129113,0.00029858662,-0.0012947127,0.030519838
1819.3479105492286,6657.4,3.338296,0.003772536,28410,1507.2835546434635,1179.5293439732286,5457.731,2.5846264,1181.4314,0.89918005,6657.4,3.338296,0,,,,,1507.2835546434635,0.0003641952,1179.5293439732286,0.00030089184,-0.0001972926,0.032750715
1819.368744228419,6652.932,3.3343284,0.0037728907,28411,1507.2829359699147,1179.5281471217602,5460.2275,2.5815547,1181.6691,0.8988641,6652.932,3.3343284,0,,,,,1507.2829359699147,0.00036392958,1179.5281471217602,0.0002997841,-0.0012601472,0.029707763
1819.389577906911,6647.2344,3.3340054,0.0037732446,28412,1507.2838500246726,1179.529253926849,5450.273,2.5813048,1181.5258,0.90254116,6647.2344,3.3340054,0,,,,,1507.2838500246726,0.00036448988,1179.529253926849,0.00030023683,-0.00025155587,0.03247464
1819.4104115847042,6648.541,3.3343005,0.0037735978,28413,1507.2833133147542,1179.5281138029748,5454.5625,2.5815332,1182.3549,0.89850146,6648.541,3.3343005,0,,,,,1507.2833133147542,0.00036426113,1179.5281138029748,0.0003003755,-0.000855835,0.030496715
1819.431245261799,6649.6855,3.3361776,0.0037739503,28414,1507.2840709302554,1179.5292819639126,5453.908,2.5829864,1180.9722,0.902565,6649.6855,3.3361776,0,,,,,1507.2840709302554,0.00036471258,1179.5292819639126,0.00030021943,-0.00041383557,0.03223688
1819.4520789381952,6668.433,3.336157,0.003774302,28415,1507.2828567728031,1179.529017095469,5470.741,2.5829706,1183.0541,0.8990057,6668.433,3.336157,0,,,,,1507.2828567728031,0.00036338423,1179.529017095469,0.00029941008,-0.001055457,0.030988622
1819.4937462893574,6701.4497,3.3410237,0.003775004,28417,1507.2834181973683,1179.5286007604263,5496.378,2.5867386,1181.0482,0.89947975,6701.4497,3.3410237,0,,,,,1507.2834181973683,0.00036206003,1179.5286007604263,0.00029840108,-0.0008559126,0.03084038
1819.5145799636584,6707.914,3.342136,0.0037753538,28418,1507.2829202152775,1179.528018386742,5500.497,2.5875998,1183.0894,0.89986545,6707.914,3.342136,0,,,,,1507.2829202152775,0.00036199595,1179.528018386742,0.000298261,-0.0017564932,0.030539284
1819.5354136374938,6699.317,3.3424928,0.003775703,28419,1507.2835408270291,1179.529326061074,5493.258,2.5878758,1183.9987,0.8991029,6699.317,3.3424928,0,,,,,1507.2835408270291,0.00036241804,1179.529326061074,0.00029885216,-0.0007084562,0.031479467
1819.5562473108632,6704.5806,3.3464448,0.0037760518,28420,1507.2834628836786,1179.5274549179574,5498.047,2.5909357,1184.621,0.8997953,6704.5806,3.3464448,0,,,,,1507.2834628836786,0.00036286807,1179.5274549179574,0.00029921244,-0.0012176454,0.029415965
1819.577080983301,6707.5615,3.3407607,0.0037763997,28421,1507.284304905343,1179.5289469969787,5498.1978,2.586535,1183.2285,0.89832723,6707.5615,3.3407607,0,,,,,1507.284304905343,0.00036198326,1179.5289469969787,0.00029830795,-0.0005818291,0.032034066
1819.5979146550405,6704.1875,3.3420897,0.0037767468,28422,1507.2822577951772,1179.5272229579102,5497.5366,2.5875638,1184.5897,0.89915985,6704.1875,3.3420897,0,,,,,1507.2822577951772,0.00036216885,1179.5272229579102,0.00029847573,-0.002340017,0.029251881
1819.6187483263154,6697.95,3.3405647,0.0037770935,28423,1507.2829564400968,1179.529141641389,5491.6455,2.586383,1184.363,0.89897907,6697.95,3.3405647,0,,,,,1507.2829564400968,0.00036224644,1179.529141641389,0.00029862113,-0.00063528423,0.032317333
1819.639581996891,6707.6074,3.3429976,0.0037774395,28424,1507.2821753291912,1179.5274750445467,5501.248,2.5882668,1184.8607,0.9013626,6707.6074,3.3429976,0,,,,,1507.2821753291912,0.0003618289,1179.5274750445467,0.00029821903,-0.002615991,0.02959691
1819.6604156667672,6704.0693,3.3438888,0.0037777848,28425,1507.2841716780747,1179.5279188051916,5496.4927,2.5889568,1184.3018,0.90071225,6704.0693,3.3438888,0,,,,,1507.2841716780747,0.00036293254,1179.5279188051916,0.00029856787,-0.0008069129,0.030642573
1819.681249335946,6703.9326,3.3451464,0.0037781294,28426,1507.2828922707724,1179.5283073395617,5498.0347,2.5899305,1182.7756,0.8989373,6703.9326,3.3451464,0,,,,,1507.2828922707724,0.00036247732,1179.5283073395617,0.00029912996,-0.0014951789,0.030892856
1819.7020830044266,6699.2847,3.340637,0.0037784732,28427,1507.2836238779933,1179.5298128530017,5492.124,2.5864391,1183.529,0.89846706,6699.2847,3.340637,0,,,,,1507.2836238779933,0.00036244886,1179.5298128530017,0.00029864575,-0.0005187416,0.032043207
1819.7229166724412,6699.412,3.345177,0.0037788167,28428,1507.2822016499392,1179.5276960198632,5497.0923,2.5899541,1184.7039,0.89985573,6699.412,3.345177,0,,,,,1507.2822016499392,0.00036395722,1179.5276960198632,0.0002984867,-0.002405841,0.029696453
1819.7437503397564,6704.5356,3.3435233,0.0037791594,28429,1507.2829279607506,1179.527830886487,5496.9644,2.5886738,1182.4697,0.90363216,6704.5356,3.3435233,0,,,,,1507.2829279607506,0.00036225066,1179.527830886487,0.00029833973,-0.001582582,0.029962981
1819.764584006373,6703.819,3.3416693,0.0037795014,28430,1507.2823328800082,1179.5275250552324,5496.8057,2.5872386,1185.1552,0.8994246,6703.819,3.3416693,0,,,,,1507.2823328800082,0.00036205907,1179.5275250552324,0.0002984701,-0.00214707,0.029576512
1819.7854176722929,6704.333,3.3418255,0.0037798428,28431,1507.2829448460266,1179.5279321783726,5496.7246,2.5873594,1183.8824,0.89946985,6704.333,3.3418255,0,,,,,1507.2829448460266,0.0003622226,1179.5279321783726,0.000298393,-0.0011872099,0.030031549
1819.8062513375141,6703.284,3.345071,0.0037801834,28432,1507.2831887962595,1179.5279616934447,5498.603,2.5898721,1183.5675,0.90041786,6703.284,3.345071,0,,,,,1507.2831887962595,0.00036244298,1179.5279616934447,0.00029888318,-0.001526158,0.029703368
1819.827085002268,6707.1978,3.3440251,0.0037805235,28433,1507.282063261854,1179.527959829648,5498.123,2.5890622,1184.0128,0.89986086,6707.1978,3.3440251,0,,,,,1507.282063261854,0.0003624032,1179.527959829648,0.00029875332,-0.0026983174,0.029704658
1819.847918666091,6706.602,3.3428342,0.0037808628,28434,1507.2832288364662,1179.5284619492982,5500.1562,2.5881402,1183.5933,0.89863914,6706.602,3.3428342,0,,,,,1507.2832288364662,0.0003624085,1179.5284619492982,0.00029829875,-0.0013385215,0.030815898
1819.8687523294482,6707.7974,3.3443046,0.0037812016,28435,1507.2821083527813,1179.5277755224463,5501.127,2.5892787,1183.6676,0.90104234,6707.7974,3.3443046,0,,,,,1507.2821083527813,0.00036214216,1179.5277755224463,0.00029842363,-0.002459773,0.029230345
1819.889585992341,6700.623,3.3403237,0.0037815399,28436,1507.282813493707,1179.5284328957491,5494.119,2.5861967,1183.9934,0.8985346,6700.623,3.3403237,0,,,,,1507.282813493707,0.00036214903,1179.5284328957491,0.0002984465,-0.0013637868,0.030581176
1819.9104196543024,6703.524,3.34758,0.0037818772,28437,1507.2823152170968,1179.5267653242786,5495.621,2.5918148,1183.9177,0.9003799,6703.524,3.34758,0,,,,,1507.2823152170968,0.00036232092,1179.5267653242786,0.00029978796,-0.0022797321,0.029128859
1819.931253315797,6697.6523,3.3401968,0.0037822141,28438,1507.283438275181,1179.5279632387692,5489.3906,2.5860984,1185.0342,0.89912605,6697.6523,3.3401968,0,,,,,1507.283438275181,0.00036254595,1179.5279632387692,0.00029873583,-0.00076628674,0.032196283
1819.9520869763603,6700.7017,3.3421135,0.00378255,28439,1507.2815085089246,1179.5257224152533,5497.9526,2.587582,1184.5457,0.8998781,6700.7017,3.3421135,0,,,,,1507.2815085089246,0.00036205284,1179.5257224152533,0.00029837195,-0.0034997454,0.027340986
1819.972920636459,6706.929,3.3426971,0.0037828856,28440,1507.2835660262556,1179.5285556601693,5497.023,2.5880342,1184.0985,0.8994329,6706.929,3.3426971,0,,,,,1507.2835660262556,0.00036217665,1179.5285556601693,0.00029863595,-0.0006675895,0.03161273
1819.9937542960922,6703.111,3.3408933,0.0037832207,28441,1507.2820664027684,1179.5266000359663,5495.3804,2.5866375,1184.8188,0.8986329,6703.111,3.3408933,0,,,,,1507.2820664027684,0.00036225503,1179.5266000359663,0.00029849214,-0.0021998556,0.028804734
1820.014587954793,6698.4736,3.3466809,0.0037835548,28442,1507.2828725248166,1179.52718797347,5490.076,2.5911186,1185.5767,0.8999001,6698.4736,3.3466809,0,,,,,1507.2828725248166,0.00036333824,1179.52718797347,0.00029986928,-0.0020178126,0.029688943
1820.0354216130277,6699.232,3.3407073,0.0037838884,28443,1507.2818584842998,1179.5265512455926,5495.1216,2.5864933,1184.0538,0.89861673,6699.232,3.3407073,0,,,,,1507.2818584842998,0.00036226353,1179.5265512455926,0.00029839354,-0.0028483223,0.028289452
1820.0562552705649,6698.2393,3.3458552,0.0037842214,28444,1507.2824745704906,1179.5273046816874,5489.438,2.5904791,1184.2687,0.900963,6698.2393,3.3458552,0,,,,,1507.2824745704906,0.00036370233,1179.5273046816874,0.00029929794,-0.002081135,0.030119572
1820.077088927404,6704.385,3.342937,0.0037845536,28445,1507.282679168298,1179.5280767363142,5497.392,2.58822,1185.3412,0.8990983,6704.385,3.342937,0,,,,,1507.282679168298,0.0003624585,1179.5280767363142,0.00029856706,-0.0019474679,0.030205853
1820.097922583777,6699.467,3.343392,0.0037848854,28446,1507.2815572802112,1179.5265254115177,5494.352,2.5885718,1184.6327,0.8993991,6699.467,3.343392,0,,,,,1507.2815572802112,0.00036230162,1179.5265254115177,0.0002990593,-0.0031912993,0.02884147
1820.1187562392179,6697.291,3.341041,0.0037852162,28447,1507.2827920742989,1179.5274297568646,5491.39,2.5867522,1183.5826,0.89913315,6697.291,3.341041,0,,,,,1507.2827920742989,0.00036264717,1179.5274297568646,0.00029871345,-0.0019394245,0.029815782
1820.139589894194,6701.833,3.3468196,0.0037855466,28448,1507.281204821677,1179.526520037526,5497.8955,2.5912259,1185.5837,0.90710896,6701.833,3.3468196,0,,,,,1507.281204821677,0.00036255756,1179.526520037526,0.00029844622,-0.0033747635,0.027897244
1820.160423548704,6701.8687,3.3410928,0.0037858766,28449,1507.2829485471998,1179.5276502112201,5495.9404,2.586792,1184.2966,0.89845306,6701.8687,3.3410928,0,,,,,1507.2829485471998,0.00036231606,1179.5276502112201,0.0002983418,-0.0012466088,0.030119931
1820.181257202283,6702.3477,3.3447156,0.0037862055,28450,1507.280964390427,1179.5263090289125,5498.1553,2.589597,1185.0454,0.9003711,6702.3477,3.3447156,0,,,,,1507.280964390427,0.0003624944,1179.5263090289125,0.0002987094,-0.0032220245,0.027921712
1820.2020908553961,6702.35,3.343097,0.003786534,28451,1507.2826260175925,1179.5273151454155,5496.0337,2.5883436,1184.182,0.8999557,6702.35,3.343097,0,,,,,1507.2826260175925,0.00036227316,1179.5273151454155,0.00029882093,-0.0016597582,0.029259259
1820.222924507811,6701.3784,3.3431199,0.003786862,28452,1507.2816356786454,1179.5259313641677,5496.2524,2.5883615,1183.9464,0.8996391,6701.3784,3.3431199,0,,,,,1507.2816356786454,0.00036216385,1179.5259313641677,0.0002988037,-0.003037762,0.027580116
1820.2437581595275,6702.1255,3.349226,0.003787189,28453,1507.2829659789538,1179.5272894514064,5492.6704,2.5930893,1186.2477,0.90088457,6702.1255,3.349226,0,,,,,1507.2829659789538,0.00036271822,1179.5272894514064,0.00030013197,-0.0021432221,0.029409591
1820.264591810778,6701.1587,3.3431685,0.0037875157,28454,1507.2816552624836,1179.5265846940995,5496.7764,2.5883992,1185.2699,0.90005046,6701.1587,3.3431685,0,,,,,1507.2816552624836,0.0003626937,1179.5265846940995,0.00029855975,-0.0028230695,0.028292058
1820.2854254610982,6704.465,3.3415585,0.0037878414,28455,1507.2821011649658,1179.5265498134152,5496.57,2.5871525,1184.1909,0.8993795,6704.465,3.3415585,0,,,,,1507.2821011649658,0.00036222997,1179.5265498134152,0.0002983053,-0.0023705799,0.029019725
1820.3062591109517,6699.968,3.3426392,0.0037881667,28456,1507.2816013437866,1179.5262099658523,5496.0527,2.5879893,1185.6418,0.8999103,6699.968,3.3426392,0,,,,,1507.2816013437866,0.000362308,1179.5262099658523,0.0002986208,-0.002690325,0.027877994
1820.3270927603392,6706.144,3.3415155,0.0037884915,28457,1507.281511789102,1179.5264242688816,5494.985,2.5871193,1186.1543,0.8997129,6706.144,3.3415155,0,,,,,1507.281511789102,0.00036253358,1179.5264242688816,0.00029841773,-0.0027234964,0.027941862
1820.3479264087948,6695.4,3.3412454,0.0037888153,28458,1507.281605011158,1179.5261867786107,5490.907,2.5869102,1185.2482,0.89928824,6695.4,3.3412454,0,,,,,1507.281605011158,0.00036266595,1179.5261867786107,0.00029862204,-0.0024377194,0.028193258
1820.3687600567866,6699.2646,3.3440495,0.0037891387,28459,1507.2814598337334,1179.5259911370933,5491.09,2.5890813,1184.7307,0.89941776,6699.2646,3.3440495,0,,,,,1507.2814598337334,0.00036295172,1179.5259911370933,0.0002993237,-0.003012476,0.0278753
1820.38959370408,6704.1064,3.3474004,0.0037894615,28460,1507.2821851415688,1179.526368384365,5495.0195,2.5916758,1185.8431,0.9000236,6704.1064,3.3474004,0,,,,,1507.2821851415688,0.00036305518,1179.526368384365,0.00029962612,-0.0021893147,0.028302643
1820.410427350906,6696.4736,3.3435004,0.0037897837,28461,1507.2812741604882,1179.5256531216626,5487.558,2.588656,1185.9153,0.9001973,6696.4736,3.3435004,0,,,,,1507.2812741604882,0.00036376432,1179.5256531216626,0.00029904165,-0.003372815,0.027953278
1820.4312609968008,6705.917,3.3430846,0.003790105,28462,1507.2825244296532,1179.5264427730417,5494.8604,2.588334,1186.586,0.9000711,6705.917,3.3430846,0,,,,,1507.2825244296532,0.00036260005,1179.5264427730417,0.00029872713,-0.0022440571,0.028508196
1820.4520946422308,6698.771,3.3434048,0.0037904258,28463,1507.2817122854476,1179.5252300965433,5489.911,2.588582,1188.2788,0.90067214,6698.771,3.3434048,0,,,,,1507.2817122854476,0.00036309494,1179.5252300965433,0.00029900623,-0.0030112688,0.027010325
1820.4729282871956,6699.428,3.3403473,0.0037907462,28464,1507.2823503968348,1179.526308212352,5489.698,2.5862148,1185.9244,0.9000503,6699.428,3.3403473,0,,,,,1507.2823503968348,0.00036246562,1179.526308212352,0.00029865006,-0.0021016332,0.028769448
1820.4937619312286,6705.379,3.3430862,0.0037910657,28465,1507.2811490710278,1179.5254921077956,5494.904,2.5883353,1185.8375,0.90220964,6705.379,3.3430862,0,,,,,1507.2811490710278,0.00036231463,1179.5254921077956,0.00029861726,-0.003005706,0.026742978
1820.514595574795,6704.144,3.3410294,0.0037913846,28466,1507.2816319528818,1179.5251717394763,5489.536,2.586743,1186.0824,0.8995317,6704.144,3.3410294,0,,,,,1507.2816319528818,0.00036263687,1179.5251717394763,0.00029890783,-0.0022073523,0.027387684
1820.5354292176637,6702.2754,3.3433347,0.003791703,28467,1507.281291700244,1179.5252204227327,5494.846,2.5885277,1185.2314,0.9008087,6702.2754,3.3433347,0,,,,,1507.281291700244,0.00036243763,1179.5252204227327,0.0002988523,-0.003582213,0.026835259
1820.556262860067,6700.3643,3.3434565,0.0037920207,28468,1507.2823874774413,1179.525322285326,5487.522,2.5886223,1186.8888,0.8996805,6700.3643,3.3434565,0,,,,,1507.2823874774413,0.00036279377,1179.525322285326,0.00029958133,-0.0020926688,0.027616946
1820.5770965017716,6707.831,3.3412714,0.0037923378,28469,1507.2813460928296,1179.5248433529612,5495.5894,2.5869303,1185.7767,0.8991475,6707.831,3.3412714,0,,,,,1507.2813460928296,0.00036238597,1179.5248433529612,0.00029841397,-0.0030581267,0.026577342
1820.5979301427783,6707.4805,3.3446686,0.0037926543,28470,1507.2810271140781,1179.5241621993441,5492.0947,2.5895605,1186.6124,0.90233964,6707.4805,3.3446686,0,,,,,1507.2810271140781,0.00036273448,1179.5241621993441,0.0002992431,-0.0033195212,0.026318835
1820.618763783086,6705.061,3.340838,0.00379297,28471,1507.2813966596702,1179.5248100627148,5490.7456,2.5865948,1185.5253,0.89963776,6705.061,3.340838,0,,,,,1507.2813966596702,0.00036247118,1179.5248100627148,0.00029882064,-0.0030666387,0.027978407
1820.6395974229272,6700.4595,3.3449986,0.0037932852,28472,1507.27979167831,1179.523425495064,5487.8403,2.5898159,1186.061,0.8993455,6700.4595,3.3449986,0,,,,,1507.27979167831,0.0003629133,1179.523425495064,0.0002998724,-0.0047462685,0.025705284
1820.6604310620708,6707.8857,3.3418803,0.0037935998,28473,1507.281191951437,1179.524764179256,5494.516,2.5874016,1186.8495,0.89914393,6707.8857,3.3418803,0,,,,,1507.281191951437,0.00036233317,1179.524764179256,0.00029876173,-0.0028817013,0.026650049
1820.6812647005163,6705.802,3.3421965,0.0037939136,28474,1507.2809575669096,1179.5235121355265,5491.287,2.5876465,1186.9009,0.9002523,6705.802,3.3421965,0,,,,,1507.2809575669096,0.00036259,1179.5235121355265,0.00029885312,-0.0040527033,0.024675667
1820.7020983382629,6703.135,3.3422616,0.0037942268,28475,1507.2819825955728,1179.525020765508,5487.8584,2.5876968,1187.422,0.8998791,6703.135,3.3422616,0,,,,,1507.2819825955728,0.00036302826,1179.525020765508,0.00029924445,-0.002450266,0.027849644
1820.7229319755427,6699.6416,3.3407128,0.0037945395,28476,1507.2800755402761,1179.5234907737397,5486.2573,2.5864978,1186.1697,0.8994821,6699.6416,3.3407128,0,,,,,1507.2800755402761,0.00036327675,1179.5234907737397,0.00029894715,-0.004293263,0.025768245
1820.7437656121251,6703.2363,3.3403966,0.0037948515,28477,1507.2820165460532,1179.5247388899484,5487.3315,2.586253,1187.501,0.9001472,6703.2363,3.3403966,0,,,,,1507.2820165460532,0.00036280943,1179.5247388899484,0.00029887666,-0.0026306533,0.027029289
1820.7645992482423,6701.907,3.3405826,0.003795163,28478,1507.2805806514075,1179.5249254285688,5489.866,2.586397,1185.7354,0.8999322,6701.907,3.3405826,0,,,,,1507.2805806514075,0.00036252654,1179.5249254285688,0.00029876985,-0.003978401,0.026868721
1820.7854328836606,6703.3086,3.3393219,0.0037954738,28479,1507.2800925916727,1179.5231815866127,5484.685,2.5854208,1187.2252,0.89908046,6703.3086,3.3393219,0,,,,,1507.2800925916727,0.00036278288,1179.5231815866127,0.0002989754,-0.0038392541,0.024878677
1820.8062665183795,6704.8975,3.340368,0.003795784,28480,1507.2798804792308,1179.5242568695824,5490.43,2.5862308,1185.4026,0.89889884,6704.8975,3.340368,0,,,,,1507.2798804792308,0.00036276566,1179.5242568695824,0.00029871214,-0.0038773865,0.025565986
1820.8271001524008,6697.0874,3.3418899,0.0037960934,28481,1507.2812351520763,1179.5240042252806,5485.038,2.587409,1187.1702,0.901319,6697.0874,3.3418899,0,,,,,1507.2812351520763,0.0003628583,1179.5240042252806,0.00029914107,-0.0032846583,0.025352776
1820.8479337859565,6702.3345,3.342344,0.0037964024,28482,1507.2819709023677,1179.52432314514,5489.6445,2.587761,1186.6881,0.89972746,6702.3345,3.342344,0,,,,,1507.2819709023677,0.00036305047,1179.52432314514,0.00029906628,-0.003570781,0.025919542
1820.8687674188134,6702.502,3.3419878,0.0037967106,28483,1507.2809527144775,1179.5235585550824,5487.168,2.5874848,1186.3818,0.90272605,6702.502,3.3419878,0,,,,,1507.2809527144775,0.00036275113,1179.5235585550824,0.0002990649,-0.0034137883,0.026012661
1820.8896010512055,6707.723,3.3403945,0.0037970184,28484,1507.2811258881188,1179.5237335417278,5489.1553,2.5862513,1185.7378,0.8996341,6707.723,3.3403945,0,,,,,1507.2811258881188,0.00036271356,1179.5237335417278,0.00029870673,-0.0037743459,0.025537932
1820.9104346828983,6707.233,3.3422556,0.0037973255,28485,1507.2802283277827,1179.523169062674,5489.518,2.5876925,1187.1313,0.89959115,6707.233,3.3422556,0,,,,,1507.2802283277827,0.0003629171,1179.523169062674,0.00029915367,-0.0039474033,0.025474688
1820.931268313892,6700.177,3.3426068,0.003797632,28486,1507.2818198393811,1179.525011823619,5481.381,2.5879643,1186.4952,0.9006463,6700.177,3.3426068,0,,,,,1507.2818198393811,0.00036312483,1179.525011823619,0.00029979143,-0.002571195,0.027932018
1820.952101944188,6706.128,3.3463902,0.0037979377,28487,1507.2804929084848,1179.5223454911356,5487.1567,2.5908935,1187.3479,0.9000255,6706.128,3.3463902,0,,,,,1507.2804929084848,0.00036288117,1179.5223454911356,0.0003002284,-0.0043454897,0.024108712
1820.9729355740187,6704.3525,3.340429,0.003798243,28488,1507.2818695326227,1179.5247249549516,5486.615,2.5862782,1186.8085,0.8997635,6704.3525,3.340429,0,,,,,1507.2818695326227,0.00036297407,1179.5247249549516,0.0002989224,-0.002490083,0.02674961
1820.9937692031506,6708.3257,3.34278,0.0037985474,28489,1507.279599544695,1179.5221569444623,5493.8633,2.5880983,1184.9672,0.8992455,6708.3257,3.34278,0,,,,,1507.279599544695,0.00036253827,1179.5221569444623,0.00029880734,-0.005215835,0.022660732
1821.014602831583,6705.471,3.3410692,0.0037988513,28490,1507.2809489727765,1179.5232390511164,5485.5596,2.5867736,1186.6646,0.8989053,6705.471,3.3410692,0,,,,,1507.2809489727765,0.00036336656,1179.5232390511164,0.00029921575,-0.0034937304,0.025199044
1821.0354364595507,6708.006,3.342337,0.0037991547,28491,1507.2807408532713,1179.5230043742904,5491.0845,2.5877554,1186.0886,0.89960855,6708.006,3.342337,0,,,,,1507.2807408532713,0.0003631422,1179.5230043742904,0.0002988474,-0.0037081172,0.024799554
1821.0562700868204,6707.523,3.3415468,0.0037994573,28492,1507.28198258424,1179.5235629065717,5488.6206,2.5871434,1186.848,0.9020439,6707.523,3.3415468,0,,,,,1507.28198258424,0.00036284156,1179.5235629065717,0.00029881042,-0.002343539,0.025782881
1821.077103713624,6708.2246,3.340862,0.0037997596,28493,1507.2794652482496,1179.5221192429422,5490.1265,2.5866132,1187.4379,0.89945936,6708.2246,3.340862,0,,,,,1507.2794652482496,0.00036276446,1179.5221192429422,0.0002987821,-0.0052815354,0.022978133
1821.0979373397288,6699.81,3.3404768,0.003800061,28494,1507.2813416628924,1179.5232056793732,5482.1963,2.5863152,1186.4176,0.9010456,6699.81,3.3404768,0,,,,,1507.2813416628924,0.0003631638,1179.5232056793732,0.00029926584,-0.0026089472,0.026298251
1821.1187709651351,6691.363,3.3440223,0.0038003619,28495,1507.2795101084982,1179.5220905766298,5474.824,2.5890603,1187.417,0.90103996,6691.363,3.3440223,0,,,,,1507.2795101084982,0.0003640003,1179.5220905766298,0.00030051876,-0.005407187,0.024705
1821.1604382140847,6700.9673,3.3516421,0.0038009617,28497,1507.2806769658594,1179.5250425560112,5500.732,2.5949597,1185.0612,0.9008481,6700.9673,3.3516421,0,,,,,1507.2806769658594,0.00036354898,1179.5250425560112,0.00029961418,-0.0044720815,0.025093084
1821.1812718376293,6695.81,3.3469303,0.0038012606,28498,1507.2799166517007,1179.5245185902554,5493.1895,2.5913117,1185.7625,0.90071315,6695.81,3.3469303,0,,,,,1507.2799166517007,0.0003627338,1179.5245185902554,0.00029968325,-0.0049916897,0.025248323
1821.2021054607073,6696.268,3.3493562,0.003801559,28499,1507.2812137714086,1179.5257355856586,5493.184,2.59319,1186.0005,0.9015495,6696.268,3.3493562,0,,,,,1507.2812137714086,0.00036387827,1179.5257355856586,0.0002997129,-0.0029720867,0.026259264
1821.2229390830864,6701.5005,3.3439374,0.003801857,28500,1507.280640220227,1179.5244894031505,5497.2354,2.5889943,1186.9452,0.9005717,6701.5005,3.3439374,0,,,,,1507.280640220227,0.00036254898,1179.5244894031505,0.00029870134,-0.004361271,0.025099412
1821.2437727047675,6705.8916,3.3439682,0.003802154,28501,1507.282090255591,1179.5259388546683,5502.7173,2.5890183,1185.5353,0.90292615,6705.8916,3.3439682,0,,,,,1507.282090255591,0.00036225058,1179.5259388546683,0.00029819275,-0.0034801746,0.026828626
1821.264606325751,6698.413,3.3422458,0.0038024504,28502,1507.2799409294187,1179.524142360496,5495.822,2.5876849,1187.0061,0.8990533,6698.413,3.3422458,0,,,,,1507.2799409294187,0.00036247118,1179.524142360496,0.00029853865,-0.00456566,0.024011819
1821.2854399462678,6698.7183,3.3432665,0.0038027463,28503,1507.281523818567,1179.5256756697863,5497.0483,2.588475,1185.0679,0.89939994,6698.7183,3.3432665,0,,,,,1507.281523818567,0.0003631706,1179.5256756697863,0.00029854235,-0.0034408811,0.026411468
1821.306273566319,6704.7344,3.3433359,0.0038030418,28504,1507.2798685771259,1179.5253027519302,5502.6177,2.5885289,1185.8114,0.8999287,6704.7344,3.3433359,0,,,,,1507.2798685771259,0.00036222758,1179.5253027519302,0.00029822663,-0.0049610785,0.025772288
1821.327107185439,6696.709,3.344917,0.0038033363,28505,1507.2809476660957,1179.524536809758,5496.184,2.589753,1186.3839,0.9010013,6696.709,3.344917,0,,,,,1507.2809476660957,0.0003631838,1179.524536809758,0.00029851214,-0.0041727335,0.024613755
1821.3479408040935,6697.025,3.3423777,0.0038036304,28506,1507.280564761892,1179.5257143536153,5495.9165,2.5877867,1186.6793,0.8994027,6697.025,3.3423777,0,,,,,1507.280564761892,0.00036287427,1179.5257143536153,0.00029850416,-0.004737931,0.025151873
1821.3687744222827,6702.2495,3.3425386,0.003803924,28507,1507.2797499453661,1179.5244463202673,5499.469,2.5879116,1184.5663,0.8999744,6702.2495,3.3425386,0,,,,,1507.2797499453661,0.00036243183,1179.5244463202673,0.000298267,-0.005323947,0.024821628
1821.389608039773,6688.329,3.342869,0.0038042169,28508,1507.2799687638965,1179.523808997086,5480.1865,2.5881672,1187.9304,0.9025509,6688.329,3.342869,0,,,,,1507.2799687638965,0.00036392067,1179.523808997086,0.00029956354,-0.0048301,0.025291
1821.410441656564,6704.0005,3.3494885,0.003804509,28509,1507.2794766425582,1179.5245314628442,5501.112,2.5932922,1185.7689,0.90045387,6704.0005,3.3494885,0,,,,,1507.2794766425582,0.00036316857,1179.5245314628442,0.00029927303,-0.004845528,0.024848366
1821.4312752726566,6698.379,3.342106,0.0038048006,28510,1507.281050306416,1179.5252496938153,5495.2393,2.5875766,1186.8849,0.8999065,6698.379,3.342106,0,,,,,1507.281050306416,0.00036260416,1179.5252496938153,0.00029849308,-0.004001972,0.026115809
1821.452108888285,6693.8066,3.3421826,0.0038050916,28511,1507.2785573090414,1179.5236777516536,5494.864,2.587636,1187.3293,0.8999954,6693.8066,3.3421826,0,,,,,1507.2785573090414,0.00036259711,1179.5236777516536,0.00029853763,-0.006205592,0.023251977
1821.4729425032144,6701.5894,3.3444583,0.003805382,28512,1507.280864208659,1179.5256033297808,5497.125,2.5893977,1187.2734,0.90000147,6701.5894,3.3444583,0,,,,,1507.280864208659,0.0003627773,1179.5256033297808,0.00029880853,-0.003355276,0.027283464
1821.514609731442,6693.9,3.3412073,0.003805961,28514,1507.2807996526915,1179.524978893812,5493.84,2.5868807,1186.6678,0.8989586,6693.9,3.3412073,0,,,,,1507.2807996526915,0.0003623966,1179.524978893812,0.0002986284,-0.004324253,0.025428558
1821.5354433445086,6698.7773,3.3423376,0.0038062495,28515,1507.2794935274717,1179.5242418453859,5499.6123,2.5877557,1186.8325,0.89988786,6698.7773,3.3423376,0,,,,,1507.2794935274717,0.00036217907,1179.5242418453859,0.00029826933,-0.005711466,0.024370972
1821.5562769571095,6700.9653,3.3456736,0.0038065375,28516,1507.2807419884027,1179.5253255845873,5499.4,2.5903385,1186.0245,0.90022194,6700.9653,3.3456736,0,,,,,1507.2807419884027,0.0003622936,1179.5253255845873,0.00029893694,-0.004890389,0.025504015
1821.5771105690123,6699.452,3.3445115,0.0038068248,28517,1507.2798761967863,1179.5233663049821,5497.2007,2.589439,1186.9779,0.90280306,6699.452,3.3445115,0,,,,,1507.2798761967863,0.0003627518,1179.5233663049821,0.0002986104,-0.005446594,0.023709778
1821.5979441802162,6700.9434,3.3423777,0.0038071114,28518,1507.2808919866325,1179.52411906905,5497.7183,2.587787,1186.8807,0.9002732,6700.9434,3.3423777,0,,,,,1507.2808919866325,0.00036214144,1179.52411906905,0.00029851825,-0.0047828527,0.024446858
1821.6187777909536,6707.039,3.3446684,0.0038073976,28519,1507.2803942631162,1179.5238780967707,5504.9688,2.5895603,1186.7352,0.899304,6707.039,3.3446684,0,,,,,1507.2803942631162,0.00036261076,1179.5238780967707,0.00029818894,-0.004793151,0.024225831
1821.6396114009938,6700.003,3.3420703,0.003807683,28520,1507.2798616906025,1179.524402210318,5500.716,2.587549,1185.9204,0.89931434,6700.003,3.3420703,0,,,,,1507.2798616906025,0.00036199798,1179.524402210318,0.00029821863,-0.0054350058,0.024208458
1821.6604450105685,6701.3267,3.3424146,0.003807968,28521,1507.2805759477158,1179.5244286429681,5498.8223,2.5878155,1186.3865,0.89952934,6701.3267,3.3424146,0,,,,,1507.2805759477158,0.00036221388,1179.5244286429681,0.0002983479,-0.0043624933,0.025050592
1821.6812786194434,6698.311,3.3427153,0.0038082523,28522,1507.2791028209515,1179.523528404572,5494.464,2.5880485,1187.4318,0.9000813,6698.311,3.3427153,0,,,,,1507.2791028209515,0.00036270637,1179.523528404572,0.0002985746,-0.0054102056,0.023847803
1821.7021122276203,6702.9565,3.3424304,0.0038085359,28523,1507.280626932565,1179.5232979214184,5495.225,2.5878277,1187.1118,0.8993323,6702.9565,3.3424304,0,,,,,1507.280626932565,0.0003628546,1179.5232979214184,0.0002985728,-0.004978813,0.024290735
1821.7229458353315,6703.0576,3.3433056,0.003808819,28524,1507.2795910845823,1179.5238642431284,5505.29,2.5885053,1186.124,0.8996636,6703.0576,3.3433056,0,,,,,1507.2795910845823,0.00036193646,1179.5238642431284,0.00029800343,-0.005750135,0.02239548
1821.7437794423442,6702.989,3.3473804,0.0038091014,28525,1507.2802107167345,1179.5250802535786,5499.1177,2.59166,1188.739,0.9017983,6702.989,3.3473804,0,,,,,1507.2802107167345,0.00036242488,1179.5250802535786,0.00029916025,-0.004559082,0.025634209
1821.785446654508,6700.235,3.3452497,0.0038096644,28527,1507.2808975945381,1179.525087237285,5499.0073,2.5900102,1186.5336,0.9031306,6700.235,3.3452497,0,,,,,1507.2808975945381,0.00036278594,1179.525087237285,0.00029845076,-0.0042860676,0.025158072
1821.8062802598904,6703.3784,3.3443766,0.0038099452,28528,1507.279126326153,1179.524191756424,5502.951,2.5893342,1186.2843,0.8994293,6703.3784,3.3443766,0,,,,,1507.279126326153,0.0003626177,1179.524191756424,0.00029825506,-0.0060121967,0.023295263
1821.827113864342,6701.059,3.3457794,0.003810225,28529,1507.2805419083923,1179.5245498687145,5502.434,2.5904205,1187.3105,0.9020574,6701.059,3.3457794,0,,,,,1507.2805419083923,0.00036212394,1179.5245498687145,0.00029861787,-0.0047275336,0.023959853
1821.8479474683288,6702.7085,3.3441799,0.0038105045,28530,1507.279610619569,1179.524023160152,5505.4834,2.5891821,1186.168,0.8993803,6702.7085,3.3441799,0,,,,,1507.279610619569,0.00036200817,1179.524023160152,0.00029813257,-0.0055157146,0.022905001
1821.868781071849,6702.124,3.3459597,0.0038107834,28531,1507.2802629581722,1179.5251095702872,5504.1074,2.5905602,1186.2238,0.90240675,6702.124,3.3459597,0,,,,,1507.2802629581722,0.0003619393,1179.5251095702872,0.0002984311,-0.0048713814,0.024892712
1821.8896146746708,6698.6533,3.342904,0.0038110616,28532,1507.279320322552,1179.5247634382772,5501.2256,2.5881944,1185.7814,0.89950293,6698.6533,3.342904,0,,,,,1507.279320322552,0.00036211297,1179.5247634382772,0.00029818763,-0.005408007,0.02394406
1821.9104482767943,6703.84,3.3450756,0.0038113391,28533,1507.2799622601688,1179.5234826176659,5503.1104,2.5898757,1185.5518,0.90019023,6703.84,3.3450756,0,,,,,1507.2799622601688,0.0003623901,1179.5234826176659,0.00029836255,-0.004896248,0.023471566
1821.9312818782184,6702.023,3.3451598,0.003811616,28534,1507.2797269827854,1179.524452022652,5506.66,2.5899408,1186.1917,0.90135276,6702.023,3.3451598,0,,,,,1507.2797269827854,0.00036181032,1179.524452022652,0.00029808827,-0.005091077,0.023456486
1821.9521154791785,6703.3335,3.3437316,0.0038118924,28535,1507.2785472347946,1179.5236808489678,5507.484,2.588835,1186.4708,0.89883035,6703.3335,3.3437316,0,,,,,1507.2785472347946,0.00036172027,1179.5236808489678,0.00029793452,-0.0059939246,0.022727111
1821.9729490796728,6710.066,3.3506575,0.0038121683,28536,1507.2792430658574,1179.5242601065302,5511.771,2.5941973,1187.484,0.90143293,6710.066,3.3506575,0,,,,,1507.2792430658574,0.00036198052,1179.5242601065302,0.0002988883,-0.0056712017,0.023639072
1821.9937826794671,6705.978,3.3427348,0.0038124435,28537,1507.2793306509375,1179.5238256109997,5505.261,2.5880632,1186.0936,0.89852756,6705.978,3.3427348,0,,,,,1507.2793306509375,0.00036185945,1179.5238256109997,0.00029807555,-0.0062500187,0.023063857
1822.0146162785638,6700.7085,3.3431096,0.003812718,28538,1507.280476024191,1179.5251396208926,5502.715,2.5883536,1186.3331,0.89980966,6700.7085,3.3431096,0,,,,,1507.280476024191,0.00036173683,1179.5251396208926,0.00029821869,-0.004477786,0.024913643
1822.0354498769625,6708.5703,3.3456442,0.0038129918,28539,1507.2788704993334,1179.523111502601,5509.7676,2.5903158,1186.7871,0.89988166,6708.5703,3.3456442,0,,,,,1507.2788704993334,0.0003617143,1179.523111502601,0.00029820512,-0.006458379,0.022381566
1822.056283474895,6708.7446,3.343998,0.0038132651,28540,1507.2799250840105,1179.5246882433478,5509.044,2.5890415,1185.7185,0.89938897,6708.7446,3.343998,0,,,,,1507.2799250840105,0.00036160712,1179.5246882433478,0.00029787226,-0.004862689,0.024497509
1822.0771170723617,6708.384,3.3457682,0.003813538,28541,1507.2794930411264,1179.5224823227488,5510.7,2.590412,1187.3263,0.8994183,6708.384,3.3457682,0,,,,,1507.2794930411264,0.00036197112,1179.5224823227488,0.0002980174,-0.006031883,0.021156097
1822.09795066913,6699.743,3.3432288,0.0038138102,28542,1507.280190301069,1179.5248941439559,5502.4414,2.588446,1185.9672,0.8994995,6699.743,3.3432288,0,,,,,1507.280190301069,0.0003619122,1179.5248941439559,0.00029824537,-0.005122946,0.024560915
1822.118784265199,6703.498,3.344317,0.0038140817,28543,1507.2797072849128,1179.5229564494466,5505.7188,2.5892882,1188.3251,0.90058744,6703.498,3.344317,0,,,,,1507.2797072849128,0.00036193992,1179.5229564494466,0.0002981006,-0.0052868514,0.022422569
1822.139617860571,6707.6045,3.3501709,0.0038143524,28544,1507.2793532579926,1179.5236866297269,5504.657,2.5938206,1187.3231,0.90067863,6707.6045,3.3501709,0,,,,,1507.2793532579926,0.0003626212,1179.5236866297269,0.00029939078,-0.005992166,0.02325817
1822.1604514554772,6704.8574,3.3452616,0.0038146228,28545,1507.279894769822,1179.523959507755,5506.7407,2.5900197,1186.3531,0.90065557,6704.8574,3.3452616,0,,,,,1507.279894769822,0.00036193157,1179.523959507755,0.0002981785,-0.005025262,0.02292223
1822.1812850499173,6701.9355,3.3464422,0.0038148926,28546,1507.2781599263099,1179.5226793650777,5506.7236,2.5909338,1187.9873,0.89963424,6701.9355,3.3464422,0,,,,,1507.2781599263099,0.0003619712,1179.5226793650777,0.00029844893,-0.007068866,0.021353828
1822.2021186436589,6702.1934,3.3446758,0.0038151618,28547,1507.2802091396431,1179.5250843773808,5503.959,2.5895662,1186.8909,0.9006997,6702.1934,3.3446758,0,,,,,1507.2802091396431,0.00036262846,1179.5250843773808,0.000298131,-0.0046173846,0.024811693
1822.222952236701,6708.2793,3.3441474,0.0038154302,28548,1507.2793044743116,1179.5225469485981,5508.4717,2.589157,1188.3103,0.8999726,6708.2793,3.3441474,0,,,,,1507.2793044743116,0.00036170773,1179.5225469485981,0.00029787346,-0.006473678,0.020634444
1822.243785829279,6707.918,3.3503838,0.0038156982,28549,1507.2797224013023,1179.5246865962347,5507.497,2.5939853,1187.35,0.9015065,6707.918,3.3503838,0,,,,,1507.2797224013023,0.00036306833,1179.5246865962347,0.00029861665,-0.0054324917,0.023980122
1822.2646194211586,6706.2495,3.344852,0.0038159655,28550,1507.278590107428,1179.5227729348592,5509.503,2.5897026,1188.0017,0.89935577,6706.2495,3.344852,0,,,,,1507.278590107428,0.0003618687,1179.5227729348592,0.00029791993,-0.0066945762,0.02141634
1822.2854530123384,6707.503,3.3437924,0.003816232,28551,1507.2801083495362,1179.5241923564336,5509.5464,2.5888824,1187.5398,0.89881796,6707.503,3.3437924,0,,,,,1507.2801083495362,0.00036149326,1179.5241923564336,0.00029783722,-0.005403041,0.022866616
1822.306286603053,6704.8936,3.3456666,0.0038164982,28552,1507.2792142538697,1179.5237913978408,5508.3345,2.5903332,1188.1637,0.900273,6704.8936,3.3456666,0,,,,,1507.2792142538697,0.0003622906,1179.5237913978408,0.0002979742,-0.0064405897,0.022006033
1822.3271201930697,6708.454,3.3512967,0.0038167636,28553,1507.2793862950753,1179.5233220670714,5510.842,2.5946922,1189.2845,0.90442705,6708.454,3.3512967,0,,,,,1507.2793862950753,0.00036292322,1179.5233220670714,0.00029816484,-0.0058541917,0.022143355
1822.3479537826204,6710.725,3.3459842,0.0038170286,28554,1507.2793006743966,1179.5238649818557,5510.3,2.590579,1186.8661,0.9007431,6710.725,3.3459842,0,,,,,1507.2793006743966,0.0003620026,1179.5238649818557,0.00029790407,-0.00553637,0.023526048
1822.3687873714723,6708.428,3.3453825,0.0038172929,28555,1507.2785622538306,1179.522695229151,5510.434,2.5901132,1188.6696,0.8997943,6708.428,3.3453825,0,,,,,1507.2785622538306,0.00036164725,1179.522695229151,0.0002980295,-0.006438353,0.020940838
1822.3896209596257,6707.5625,3.343998,0.0038175564,28556,1507.2793158640457,1179.524246901846,5508.3403,2.5890412,1187.47,0.8995309,6707.5625,3.343998,0,,,,,1507.2793158640457,0.00036178954,1179.524246901846,0.00029791502,-0.005466287,0.022601375
1822.410454547313,6707.0635,3.3458548,0.0038178195,28557,1507.2784953693817,1179.5229407570114,5509.2383,2.590479,1187.618,0.9017445,6707.0635,3.3458548,0,,,,,1507.2784953693817,0.0003620838,1179.5229407570114,0.00029795954,-0.0066592246,0.020919584
1822.431288134536,6706.5776,3.3455105,0.0038180822,28558,1507.2789391218212,1179.5242545650704,5506.91,2.5902126,1188.7147,0.901651,6706.5776,3.3455105,0,,,,,1507.2789391218212,0.0003619687,1179.5242545650704,0.00029814703,-0.005681453,0.023509426
1822.4521217208276,6711.405,3.3485737,0.0038183439,28559,1507.2786308237894,1179.5222237484124,5515.4463,2.5925841,1187.2407,0.9012002,6711.405,3.3485737,0,,,,,1507.2786308237894,0.00036168803,1179.5222237484124,0.00029807517,-0.0071597616,0.019872595
1822.4729553068858,6703.2534,3.3455274,0.0038186053,28560,1507.279572584716,1179.5242917802084,5505.8696,2.5902255,1189.4891,0.9001707,6703.2534,3.3455274,0,,,,,1507.279572584716,0.00036252543,1179.5242917802084,0.00029821543,-0.005987788,0.023361607
1822.4937888920124,6705.6133,3.3450615,0.0038188659,28561,1507.2790223201891,1179.5236767032552,5508.8154,2.5898647,1187.617,0.90035564,6705.6133,3.3450615,0,,,,,1507.2790223201891,0.00036200965,1179.5236767032552,0.00029793094,-0.0066211866,0.021700766
1822.5146224766727,6700.8594,3.3459117,0.003819126,28562,1507.2788938595918,1179.5238483823457,5503.5093,2.5905228,1187.6467,0.9008436,6700.8594,3.3459117,0,,,,,1507.2788938595918,0.00036254482,1179.5238483823457,0.0002983835,-0.006428734,0.022938548
1822.5354560608687,6706.078,3.3467736,0.0038193855,28563,1507.2789005607,1179.5230894053398,5510.05,2.5911903,1186.9596,0.9013559,6706.078,3.3467736,0,,,,,1507.2789005607,0.00036226446,1179.5230894053398,0.00029793475,-0.0061682966,0.021116482
1822.5562896441336,6712.4937,3.3475192,0.0038196442,28564,1507.2786336831293,1179.5222696207084,5513.991,2.5917675,1187.5533,0.89999944,6712.4937,3.3475192,0,,,,,1507.2786336831293,0.0003616726,1179.5222696207084,0.00029814587,-0.0072066756,0.02061149
1822.5771232271643,6706.9966,3.350695,0.0038199027,28565,1507.280213858203,1179.5235578789127,5508.661,2.5942261,1188.5211,0.9020147,6706.9966,3.350695,0,,,,,1507.280213858203,0.0003617772,1179.5235578789127,0.0002989704,-0.004863036,0.02193977
1822.5979568092641,6708.4204,3.3473742,0.0038201602,28566,1507.2769064183208,1179.5227858346016,5513.5737,2.5916553,1187.8055,0.90339917,6708.4204,3.3473742,0,,,,,1507.2769064183208,0.00036157575,1179.5227858346016,0.00029780698,-0.00797063,0.02119303
1822.618790391132,6703.4062,3.3452344,0.0038204174,28567,1507.2795249423898,1179.5234932237693,5507.4917,2.5899987,1187.1993,0.90128076,6703.4062,3.3452344,0,,,,,1507.2795249423898,0.00036179693,1179.5234932237693,0.00029809598,-0.0056568375,0.022062192
1822.6396239720677,6700.244,3.3448331,0.0038206738,28568,1507.2783627700624,1179.5227300733272,5506.264,2.5896878,1187.867,0.89945656,6700.244,3.3448331,0,,,,,1507.2783627700624,0.00036205348,1179.5227300733272,0.00029815064,-0.0070535433,0.020546377
1822.6604575525378,6700.5806,3.3461986,0.0038209297,28569,1507.2790281059795,1179.5236791438308,5505.3843,2.5907452,1188.4089,0.90100974,6700.5806,3.3461986,0,,,,,1507.2790281059795,0.00036202135,1179.5236791438308,0.00029850026,-0.005696967,0.022086162
1822.6812911323093,6704.528,3.3452613,0.0038211849,28570,1507.2787534246488,1179.5227994782163,5508.8975,2.5900192,1187.8397,0.89989823,6704.528,3.3452613,0,,,,,1507.2787534246488,0.0003620384,1179.5227994782163,0.00029797896,-0.006696491,0.020634506
1822.7021247116154,6707.277,3.3474143,0.0038214396,28571,1507.2789303990305,1179.5237786074797,5510.0303,2.5916862,1187.6787,0.9008352,6707.277,3.3474143,0,,,,,1507.2789303990305,0.00036169798,1179.5237786074797,0.00029850996,-0.006094834,0.022765277
1822.7229582902235,6709.9395,3.3505232,0.0038216936,28572,1507.2785542032943,1179.5225179229014,5513.2324,2.5940933,1187.3647,0.90064704,6709.9395,3.3505232,0,,,,,1507.2785542032943,0.0003619122,1179.5225179229014,0.00029870408,-0.006818446,0.02082401
1822.7437918683654,6705.714,3.3454187,0.0038219471,28573,1507.2791805219906,1179.523945533109,5508.9126,2.5901415,1188.3534,0.8996916,6705.714,3.3454187,0,,,,,1507.2791805219906,0.00036196903,1179.523945533109,0.0002980237,-0.0058631254,0.022208666
1822.7646254458089,6704.836,3.3468602,0.0038222,28574,1507.2784131978408,1179.52212223458,5510.059,2.5912573,1186.5702,0.9003185,6704.836,3.3468602,0,,,,,1507.2784131978408,0.00036224924,1179.52212223458,0.00029804252,-0.006977988,0.020064862
1822.7854590227864,6700.675,3.3467395,0.0038224524,28575,1507.278619712012,1179.5226573292825,5505.689,2.5911639,1189.1534,0.9009421,6700.675,3.3467395,0,,,,,1507.278619712012,0.00036238704,1179.5226573292825,0.0002983936,-0.006593877,0.02078291
1822.8062925990655,6704.18,3.3476977,0.003822704,28576,1507.278826182796,1179.5225906366668,5507.0693,2.5919058,1188.9109,0.9003174,6704.18,3.3476977,0,,,,,1507.278826182796,0.0003626488,1179.5225906366668,0.00029859625,-0.006250114,0.020815862
1822.827126174647,6712.304,3.3478668,0.003822955,28577,1507.278827313118,1179.5225105750994,5514.4253,2.5920367,1187.7417,0.9001138,6712.304,3.3478668,0,,,,,1507.278827313118,0.00036155124,1179.5225105750994,0.0002981949,-0.006880972,0.020785056
1822.847959749762,6700.892,3.3454924,0.0038232056,28578,1507.2795961338722,1179.5234469880609,5504.4614,2.5901985,1188.8202,0.901473,6700.892,3.3454924,0,,,,,1507.2795961338722,0.00036209112,1179.5234469880609,0.0002983972,-0.0059898295,0.021833165
1822.8687933241786,6704.124,3.3459976,0.0038234554,28579,1507.2782505980126,1179.5214784484142,5509.797,2.5905895,1188.787,0.90048057,6704.124,3.3459976,0,,,,,1507.2782505980126,0.00036202354,1179.5214784484142,0.0002980327,-0.0073180855,0.019996796
1822.8896268981296,6700.51,3.3456473,0.0038237048,28580,1507.2798631290707,1179.5236946234,5504.769,2.5903182,1187.8098,0.90039545,6700.51,3.3456473,0,,,,,1507.2798631290707,0.00036219772,1179.5236946234,0.0002984206,-0.005788613,0.022632672
1822.910460471381,6707.102,3.3486006,0.0038239534,28581,1507.2784424968993,1179.5216671457258,5511.6367,2.5926046,1187.8566,0.8994939,6707.102,3.3486006,0,,,,,1507.2784424968993,0.00036174132,1179.5216671457258,0.0002985655,-0.0070888586,0.019650597
1822.9312940439356,6707.049,3.3444128,0.0038242014,28582,1507.2793599694305,1179.5226829736303,5509.097,2.5893626,1187.226,0.8997511,6707.049,3.3444128,0,,,,,1507.2793599694305,0.0003619125,1179.5226829736303,0.00029791883,-0.006706119,0.021308623
1822.9521276160247,6707.3877,3.3465087,0.003824449,28583,1507.278113900618,1179.5225540822635,5512.4717,2.590985,1188.71,0.9011037,6707.3877,3.3465087,0,,,,,1507.278113900618,0.00036178625,1179.5225540822635,0.00029780855,-0.0070768073,0.0198369
1822.9729611876471,6710.5522,3.3500047,0.003824696,28584,1507.2785153803952,1179.522765126634,5511.8276,2.5936918,1188.9451,0.9004511,6710.5522,3.3500047,0,,,,,1507.2785153803952,0.0003623141,1179.522765126634,0.00029874465,-0.006737043,0.020724183
1822.9937947583383,6704.0083,3.3446534,0.003824942,28585,1507.2790369109923,1179.5224781485272,5507.781,2.5895486,1188.5402,0.8997969,6704.0083,3.3446534,0,,,,,1507.2790369109923,0.00036167185,1179.5224781485272,0.0002980232,-0.0065019885,0.021048302
1823.0146283287968,6700.4,3.346293,0.003825188,28586,1507.2783253948887,1179.5217821465774,5505.989,2.5908182,1188.6055,0.90007025,6700.4,3.346293,0,,,,,1507.2783253948887,0.00036204996,1179.5217821465774,0.0002985279,-0.0068550296,0.019768102
1823.0354618983245,6709.4365,3.3470724,0.0038254329,28587,1507.278444377208,1179.5230377376854,5511.798,2.5914216,1189.2258,0.9016836,6709.4365,3.3470724,0,,,,,1507.278444377208,0.0003616619,1179.5230377376854,0.00029805116,-0.006025955,0.021260904
1823.0562954676188,6703.125,3.346724,0.0038256776,28588,1507.2782159422563,1179.5219983180782,5509.068,2.591152,1189.8005,0.9005876,6703.125,3.346724,0,,,,,1507.2782159422563,0.0003621977,1179.5219983180782,0.00029819467,-0.006860402,0.019762691
1823.077129035982,6702.076,3.3447914,0.0038259213,28589,1507.2797938904584,1179.522313123244,5505.8,2.5896556,1188.9316,0.9006389,6702.076,3.3447914,0,,,,,1507.2797938904584,0.00036201355,1179.522313123244,0.00029820128,-0.005523971,0.02125426
1823.097962603879,6703.094,3.344652,0.0038261646,28590,1507.2774766452562,1179.5204779033047,5505.708,2.5895474,1190.4224,0.8999352,6703.094,3.344652,0,,,,,1507.2774766452562,0.0003619618,1179.5204779033047,0.00029820696,-0.008202805,0.018996645
1823.1187961713106,6702.8843,3.3443632,0.0038264075,28591,1507.2788103190944,1179.5227284632076,5504.7974,2.589324,1188.3473,0.89983726,6702.8843,3.3443632,0,,,,,1507.2788103190944,0.00036214374,1179.5227284632076,0.00029818589,-0.0064711967,0.021448512
1823.1396297378117,6662.881,3.3395927,0.0038266494,28592,1507.2781442411742,1179.5214979226498,5476.5923,2.5856307,1188.973,0.9009205,6662.881,3.3395927,0,,,,,1507.2781442411742,0.0003634453,1179.5214979226498,0.00029929547,-0.0073054,0.019108018
1823.160463304079,6651.363,3.336531,0.003826891,28593,1507.278924073863,1179.521245273771,5464.7393,2.58326,1188.5164,0.89994824,6651.363,3.336531,0,,,,,1507.278924073863,0.0003639224,1179.521245273771,0.0002997924,-0.0069990274,0.01968064
1823.1812968696474,6645.365,3.3429801,0.003827132,28594,1507.2780147680942,1179.5225932930516,5462.3887,2.5882533,1187.6688,0.90124327,6645.365,3.3429801,0,,,,,1507.2780147680942,0.00036474384,1179.5225932930516,0.00030123506,-0.007244642,0.020336242
1823.2021304345178,6644.1484,3.3385248,0.0038273723,28595,1507.2769449026162,1179.5210523731075,5464.944,2.5848038,1188.9899,0.89997333,6644.1484,3.3385248,0,,,,,1507.2769449026162,0.00036390068,1179.5210523731075,0.00030005816,-0.008484996,0.017975355
1823.2229639986906,6654.662,3.3373826,0.003827612,28596,1507.2797279937383,1179.5224901649062,5470.3535,2.5839193,1188.6251,0.8993888,6654.662,3.3373826,0,,,,,1507.2797279937383,0.00036364273,1179.5224901649062,0.0002995569,-0.006203394,0.020520134
1823.2437975623975,6657.206,3.3426611,0.003827851,28597,1507.2769041342467,1179.5225208158238,5474.8447,2.5880065,1188.1957,0.9041038,6657.206,3.3426611,0,,,,,1507.2769041342467,0.000363948,1179.5225208158238,0.00029971992,-0.007979668,0.01973906
1823.2646311256383,6694.1265,3.3450508,0.0038280897,28598,1507.2788590194612,1179.5216482334015,5501.0664,2.5898566,1188.4547,0.902117,6694.1265,3.3450508,0,,,,,1507.2788590194612,0.0003621553,1179.5216482334015,0.00029841004,-0.0068365955,0.019556152
1823.2854646881797,6707.942,3.347208,0.0038283276,28599,1507.2789193752617,1179.5224697330232,5513.224,2.5915267,1188.3268,0.9034243,6707.942,3.347208,0,,,,,1507.2789193752617,0.00036161236,1179.5224697330232,0.00029777104,-0.00645302,0.019446677
1823.306298250024,6706.271,3.3465939,0.003828565,28600,1507.2778370421192,1179.5216126901832,5513.0034,2.5910513,1188.9565,0.89993626,6706.271,3.3465939,0,,,,,1507.2778370421192,0.0003615949,1179.5216126901832,0.00029796394,-0.007876301,0.019372126
1823.3271318114028,6705.617,3.3458498,0.0038288017,28601,1507.278637995711,1179.5220239997802,5511.644,2.590475,1189.3524,0.9000275,6705.617,3.3458498,0,,,,,1507.278637995711,0.0003617667,1179.5220239997802,0.000297975,-0.006690755,0.01983578
1823.347965372315,6705.0547,3.346753,0.003829038,28602,1507.2780460855536,1179.5209449263607,5510.165,2.5911741,1189.8778,0.9011923,6705.0547,3.346753,0,,,,,1507.2780460855536,0.0003622038,1179.5209449263607,0.00029800745,-0.0073816753,0.018260447
1823.368798932296,6707.4194,3.3456633,0.0038292734,28603,1507.278152780674,1179.5220332925048,5510.5225,2.5903306,1189.2667,0.8997059,6707.4194,3.3456633,0,,,,,1507.278152780674,0.00036181833,1179.5220332925048,0.0002979971,-0.007205227,0.02016885
1823.3896324920443,6710.1074,3.348515,0.0038295086,28604,1507.2770555758843,1179.5210393545667,5517.1484,2.5925386,1189.6002,0.9024196,6710.1074,3.348515,0,,,,,1507.2770555758843,0.00036176838,1179.5210393545667,0.00029765986,-0.008320859,0.017954264
1823.4104660508617,6698.717,3.34768,0.0038297428,28605,1507.2785206300923,1179.5224235751136,5504.053,2.591892,1190.1775,0.90060216,6698.717,3.34768,0,,,,,1507.2785206300923,0.0003623866,1179.5224235751136,0.0002987294,-0.007048097,0.019993847
1823.431299609213,6705.8286,3.3460095,0.0038299765,28606,1507.2784413506515,1179.5203692900288,5511.2695,2.5905986,1188.5018,0.90097046,6705.8286,3.3460095,0,,,,,1507.2784413506515,0.00036178535,1179.5203692900288,0.00029789715,-0.007026169,0.018046156
1823.4521331670987,6704.8765,3.346293,0.0038302098,28607,1507.278861096357,1179.5216022859104,5513.199,2.5908182,1189.2668,0.90045136,6704.8765,3.346293,0,,,,,1507.278861096357,0.0003615502,1179.5216022859104,0.0002978137,-0.006893006,0.018595412
1823.4729667242857,6705.4478,3.3470874,0.0038304424,28608,1507.278182750615,1179.5210764641083,5513.05,2.5914333,1188.0968,0.9028885,6705.4478,3.3470874,0,,,,,1507.278182750615,0.00036181317,1179.5210764641083,0.00029781138,-0.0075072674,0.018064605
1823.4938002807742,6703.276,3.3449967,0.0038306743,28609,1507.2774250310135,1179.5213756200837,5508.5874,2.5898147,1189.4977,0.8995823,6703.276,3.3449967,0,,,,,1507.2774250310135,0.00036178788,1179.5213756200837,0.0002979925,-0.007898579,0.019063529
1823.5146338367979,6704.084,3.346175,0.0038309058,28610,1507.2779561853858,1179.5217396913774,5509.7866,2.5907269,1189.2285,0.89956033,6704.084,3.346175,0,,,,,1507.2779561853858,0.00036228207,1179.5217396913774,0.0002980774,-0.0071629793,0.01906742
1823.5354673921222,6706.0874,3.347702,0.0038311365,28611,1507.2779401137323,1179.5204692284526,5512.244,2.5919092,1189.9819,0.90037346,6706.0874,3.347702,0,,,,,1507.2779401137323,0.00036253053,1179.5204692284526,0.0002980478,-0.007970228,0.017592002
1823.5563009469809,6702.19,3.3456953,0.0038313668,28612,1507.2790223001587,1179.5217288548542,5509.4287,2.5903554,1189.0399,0.9000633,6702.19,3.3456953,0,,,,,1507.2790223001587,0.0003616655,1179.5217288548542,0.00029813798,-0.006397793,0.019859824
1823.5771345011412,6704.113,3.3463302,0.0038315963,28613,1507.2773811665206,1179.5211523645194,5511.3096,2.590847,1189.7037,0.9012056,6704.113,3.3463302,0,,,,,1507.2773811665206,0.00036171422,1179.5211523645194,0.00029806976,-0.007938923,0.018262038
1823.597968054836,6701.7944,3.353601,0.0038318255,28614,1507.278021948673,1179.5213865791227,5510.885,2.5964763,1191.067,0.90286857,6701.7944,3.353601,0,,,,,1507.278021948673,0.00036227045,1179.5213865791227,0.0002989959,-0.007681751,0.01853422
1823.6188016078327,6702.4775,3.3465946,0.0038320539,28615,1507.2778778388688,1179.5210499491054,5510.241,2.5910518,1189.8921,0.89998007,6702.4775,3.3465946,0,,,,,1507.2778778388688,0.00036194286,1179.5210499491054,0.00029813003,-0.007595675,0.018554064
1823.6396351603632,6703.678,3.345916,0.0038322818,28616,1507.2774640248263,1179.5211409584417,5512.6143,2.5905263,1188.7979,0.8999204,6703.678,3.345916,0,,,,,1507.2774640248263,0.00036157563,1179.5211409584417,0.000297885,-0.008405794,0.017961288
1823.660468712195,6700.5884,3.3452222,0.003832509,28617,1507.2785151610558,1179.5220053596506,5508.774,2.5899892,1190.1666,0.900036,6700.5884,3.3452222,0,,,,,1507.2785151610558,0.00036182735,1179.5220053596506,0.0002979786,-0.006915675,0.01884911
1823.6813022633285,6702.8745,3.3455942,0.0038327356,28618,1507.276746019936,1179.5206242749962,5510.4375,2.5902772,1189.1921,0.90054053,6702.8745,3.3455942,0,,,,,1507.276746019936,0.00036185997,1179.5206242749962,0.00029786964,-0.009211229,0.017961394
1823.702135813997,6704.269,3.3462296,0.0038329617,28619,1507.278688788382,1179.5215153003194,5512.029,2.5907688,1189.7402,0.9002405,6704.269,3.3462296,0,,,,,1507.278688788382,0.0003616473,1179.5215153003194,0.00029807063,-0.006337366,0.018754844
1823.7229693642,6700.9497,3.347495,0.0038331873,28620,1507.277496987812,1179.5200871580887,5510.628,2.5917487,1190.0581,0.9020792,6700.9497,3.347495,0,,,,,1507.277496987812,0.0003617623,1179.5200871580887,0.0002981566,-0.008362339,0.016195282
1823.7438029137036,6703.739,3.3452609,0.0038334122,28621,1507.2783780166606,1179.5221339497377,5512.3794,2.5900192,1189.1886,0.8997935,6703.739,3.3452609,0,,,,,1507.2783780166606,0.00036176003,1179.5221339497377,0.0002977229,-0.0069918907,0.019228302
1823.7646364625086,6706.263,3.3480985,0.0038336364,28622,1507.2770556485661,1179.5207071698912,5514.991,2.5922163,1190.2113,0.90343195,6706.263,3.3480985,0,,,,,1507.2770556485661,0.00036162732,1179.5207071698912,0.00029790474,-0.008273178,0.01739216
1823.7854700108476,6701.4893,3.3461041,0.0038338602,28623,1507.2765422245552,1179.5208864096994,5508.7803,2.590672,1190.825,0.8999546,6701.4893,3.3461041,0,,,,,1507.2765422245552,0.0003619035,1179.5208864096994,0.00029820748,-0.008518847,0.017389389
1823.8063035584892,6704.9795,3.347828,0.0038340832,28624,1507.2783127474238,1179.5213220936193,5514.0933,2.5920064,1190.8878,0.9005321,6704.9795,3.347828,0,,,,,1507.2783127474238,0.00036166667,1179.5213220936193,0.00029806103,-0.007469859,0.01776432
1823.827137105665,6711.973,3.353247,0.0038343058,28625,1507.2771835350266,1179.5203875734971,5520.97,2.596202,1191.4999,0.900315,6711.973,3.353247,0,,,,,1507.2771835350266,0.00036189304,1179.5203875734971,0.00029864296,-0.008600222,0.016612569
1823.847970652142,6697.095,3.345781,0.0038345277,28626,1507.2783641241115,1179.5215420197017,5508.179,2.590422,1190.9113,0.9002402,6697.095,3.345781,0,,,,,1507.2783641241115,0.0003621426,1179.5215420197017,0.00029801638,-0.0072118626,0.01830004
1823.8688041979206,6704.9395,3.3471975,0.0038347489,28627,1507.276917962138,1179.5205502689278,5516.258,2.5915184,1189.496,0.90083104,6704.9395,3.3471975,0,,,,,1507.276917962138,0.0003618883,1179.5205502689278,0.00029761458,-0.008655184,0.016355876
1823.8896377434653,6706.7646,3.3490036,0.0038349698,28628,1507.2785377883304,1179.5209940082984,5513.387,2.5929167,1189.2959,0.9023049,6706.7646,3.3490036,0,,,,,1507.2785377883304,0.00036199423,1179.5209940082984,0.00029820375,-0.0072624576,0.018223407
1823.91047128808,6703.696,3.346087,0.0038351899,28629,1507.2775883979987,1179.5202188171868,5515.8535,2.5906587,1189.1228,0.89959836,6703.696,3.346087,0,,,,,1507.2775883979987,0.00036157254,1179.5202188171868,0.00029765064,-0.008308209,0.016666366
1823.9313048322294,6701.4985,3.3460436,0.0038354094,28630,1507.2779564611085,1179.5215347748185,5511.104,2.590625,1190.8918,0.8996501,6701.4985,3.3460436,0,,,,,1507.2779564611085,0.00036172807,1179.5215347748185,0.00029806182,-0.0075968388,0.018816227
1823.9521383756794,6701.8013,3.3504426,0.0038356283,28631,1507.2781146386956,1179.520172410692,5513.89,2.5940309,1189.7892,0.90018046,6701.8013,3.3504426,0,,,,,1507.2781146386956,0.0003622101,1179.520172410692,0.00029859415,-0.008337063,0.016428072
1823.9729719186637,6704.6675,3.3475513,0.0038358467,28632,1507.2778797319127,1179.5206100734345,5514.614,2.5917926,1189.4684,0.9004523,6704.6675,3.3475513,0,,,,,1507.2778797319127,0.0003620919,1179.5206100734345,0.00029787753,-0.00815148,0.017311934
1823.9938054611832,6701.986,3.3484669,0.0038360646,28633,1507.2777905762116,1179.5209069637035,5512.8384,2.5925014,1190.8756,0.90034735,6701.986,3.3484669,0,,,,,1507.2777905762116,0.00036192354,1179.5209069637035,0.00029834214,-0.007667441,0.017430136
1824.0146390030043,6703.8447,3.346872,0.0038362818,28634,1507.276782749415,1179.5203930416012,5513.172,2.5912666,1191.7152,0.90055084,6703.8447,3.346872,0,,,,,1507.276782749415,0.0003618691,1179.5203930416012,0.00029782506,-0.008721069,0.016141849
1824.035472544126,6702.2236,3.346408,0.0038364984,28635,1507.278731777885,1179.52069287259,5512.2295,2.590907,1190.2441,0.9000634,6702.2236,3.346408,0,,,,,1507.278731777885,0.0003618754,1179.52069287259,0.00029794424,-0.0069762208,0.017737927
1824.056306084782,6703.866,3.3465765,0.0038367144,28636,1507.2774190636708,1179.5190604642003,5514.911,2.5910375,1190.8334,0.9001993,6703.866,3.3465765,0,,,,,1507.2774190636708,0.00036141224,1179.5190604642003,0.00029776842,-0.00882836,0.015276407
1824.077139624739,6704.8413,3.349232,0.0038369298,28637,1507.2785377612213,1179.5213127519496,5515.603,2.5930934,1191.4117,0.9043178,6704.8413,3.349232,0,,,,,1507.2785377612213,0.00036174466,1179.5213127519496,0.00029782756,-0.0074726883,0.017930495
1824.0979731642317,6704.929,3.3519964,0.0038371447,28638,1507.2773579085865,1179.5199477400724,5517.7905,2.595234,1189.3024,0.90273523,6704.929,3.3519964,0,,,,,1507.2773579085865,0.00036284502,1179.5199477400724,0.0002982191,-0.00887624,0.016172325
1824.1188067030257,6704.556,3.3465724,0.003837359,28639,1507.2781687520412,1179.5213391941304,5515.139,2.5910344,1190.1841,0.9001742,6704.556,3.3465724,0,,,,,1507.2781687520412,0.00036164743,1179.5213391941304,0.00029776854,-0.0077774837,0.017811228
1824.1396402411208,6705.0127,3.3479345,0.0038375724,28640,1507.2775618116702,1179.5201150316382,5517.2144,2.5920892,1190.0398,0.9010978,6705.0127,3.3479345,0,,,,,1507.2775618116702,0.00036171536,1179.5201150316382,0.00029765992,-0.008354419,0.01656419
1824.16047377875,6702.5146,3.3533795,0.0038377855,28641,1507.2777217687074,1179.520408748836,5514.1343,2.5963047,1190.659,0.9018053,6702.5146,3.3533795,0,,,,,1507.2777217687074,0.00036235026,1179.520408748836,0.00029911954,-0.008639262,0.016736448
1824.1813073159135,6704.4727,3.3466187,0.003837998,28642,1507.2778327806625,1179.519995958027,5515.2495,2.5910702,1189.4432,0.9007167,6704.4727,3.3466187,0,,,,,1507.2778327806625,0.00036151512,1179.519995958027,0.00029771143,-0.007889401,0.016591415
1824.2021408523794,6696.825,3.3474364,0.00383821,28643,1507.2760421547791,1179.5191301795778,5512.588,2.5917037,1190.2997,0.90126806,6696.825,3.3474364,0,,,,,1507.2760421547791,0.00036191725,1179.5191301795778,0.00029800844,-0.009278809,0.015375625
1824.2229743883788,6702.279,3.3516672,0.0038384213,28644,1507.2784632809846,1179.5208077480343,5512.4634,2.594979,1190.233,0.9022333,6702.279,3.3516672,0,,,,,1507.2784632809846,0.00036217165,1179.5208077480343,0.0002987015,-0.0071728597,0.017445207
1824.2438079234469,6703.752,3.3488648,0.0038386318,28645,1507.27615227409,1179.5194993529265,5516.215,2.5928094,1191.5297,0.90022683,6703.752,3.3488648,0,,,,,1507.27615227409,0.0003621561,1179.5194993529265,0.00029789974,-0.009082714,0.015333448
1824.2646414582823,6703.519,3.3477547,0.003838842,28646,1507.2773639521745,1179.5208335586613,5515.754,2.59195,1190.2759,0.9033829,6703.519,3.3477547,0,,,,,1507.2773639521745,0.00036149126,1179.5208335586613,0.00029767532,-0.008090779,0.017463135
1824.2854749924193,6701.3145,3.347828,0.0038390516,28647,1507.2769163492026,1179.5201752254966,5513.625,2.5920067,1190.1763,0.9002307,6701.3145,3.347828,0,,,,,1507.2769163492026,0.00036173488,1179.5201752254966,0.0002980804,-0.008506454,0.016263168
1824.3063085258582,6703.0625,3.3505023,0.0038392604,28648,1507.2770456005399,1179.5193309840654,5514.303,2.594077,1190.5911,0.90069294,6703.0625,3.3505023,0,,,,,1507.2770456005399,0.0003636117,1179.5193309840654,0.00029802558,-0.008398441,0.015453816
1824.3271420588314,6699.3633,3.3465223,0.0038394688,28649,1507.2770981771575,1179.5204892064248,5510.215,2.5909958,1191.7345,0.9002349,6699.3633,3.3465223,0,,,,,1507.2770981771575,0.00036216184,1179.5204892064248,0.000298038,-0.0081950985,0.016819725
1824.3479755911058,6705.7466,3.347438,0.0038396765,28650,1507.2773701270423,1179.5194470600459,5516.9927,2.591705,1189.8335,0.89997303,6705.7466,3.347438,0,,,,,1507.2773701270423,0.00036202895,1179.5194470600459,0.00029771606,-0.009302182,0.015398744
1824.3688091229144,6699.753,3.3477314,0.0038398837,28651,1507.2780353052367,1179.5202587038114,5511.634,2.5919318,1190.523,0.89964247,6699.753,3.3477314,0,,,,,1507.2780353052367,0.00036168803,1179.5202587038114,0.00029840143,-0.00734516,0.016898215
1824.389642654025,6702.9854,3.3494813,0.0038400902,28652,1507.2767200594717,1179.5197795194708,5515.78,2.5932868,1192.1726,0.9033025,6702.9854,3.3494813,0,,,,,1507.2767200594717,0.00036222726,1179.5197795194708,0.00029784758,-0.009216864,0.015066818
1824.4104761846695,6703.136,3.3476133,0.0038402963,28653,1507.277647584294,1179.5200012628661,5515.4287,2.5918405,1191.5785,0.90003675,6703.136,3.3476133,0,,,,,1507.277647584294,0.0003618059,1179.5200012628661,0.0002979274,-0.008088661,0.016753651
1824.4313097146153,6704.59,3.3480945,0.0038405017,28654,1507.2766190305492,1179.5197768693763,5518.09,2.592213,1191.9312,0.9020316,6704.59,3.3480945,0,,,,,1507.2766190305492,0.00036143395,1179.5197768693763,0.0002976986,-0.009299544,0.015239527
1824.4521432440954,6703.6797,3.3471978,0.0038407065,28655,1507.2777809093275,1179.519504656943,5516.6787,2.5915189,1191.1141,0.8995833,6703.6797,3.3471978,0,,,,,1507.2777809093275,0.000361498,1179.519504656943,0.00029778606,-0.008341943,0.014909593
1824.472976772877,6699.357,3.3496563,0.0038409107,28656,1507.2778245733446,1179.5202026518034,5512.6587,2.5934222,1191.4486,0.900651,6699.357,3.3496563,0,,,,,1507.2778245733446,0.0003620609,1179.5202026518034,0.00029856892,-0.008125902,0.01665267
1824.493810301194,6704.2363,3.3515167,0.0038411145,28657,1507.276315670444,1179.5188746876368,5518.772,2.5948627,1192.144,0.9039763,6704.2363,3.3515167,0,,,,,1507.276315670444,0.00036135013,1179.5188746876368,0.00029820955,-0.00958349,0.014780512
1824.5146438288123,6699.9966,3.3471172,0.0038413175,28658,1507.2786257933542,1179.519948284691,5512.7407,2.5914564,1193.0135,0.9006939,6699.9966,3.3471172,0,,,,,1507.2786257933542,0.0003617649,1179.519948284691,0.0002980869,-0.0070994543,0.016467059
1824.535477355964,6707.391,3.348056,0.00384152,28659,1507.2760937138037,1179.5187303718062,5520.1807,2.5921834,1191.8071,0.90106183,6707.391,3.348056,0,,,,,1507.2760937138037,0.0003615775,1179.5187303718062,0.00029753873,-0.009133496,0.014573747
1824.5563108824174,6704.5854,3.3493435,0.003841722,28660,1507.2771545032883,1179.5199600817489,5516.3213,2.59318,1191.9825,0.9012339,6704.5854,3.3493435,0,,,,,1507.2771545032883,0.00036196475,1179.5199600817489,0.00029786144,-0.008241275,0.015816547
1824.5771444081724,6704.124,3.3481834,0.003841923,28661,1507.2774391812763,1179.5192506576368,5516.789,2.5922818,1190.9237,0.9000526,6704.124,3.3481834,0,,,,,1507.2774391812763,0.00036156943,1179.5192506576368,0.00029797608,-0.008826082,0.015603907
1824.5979779334623,6699.9907,3.3491416,0.0038421238,28662,1507.27716547606,1179.5188436832384,5514.3936,2.5930235,1192.9484,0.9013902,6699.9907,3.3491416,0,,,,,1507.27716547606,0.0003622795,1179.5188436832384,0.000297956,-0.008471418,0.01450666
1824.6188114582867,6696.0527,3.346757,0.003842324,28663,1507.2780372223801,1179.5191695428937,5509.1196,2.5911772,1192.2032,0.90067154,6696.0527,3.346757,0,,,,,1507.2780372223801,0.00036227316,1179.5191695428937,0.0002981581,-0.0074613984,0.015506286
1824.6396449824113,6704.2993,3.3497653,0.0038425236,28664,1507.2764685088114,1179.5183660513057,5518.9463,2.5935063,1192.7264,0.90054506,6704.2993,3.3497653,0,,,,,1507.2764685088114,0.00036165555,1179.5183660513057,0.00029798417,-0.009542275,0.01381032
1824.6604785058378,6697.2354,3.3464491,0.0038427224,28665,1507.278633556806,1179.519847214558,5509.951,2.590939,1193.3318,0.9009942,6697.2354,3.3464491,0,,,,,1507.278633556806,0.00036204373,1179.519847214558,0.00029801382,-0.007559405,0.016691566
1824.6813120287995,6704.0986,3.3479543,0.0038429208,28666,1507.2761738703034,1179.5184131395533,5518.636,2.5921044,1191.496,0.90065354,6704.0986,3.3479543,0,,,,,1507.2761738703034,0.00036149228,1179.5184131395533,0.00029769973,-0.009017383,0.014078206
1824.7021455512952,6702.833,3.3485982,0.0038431187,28667,1507.2770736853004,1179.519193158934,5516.8174,2.592603,1192.7102,0.9010209,6702.833,3.3485982,0,,,,,1507.2770736853004,0.0003618891,1179.519193158934,0.0002977855,-0.0087549975,0.014688421
1824.7229790728593,6708.178,3.3524299,0.0038433156,28668,1507.2769343134278,1179.518768648563,5521.842,2.5955696,1191.5502,0.9028921,6708.178,3.3524299,0,,,,,1507.2769343134278,0.00036143107,1179.518768648563,0.00029820428,-0.008599515,0.014488608
1824.7438125941906,6703.9507,3.349192,0.0038435124,28669,1507.2765231934297,1179.5185852980164,5518.0044,2.5930626,1193.4486,0.900864,6703.9507,3.349192,0,,,,,1507.2765231934297,0.0003619676,1179.5185852980164,0.00029773577,-0.009406275,0.014109165
1824.764646114823,6705.4976,3.3533993,0.0038437084,28670,1507.2776318847198,1179.5196362456045,5519.209,2.5963202,1191.8563,0.9022588,6705.4976,3.3533993,0,,,,,1507.2776318847198,0.00036258108,1179.5196362456045,0.0002981954,-0.0076737176,0.015330343
1824.785479634758,6702.969,3.348909,0.0038439038,28671,1507.276780015043,1179.51791699314,5516.8354,2.5928438,1192.773,0.90299654,6702.969,3.348909,0,,,,,1507.276780015043,0.00036163672,1179.51791699314,0.00029777753,-0.009211791,0.013490742
1824.8063131542272,6704.484,3.3502736,0.0038440987,28672,1507.2771731267728,1179.5197802969446,5517.7036,2.5939,1193.4497,0.90098935,6704.484,3.3502736,0,,,,,1507.2771731267728,0.00036166722,1179.5197802969446,0.00029822325,-0.008222282,0.015496934
1824.8271466729973,6703.774,3.3524313,0.0038442928,28673,1507.2759339025802,1179.5181895963456,5518.86,2.5955708,1193.348,0.90285045,6703.774,3.3524313,0,,,,,1507.2759339025802,0.000361565,1179.5181895963456,0.0002983916,-0.009428491,0.013831434
1824.8479801913015,6698.3984,3.3472886,0.0038444865,28674,1507.2769107859108,1179.5192233165244,5512.7783,2.591589,1194.3278,0.90068275,6698.3984,3.3472886,0,,,,,1507.2769107859108,0.00036191256,1179.5192233165244,0.00029797325,-0.008094454,0.015114514
1824.86881370914,6700.6655,3.3544748,0.0038446798,28675,1507.277293074991,1179.5192107897994,5515.035,2.5971527,1192.9872,0.9026865,6700.6655,3.3544748,0,,,,,1507.277293074991,0.00036233268,1179.5192107897994,0.0002989642,-0.008574202,0.014697117
1824.8896472260483,6700.3066,3.3518617,0.0038448721,28676,1507.2763724296892,1179.5182909816333,5515.94,2.5951295,1193.329,0.9023649,6700.3066,3.3518617,0,,,,,1507.2763724296892,0.00036232822,1179.5182909816333,0.0002982139,-0.008725876,0.013498943
1824.9104807427236,6704.509,3.3485944,0.0038450642,28677,1507.2774922851886,1179.5192957277397,5515.2695,2.5926,1193.5585,0.9025909,6704.509,3.3485944,0,,,,,1507.2774922851886,0.0003616909,1179.5192957277397,0.00029798853,-0.00842367,0.01562657
1824.9313142586996,6705.693,3.3510432,0.0038452556,28678,1507.2772009454523,1179.5178677362458,5522.0586,2.594496,1192.5735,0.90120447,6705.693,3.3510432,0,,,,,1507.2772009454523,0.00036155208,1179.5178677362458,0.00029793606,-0.009547553,0.01264262
1824.9521477739763,6706.6406,3.349812,0.0038454463,28679,1507.2776762257104,1179.5185545310944,5520.149,2.5935428,1192.4862,0.9015635,6706.6406,3.349812,0,,,,,1507.2776762257104,0.0003616071,1179.5185545310944,0.00029788382,-0.007885037,0.014765778
1824.9729812887883,6706.2725,3.3541367,0.0038456365,28680,1507.2767969804813,1179.5186378806707,5521.078,2.5968912,1193.2908,0.90105146,6706.2725,3.3541367,0,,,,,1507.2767969804813,0.00036147013,1179.5186378806707,0.0002987723,-0.008636736,0.013460536
1824.9938148029023,6703.8604,3.3495877,0.003845826,28681,1507.2768146776807,1179.518631011481,5518.987,2.593369,1194.568,0.9013508,6703.8604,3.3495877,0,,,,,1507.2768146776807,0.00036171472,1179.518631011481,0.00029795832,-0.008912015,0.014244147
1825.0146483165506,6698.9673,3.3488727,0.003846015,28682,1507.2765552288338,1179.519022331105,5515.145,2.5928156,1194.2355,0.9008925,6698.9673,3.3488727,0,,,,,1507.2765552288338,0.00036189787,1179.519022331105,0.00029811097,-0.008625169,0.014378807
1825.0354818295,6698.7197,3.3482513,0.0038462034,28683,1507.276370917474,1179.5181902754246,5515.2983,2.5923343,1194.0833,0.9004559,6698.7197,3.3482513,0,,,,,1507.276370917474,0.00036180517,1179.5181902754246,0.000298011,-0.00966377,0.012970517
1825.0563153419837,6701.017,3.3520505,0.0038463913,28684,1507.277832575022,1179.5190766546823,5515.0654,2.5952759,1193.0884,0.9017172,6701.017,3.3520505,0,,,,,1507.277832575022,0.0003622017,1179.5190766546823,0.0002986682,-0.0077942936,0.015430932
1825.0771488537694,6702.833,3.3499248,0.0038465785,28685,1507.2766830039554,1179.5176594844852,5518.8716,2.59363,1194.4846,0.9017772,6702.833,3.3499248,0,,,,,1507.2766830039554,0.0003618188,1179.5176594844852,0.00029798862,-0.009124175,0.012761199
1825.0979823650894,6701.931,3.348836,0.0038467653,28686,1507.2782084122462,1179.5185060180813,5517.807,2.592787,1193.9176,0.9012296,6701.931,3.348836,0,,,,,1507.2782084122462,0.0003618259,1179.5185060180813,0.0002978034,-0.0074304226,0.01409357
1825.1188158757104,6704.866,3.3484237,0.0038469513,28687,1507.2765973473809,1179.5177591257761,5520.9033,2.5924678,1194.1261,0.90083206,6704.866,3.3484237,0,,,,,1507.2765973473809,0.00036162089,1179.5177591257761,0.00029753023,-0.008859823,0.012870878
1825.1396493858658,6706.938,3.3484187,0.0038471369,28688,1507.2767072032514,1179.518149660119,5521.213,2.592464,1193.2473,0.9001171,6706.938,3.3484187,0,,,,,1507.2767072032514,0.0003616708,1179.518149660119,0.00029761874,-0.008765003,0.013316644
1825.1604828953225,6703.7046,3.3508599,0.0038473217,28689,1507.2773544801255,1179.5185733320095,5519.261,2.5943542,1194.9927,0.9013442,6703.7046,3.3508599,0,,,,,1507.2773544801255,0.0003622466,1179.5185733320095,0.00029794997,-0.008293956,0.01339069
1825.1813164043142,6704.868,3.3487346,0.0038475061,28690,1507.2755823777302,1179.5171576076004,5521.091,2.5927086,1195.0269,0.90060806,6704.868,3.3487346,0,,,,,1507.2755823777302,0.00036149568,1179.5171576076004,0.00029767197,-0.009999469,0.012189663
1825.2021499128402,6703.092,3.3494534,0.00384769,28691,1507.278254862843,1179.5185474622713,5518.684,2.593265,1194.9869,0.90186197,6703.092,3.3494534,0,,,,,1507.278254862843,0.00036173608,1179.5185474622713,0.00029773777,-0.008262323,0.013520538
1825.2229834204345,6704.047,3.3545842,0.003847873,28692,1507.2773068366087,1179.5180220319594,5520.737,2.5972376,1194.3594,0.9020202,6704.047,3.3545842,0,,,,,1507.2773068366087,0.00036166122,1179.5180220319594,0.00029870812,-0.008924344,0.013407847
1825.243816927796,6703.5586,3.3509486,0.0038480558,28693,1507.2770664469374,1179.5164799732754,5518.249,2.5944228,1195.0452,0.9058274,6703.5586,3.3509486,0,,,,,1507.2770664469374,0.0003618709,1179.5164799732754,0.00029789607,-0.009257524,0.011694107
1825.2646504344586,6701.2544,3.3485808,0.003848238,28694,1507.2782684925023,1179.5178807839777,5517.458,2.5925896,1195.1099,0.902276,6701.2544,3.3485808,0,,,,,1507.2782684925023,0.00036172883,1179.5178807839777,0.0002977105,-0.007872963,0.013581731
1825.2854839404238,6702.759,3.3499138,0.0038484193,28695,1507.2765149841268,1179.5177071887722,5519.2944,2.5936217,1194.2727,0.90100205,6702.759,3.3499138,0,,,,,1507.2765149841268,0.0003617768,1179.5177071887722,0.00029793676,-0.009400853,0.01224451
1825.306317445923,6702.466,3.349163,0.0038486002,28696,1507.277728731547,1179.5181669012532,5516.451,2.5930402,1195.3313,0.90336585,6702.466,3.349163,0,,,,,1507.277728731547,0.00036178587,1179.5181669012532,0.00029785078,-0.008028476,0.013931525
1825.3271509507233,6705.5596,3.3515346,0.0038487804,28697,1507.2776601580533,1179.517683585583,5522.3647,2.5948765,1195.439,0.90545225,6705.5596,3.3515346,0,,,,,1507.2776601580533,0.0003616023,1179.517683585583,0.00029758675,-0.008223877,0.012471314
1825.3479844550577,6701.4395,3.3518069,0.0038489602,28698,1507.2768126371157,1179.5167003399845,5517.923,2.5950873,1194.4895,0.90630436,6701.4395,3.3518069,0,,,,,1507.2768126371157,0.0003618281,1179.5167003399845,0.00029801574,-0.009344593,0.011434926
1825.3688179589274,6704.1206,3.3503532,0.0038491394,28699,1507.278567661537,1179.5185150334023,5518.387,2.593962,1194.9724,0.901006,6704.1206,3.3503532,0,,,,,1507.278567661537,0.00036184615,1179.5185150334023,0.0002981665,-0.0070952005,0.013837738
1825.3896514620983,6702.3506,3.3500307,0.003849318,28700,1507.2763191016436,1179.517217814354,5518.243,2.5937119,1194.9343,0.9041091,6702.3506,3.3500307,0,,,,,1507.2763191016436,0.00036179944,1179.517217814354,0.00029776437,-0.009119559,0.0118790725
1825.4104849645703,6704.2466,3.3490925,0.003849496,28701,1507.2771303488828,1179.5172768262441,5516.6514,2.5929856,1195.1415,0.90145165,6704.2466,3.3490925,0,,,,,1507.2771303488828,0.0003622231,1179.5172768262441,0.00029788382,-0.008764818,0.012935483
1825.4313184665764,6703.451,3.3489196,0.0038496733,28702,1507.2772828817756,1179.516493489954,5518.4,2.5928519,1196.1951,0.90238327,6703.451,3.3489196,0,,,,,1507.2772828817756,0.00036173104,1179.516493489954,0.00029771484,-0.008349987,0.011112717
1825.452151967884,6703.76,3.348902,0.00384985,28703,1507.2765569778412,1179.5165302453113,5516.4927,2.5928383,1195.5641,0.90107054,6703.76,3.348902,0,,,,,1507.2765569778412,0.0003620207,1179.5165302453113,0.00029788795,-0.00895355,0.0116211735
1825.4729854689597,6699.343,3.3475027,0.0038500265,28704,1507.2781614323474,1179.5165965637418,5513.8867,2.5917547,1195.8611,0.9007603,6699.343,3.3475027,0,,,,,1507.2781614323474,0.00036190878,1179.5165965637418,0.0002980272,-0.007951183,0.012540168
1825.4938189691038,6705.0083,3.3497903,0.003850202,28705,1507.277238001257,1179.5166902989502,5518.329,2.593526,1197.1345,0.90291506,6705.0083,3.3497903,0,,,,,1507.277238001257,0.00036168113,1179.5166902989502,0.00029787185,-0.008963574,0.01097062
1825.5146524687818,6709.783,3.350925,0.0038503772,28706,1507.2782186299835,1179.5176605769286,5517.8804,2.5944045,1196.619,0.90430856,6709.783,3.350925,0,,,,,1507.2782186299835,0.0003620328,1179.5176605769286,0.00029802343,-0.00735169,0.013490819
1825.535485967994,6701.971,3.3503804,0.0038505518,28707,1507.2770896718678,1179.5165703285895,5517.916,2.5939827,1196.7504,0.90220296,6701.971,3.3503804,0,,,,,1507.2770896718678,0.0003618118,1179.5165703285895,0.00029809057,-0.008859428,0.0118766865
1825.5563194665076,6709.9805,3.3489604,0.0038507257,28708,1507.2775608491763,1179.516598360429,5520.435,2.5928833,1196.1748,0.90157306,6709.9805,3.3489604,0,,,,,1507.2775608491763,0.00036158375,1179.516598360429,0.00029774525,-0.008192671,0.012238178
1825.5771529645565,6702.375,3.3490613,0.0038508992,28709,1507.2774279969108,1179.5160139958195,5516.7837,2.5929615,1198.4562,0.9016054,6702.375,3.3490613,0,,,,,1507.2774279969108,0.00036182496,1179.5160139958195,0.00029796793,-0.00858322,0.011066235
1825.5979864619069,6698.345,3.3485017,0.003851072,28710,1507.277347196358,1179.5164279320315,5512.77,2.592528,1197.4017,0.90114015,6698.345,3.3485017,0,,,,,1507.277347196358,0.00036185817,1179.5164279320315,0.00029818405,-0.008840247,0.010791385
1825.6188199587907,6703.1406,3.3535957,0.0038512442,28711,1507.2781252654586,1179.5169344036879,5511.4077,2.5964723,1196.8574,0.9028653,6703.1406,3.3535957,0,,,,,1507.2781252654586,0.00036228457,1179.5169344036879,0.00029925042,-0.00732307,0.01306883
1825.639653454976,6700.9644,3.3495953,0.0038514158,28712,1507.2770776800785,1179.5160870215877,5513.6147,2.593375,1195.8549,0.9019068,6700.9644,3.3495953,0,,,,,1507.2770776800785,0.00036244115,1179.5160870215877,0.0002982071,-0.008871238,0.0109744035
1825.6604869506966,6707.5884,3.3503406,0.003851587,28713,1507.2778895218987,1179.5171607286861,5515.393,2.593952,1196.9065,0.9019465,6707.5884,3.3503406,0,,,,,1507.2778895218987,0.0003621863,1179.5171607286861,0.00029823743,-0.0077493573,0.012836394
1825.6813204457187,6705.6187,3.350128,0.0038517574,28714,1507.2774185964383,1179.5152809877527,5519.1606,2.5937874,1197.4081,0.90247756,6705.6187,3.350128,0,,,,,1507.2774185964383,0.00036169676,1179.5152809877527,0.00029791152,-0.00848563,0.010296399
1825.7021539402742,6703.011,3.3519747,0.0038519274,28715,1507.277782740591,1179.5160325983206,5513.3823,2.595217,1197.3157,0.9032064,6703.011,3.3519747,0,,,,,1507.277782740591,0.00036199077,1179.5160325983206,0.00029874218,-0.0082453415,0.011643804
1825.722987434364,6701.604,3.35003,0.0038520969,28716,1507.2771864511305,1179.5166695034675,5513.562,2.5937114,1197.2346,0.9045043,6701.604,3.35003,0,,,,,1507.2771864511305,0.00036204045,1179.5166695034675,0.00029805995,-0.008158834,0.011799685
1825.7438209277555,6705.841,3.3508797,0.0038522657,28717,1507.2770608096919,1179.5168471356342,5519.874,2.5943694,1198.6908,0.9030792,6705.841,3.3508797,0,,,,,1507.2770608096919,0.00036185444,1179.5168471356342,0.00029788047,-0.008491153,0.011137707
1825.764654420682,6703.8354,3.3477924,0.003852434,28718,1507.2776294968257,1179.5170578142381,5512.724,2.591979,1197.5442,0.9011805,6703.8354,3.3477924,0,,,,,1507.2776294968257,0.00036191248,1179.5170578142381,0.0002981241,-0.007668942,0.012218323
1825.7854879129102,6707.965,3.3495076,0.0038526016,28719,1507.2779654071605,1179.5160689431893,5520.7246,2.593307,1196.4578,0.9014447,6707.965,3.3495076,0,,,,,1507.2779654071605,0.00036156856,1179.5160689431893,0.00029782514,-0.0084335795,0.010943969
1825.8063214046717,6705.4365,3.3506026,0.0038527688,28720,1507.2772329206516,1179.5154449860984,5513.809,2.5941548,1197.7734,0.9049815,6705.4365,3.3506026,0,,,,,1507.2772329206516,0.00036234473,1179.5154449860984,0.000298164,-0.008209039,0.010718142
1825.8271548957348,6700.066,3.354904,0.0038529353,28721,1507.278069349677,1179.5162325105305,5514.563,2.597485,1197.8768,0.9035052,6700.066,3.354904,0,,,,,1507.278069349677,0.0003624411,1179.5162325105305,0.00029920615,-0.0077482425,0.011321988
1825.8479883863324,6708.1416,3.3581119,0.0038531013,28722,1507.276658377323,1179.5150314889727,5519.232,2.599969,1199.954,0.90368825,6708.1416,3.3581119,0,,,,,1507.276658377323,0.0003620846,1179.5150314889727,0.00029959285,-0.009353279,0.009573006
1825.868821876232,6701.0728,3.3478436,0.0038532666,28723,1507.277562922432,1179.5167287795227,5512.5166,2.5920186,1198.9387,0.90167654,6701.0728,3.3478436,0,,,,,1507.277562922432,0.00036197464,1179.5167287795227,0.0002980378,-0.0074814274,0.011384132
1825.8896553656662,6709.846,3.3510065,0.0038534314,28724,1507.2766360621683,1179.5153346081233,5523.5127,2.5944676,1199.2354,0.9021968,6709.846,3.3510065,0,,,,,1507.2766360621683,0.00036151422,1179.5153346081233,0.00029775163,-0.00877866,0.0093886675
1825.9104888546337,6703.367,3.3489258,0.0038535958,28725,1507.2782580293654,1179.5158040444092,5511.3286,2.5928564,1200.9896,0.9025195,6703.367,3.3489258,0,,,,,1507.2782580293654,0.00036208448,1179.5158040444092,0.00029840064,-0.007662122,0.011111215
1825.9313223429028,6711.4487,3.3504777,0.0038537595,28726,1507.2773806912421,1179.51529128047,5519.1514,2.5940583,1200.4401,0.9033907,6711.4487,3.3504777,0,,,,,1507.2773806912421,0.00036177007,1179.51529128047,0.0002978778,-0.007975202,0.01020768
1825.9521558307065,6710.4053,3.3534913,0.0038539227,28727,1507.2768779907944,1179.5145194616648,5519.1553,2.5963914,1202.8108,0.9037126,6710.4053,3.3534913,0,,,,,1507.2768779907944,0.00036280727,1179.5145194616648,0.00029809048,-0.009127608,0.00947865
1825.972989317812,6701.475,3.3554626,0.0038540852,28728,1507.2784781389175,1179.515319490627,5511.997,2.5979176,1203.333,0.90303224,6701.475,3.3554626,0,,,,,1507.2784781389175,0.00036271504,1179.515319490627,0.0002995002,-0.0073154494,0.010334409
1825.9938228044523,6702.704,3.350568,0.0038542473,28729,1507.277716792573,1179.5151948187681,5513.542,2.5941281,1204.6176,0.9027055,6702.704,3.350568,0,,,,,1507.277716792573,0.00036227555,1179.5151948187681,0.00029830445,-0.008474318,0.009590477
1826.014656290626,6709.036,3.3525012,0.0038544089,28730,1507.2774736333565,1179.5141903541867,5514.499,2.5956247,1206.9716,0.9035704,6709.036,3.3525012,0,,,,,1507.2774736333565,0.00036271877,1179.5141903541867,0.00029834916,-0.008346205,0.009360053
1826.0354897761013,6701.642,3.3529527,0.0038545697,28731,1507.2769295448818,1179.513708263267,5508.941,2.5959744,1209.0468,0.9047742,6701.642,3.3529527,0,,,,,1507.2769295448818,0.0003629808,1179.513708263267,0.00029891008,-0.008993521,0.008550261
1826.0563232611114,6708.038,3.3525622,0.0038547302,28732,1507.2767777774827,1179.5139241855366,5515.844,2.595672,1210.4128,0.9036853,6708.038,3.3525622,0,,,,,1507.2767777774827,0.00036226472,1179.5139241855366,0.00029844244,-0.008844821,0.008938683
1826.0771567454233,6705.336,3.3541398,0.00385489,28733,1507.2781587194029,1179.5146403974848,5511.8564,2.5968935,1212.9064,0.90462726,6705.336,3.3541398,0,,,,,1507.2781587194029,0.00036324782,1179.5146403974848,0.00029879677,-0.0070374883,0.010162086
1826.0979902292686,6705.0254,3.3541303,0.0038550491,28734,1507.2772245675912,1179.513504014041,5513.357,2.596886,1214.1506,0.9052331,6705.0254,3.3541303,0,,,,,1507.2772245675912,0.00036278722,1179.513504014041,0.0002987282,-0.008637911,0.007756849
1826.1188237126485,6706.293,3.3522925,0.003855208,28735,1507.2785973296836,1179.5150868715157,5508.82,2.5954633,1215.6351,0.90506923,6706.293,3.3522925,0,,,,,1507.2785973296836,0.00036293748,1179.5150868715157,0.00029882157,-0.006922874,0.0106977625
1826.160490677546,6704.661,3.356885,0.0038555237,28737,1507.2762445276119,1179.5139523187217,5519.572,2.5990188,1218.1337,0.9067855,6704.661,3.356885,0,,,,,1507.2762445276119,0.00036254444,1179.5139523187217,0.000298638,-0.009467908,0.008359309
1826.1813241590637,6704.1353,3.3559701,0.0038556806,28738,1507.277661823566,1179.5152884267834,5520.7363,2.5983107,1219.7089,0.9055817,6704.1353,3.3559701,0,,,,,1507.277661823566,0.00036236146,1179.5152884267834,0.00029848723,-0.007842486,0.00965487
1826.202157640115,6700.3745,3.356625,0.003855837,28739,1507.276305010866,1179.5140620940092,5519.76,2.5988176,1222.4515,0.90632695,6700.3745,3.356625,0,,,,,1507.276305010866,0.0003626919,1179.5140620940092,0.0002985089,-0.009748182,0.0075096493
1826.222991120701,6701.112,3.3623571,0.003855993,28740,1507.277760817631,1179.5154707541392,5520.8633,2.6032555,1221.8898,0.9071334,6701.112,3.3623571,0,,,,,1507.277760817631,0.000363136,1179.5154707541392,0.0002996506,-0.007738025,0.009433425
1826.2438246005884,6701.163,3.3574123,0.0038561483,28741,1507.2780292142518,1179.5151614199435,5523.05,2.5994272,1225.0447,0.9071332,6701.163,3.3574123,0,,,,,1507.2780292142518,0.00036268742,1179.5151614199435,0.00029838542,-0.0082475105,0.008263583
1826.2646580800106,6696.7915,3.3578525,0.0038563032,28742,1507.2774642038244,1179.5153222957,5516.4365,2.599768,1227.9095,0.9077094,6696.7915,3.3578525,0,,,,,1507.2774642038244,0.00036302023,1179.5153222957,0.00029888414,-0.008558232,0.009129427
1826.2854915589671,6701.9634,3.3590531,0.0038564575,28743,1507.2778119026484,1179.5156911657903,5520.645,2.6006975,1228.666,0.90737194,6701.9634,3.3590531,0,,,,,1507.2778119026484,0.00036313804,1179.5156911657903,0.00029868324,-0.007994278,0.008688475
1826.3063250372247,6697.777,3.3591084,0.0038566112,28744,1507.2768955944102,1179.5153139057702,5519.3022,2.6007404,1228.3624,0.9077891,6697.777,3.3591084,0,,,,,1507.2768955944102,0.00036327125,1179.5153139057702,0.0002987996,-0.009000633,0.008593666
1826.3271585150167,6703.916,3.3646495,0.0038567644,28745,1507.279087397721,1179.5147572339401,5519.841,2.6050305,1231.6725,0.9089982,6703.916,3.3646495,0,,,,,1507.279087397721,0.00036354156,1179.5147572339401,0.00029985528,-0.0071296412,0.009254129
1826.3479919923434,6705.739,3.3597178,0.0038569171,28746,1507.2772259728063,1179.5149702740264,5526.343,2.6012123,1232.5525,0.9079196,6705.739,3.3597178,0,,,,,1507.2772259728063,0.00036279816,1179.5149702740264,0.0002983504,-0.008431947,0.0074825305
1826.3688254689725,6700.525,3.361582,0.0038570692,28747,1507.2778423595817,1179.5154743396376,5521.72,2.6026556,1236.0446,0.9106079,6700.525,3.361582,0,,,,,1507.2778423595817,0.00036321158,1179.5154743396376,0.000298818,-0.008004126,0.008962059
1826.3896589451344,6696.9478,3.360489,0.0038572208,28748,1507.27791480197,1179.5148964440423,5517.4746,2.6018093,1239.1083,0.90888864,6696.9478,3.360489,0,,,,,1507.27791480197,0.00036341482,1179.5148964440423,0.0002991186,-0.00813385,0.008156883
1826.4104924208307,6701.6196,3.362728,0.0038573719,28749,1507.2771424336852,1179.5152857232838,5521.9434,2.603543,1238.2052,0.90921783,6701.6196,3.362728,0,,,,,1507.2771424336852,0.0003631387,1179.5152857232838,0.0002991756,-0.008831678,0.008063293
1826.4313258960615,6703.473,3.3625402,0.0038575225,28750,1507.2776731462795,1179.5157189829163,5521.99,2.6033971,1240.2921,0.9098566,6703.473,3.3625402,0,,,,,1507.2776731462795,0.00036322142,1179.5157189829163,0.00029906654,-0.007894753,0.009493016
1826.4521593705942,6702.609,3.3609328,0.0038576724,28751,1507.2777928766811,1179.5148767901833,5522.0513,2.6021528,1240.7357,0.90951025,6702.609,3.3609328,0,,,,,1507.2777928766811,0.00036322503,1179.5148767901833,0.00029878932,-0.008197761,0.0085166665
1826.4729928446616,6699.5137,3.3683648,0.003857822,28752,1507.2780474586398,1179.5148628239358,5518.095,2.6079068,1244.8956,0.91153646,6699.5137,3.3683648,0,,,,,1507.2780474586398,0.0003640191,1179.5148628239358,0.00030040124,-0.007805449,0.008889835
1826.4938263180295,6704.8457,3.3643227,0.0038579707,28753,1507.2769706051674,1179.5140316891736,5524.8296,2.604777,1248.7296,0.91147304,6704.8457,3.3643227,0,,,,,1507.2769706051674,0.00036344756,1179.5140316891736,0.00029902597,-0.008672826,0.0072548427
1826.5146597911646,6703.2876,3.3669143,0.0038581192,28754,1507.2773836606252,1179.5140340523146,5522.586,2.6067839,1251.8496,0.9128979,6703.2876,3.3669143,0,,,,,1507.2773836606252,0.00036385027,1179.5140340523146,0.0002995432,-0.008463057,0.0072527067
1826.5354932636014,6700.6978,3.369994,0.003858267,28755,1507.2787326441826,1179.5156314435715,5518.872,2.609168,1255.0946,0.9131638,6700.6978,3.369994,0,,,,,1507.2787326441826,0.00036402195,1179.5156314435715,0.00030033206,-0.007097051,0.009140813
1826.556326735573,6706.085,3.367922,0.0038584145,28756,1507.2774655905184,1179.514197315703,5525.1626,2.6075642,1256.6888,0.9129853,6706.085,3.367922,0,,,,,1507.2774655905184,0.00036436418,1179.514197315703,0.00029926133,-0.008113537,0.00680103
1826.5771602068464,6707.5903,3.3675816,0.0038585612,28757,1507.2784004511127,1179.5150879718483,5525.842,2.6073005,1259.3956,0.9136592,6707.5903,3.3675816,0,,,,,1507.2784004511127,0.00036369395,1179.5150879718483,0.00029922766,-0.0069709956,0.007931495
1826.5979936776532,6704.605,3.3683116,0.0038587074,28758,1507.2777795705586,1179.5138810557653,5522.1006,2.6078658,1263.1721,0.91390103,6704.605,3.3683116,0,,,,,1507.2777795705586,0.00036406453,1179.5138810557653,0.00029958435,-0.00855454,0.0068340898
1826.6188271482274,6702.7544,3.3681116,0.0038588534,28759,1507.27804214188,1179.5145126239115,5522.2554,2.6077108,1265.2573,0.9141049,6702.7544,3.3681116,0,,,,,1507.27804214188,0.00036408124,1179.5145126239115,0.00029960787,-0.007753965,0.007700859
1826.6396606181036,6711.7373,3.369809,0.0038589987,28760,1507.27789167469,1179.5136453900684,5528.723,2.609025,1268.3362,0.9140646,6711.7373,3.369809,0,,,,,1507.27789167469,0.0003638363,1179.5136453900684,0.00029944256,-0.00799745,0.007244867
1826.6604940872814,6705.1177,3.3720315,0.0038591432,28761,1507.2766807716716,1179.5136654527862,5524.4814,2.6107457,1273.2578,0.9174884,6705.1177,3.3720315,0,,,,,1507.2766807716716,0.0003647347,1179.5136654527862,0.0002996411,-0.009035967,0.0060216067
1826.6813275562265,6705.7393,3.3739796,0.0038592876,28762,1507.2789676337145,1179.5141031973321,5518.913,2.6122541,1281.4015,0.9183061,6705.7393,3.3739796,0,,,,,1507.2789676337145,0.00036520456,1179.5141031973321,0.00030032947,-0.007016711,0.0075892312
1826.7021610244722,6706.014,3.3745248,0.0038594313,28763,1507.277952887802,1179.5137551877456,5523.275,2.6126764,1288.0103,0.91890186,6706.014,3.3745248,0,,,,,1507.277952887802,0.0003649229,1179.5137551877456,0.00030010243,-0.008094814,0.006127424
1826.722994492485,6710.572,3.3785963,0.0038595747,28764,1507.278149756788,1179.5144874007722,5526.141,2.6158285,1296.1934,0.92080873,6710.572,3.3785963,0,,,,,1507.278149756788,0.00036523023,1179.5144874007722,0.00030043154,-0.007925897,0.007930852
1826.7438279598002,6713.9253,3.3794286,0.0038597174,28765,1507.2781096106653,1179.5133610560038,5530.281,2.616473,1302.7571,0.9211248,6713.9253,3.3794286,0,,,,,1507.2781096106653,0.0003651113,1179.5133610560038,0.00030030095,-0.0075294804,0.0062394924
1826.7646614266496,6702.789,3.3847203,0.0038598597,28766,1507.277061134196,1179.513871509433,5520.086,2.6205702,1309.2673,0.92464185,6702.789,3.3847203,0,,,,,1507.277061134196,0.0003667064,1179.513871509433,0.00030135192,-0.008267872,0.0065442477
1826.7854948928,6701.634,3.3805797,0.0038600012,28767,1507.278721900698,1179.5150021814973,5518.1045,2.6173642,1314.0568,0.92307806,6701.634,3.3805797,0,,,,,1507.278721900698,0.00036606978,1179.5150021814973,0.00030115768,-0.006843812,0.0077615282
1826.8063283587173,6704.092,3.3814058,0.0038601425,28768,1507.2779758794272,1179.5131085405258,5520.3457,2.6180036,1318.4336,0.92374194,6704.092,3.3814058,0,,,,,1507.2779758794272,0.00036612398,1179.5131085405258,0.0003010341,-0.007677223,0.006053551
1826.827161824169,6712.7383,3.3851368,0.0038602834,28769,1507.2789209535076,1179.5137185080223,5526.486,2.6208925,1322.1989,0.9259178,6712.7383,3.3851368,0,,,,,1507.2789209535076,0.00036602377,1179.5137185080223,0.00030108323,-0.006960787,0.006413187
1826.8479952889231,6707.508,3.386351,0.0038604236,28770,1507.2782033864858,1179.5134044578297,5523.701,2.6218326,1326.3688,0.9262401,6707.508,3.386351,0,,,,,1507.2782033864858,0.0003666311,1179.5134044578297,0.00030132936,-0.007665805,0.0057245507
1826.8688287534449,6711.0713,3.3920667,0.0038605635,28771,1507.277283544128,1179.5129649834025,5527.6367,2.626258,1326.9329,0.9267369,6711.0713,3.3920667,0,,,,,1507.277283544128,0.000366811,1179.5129649834025,0.00030217465,-0.008177628,0.004622251
1826.889662217267,6711.0557,3.3861623,0.0038607027,28772,1507.2788768963335,1179.5143046413264,5522.964,2.6216865,1331.9474,0.9264795,6711.0557,3.3861623,0,,,,,1507.2788768963335,0.00036648475,1179.5143046413264,0.00030134746,-0.0061659855,0.0073331655
1826.9104956808562,6703.334,3.387975,0.0038608417,28773,1507.277516237494,1179.5134469946156,5519.223,2.6230898,1338.932,0.9275565,6703.334,3.387975,0,,,,,1507.277516237494,0.00036718935,1179.5134469946156,0.0003018528,-0.008005028,0.005586212
1826.9313291437468,6695.4243,3.3882544,0.00386098,28774,1507.278913031062,1179.5130387548222,5512.702,2.6233063,1346.7006,0.92958444,6695.4243,3.3882544,0,,,,,1507.278913031062,0.00036762524,1179.5130387548222,0.00030220638,-0.006537872,0.005828393
1826.9521626064054,6666.986,3.3881292,0.003861118,28775,1507.2778557270838,1179.512067297362,5488.8584,2.6232092,1359.8789,0.9321084,6666.986,3.3881292,0,,,,,1507.2778557270838,0.00036932807,1179.512067297362,0.00030365703,-0.0073968223,0.0040496155
1826.9729960683653,6658.177,3.391328,0.0038612555,28776,1507.2782768617908,1179.513820353206,5483.961,2.625686,1375.3629,0.93528634,6658.177,3.391328,0,,,,,1507.2782768617908,0.00037022633,1179.513820353206,0.00030424245,-0.007363554,0.0053361286
1826.993829530092,6659.878,3.3966439,0.0038613926,28777,1507.2790488760504,1179.513300590986,5482.097,2.6298015,1394.0493,0.93898386,6659.878,3.3966439,0,,,,,1507.2790488760504,0.00037102477,1179.513300590986,0.0003049827,-0.0062039383,0.0061008185
1827.0146629913527,6652.207,3.4001234,0.0038615293,28778,1507.27737798263,1179.5139157881415,5477.871,2.6324954,1411.1398,0.94097084,6652.207,3.4001234,0,,,,,1507.27737798263,0.00037194355,1179.5139157881415,0.00030561513,-0.0070983795,0.0057295766
1827.0354964519156,6657.502,3.4048095,0.0038616653,28779,1507.278993001199,1179.5134154983075,5480.1836,2.6361237,1426.4885,0.9442206,6657.502,3.4048095,0,,,,,1507.278993001199,0.00037232443,1179.5134154983075,0.00030597896,-0.006212545,0.0061918674
1827.0563299122457,6681.0586,3.4113803,0.003861801,28780,1507.2787474188074,1179.511731060183,5497.436,2.641211,1442.2561,0.94691414,6681.0586,3.4113803,0,,,,,1507.2787474188074,0.00037191258,1179.511731060183,0.00030553303,-0.006833857,0.0037271131
1827.0979968317413,6708.898,3.4243577,0.0038620713,28782,1507.279050289217,1179.5144098952903,5518.092,2.6512587,1469.0468,0.95190173,6708.898,3.4243577,0,,,,,1507.279050289217,0.00037212737,1179.5144098952903,0.000305839,-0.005567753,0.0062663034
1827.118830290674,6704.902,3.4267766,0.0038622057,28783,1507.2778087577851,1179.5118202863323,5517.0806,2.6531315,1480.8884,0.95413643,6704.902,3.4267766,0,,,,,1507.2778087577851,0.00037229183,1179.5118202863323,0.00030603248,-0.0072816694,0.002673814
1827.1396637493742,6711.1694,3.430322,0.0038623398,28784,1507.2796678660984,1179.51322243342,5522.002,2.6558764,1490.2074,0.95602,6711.1694,3.430322,0,,,,,1507.2796678660984,0.00037282496,1179.51322243342,0.00030605422,-0.0061452393,0.0049164756
1827.160497207609,6706.7886,3.4308279,0.0038624734,28785,1507.279064241733,1179.5135791163016,5519.8477,2.656268,1497.3064,0.95753425,6706.7886,3.4308279,0,,,,,1507.279064241733,0.00037330366,1179.5135791163016,0.00030608752,-0.006274666,0.0052823112
1827.1813306656102,6709.708,3.4338646,0.0038626068,28786,1507.278011290117,1179.5133011664682,5520.7886,2.6586194,1509.2609,0.95870125,6709.708,3.4338646,0,,,,,1507.278011290117,0.00037344918,1179.5133011664682,0.00030638266,-0.0069635357,0.004590628
1827.202164122913,6703.6025,3.4390297,0.0038627395,28787,1507.280119957794,1179.512894504141,5510.613,2.6626182,1522.6293,0.96391237,6703.6025,3.4390297,0,,,,,1507.280119957794,0.00037469433,1179.512894504141,0.00030769064,-0.004941402,0.0056883497
1827.222997579983,6713.67,3.444752,0.003862872,28788,1507.2789548236085,1179.5122599509134,5525.0044,2.6670487,1539.7068,0.96437806,6713.67,3.444752,0,,,,,1507.2789548236085,0.00037466933,1179.5122599509134,0.00030735784,-0.006363907,0.0025182061
1827.2438310368213,6710.5835,3.4461727,0.0038630043,28789,1507.2795170942693,1179.5124439180408,5520.8945,2.6681485,1558.4601,0.967526,6710.5835,3.4461727,0,,,,,1507.2795170942693,0.00037511365,1179.5124439180408,0.00030772015,-0.0061442424,0.0038325014
1827.2646644931935,6706.751,3.4531841,0.003863136,28790,1507.2792355633417,1179.5128778026487,5519.745,2.673577,1578.2712,0.97096306,6706.751,3.4531841,0,,,,,1507.2792355633417,0.00037626163,1179.5128778026487,0.000308622,-0.0050030355,0.0045040916
1827.285497949332,6702.305,3.4569042,0.0038632676,28791,1507.2787951040089,1179.5137402013545,5513.8843,2.6764572,1595.3499,0.9750547,6702.305,3.4569042,0,,,,,1507.2787951040089,0.00037699894,1179.5137402013545,0.00030932948,-0.006171019,0.0052657127
1827.3063314050048,6703.7725,3.4608402,0.0038633987,28792,1507.2798342365966,1179.5127068741035,5512.808,2.6795046,1611.8364,0.97765195,6703.7725,3.4608402,0,,,,,1507.2798342365966,0.00037786504,1179.5127068741035,0.000309707,-0.004787897,0.0039962335
1827.327164860212,6709.383,3.469542,0.0038635293,28793,1507.279567332293,1179.5127666024248,5518.665,2.686242,1630.1318,0.9805121,6709.383,3.469542,0,,,,,1507.279567332293,0.00037871304,1179.5127666024248,0.00031053126,-0.00512345,0.0039969822
1827.34799831542,6710.6333,3.4744546,0.00386366,28794,1507.279319165781,1179.5125096812396,5520.868,2.6900454,1656.083,0.9861662,6710.6333,3.4744546,0,,,,,1507.279319165781,0.00037894398,1179.5125096812396,0.00031065344,-0.0055727838,0.0032805612
1827.3688317701624,6710.3003,3.4809592,0.00386379,28795,1507.2808091656705,1179.5135140736209,5520.6445,2.6950815,1686.0259,0.9900184,6710.3003,3.4809592,0,,,,,1507.2808091656705,0.00038019483,1179.5135140736209,0.00031123904,-0.00400515,0.0046587302
1827.3896652246717,6707.4883,3.4900053,0.00386392,28796,1507.279683888811,1179.5122865458325,5518.1274,2.7020853,1717.5112,0.996679,6707.4883,3.4900053,0,,,,,1507.279683888811,0.0003816803,1179.5122865458325,0.00031237194,-0.005365296,0.0028961985
1827.4104986789478,6707.031,3.4981043,0.0038640497,28797,1507.2799361919306,1179.5133694357555,5517.788,2.7083557,1749.0612,1.0013195,6707.031,3.4981043,0,,,,,1507.2799361919306,0.0003829953,1179.5133694357555,0.00031327002,-0.004441977,0.004700819
1827.4313321327586,6708.866,3.5076227,0.003864179,28798,1507.2800717033097,1179.5121334974892,5518.6816,2.7157254,1779.4401,1.0093474,6708.866,3.5076227,0,,,,,1507.2800717033097,0.00038363982,1179.5121334974892,0.0003142724,-0.005011408,0.0028396044
1827.4521655865694,6709.7617,3.512595,0.0038643081,28799,1507.2785591162863,1179.512019883496,5519.093,2.719575,1811.4155,1.0115247,6709.7617,3.512595,0,,,,,1507.2785591162863,0.00038458494,1179.512019883496,0.0003146235,-0.00532906,0.002454084
1827.472999040147,6703.9946,3.5225372,0.003864437,28800,1507.2808440554559,1179.5140670957592,5512.1714,2.7272727,1854.6699,1.0183617,6703.9946,3.5225372,0,,,,,1507.2808440554559,0.00038658685,1179.5140670957592,0.00031611882,-0.003410522,0.005161054
1827.4938324932589,6710.22,3.5403466,0.0038645656,28801,1507.2794735427897,1179.5114338957708,5517.3545,2.7410612,1907.1569,1.0286955,6710.22,3.5403466,0,,,,,1507.2794735427897,0.00038858232,1179.5114338957708,0.00031776226,-0.0049258787,0.001630316
1827.5146659463705,6703.056,3.55463,0.0038646942,28802,1507.2798526307365,1179.5133391318782,5510.81,2.7521198,1968.3866,1.0387579,6703.056,3.55463,0,,,,,1507.2798526307365,0.0003908687,1179.5133391318782,0.00031967243,-0.0044245194,0.0038023894
1827.5354993994836,6705.6104,3.5705316,0.0038648227,28803,1507.2803133385787,1179.5125561688928,5512.899,2.7644317,2032.5579,1.0483794,6705.6104,3.5705316,0,,,,,1507.2803133385787,0.00039289144,1179.5125561688928,0.0003212706,-0.0038486517,0.0028555684
1827.5563328521305,6705.045,3.5848105,0.0038649507,28804,1507.278197028458,1179.5122618585326,5510.591,2.775487,2099.0442,1.058557,6705.045,3.5848105,0,,,,,1507.278197028458,0.000395393,1179.5122618585326,0.00032265385,-0.0048692157,0.0021140203
1827.5771663050093,,,0.003865079,28805,1507.2797518227776,1179.5141347197687,5505.496,2.7879026,2165.5725,1.0694153,,,32768,,,,,1507.2797518227776,0.0003978214,1179.5141347197687,0.0003246621,-0.0030426614,0.0044953083
1827.5979997574225,,,0.0038652068,28806,1507.2796542237793,1179.5125989223295,5511.583,2.804906,2232.0051,1.0806035,,,4096,,,,,1507.2796542237793,0.00040044225,1179.5125989223295,0.0003268068,-0.0034930627,0.0025230956
1827.6188332100687,,,0.003865335,28807,1507.2790931915779,1179.5122698562716,5508.0776,2.8185484,2316.1814,1.0941465,,,4096,,,,,1507.2790931915779,0.00040326733,1179.5122698562716,0.0003284622,-0.004160141,0.001175469
1827.6396666624826,,,0.0038654627,28808,1507.279683605445,1179.5136983097736,5502.9897,2.8368216,2416.1282,1.1098776,,,4096,,,,,1507.279683605445,0.00040685656,1179.5136983097736,0.00033128803,-0.0023085286,0.0039387923
1827.6605001148966,,,0.0038655906,28809,1507.2794312910753,1179.513113864752,5502.787,2.8635557,2540.9004,1.1291591,,,4096,,,,,1507.2794312910753,0.0004111335,1179.513113864752,0.00033524583,-0.0032689848,0.0017169974
1827.6813335673107,,,0.0038657184,28810,1507.2797839139164,1179.5135244593414,5500.5933,2.8909845,2693.965,1.153878,,,4096,,,,,1507.2797839139164,0.0004165551,1179.5135244593414,0.00033863267,-0.0026171824,0.0025071867
1827.7021670199567,,,0.0038658464,28811,1507.2802006105603,1179.5138794166953,5496.692,2.928984,2882.7048,1.1792219,,,4096,,,,,1507.2802006105603,0.0004232295,1179.5138794166953,0.00034451185,-0.0021019313,0.0025306444
1827.7230004726036,,,0.0038659745,28812,1507.2786825364578,1179.5134502521043,5488.1562,2.9638882,3098.8518,1.2092086,,,4096,,,,,1507.2786825364578,0.00043090482,1179.5134502521043,0.000349161,-0.0027858089,0.0015284881
1827.7438339252503,,,0.0038661025,28813,1507.2802772669704,1179.5143953066831,5482.226,3.006399,3333.8728,1.2431498,,,4096,,,,,1507.2802772669704,0.00043893696,1179.5143953066831,0.000355168,-0.0014118433,0.0030126402
1827.7646673781294,,,0.0038662308,28814,1507.276840176859,1179.5140424340561,5475.262,3.0507758,3588.898,1.2765133,,,4096,,,,,1507.276840176859,0.00044743632,1179.5140424340561,0.00036150063,-0.0025602179,0.0011110957
1827.785500831241,,,0.0038663594,28815,1507.2782113383416,1179.5144968119416,5467.461,3.096716,3852.475,1.3105617,,,4096,,,,,1507.2782113383416,0.00045600024,1179.5144968119416,0.00036840272,-0.0014735627,0.0011223459
1827.8063342845855,,,0.003866488,28816,1507.2786374241725,1179.515108551606,5459.78,3.1432087,4121.8477,1.3456472,,,4096,,,,,1507.2786374241725,0.0004650851,1179.515108551606,0.00037511,-0.0005576015,0.0026043544
1827.8271677381645,,,0.003866617,28817,1507.277176867793,1179.514046247613,5459.0386,3.1906629,4398.2065,1.3796877,,,4096,,,,,1507.277176867793,0.00047371516,1179.514046247613,0.00038133486,-0.0011029054,0.00044940403
1827.8480011922081,,,0.0038667466,28818,1507.2768083753595,1179.516372527046,5440.843,3.2377229,4688.4136,1.4153395,,,4096,,,,,1507.2768083753595,0.00048345193,1179.516372527046,0.00038915942,-0.0007238855,0.004077815
1827.8688346467168,,,0.0038668765,28819,1507.2759909702183,1179.517307222432,5436.204,3.287064,4987.8433,1.4511915,,,4096,,,,,1507.2759909702183,0.0004929155,1179.517307222432,0.0003959348,-0.00078222615,0.002752235
1827.8896681016913,,,0.0038670069,28820,1507.2769203591467,1179.5153877685552,5433.747,3.3405128,5294.697,1.4916502,,,4096,,,,,1507.2769203591467,0.0005020236,1179.5153877685552,0.0004029169,0.00070134,0.00043097496
1827.9105015571315,,,0.0038671377,28821,1507.276105889638,1179.515981354862,5426.402,3.3936927,5636.291,1.5280151,,,4096,,,,,1507.276105889638,0.00051251723,1179.515981354862,0.00041058866,-0.00017793447,0.0005961649
1827.9313350130385,,,0.003867269,28822,1507.275204674725,1179.5177962464359,5412.6475,3.4622426,6071.6816,1.5751365,,,4096,,,,,1507.275204674725,0.00052560156,1179.5177962464359,0.00042129442,-0.00015790224,0.002430293
1827.9521684698764,,,0.0038674013,28823,1507.2732787033842,1179.516328627935,5405.546,3.542457,6597.224,1.6314341,,,4096,,,,,1507.2732787033842,0.0005405718,1179.516328627935,0.00043233632,-0.00033979677,0.0004737529
1827.9730019274118,,,0.0038675342,28824,1507.273538730828,1179.516532421704,5398.4546,3.6371334,7225.221,1.6957132,,,4096,,,,,1507.273538730828,0.0005580682,1179.516532421704,0.00044539798,0.0,0.0
1828.9938437192193,6706.7324,3.376411,0.0038764211,28873,1507.2952963626128,1179.5469304147273,5432.874,2.6141367,1351.8574,0.9332878,6706.7324,3.376411,0,,,,,1507.2952963626128,0.00037229405,1179.5469304147273,0.00030622902,0.014029915,0.06410492
1829.0146772391543,6707.8906,3.380108,0.0038766165,28874,1507.2930412203416,1179.544383558309,5438.562,2.6169991,1351.3257,0.93183637,6707.8906,3.380108,0,,,,,1507.2930412203416,0.00037233077,1179.544383558309,0.00030643586,0.011619414,0.060293734
1829.0355107572263,6713.728,3.382883,0.00387681,28875,1507.2934331642446,1179.54368033204,5445.3765,2.6191475,1350.6394,0.93323934,6713.728,3.382883,0,,,,,1507.2934331642446,0.00037193875,1179.54368033204,0.00030652952,0.011073382,0.058793597
1829.0563442736686,6707.7407,3.37925,0.0038770018,28876,1507.2933372321186,1179.543938659729,5436.178,2.616335,1352.2754,0.93191427,6707.7407,3.37925,0,,,,,1507.2933372321186,0.00037228334,1179.543938659729,0.0003064787,0.012413939,0.060493056
1829.0771777882478,6705.8228,3.3765254,0.0038771918,28877,1507.2914505061053,1179.5443952260325,5440.6655,2.6142251,1350.7662,0.93089515,6705.8228,3.3765254,0,,,,,1507.2914505061053,0.00037110396,1179.5443952260325,0.00030592343,0.010475147,0.060297213
1829.0980113011976,6710.106,3.3772798,0.0038773802,28878,1507.2903873178745,1179.543951984353,5442.469,2.6148093,1349.1215,0.93096143,6710.106,3.3772798,0,,,,,1507.2903873178745,0.0003712176,1179.543951984353,0.0003058862,0.008870229,0.059907373
1829.1188448122857,6707.3726,3.379194,0.0038775667,28879,1507.2901150795371,1179.5451701098038,5439.1333,2.616291,1349.6139,0.9307549,6707.3726,3.379194,0,,,,,1507.2901150795371,0.00037195624,1179.5451701098038,0.00030648345,0.008133722,0.061530918
1829.1396783215098,6709.3594,3.3777075,0.0038777513,28880,1507.288955142336,1179.5462206534462,5441.522,2.6151404,1346.139,0.93140626,6709.3594,3.3777075,0,,,,,1507.288955142336,0.0003713923,1179.5462206534462,0.00030598653,0.007129278,0.06251197
1829.1605118291038,6707.0327,3.3754926,0.0038779343,28881,1507.2883579356906,1179.545764661524,5437.437,2.6134255,1345.1721,0.9328433,6707.0327,3.3754926,0,,,,,1507.2883579356906,0.00037129765,1179.545764661524,0.00030576967,0.006089143,0.06318193
1829.181345335068,6703.0747,3.3745735,0.0038781157,28882,1507.2881808260938,1179.5473036996802,5428.6245,2.612714,1345.6351,0.9315502,6703.0747,3.3745735,0,,,,,1507.2881808260938,0.00037204695,1179.5473036996802,0.00030644916,0.0059625423,0.066555
1829.2021788394034,6704.4365,3.3781595,0.0038782954,28883,1507.2854525748269,1179.5470102397217,5437.079,2.6154904,1344.0936,0.9296555,6704.4365,3.3781595,0,,,,,1507.2854525748269,0.0003717026,1179.5470102397217,0.0003065849,0.0038158514,0.06367394
1829.2230123418765,6701.8745,3.372848,0.0038784733,28884,1507.285181264447,1179.5469212535577,5433.3613,2.611378,1343.0791,0.92837685,6701.8745,3.372848,0,,,,,1507.285181264447,0.00037145297,1179.5469212535577,0.00030596493,0.002523544,0.06393494
1829.2438458427184,6698.485,3.374509,0.0038786496,28885,1507.28476775997,1179.5475521942426,5426.7915,2.6126642,1341.7498,0.9290062,6698.485,3.374509,0,,,,,1507.28476775997,0.000372602,1179.5475521942426,0.00030657704,0.0025483246,0.06568143
1829.2646793421636,6699.2075,3.3747993,0.0038788244,28886,1507.2841406452085,1179.5475335111832,5430.759,2.6128888,1339.6573,0.92966944,6699.2075,3.3747993,0,,,,,1507.2841406452085,0.0003719228,1179.5475335111832,0.00030626592,0.0015786571,0.0651869
1829.2855128397466,6703.9795,3.378744,0.0038789974,28887,1507.2834802248296,1179.5467984427746,5434.7285,2.6159427,1339.4818,0.93065596,6703.9795,3.378744,0,,,,,1507.2834802248296,0.0003714321,1179.5467984427746,0.00030692926,0.0007137653,0.063629575
1829.3063463359329,6701.25,3.3718462,0.003879169,28888,1507.2841853735072,1179.5489577434787,5427.6396,2.6106021,1339.141,0.9287829,6701.25,3.3718462,0,,,,,1507.2841853735072,0.00037182248,1179.5489577434787,0.00030616263,0.0017751703,0.067891076
1829.3271798304893,6707.196,3.378124,0.003879339,28889,1507.281825441091,1179.547537685414,5439.413,2.615463,1334.5908,0.92970866,6707.196,3.378124,0,,,,,1507.281825441091,0.00037152908,1179.547537685414,0.0003065712,-0.000790829,0.0645448
1829.3480133234157,6705.0693,3.371826,0.0038795073,28890,1507.2810173598039,1179.5464729810283,5433.2485,2.6105866,1336.0461,0.9279383,6705.0693,3.371826,0,,,,,1507.2810173598039,0.00037131866,1179.5464729810283,0.0003058011,-0.001646451,0.063488334
1829.3688468149446,6699.728,3.3696496,0.0038796742,28891,1507.2821375324127,1179.5476777657404,5427.7104,2.6089017,1332.6951,0.92673916,6699.728,3.3696496,0,,,,,1507.2821375324127,0.00037140862,1179.5476777657404,0.00030600035,-0.0009107097,0.066080615
1829.3896803048442,6700.338,3.3687673,0.0038798396,28892,1507.2808608232067,1179.5458889148952,5427.326,2.6082187,1331.4146,0.9271364,6700.338,3.3687673,0,,,,,1507.2808608232067,0.00037175187,1179.5458889148952,0.00030578006,-0.002670836,0.063031875
1829.4105137933468,6692.1323,3.367872,0.0038800035,28893,1507.2807443233398,1179.548328491648,5424.726,2.6075256,1330.0829,0.9268803,6692.1323,3.367872,0,,,,,1507.2807443233398,0.00037161575,1179.548328491648,0.00030585198,-0.0028123595,0.06565873
1829.4313472802191,6692.4937,3.368327,0.0038801658,28894,1507.28030357322,1179.5474393771374,5423.0386,2.6078775,1329.5127,0.92670524,6692.4937,3.368327,0,,,,,1507.28030357322,0.0003717789,1179.5474393771374,0.0003059329,-0.0028200531,0.06475438
1829.4521807659278,6701.2295,3.3686843,0.0038803269,28895,1507.2791777709458,1179.5460369739653,5434.7603,2.6081545,1327.6117,0.92544144,6701.2295,3.3686843,0,,,,,1507.2791777709458,0.00037083367,1179.5460369739653,0.00030536644,-0.004036403,0.06243156
1829.473014250006,6694.621,3.369071,0.0038804864,28896,1507.279396813147,1179.547477702772,5425.0815,2.6084538,1327.615,0.92629915,6694.621,3.369071,0,,,,,1507.279396813147,0.00037187408,1179.547477702772,0.000305999,-0.0034236799,0.06454429
1829.493847732688,6700.451,3.367622,0.0038806444,28897,1507.2789735147553,1179.5470094492523,5433.117,2.6073318,1325.1902,0.92515314,6700.451,3.367622,0,,,,,1507.2789735147553,0.00037096287,1179.5470094492523,0.00030530585,-0.004082236,0.06352824
1829.5146812139735,6697.783,3.3680413,0.0038808011,28898,1507.2790061572623,1179.5461551939093,5432.144,2.6076565,1321.931,0.92519426,6697.783,3.3680413,0,,,,,1507.2790061572623,0.00037117244,1179.5461551939093,0.00030547744,-0.005132324,0.062212434
1829.5355146940938,6696.4375,3.3684964,0.0038809567,28899,1507.2793864753114,1179.547725709398,5426.5337,2.6080089,1322.3168,0.9287972,6696.4375,3.3684964,0,,,,,1507.2793864753114,0.00037134116,1179.547725709398,0.000305745,-0.0040606083,0.0645896
1829.5563481725842,6701.53,3.3683734,0.0038811106,28900,1507.2782349335457,1179.546397717238,5436.939,2.6079137,1322.1433,0.9255677,6701.53,3.3683734,0,,,,,1507.2782349335457,0.00037061222,1179.546397717238,0.00030513378,-0.005373776,0.06160273
1829.577181649911,6703.001,3.3667123,0.0038812633,28901,1507.2784805822303,1179.5460507692942,5435.773,2.6066277,1319.9492,0.92441386,6703.001,3.3667123,0,,,,,1507.2784805822303,0.00037074403,1179.5460507692942,0.00030510811,-0.005387606,0.06131164
1829.5980151260735,6702.201,3.3673613,0.003881415,28902,1507.2793391501693,1179.5457022649193,5432.5483,2.6071298,1319.4869,0.92650366,6702.201,3.3673613,0,,,,,1507.2793391501693,0.00037122853,1179.5457022649193,0.00030520215,-0.0043773325,0.061516397
1829.6188486006065,6701.732,3.3678534,0.0038815648,28903,1507.276383309217,1179.5459783977135,5433.11,2.607511,1318.5171,0.9253445,6701.732,3.3678534,0,,,,,1507.276383309217,0.0003711796,1179.5459783977135,0.00030521565,-0.006552608,0.060858134
1829.6396820739753,6697.2056,3.3660827,0.0038817136,28904,1507.2777917105348,1179.5442394015952,5428.5195,2.6061401,1317.6644,0.92466706,6697.2056,3.3660827,0,,,,,1507.2777917105348,0.00037139386,1179.5442394015952,0.00030548428,-0.005099093,0.05881872
1829.660515546179,6696.9087,3.3661592,0.0038818612,28905,1507.279423814738,1179.5464643997664,5426.658,2.6061993,1315.9801,0.9244565,6696.9087,3.3661592,0,,,,,1507.279423814738,0.0003717218,1179.5464643997664,0.00030566708,-0.004595488,0.06238332
1829.681349016986,6702.2656,3.3653805,0.0038820074,28906,1507.2775902422459,1179.5447613995543,5436.5293,2.6055965,1313.4082,0.92385656,6702.2656,3.3653805,0,,,,,1507.2775902422459,0.00037058012,1179.5447613995543,0.00030480442,-0.0059299585,0.058338337
1829.7021824866301,6701.5376,3.3649616,0.0038821525,28907,1507.2784750621313,1179.5450425286274,5432.3687,2.605272,1312.9017,0.9245416,6701.5376,3.3649616,0,,,,,1507.2784750621313,0.00037101272,1179.5450425286274,0.00030502686,-0.005753753,0.059791427
1829.7230159551093,6700.9365,3.3651814,0.0038822964,28908,1507.2791562474874,1179.5455148286223,5436.903,2.6054425,1311.0336,0.9242717,6700.9365,3.3651814,0,,,,,1507.2791562474874,0.00037047686,1179.5455148286223,0.00030472793,-0.004180907,0.059512794
1829.7438494224239,6703.501,3.36414,0.003882439,28909,1507.276920557822,1179.5447083814138,5437.8535,2.604636,1309.3394,0.92257214,6703.501,3.36414,0,,,,,1507.276920557822,0.00037059467,1179.5447083814138,0.00030452642,-0.0068952814,0.05830814
1829.764682888342,6702.031,3.3642254,0.0038825804,28910,1507.277516044692,1179.544270579439,5436.9546,2.604702,1307.8276,0.9226756,6702.031,3.3642254,0,,,,,1507.277516044692,0.00037062657,1179.544270579439,0.00030465546,-0.0067971754,0.058296677
1829.785516353096,6698.1304,3.3664317,0.0038827206,28911,1507.2789243009538,1179.5454618999872,5432.457,2.6064103,1307.3417,0.9237436,6698.1304,3.3664317,0,,,,,1507.2789243009538,0.00037065122,1179.5454618999872,0.0003054536,-0.0043190736,0.059850335
1829.8063498169186,6702.368,3.3640208,0.0038828598,28912,1507.2774861240628,1179.5430419044367,5434.3335,2.6045437,1306.633,0.92259955,6702.368,3.3640208,0,,,,,1507.2774861240628,0.00037110946,1179.5430419044367,0.00030477418,-0.006424753,0.055744305
1829.8271832793441,6700.2236,3.3634233,0.0038829977,28913,1507.2779862302475,1179.545015498948,5432.414,2.6040812,1305.6704,0.9238375,6700.2236,3.3634233,0,,,,,1507.2779862302475,0.00037084986,1179.545015498948,0.0003046685,-0.0065229875,0.059577208
1829.848016740605,6705.2764,3.3643668,0.0038831343,28914,1507.278228457397,1179.5437070626613,5440.45,2.6048117,1303.0698,0.9217575,6705.2764,3.3643668,0,,,,,1507.278228457397,0.00037045704,1179.5437070626613,0.00030453881,-0.006657875,0.055797365
1829.8688502009347,6700.334,3.3626776,0.00388327,28915,1507.2760994769233,1179.5448877826368,5436.8057,2.6035035,1302.0441,0.9212809,6700.334,3.3626776,0,,,,,1507.2760994769233,0.00037081892,1179.5448877826368,0.0003044137,-0.007552859,0.056829117
1829.8896836601007,6693.6875,3.360142,0.0038834047,28916,1507.2776094993155,1179.5450943072867,5428.3335,2.6015406,1301.3445,0.9204602,6693.6875,3.360142,0,,,,,1507.2776094993155,0.00037096973,1179.5450943072867,0.00030474213,-0.0060935584,0.058334522
1829.9105171181025,6705.409,3.365816,0.003883538,28917,1507.276654697467,1179.5439115942672,5443.759,2.605934,1297.7355,0.92266095,6705.409,3.365816,0,,,,,1507.276654697467,0.00037041912,1179.5439115942672,0.00030444915,-0.0073785703,0.05698353
1829.9313505749403,6702.1904,3.3618147,0.0038836703,28918,1507.275932386045,1179.5428795999733,5440.3506,2.6028354,1298.0234,0.91995,6702.1904,3.3618147,0,,,,,1507.275932386045,0.00037021757,1179.5428795999733,0.0003041437,-0.008283172,0.05491082
1829.9521840306131,6700.7886,3.365065,0.0038838014,28919,1507.2769428009867,1179.5452110425983,5437.0425,2.6053522,1297.0153,0.9205286,6700.7886,3.365065,0,,,,,1507.2769428009867,0.0003709762,1179.5452110425983,0.00030495122,-0.007272455,0.0585261
1829.9730174853548,6705.374,3.3641653,0.0038839316,28920,1507.2768491560591,1179.5428872480854,5444.05,2.6046555,1295.3999,0.92094004,6705.374,3.3641653,0,,,,,1507.2768491560591,0.00037039095,1179.5428872480854,0.00030404312,-0.007711257,0.05509164
1829.9938509389337,6702.9624,3.366635,0.0038840605,28921,1507.2749928506928,1179.5427427349011,5442.3394,2.6065679,1294.2494,0.92077374,6702.9624,3.366635,0,,,,,1507.2749928506928,0.00037044784,1179.5427427349011,0.00030501885,-0.009077839,0.054850057
1830.0146843915804,6699.56,3.3606899,0.0038841886,28922,1507.2762224020598,1179.543923402997,5437.4756,2.6019647,1293.5454,0.9212864,6699.56,3.3606899,0,,,,,1507.2762224020598,0.00037004706,1179.543923402997,0.00030411678,-0.008276092,0.056522533
1830.0355178430625,6710.348,3.3626552,0.0038843155,28923,1507.2769730537725,1179.5431376322692,5452.3213,2.6034865,1290.7961,0.92036194,6710.348,3.3626552,0,,,,,1507.2769730537725,0.00036916725,1179.5431376322692,0.0003034326,-0.0074322866,0.05435801
1830.0563512936137,6706.851,3.3625097,0.0038844415,28924,1507.2751738061654,1179.5429129482563,5446.2036,2.6033738,1290.1744,0.9189747,6706.851,3.3625097,0,,,,,1507.2751738061654,0.00036995774,1179.5429129482563,0.0003037541,-0.00937506,0.053971335
1830.0771847430008,6703.589,3.3618314,0.0038845662,28925,1507.2757999210603,1179.5441147321903,5442.8247,2.6028485,1289.7924,0.92074186,6703.589,3.3618314,0,,,,,1507.2757999210603,0.0003701116,1179.5441147321903,0.0003037692,-0.008420392,0.056240648
1830.0980181914567,6698.4233,3.359711,0.00388469,28926,1507.2753730909574,1179.543013381752,5439.2676,2.6012068,1288.9984,0.9192826,6698.4233,3.359711,0,,,,,1507.2753730909574,0.00037004883,1179.543013381752,0.00030400942,-0.00906452,0.054481074
1830.1188516387485,6708.874,3.3606155,0.0038848128,28927,1507.2753712328138,1179.5422699811304,5449.8667,2.6019073,1287.1123,0.9192046,6708.874,3.3606155,0,,,,,1507.2753712328138,0.00036878078,1179.5422699811304,0.00030336372,-0.008517203,0.053790852
1830.139685085341,6707.685,3.3595862,0.0038849348,28928,1507.2751303210239,1179.542794461407,5449.395,2.6011105,1284.1655,0.91779953,6707.685,3.3595862,0,,,,,1507.2751303210239,0.00036875962,1179.542794461407,0.00030341896,-0.009275949,0.05584092
1830.1605185305364,6703.093,3.3608768,0.0038850554,28929,1507.2752935628055,1179.5417447304346,5442.9126,2.6021097,1285.4852,0.91839314,6703.093,3.3608768,0,,,,,1507.2752935628055,0.00036987299,1179.5417447304346,0.00030388727,-0.009435884,0.05382233
1830.1813519750347,6698.615,3.359751,0.0038851753,28930,1507.274341492947,1179.5421776824446,5442.329,2.6012378,1283.1309,0.91720545,6698.615,3.359751,0,,,,,1507.274341492947,0.00036930613,1179.5421776824446,0.00030400808,-0.010294546,0.054027673
1830.202185418369,6706.7417,3.3607006,0.003885294,28931,1507.2760838706372,1179.5430560359166,5449.62,2.6019728,1281.6514,0.9176548,6706.7417,3.3607006,0,,,,,1507.2760838706372,0.00036896538,1179.5430560359166,0.00030361276,-0.008128126,0.05503758
1830.2230188607707,6703.3965,3.3584948,0.003885412,28932,1507.2748706122236,1179.5423553539838,5446.5894,2.600265,1280.0392,0.91707027,6703.3965,3.3584948,0,,,,,1507.2748706122236,0.00036903765,1179.5423553539838,0.00030337807,-0.00980744,0.053373992
1830.2438523022408,6708.682,3.3593547,0.0038855288,28933,1507.2746354221067,1179.5421756960968,5455.5645,2.6009312,1278.5796,0.9164097,6708.682,3.3593547,0,,,,,1507.2746354221067,0.00036824538,1179.5421756960968,0.00030289555,-0.009858877,0.053319816
1830.2646857427806,6704.843,3.3678946,0.0038856447,28934,1507.2757889217125,1179.5428953688884,5450.345,2.607543,1277.833,0.9184167,6704.843,3.3678946,0,,,,,1507.2757889217125,0.0003688282,1179.5428953688884,0.0003051528,-0.009207923,0.054609176
1830.2855191823887,6702.5146,3.358691,0.0038857597,28935,1507.2751626368652,1179.5419693713695,5448.387,2.6004171,1278.4316,0.91724145,6702.5146,3.358691,0,,,,,1507.2751626368652,0.00036907723,1179.5419693713695,0.00030319925,-0.0094598,0.053120054
1830.3063526208327,6710.651,3.3593152,0.0038858736,28936,1507.2740726326722,1179.5407255906491,5455.2334,2.6009004,1276.0774,0.91648126,6710.651,3.3593152,0,,,,,1507.2740726326722,0.00036833965,1179.5407255906491,0.00030295728,-0.0108912345,0.051871974
1830.3271860585785,6703.34,3.3593905,0.0038859867,28937,1507.2754435351292,1179.5427132620714,5450.4414,2.6009588,1274.2826,0.9160344,6703.34,3.3593905,0,,,,,1507.2754435351292,0.00036844076,1179.5427132620714,0.00030346884,-0.00922585,0.054454993
1830.348019495392,6702.645,3.358749,0.003886099,28938,1507.2739622532954,1179.5419650756448,5452.64,2.6004622,1272.7184,0.9167883,6702.645,3.358749,0,,,,,1507.2739622532954,0.00036849277,1179.5419650756448,0.00030293362,-0.010894098,0.052865576
1830.3688529310416,6705.8223,3.3619113,0.00388621,28939,1507.2734278699425,1179.542293810865,5458.482,2.6029103,1270.7587,0.9156124,6705.8223,3.3619113,0,,,,,1507.2734278699425,0.00036787931,1179.542293810865,0.0003034202,-0.01090224,0.052617915
1830.389686365994,6706.411,3.3606648,0.0038863204,28940,1507.274859975836,1179.5429276180466,5456.3936,2.6019454,1270.369,0.9177261,6706.411,3.3606648,0,,,,,1507.274859975836,0.0003681952,1179.5429276180466,0.00030304064,-0.00949027,0.055073395
1830.4105197997815,6707.0586,3.358258,0.0038864296,28941,1507.2744983540038,1179.5421973186492,5459.0195,2.6000822,1268.848,0.9152406,6707.0586,3.358258,0,,,,,1507.2744983540038,0.00036795417,1179.5421973186492,0.00030255975,-0.010005736,0.05275098
1830.43135323287,6699.957,3.3575346,0.003886538,28942,1507.273759104287,1179.5419055463185,5451.0005,2.5995219,1268.7725,0.9177426,6699.957,3.3575346,0,,,,,1507.273759104287,0.00036837586,1179.5419055463185,0.0003027357,-0.010750974,0.05252606
1830.4521866647947,6707.604,3.359091,0.0038866454,28943,1507.2749622219276,1179.5416848440555,5455.0747,2.600727,1267.039,0.9148388,6707.604,3.359091,0,,,,,1507.2749622219276,0.0003677128,1179.5416848440555,0.00030328584,-0.0095762415,0.05336717
1830.473020096021,6702.3247,3.3565443,0.003886752,28944,1507.2745196289354,1179.5422161721526,5455.0938,2.5987551,1266.0978,0.91515326,6702.3247,3.3565443,0,,,,,1507.2745196289354,0.00036773024,1179.5422161721526,0.0003026471,-0.010204084,0.052562352
1830.4938535263161,6705.2183,3.3563335,0.0038868578,28945,1507.2732856889659,1179.5411108901005,5458.384,2.598592,1263.8848,0.91410583,6705.2183,3.3563335,0,,,,,1507.2732856889659,0.00036755705,1179.5411108901005,0.00030250312,-0.011285902,0.05144025
1830.5146869556797,6706.812,3.3548367,0.0038869625,28946,1507.2745557398664,1179.5427932934522,5458.0396,2.597433,1262.8202,0.91364664,6706.812,3.3548367,0,,,,,1507.2745557398664,0.00036735504,1179.5427932934522,0.00030223976,-0.010002813,0.053477954
1830.5355203843444,6701.5503,3.3604913,0.0038870666,28947,1507.2741309367934,1179.542147788337,5455.586,2.601811,1261.3868,0.91519374,6701.5503,3.3604913,0,,,,,1507.2741309367934,0.00036765114,1179.542147788337,0.0003034557,-0.010379498,0.0522073
1830.5563538118447,6707.789,3.3575776,0.0038871695,28948,1507.2733666747017,1179.541698628421,5459.9404,2.599555,1260.0173,0.91380244,6707.789,3.3575776,0,,,,,1507.2733666747017,0.00036735562,1179.541698628421,0.00030260274,-0.01137984,0.051425554
1830.5771872386479,6694.7505,3.353474,0.0038872717,28949,1507.2741029134218,1179.5424461191776,5450.635,2.5963778,1259.2777,0.91305304,6694.7505,3.353474,0,,,,,1507.2741029134218,0.0003676234,1179.5424461191776,0.00030257276,-0.010336537,0.05306788
1830.5980206645193,6705.5723,3.3542979,0.003887373,28950,1507.2733551307883,1179.5409877365012,5458.5415,2.5970159,1257.1316,0.91262776,6705.5723,3.3542979,0,,,,,1507.2733551307883,0.00036741223,1179.5409877365012,0.00030218385,-0.010467623,0.051412277
1830.6188540894584,6702.923,3.3563664,0.0038874734,28951,1507.272968371531,1179.541141363227,5456.1157,2.5986176,1257.81,0.9140493,6702.923,3.3563664,0,,,,,1507.272968371531,0.00036816933,1179.541141363227,0.00030247087,-0.0115547525,0.05052983
1830.6396875137,6705.9863,3.3617444,0.003887573,28952,1507.273876912248,1179.5419905409722,5458.418,2.6027813,1254.547,0.9145745,6705.9863,3.3617444,0,,,,,1507.273876912248,0.00036828977,1179.5419905409722,0.00030332542,-0.011175214,0.052952375
1830.6605209370093,6706.0786,3.3560705,0.0038876717,28953,1507.2738374972741,1179.541807139933,5460.4937,2.5983884,1253.8367,0.9130638,6706.0786,3.3560705,0,,,,,1507.2738374972741,0.0003672628,1179.541807139933,0.0003022242,-0.010701193,0.05167834
1830.6813543593883,6702.909,3.3555198,0.0038877695,28954,1507.273791529329,1179.5412722417514,5455.6367,2.597962,1254.3536,0.91348743,6702.909,3.3555198,0,,,,,1507.273791529329,0.00036803063,1179.5412722417514,0.00030231895,-0.011011275,0.05063971
1830.7021877808363,6709.0654,3.3527503,0.0038878664,28955,1507.2741213232453,1179.5419924508353,5462.3384,2.5958176,1251.9598,0.9111299,6709.0654,3.3527503,0,,,,,1507.2741213232453,0.00036668874,1179.5419924508353,0.0003017679,-0.010894234,0.052053135
1830.7230212015854,6697.522,3.3527403,0.0038879625,28956,1507.2730257046755,1179.5417969750968,5454.367,2.59581,1250.829,0.9153703,6697.522,3.3527403,0,,,,,1507.2730257046755,0.0003671548,1179.5417969750968,0.0003020661,-0.011243337,0.05181306
1830.7438546214023,6668.8286,3.3469427,0.0038880578,28957,1507.273609958122,1179.5406149399237,5431.6255,2.591321,1248.4476,0.9113608,6668.8286,3.3469427,0,,,,,1507.273609958122,0.0003683572,1179.5406149399237,0.0003030406,-0.010832276,0.050490692
1830.7646880405216,6649.2847,3.3439577,0.0038881523,28958,1507.272713787498,1179.540917222213,5415.256,2.58901,1248.4716,0.9111239,6649.2847,3.3439577,0,,,,,1507.272713787498,0.00036909658,1179.540917222213,0.0003037584,-0.011494661,0.05086412
1830.78552145871,6652.2056,3.3494084,0.003888246,28959,1507.2737456381724,1179.5419113990397,5420.1377,2.5932302,1246.1613,0.9114008,6652.2056,3.3494084,0,,,,,1507.2737456381724,0.00036923922,1179.5419113990397,0.0003044913,-0.010660579,0.051665172
1830.806354875966,6649.292,3.3444183,0.0038883386,28960,1507.2721271351602,1179.5412941201907,5417.298,2.5893667,1246.8723,0.9114497,6649.292,3.3444183,0,,,,,1507.2721271351602,0.00036925566,1179.5412941201907,0.00030347373,-0.012663872,0.05010526
1830.8271882925235,6650.4424,3.3427176,0.0038884305,28961,1507.2722024053498,1179.5409927661512,5417.479,2.5880501,1245.1683,0.9104953,6650.4424,3.3427176,0,,,,,1507.2722024053498,0.0003688401,1179.5409927661512,0.0003034396,-0.011924447,0.050732456
1830.8480217083827,6659.6294,3.349357,0.0038885218,28962,1507.2735367890311,1179.5414629352388,5424.7705,2.5931904,1243.2054,0.9109373,6659.6294,3.349357,0,,,,,1507.2735367890311,0.00036845633,1179.5414629352388,0.00030428258,-0.010842046,0.051776182
1830.868855123311,6692.987,3.350702,0.0038886121,28963,1507.2725051423658,1179.5405807665884,5453.9795,2.5942316,1242.7739,0.9110105,6692.987,3.350702,0,,,,,1507.2725051423658,0.00036707026,1179.5405807665884,0.00030197017,-0.012330897,0.049558997
1830.889688537308,6704.945,3.3574185,0.0038887016,28964,1507.2724679107068,1179.54087119938,5460.366,2.599432,1242.3712,0.91166925,6704.945,3.3574185,0,,,,,1507.2724679107068,0.0003667642,1179.54087119938,0.00030286578,-0.012534659,0.05029376
1830.9105219506064,6699.7153,3.3495326,0.0038887903,28965,1507.2733977151954,1179.5424874546102,5457.7236,2.5933263,1240.3313,0.9091791,6699.7153,3.3495326,0,,,,,1507.2733977151954,0.00036680885,1179.5424874546102,0.00030165995,-0.011312042,0.052152112
1830.931355362973,6698.2134,3.3497398,0.003888878,28966,1507.272398192946,1179.540739134137,5457.393,2.5934868,1240.6215,0.9101583,6698.2134,3.3497398,0,,,,,1507.272398192946,0.00036664,1179.540739134137,0.00030168556,-0.012142787,0.049960826
1830.9521887746407,6702.788,3.3520703,0.0038889651,28967,1507.2733985888615,1179.5406401404973,5462.4756,2.5952911,1238.91,0.9092596,6702.788,3.3520703,0,,,,,1507.2733985888615,0.00036664397,1179.5406401404973,0.0003016036,-0.011701238,0.049175445
1830.9730221853786,6702.0996,3.350309,0.0038890513,28968,1507.274134356041,1179.5419846511347,5458.0547,2.5939274,1237.6725,0.90940326,6702.0996,3.350309,0,,,,,1507.274134356041,0.00036635733,1179.5419846511347,0.00030198946,-0.010465007,0.05237192
1830.9938555954182,6704.7207,3.3488097,0.0038891367,28969,1507.2721802523727,1179.54058273612,5462.96,2.5927665,1236.7257,0.9086191,6704.7207,3.3488097,0,,,,,1507.2721802523727,0.00036611262,1179.54058273612,0.00030129607,-0.012288945,0.049549963
1831.014689004525,6699.8647,3.353433,0.0038892212,28970,1507.2723692595605,1179.5407304842831,5460.86,2.5963461,1235.6678,0.9102935,6699.8647,3.353433,0,,,,,1507.2723692595605,0.00036763874,1179.5407304842831,0.0003016724,-0.012558323,0.049340103
1831.0355224129332,6702.131,3.347372,0.003889305,28971,1507.2739376603163,1179.5411045459994,5459.4575,2.5916538,1234.0431,0.907469,6702.131,3.347372,0,,,,,1507.2739376603163,0.00036591146,1179.5411045459994,0.00030143946,-0.010923433,0.05098716
1831.0563558206443,6702.028,3.351999,0.0038893882,28972,1507.2728741378578,1179.540395345,5461.847,2.595236,1233.3691,0.9084205,6702.028,3.351999,0,,,,,1507.2728741378578,0.0003663068,1179.540395345,0.00030211985,-0.012340605,0.049707092
1831.0771892274236,6708.711,3.3489118,0.0038894704,28973,1507.2710331137841,1179.5399866815974,5465.6562,2.5928457,1232.5005,0.90795094,6708.711,3.3489118,0,,,,,1507.2710331137841,0.00036575424,1179.5399866815974,0.00030108672,-0.013629817,0.04878521
1831.0980226335034,6707.894,3.3547077,0.0038895519,28974,1507.2728526188346,1179.5408691071752,5467.143,2.5973332,1231.2614,0.9093087,6707.894,3.3547077,0,,,,,1507.2728526188346,0.0003659483,1179.5408691071752,0.00030217858,-0.012173385,0.050045624
1831.1188560388857,6703.7803,3.3482547,0.0038896326,28975,1507.2740425603831,1179.5406470926057,5461.5293,2.5923371,1231.207,0.9081759,6703.7803,3.3482547,0,,,,,1507.2740425603831,0.00036594644,1179.5406470926057,0.00030136405,-0.010758658,0.05030802
1831.1396894433358,6699.311,3.3454156,0.0038897125,28976,1507.2715211033506,1179.54003300869,5452.8594,2.590139,1230.4359,0.9084053,6699.311,3.3454156,0,,,,,1507.2715211033506,0.00036624176,1179.54003300869,0.0003015363,-0.013060409,0.050608914
1831.1813562499099,6698.919,3.3457658,0.00388987,28978,1507.2729663002967,1179.5414092342785,5456.4707,2.59041,1229.3779,0.9077826,6698.919,3.3457658,0,,,,,1507.2729663002967,0.00036636216,1179.5414092342785,0.00030125622,-0.012139237,0.050644144
1831.2021896520325,6707.118,3.3482072,0.0038899474,28979,1507.272223175833,1179.5396269862092,5466.3193,2.5923002,1227.6454,0.9069563,6707.118,3.3482072,0,,,,,1507.272223175833,0.00036556268,1179.5396269862092,0.0003011921,-0.01298404,0.04848406
1831.2230230534558,6707.531,3.346509,0.0038900243,28980,1507.2723578869434,1179.5397507404812,5466.161,2.5909853,1226.5795,0.90696895,6707.531,3.346509,0,,,,,1507.2723578869434,0.00036559842,1179.5397507404812,0.00030079018,-0.01288537,0.048454326
1831.2438564539477,6706.059,3.347321,0.0038901002,28981,1507.272229294686,1179.5403649365019,5462.325,2.5916142,1227.156,0.9067632,6706.059,3.347321,0,,,,,1507.272229294686,0.00036579755,1179.5403649365019,0.00030131522,-0.0128533775,0.049789947
1831.2855232528384,6707.653,3.3481612,0.0038902499,28983,1507.2725982135405,1179.5386606295053,5467.17,2.5922647,1224.4916,0.90764785,6707.653,3.3481612,0,,,,,1507.2725982135405,0.00036594374,1179.5386606295053,0.00030085893,-0.012414739,0.047353428
1831.306356651235,6704.0894,3.3477876,0.0038903237,28984,1507.2718098815953,1179.5393470903405,5463.2036,2.5919755,1224.8918,0.9089643,6704.0894,3.3477876,0,,,,,1507.2718098815953,0.0003660306,1179.5393470903405,0.00030101262,-0.01360128,0.048099704
1831.327190048701,6706.4736,3.3463056,0.0038903966,28985,1507.272519941901,1179.5399389264853,5465.1416,2.590828,1223.583,0.9074813,6706.4736,3.3463056,0,,,,,1507.272519941901,0.00036541634,1179.5399389264853,0.00030079597,-0.011876679,0.048382018
1831.3480234454685,6705.2744,3.3485477,0.0038904687,28986,1507.2726073414462,1179.5401850034768,5465.8647,2.5925639,1222.6381,0.908409,6705.2744,3.3485477,0,,,,,1507.2726073414462,0.0003656584,1179.5401850034768,0.00030107875,-0.012086281,0.049800605
1831.3688568415375,6699.0146,3.3450663,0.0038905402,28987,1507.2711651621862,1179.53787167332,5456.6143,2.5898685,1222.2256,0.90646756,6699.0146,3.3450663,0,,,,,1507.2711651621862,0.00036606353,1179.53787167332,0.0003012774,-0.013854937,0.047329847
1831.3896902369079,6699.22,3.3457274,0.003890611,28988,1507.271589064476,1179.5390273100256,5461.4434,2.5903802,1222.3523,0.9058904,6699.22,3.3457274,0,,,,,1507.271589064476,0.00036591408,1179.5390273100256,0.00030107674,-0.013832704,0.047255147
1831.410523631347,6710.09,3.3447368,0.0038906808,28989,1507.2732892346135,1179.5393287178806,5463.9326,2.5896132,1220.922,0.905254,6710.09,3.3447368,0,,,,,1507.2732892346135,0.00036524772,1179.5393287178806,0.0003008579,-0.012294866,0.048956715
1831.431357025087,6700.458,3.3433883,0.00389075,28990,1507.2710624010556,1179.5383769279185,5456.2285,2.5885694,1221.4089,0.9059233,6700.458,3.3433883,0,,,,,1507.2710624010556,0.0003656474,1179.5383769279185,0.0003010496,-0.01375737,0.047395267
1831.452190418129,6709.3335,3.3458493,0.0038908185,28991,1507.2716437092292,1179.5387027389954,5472.1284,2.5904746,1219.0774,0.90581346,6709.3335,3.3458493,0,,,,,1507.2716437092292,0.00036487,1179.5387027389954,0.00030044882,-0.013535527,0.0467283
1831.4730238104735,6703.395,3.3441505,0.0038908862,28992,1507.2721666051916,1179.5390472664315,5461.7017,2.5891595,1219.2177,0.90535176,6703.395,3.3441505,0,,,,,1507.2721666051916,0.00036557228,1179.5390472664315,0.00030094857,-0.013449926,0.04867086
1831.4938572021185,6701.46,3.3439255,0.0038909533,28993,1507.272536002176,1179.5403171272003,5461.1772,2.5889852,1218.8422,0.905202,6701.46,3.3439255,0,,,,,1507.272536002176,0.0003654637,1179.5403171272003,0.00030084312,-0.012208424,0.04939807
1831.5146905928318,6702.1064,3.3451903,0.0038910194,28994,1507.2719406147564,1179.5389322853766,5464.012,2.5899646,1218.532,0.9052578,6702.1064,3.3451903,0,,,,,1507.2719406147564,0.00036530168,1179.5389322853766,0.00030092115,-0.01253975,0.04731387
1831.5355239828466,6705.6357,3.3448102,0.0038910848,28995,1507.271681744834,1179.5388367705034,5467.7295,2.5896702,1217.5798,0.9049817,6705.6357,3.3448102,0,,,,,1507.271681744834,0.00036515173,1179.5388367705034,0.00030058835,-0.013857383,0.046894733
1831.556357372164,6702.2607,3.344048,0.0038911495,28996,1507.2738017548465,1179.5401285645562,5461.662,2.58908,1218.0796,0.90537,6702.2607,3.344048,0,,,,,1507.2738017548465,0.00036574443,1179.5401285645562,0.00030076943,-0.011720456,0.048799932
1831.5771907607825,6700.405,3.3441021,0.0038912136,28997,1507.271842860322,1179.539117032483,5458.328,2.589122,1218.206,0.90600157,6700.405,3.3441021,0,,,,,1507.271842860322,0.00036586556,1179.539117032483,0.00030091897,-0.013384054,0.04784644
1831.5980241484688,6707.2764,3.3442786,0.0038912767,28998,1507.2709008445954,1179.5378723176473,5466.1113,2.5892587,1216.3708,0.90508926,6707.2764,3.3442786,0,,,,,1507.2709008445954,0.00036504067,1179.5378723176473,0.00030066745,-0.013609313,0.046358027
1831.6188575356903,6704.1064,3.3431358,0.0038913393,28999,1507.2723970032284,1179.5397261456217,5464.45,2.588374,1216.0251,0.9045175,6704.1064,3.3431358,0,,,,,1507.2723970032284,0.00036513055,1179.5397261456217,0.00030058005,-0.012591934,0.047665
1831.63969092198,6694.07,3.3436682,0.003891401,29000,1507.2725076103561,1179.5395555529053,5451.909,2.5887861,1217.2366,0.9048935,6694.07,3.3436682,0,,,,,1507.2725076103561,0.00036602016,1179.5395555529053,0.00030163827,-0.012445654,0.048965894
1831.6605243075717,6701.864,3.3483312,0.003891462,29001,1507.2719810072201,1179.5382543321336,5463.234,2.5923963,1215.5216,0.90598994,6701.864,3.3483312,0,,,,,1507.2719810072201,0.00036585395,1179.5382543321336,0.00030159604,-0.0134134935,0.046357125
1831.6813576926977,6709.041,3.345485,0.0038915225,29002,1507.2716532563777,1179.5381782219933,5463.1357,2.5901926,1214.796,0.90805644,6709.041,3.345485,0,,,,,1507.2716532563777,0.00036552234,1179.5381782219933,0.00030088422,-0.013983116,0.047872316
1831.7021910768922,6707.1914,3.3449535,0.0038915821,29003,1507.2728194191077,1179.539050352876,5465.5474,2.589781,1214.9081,0.90578747,6707.1914,3.3449535,0,,,,,1507.2728194191077,0.00036551128,1179.539050352876,0.00030061798,-0.012576351,0.047330197
1831.7230244601549,6702.5493,3.3483808,0.0038916408,29004,1507.2714791487072,1179.5381957800864,5463.3496,2.5924346,1215.091,0.9064738,6702.5493,3.3483808,0,,,,,1507.2714791487072,0.00036552062,1179.5381957800864,0.0003015063,-0.01348456,0.0468433
1831.7438578429524,6701.825,3.3515518,0.003891699,29005,1507.2714736066225,1179.5393603580717,5461.572,2.5948896,1215.986,0.9058369,6701.825,3.3515518,0,,,,,1507.2714736066225,0.00036596484,1179.5393603580717,0.00030250536,-0.013159429,0.047592655
1831.7646912250523,6701.105,3.3424208,0.0038917565,29006,1507.2718148930096,1179.5384119650919,5461.3745,2.5878203,1214.3188,0.90453005,6701.105,3.3424208,0,,,,,1507.2718148930096,0.00036532106,1179.5384119650919,0.00030065194,-0.013105457,0.046444748
1831.78552460622,6702.021,3.345468,0.003891813,29007,1507.2728118572734,1179.539845682473,5461.4033,2.5901797,1212.9429,0.9068281,6702.021,3.345468,0,,,,,1507.2728118572734,0.00036601876,1179.539845682473,0.00030083212,-0.012447189,0.048907414
1831.8063579869215,6697.776,3.3474855,0.0038918692,29008,1507.27064380924,1179.5375300819987,5456.9355,2.5917416,1213.1117,0.90625286,6697.776,3.3474855,0,,,,,1507.27064380924,0.00036546998,1179.5375300819987,0.00030205812,-0.014200144,0.045523804
1831.8271913666915,6698.2515,3.34688,0.0038919244,29009,1507.2705702140406,1179.5382545231619,5460.912,2.5912728,1212.656,0.90539736,6698.2515,3.34688,0,,,,,1507.2705702140406,0.00036567732,1179.5382545231619,0.00030152604,-0.014697848,0.046259604
1831.8480247457644,6703.102,3.3425553,0.0038919789,29010,1507.2735505757275,1179.5396936184725,5461.7905,2.5879245,1211.978,0.9041386,6703.102,3.3425553,0,,,,,1507.2735505757275,0.00036553308,1179.5396936184725,0.00030065095,-0.011938383,0.04858318
1831.8688581243719,6710.0273,3.3434565,0.003892033,29011,1507.271101426397,1179.538986977509,5471.011,2.588622,1212.1327,0.90377235,6710.0273,3.3434565,0,,,,,1507.271101426397,0.00036480682,1179.538986977509,0.00030021535,-0.013954295,0.04714632
1831.8896915020466,6701.2334,3.3423493,0.003892086,29012,1507.2708455424556,1179.5376510422923,5463.374,2.5877647,1210.6522,0.9039155,6701.2334,3.3423493,0,,,,,1507.2708455424556,0.00036528156,1179.5376510422923,0.0003005138,-0.014176543,0.04551307
1831.9105248790227,6702.759,3.3433993,0.0038921384,29013,1507.271793167376,1179.5388918877234,5464.468,2.588578,1212.3738,0.9042759,6702.759,3.3433993,0,,,,,1507.271793167376,0.00036542365,1179.5388918877234,0.00030052513,-0.013632293,0.046297602
1831.9313582553011,6702.4033,3.3423147,0.00389219,29014,1507.272498833236,1179.5394651648369,5465.2104,2.5877378,1211.0826,0.90409184,6702.4033,3.3423147,0,,,,,1507.272498833236,0.00036499466,1179.5394651648369,0.00030047772,-0.012661859,0.04794919
1831.9521916308809,6702.797,3.342851,0.003892241,29015,1507.2715654690385,1179.5384596683962,5464.1787,2.5881531,1210.9072,0.9058002,6702.797,3.342851,0,,,,,1507.2715654690385,0.00036506107,1179.5384596683962,0.00030051437,-0.013437275,0.045781605
1831.973025005762,6702.46,3.3454623,0.0038922913,29016,1507.271344389794,1179.537899731784,5465.848,2.590175,1210.8237,0.9039472,6702.46,3.3454623,0,,,,,1507.271344389794,0.00036525258,1179.537899731784,0.0003010208,-0.014310952,0.04555985
1831.993858379945,6701.1167,3.3430521,0.003892341,29017,1507.2713121673396,1179.5378588483534,5458.792,2.588309,1211.162,0.90594584,6701.1167,3.3430521,0,,,,,1507.2713121673396,0.0003659248,1179.5378588483534,0.00030074388,-0.013567037,0.04592733
1832.0146917534296,6699.285,3.343373,0.0038923898,29018,1507.272180524817,1179.538301727783,5462.426,2.5885575,1210.5377,0.9053555,6699.285,3.343373,0,,,,,1507.272180524817,0.0003652217,1179.538301727783,0.00030079862,-0.01377621,0.046588734
1832.0355251262147,6703.6343,3.3424287,0.003892438,29019,1507.271591971929,1179.5380513093062,5466.927,2.5878263,1208.4125,0.9034163,6703.6343,3.3424287,0,,,,,1507.271591971929,0.00036502347,1179.5380513093062,0.00030032452,-0.014321053,0.045962345
1832.056358498302,6701.1934,3.3410974,0.0038924855,29020,1507.2707457271479,1179.537472030079,5464.1206,2.5867956,1209.388,0.90306693,6701.1934,3.3410974,0,,,,,1507.2707457271479,0.00036484134,1179.537472030079,0.00030046908,-0.0147841545,0.04600759
1832.0771918696917,6705.0654,3.3428004,0.0038925323,29021,1507.272872449335,1179.5394069378106,5467.2593,2.588114,1209.9652,0.90414304,6705.0654,3.3428004,0,,,,,1507.272872449335,0.00036483508,1179.5394069378106,0.00030023383,-0.012413701,0.047442596
1832.0980252401491,6702.5503,3.3495429,0.0038925782,29022,1507.2713806812776,1179.5375669176665,5465.8237,2.5933342,1209.5016,0.9072884,6702.5503,3.3495429,0,,,,,1507.2713806812776,0.00036569152,1179.5375669176665,0.0003014806,-0.013886087,0.045338888
1832.1188586101405,6703.1094,3.3422806,0.0038926236,29023,1507.270970271875,1179.5379750892403,5467.6997,2.5877116,1209.0232,0.90334404,6703.1094,3.3422806,0,,,,,1507.270970271875,0.00036511812,1179.5379750892403,0.0003002064,-0.014181581,0.04518456
1832.1396919794338,6703.673,3.3426876,0.0038926683,29024,1507.2723929757929,1179.5389328322024,5467.2983,2.5880268,1208.235,0.9059176,6703.673,3.3426876,0,,,,,1507.2723929757929,0.00036460016,1179.5389328322024,0.0003002598,-0.01319628,0.047134116
1832.1605253480295,6706.46,3.344233,0.0038927123,29025,1507.2720705305546,1179.5378187553517,5470.213,2.5892234,1209.0334,0.9040271,6706.46,3.344233,0,,,,,1507.2720705305546,0.00036485595,1179.5378187553517,0.0003003658,-0.013227102,0.045652933
1832.1813587159259,6702.842,3.3488584,0.0038927556,29026,1507.2714977580486,1179.5374325627968,5466.7153,2.5928042,1207.8435,0.9068171,6702.842,3.3488584,0,,,,,1507.2714977580486,0.0003650362,1179.5374325627968,0.0003013895,-0.014085114,0.04495684
1832.2021920831232,6698.073,3.3455997,0.0038927982,29027,1507.270989443809,1179.5383480612504,5464.2573,2.5902812,1209.1455,0.90536577,6698.073,3.3455997,0,,,,,1507.270989443809,0.00036569056,1179.5383480612504,0.00030067522,-0.014315787,0.045695364
1832.223025449622,6701.6997,3.3444254,0.0038928401,29028,1507.2719475309486,1179.5386267455403,5465.512,2.5893724,1208.9926,0.9049025,6701.6997,3.3444254,0,,,,,1507.2719475309486,0.0003655568,1179.5386267455403,0.0003004749,-0.013111395,0.046397813
1832.2438588154234,6700.241,3.3481421,0.0038928813,29029,1507.2703963368879,1179.5383433075533,5465.959,2.5922496,1209.1212,0.9074825,6700.241,3.3481421,0,,,,,1507.2703963368879,0.00036527027,1179.5383433075533,0.00030124516,-0.0141495075,0.04568494
1832.264692180526,6703.3013,3.3435302,0.0038929218,29030,1507.2703955639636,1179.5379122659967,5467.137,2.588679,1208.227,0.90627927,6703.3013,3.3435302,0,,,,,1507.2703955639636,0.00036478424,1179.5379122659967,0.00030034577,-0.01442912,0.04542574
1832.2855255449292,6702.8306,3.344857,0.0038929617,29031,1507.2712233219859,1179.5380897650161,5463.3184,2.5897064,1209.2385,0.90708894,6702.8306,3.344857,0,,,,,1507.2712233219859,0.00036528998,1179.5380897650161,0.00030081076,-0.014095934,0.046285577
1832.3063589086348,6701.793,3.345778,0.0038930008,29032,1507.2717273917328,1179.539271795377,5465.4106,2.5904195,1208.8605,0.9041099,6701.793,3.345778,0,,,,,1507.2717273917328,0.00036538322,1179.539271795377,0.00030094388,-0.013128505,0.04646591
1832.327192271642,6705.257,3.343207,0.0038930392,29033,1507.2710031202905,1179.5373361338548,5469.558,2.588429,1207.8236,0.9035241,6705.257,3.343207,0,,,,,1507.2710031202905,0.00036473293,1179.5373361338548,0.00030026882,-0.013971754,0.044295978
1832.3480256339503,6697.074,3.34277,0.003893077,29034,1507.2703980414633,1179.5371847303566,5462.923,2.5880907,1208.1534,0.9043617,6697.074,3.34277,0,,,,,1507.2703980414633,0.00036503028,1179.5371847303566,0.0003006868,-0.0144776935,0.04439321
1832.3688589955602,6702.005,3.342512,0.003893114,29035,1507.2716404050207,1179.53862046073,5465.8794,2.5878906,1208.8954,0.9040877,6702.005,3.342512,0,,,,,1507.2716404050207,0.0003649786,1179.53862046073,0.00030043093,-0.0134449955,0.046245303
1832.3896923567047,6702.1113,3.3430765,0.0038931505,29036,1507.270461159563,1179.537868137276,5466.1147,2.588328,1208.8667,0.90473926,6702.1113,3.3430765,0,,,,,1507.270461159563,0.000364826,1179.537868137276,0.0003004055,-0.01468861,0.045385186
1832.4105257169178,6706.5605,3.3454232,0.003893186,29037,1507.2700852639045,1179.5376700008214,5471.4907,2.5901449,1208.0823,0.90613735,6706.5605,3.3454232,0,,,,,1507.2700852639045,0.000365055,1179.5376700008214,0.00030025098,-0.014462165,0.04419567
1832.4313590764323,6705.3726,3.343196,0.003893221,29038,1507.2701224711966,1179.53674832883,5467.6133,2.5884204,1207.007,0.90290606,6705.3726,3.343196,0,,,,,1507.2701224711966,0.0003648967,1179.53674832883,0.00030045444,-0.015163252,0.044249203
1832.452192435481,6703.6226,3.3414834,0.0038932555,29039,1507.2725860076105,1179.5381748266582,5466.4907,2.5870945,1207.0817,0.90274984,6703.6226,3.3414834,0,,,,,1507.2725860076105,0.00036483933,1179.5381748266582,0.00030039568,-0.0125096105,0.046975337
1832.4730257935987,6702.989,3.344975,0.003893289,29040,1507.2710629810404,1179.535839654504,5469.884,2.5897977,1208.4979,0.90639603,6702.989,3.344975,0,,,,,1507.2710629810404,0.0003648219,1179.535839654504,0.00030028916,-0.014627243,0.042553026
1832.4938591512505,6706.581,3.3421998,0.003893322,29041,1507.270230457002,1179.537503374435,5470.994,2.587649,1206.8767,0.9032054,6706.581,3.3421998,0,,,,,1507.270230457002,0.00036451325,1179.537503374435,0.00030006867,-0.015103198,0.044558607
1832.5146925082033,6703.5864,3.352235,0.0038933544,29042,1507.2711871937388,1179.538057560177,5467.7983,2.5954187,1207.7638,0.90570307,6703.5864,3.352235,0,,,,,1507.2711871937388,0.00036585928,1179.538057560177,0.00030172724,-0.014313784,0.045334745
1832.5355258642253,6701.53,3.3414114,0.0038933859,29043,1507.2710571568123,1179.5378964826325,5463.4795,2.5870388,1209.1187,0.9030175,6701.53,3.3414114,0,,,,,1507.2710571568123,0.00036492938,1179.5378964826325,0.0003005309,-0.01363844,0.04607991
1832.5563592197825,6707.167,3.3451452,0.0038934168,29044,1507.271159577577,1179.5366061414602,5473.392,2.5899293,1206.7051,0.9052828,6707.167,3.3451452,0,,,,,1507.271159577577,0.0003647798,1179.5366061414602,0.0003000833,-0.0145415,0.04380771
1832.5771925746403,6705.233,3.3428915,0.003893447,29045,1507.2701728074649,1179.537060334257,5470.17,2.5881846,1208.3446,0.90295625,6705.233,3.3428915,0,,,,,1507.2701728074649,0.00036472338,1179.537060334257,0.00030014815,-0.014941426,0.043665983
1832.5980259287992,6710.072,3.3446107,0.0038934767,29046,1507.271394382953,1179.5372392722284,5474.0312,2.589516,1205.9152,0.90322536,6710.072,3.3446107,0,,,,,1507.271394382953,0.00036464396,1179.5372392722284,0.00030029778,-0.013811101,0.044734154
1832.6188592824922,6705.1377,3.3421054,0.0038935058,29047,1507.2714939202308,1179.537709800092,5470.798,2.587576,1206.3003,0.90298516,6705.1377,3.3421054,0,,,,,1507.2714939202308,0.00036477012,1179.537709800092,0.0003000461,-0.013638638,0.045173064
1832.6396926352552,6701.136,3.3438911,0.003893534,29048,1507.2709171210997,1179.5372391069748,5467.268,2.5889587,1206.7363,0.90616363,6701.136,3.3438911,0,,,,,1507.2709171210997,0.0003649388,1179.5372391069748,0.00030029408,-0.014575102,0.04426388
1832.66052598732,6703.785,3.3423746,0.0038935614,29049,1507.2706465125027,1179.5369742668045,5470.432,2.5877843,1205.7329,0.90334654,6703.785,3.3423746,0,,,,,1507.2706465125027,0.00036466558,1179.5369742668045,0.00030004993,-0.01470413,0.04411163
1832.6813593389177,6696.1226,3.342394,0.0038935884,29050,1507.2708957711625,1179.5375570840229,5462.065,2.5877995,1207.0029,0.90401554,6696.1226,3.342394,0,,,,,1507.2708957711625,0.0003651953,1179.5375570840229,0.00030066702,-0.014269756,0.044941023
1832.7021926895839,6706.335,3.3426218,0.0038936145,29051,1507.2709624484212,1179.536835773956,5471.824,2.587976,1206.4537,0.90242577,6706.335,3.3426218,0,,,,,1507.2709624484212,0.00036443904,1179.536835773956,0.00030010234,-0.014339749,0.043441623
1832.7230260397853,6702.1074,3.344243,0.0038936401,29052,1507.2706553217524,1179.5373152169643,5468.676,2.5892308,1206.6351,0.90338,6702.1074,3.344243,0,,,,,1507.2706553217524,0.00036469393,1179.5373152169643,0.00030061294,-0.014207469,0.044770867
1832.7438593892887,6706.988,3.3442392,0.003893665,29053,1507.2696759361083,1179.5363870159254,5469.6357,2.589228,1205.1743,0.9055235,6706.988,3.3442392,0,,,,,1507.2696759361083,0.00036475403,1179.5363870159254,0.0003002813,-0.015547494,0.04445925
1832.7646927380931,6702.457,3.342731,0.0038936893,29054,1507.2721970847942,1179.537676083507,5467.6436,2.5880604,1206.1516,0.90393394,6702.457,3.342731,0,,,,,1507.2721970847942,0.00036460132,1179.537676083507,0.0003003757,-0.012775951,0.045078956
1832.7855260861982,6704.5806,3.3471787,0.0038937128,29055,1507.2703773567791,1179.536055223834,5471.297,2.5915039,1206.0215,0.9041183,6704.5806,3.3471787,0,,,,,1507.2703773567791,0.00036517924,1179.536055223834,0.00030092945,-0.015082432,0.04238166
1832.8063594338385,6703.673,3.3431246,0.0038937358,29056,1507.2704122907073,1179.5368768276333,5469.8286,2.588365,1206.2981,0.90453696,6703.673,3.3431246,0,,,,,1507.2704122907073,0.00036478447,1179.5368768276333,0.0003000878,-0.0149014,0.04363696
1832.8271927805479,6704.408,3.3450327,0.003893758,29057,1507.2705890092202,1179.537220707551,5468.88,2.5898426,1205.6488,0.90294945,6704.408,3.3450327,0,,,,,1507.2705890092202,0.00036498913,1179.537220707551,0.0003007484,-0.0144320605,0.04419587
1832.8480261265584,6702.8374,3.3424854,0.0038937794,29058,1507.2720119059697,1179.5378450293979,5467.2324,2.5878704,1205.7977,0.9029924,6702.8374,3.3424854,0,,,,,1507.2720119059697,0.00036497792,1179.5378450293979,0.00030040529,-0.013438861,0.04482134
1832.8688594721023,6703.7017,3.3466127,0.0038938003,29059,1507.2697749463475,1179.5368998896738,5471.567,2.591066,1205.4586,0.90371585,6703.7017,3.3466127,0,,,,,1507.2697749463475,0.00036494437,1179.5368998896738,0.00030062764,-0.015440697,0.0438304
1832.8896928169486,6710.028,3.3454309,0.0038938206,29060,1507.2703703101429,1179.535554205859,5476.9004,2.5901506,1205.9908,0.9040872,6710.028,3.3454309,0,,,,,1507.2703703101429,0.00036457423,1179.535554205859,0.00030007667,-0.015649395,0.04226764
1832.910526161096,6704.0596,3.348127,0.0038938401,29061,1507.2694854387103,1179.536106499561,5468.7007,2.5922382,1206.5056,0.90527,6704.0596,3.348127,0,,,,,1507.2694854387103,0.00036623725,1179.536106499561,0.00030094507,-0.016181365,0.043087237
1832.9313595045453,6704.2417,3.3416715,0.003893859,29062,1507.2718113708804,1179.537394119453,5469.4956,2.58724,1205.7766,0.9033668,6704.2417,3.3416715,0,,,,,1507.2718113708804,0.0003646636,1179.537394119453,0.0003000373,-0.013595095,0.0449349
1832.9521928472961,6703.9736,3.342242,0.0038938771,29063,1507.2705964163763,1179.5361943893756,5468.75,2.5876818,1206.2839,0.9040452,6703.9736,3.342242,0,,,,,1507.2705964163763,0.00036474506,1179.5361943893756,0.00030012376,-0.014955565,0.042673536
1832.973026189581,6704.553,3.3443074,0.0038938948,29064,1507.2700335085374,1179.5359218666017,5470.5947,2.5892806,1205.5902,0.90349174,6704.553,3.3443074,0,,,,,1507.2700335085374,0.0003649907,1179.5359218666017,0.0003001974,-0.015114082,0.042533547
1832.9938595311676,6702.866,3.3440623,0.0038939118,29065,1507.2703107613772,1179.536390597785,5470.585,2.5890913,1205.6765,0.903781,6702.866,3.3440623,0,,,,,1507.2703107613772,0.00036464442,1179.536390597785,0.0003003335,-0.014896545,0.04289264
1833.014692871823,6701.08,3.3463914,0.003893928,29066,1507.2714647692335,1179.5372777014256,5468.3965,2.5908945,1205.3857,0.9030363,6701.08,3.3463914,0,,,,,1507.2714647692335,0.0003653701,1179.5372777014256,0.0003010524,-0.014188793,0.044524148
1833.0355262120127,6702.1143,3.3436668,0.0038939435,29067,1507.269913391974,1179.5365171709832,5471.0674,2.588785,1206.3252,0.9035107,6702.1143,3.3436668,0,,,,,1507.269913391974,0.00036465641,1179.5365171709832,0.00030021303,-0.015130305,0.042341996
1833.0563595515036,6705.063,3.342399,0.0038939584,29068,1507.2705524161254,1179.5356889879085,5473.4653,2.5878031,1205.3608,0.90273255,6705.063,3.342399,0,,,,,1507.2705524161254,0.00036458165,1179.5356889879085,0.0002999225,-0.015004803,0.042237245
1833.077192890529,6704.9873,3.3422577,0.0038939728,29069,1507.2705514081279,1179.5364240212257,5471.871,2.587694,1204.444,0.902605,6704.9873,3.3422577,0,,,,,1507.2705514081279,0.00036447393,1179.5364240212257,0.0002999996,-0.0148365535,0.04281851
1833.0980262286232,6701.5483,3.3408384,0.0038939863,29070,1507.2716049096903,1179.53729040492,5467.236,2.586595,1205.8567,0.9024332,6701.5483,3.3408384,0,,,,,1507.2716049096903,0.00036468016,1179.53729040492,0.00030011745,-0.01334164,0.04363511
1833.1188595662518,6707.2344,3.3437011,0.0038939994,29071,1507.2704258535462,1179.536044934258,5473.6035,2.5888114,1205.8317,0.90276504,6707.2344,3.3437011,0,,,,,1507.2704258535462,0.0003646034,1179.536044934258,0.00030011227,-0.01525466,0.04252283
1833.1396929031816,6706.46,3.3429835,0.0038940117,29072,1507.2702865220144,1179.5362636229468,5474.323,2.588256,1205.6948,0.9036465,6706.46,3.3429835,0,,,,,1507.2702865220144,0.00036439358,1179.5362636229468,0.00029979795,-0.015203781,0.041863568
1833.160526239413,6702.746,3.3476214,0.0038940234,29073,1507.2704524516053,1179.5367620022964,5466.4253,2.5918467,1204.9849,0.90463185,6702.746,3.3476214,0,,,,,1507.2704524516053,0.00036541687,1179.5367620022964,0.00030112563,-0.014442395,0.044084344
1833.181359574946,6705.832,3.3428953,0.0038940343,29074,1507.2715033268591,1179.5371046099,5472.9565,2.5881877,1204.9531,0.9025372,6705.832,3.3428953,0,,,,,1507.2715033268591,0.00036456742,1179.5371046099,0.00030003273,-0.014148185,0.042947162
1833.2021929097798,6704.1177,3.3427773,0.0038940446,29075,1507.2706126090955,1179.5358064941481,5472.653,2.5880961,1206.3236,0.90308404,6704.1177,3.3427773,0,,,,,1507.2706126090955,0.0003645748,1179.5358064941481,0.00030004414,-0.014950243,0.041688457
1833.2230262441487,6707.613,3.343089,0.0038940543,29076,1507.2694576285085,1179.5358729753275,5473.9644,2.5883377,1205.2462,0.9031906,6707.613,3.343089,0,,,,,1507.2694576285085,0.0003646234,1179.5358729753275,0.00029996122,-0.015924111,0.042150475
1833.2438595778196,6704.463,3.3464777,0.0038940634,29077,1507.270488757394,1179.5358903718218,5472.7944,2.5909615,1205.8267,0.9044241,6704.463,3.3464777,0,,,,,1507.270488757394,0.00036454183,1179.5358903718218,0.00030071283,-0.014614772,0.042123117
1833.2646929107916,6701.734,3.3429117,0.0038940718,29078,1507.2714095223023,1179.5362066873458,5469.129,2.5882003,1206.3513,0.9029099,6701.734,3.3429117,0,,,,,1507.2714095223023,0.00036483334,1179.5362066873458,0.00030030002,-0.014281596,0.042879444
1833.285526243065,6703.6196,3.3419962,0.0038940795,29079,1507.2704336825038,1179.5364910879691,5471.0664,2.5874913,1205.6211,0.9030921,6703.6196,3.3419962,0,,,,,1507.2704336825038,0.00036440342,1179.5364910879691,0.00029991238,-0.015298502,0.04193356
1833.3063595746391,6705.003,3.3435607,0.0038940865,29080,1507.2699013184476,1179.5358815551365,5474.0664,2.5887027,1205.6868,0.9035871,6705.003,3.3435607,0,,,,,1507.2699013184476,0.0003645987,1179.5358815551365,0.00029996893,-0.015463488,0.041759893
1833.3271929057482,6711.7524,3.3477564,0.003894093,29081,1507.2708193793949,1179.5361362586957,5477.407,2.5919511,1205.2966,0.9036779,6711.7524,3.3477564,0,,,,,1507.2708193793949,0.00036462734,1179.5361362586957,0.0003006153,-0.014226661,0.042272154
1833.3480262361597,6701.7036,3.3475652,0.0038940988,29082,1507.2707071770578,1179.5357509867138,5470.544,2.5918033,1206.8167,0.90360487,6701.7036,3.3475652,0,,,,,1507.2707071770578,0.00036456835,1179.5357509867138,0.0003012335,-0.014095176,0.04244857
1833.368859565872,6699.455,3.348016,0.003894104,29083,1507.270295858177,1179.5360671884837,5467.507,2.5921524,1206.9539,0.90418804,6699.455,3.348016,0,,,,,1507.270295858177,0.0003653451,1179.5360671884837,0.00030140046,-0.014965765,0.04175816
1833.389692894885,6697.262,3.347595,0.0038941083,29084,1507.2680747483046,1179.5353879503405,5466.368,2.5918262,1205.598,0.903411,6697.262,3.347595,0,,,,,1507.2680747483046,0.0003652969,1179.5353879503405,0.00030134976,-0.01706327,0.041419644
1833.410526223433,6707.49,3.3464522,0.0038941123,29085,1507.269881209974,1179.5361198275734,5474.7583,2.5909414,1205.0408,0.9030718,6707.49,3.3464522,0,,,,,1507.269881209974,0.0003647618,1179.5361198275734,0.00030055924,-0.015432357,0.042406056
1833.4313595510505,6701.3003,3.343244,0.0038941153,29086,1507.2712113284692,1179.5357910491302,5468.974,2.5884576,1205.3899,0.90268326,6701.3003,3.343244,0,,,,,1507.2712113284692,0.00036472612,1179.5357910491302,0.00030057837,-0.014446148,0.04203781
1833.4521928782015,6701.6094,3.3427043,0.003894118,29087,1507.27008635852,1179.5355936533847,5469.835,2.5880399,1206.8967,0.90289056,6701.6094,3.3427043,0,,,,,1507.27008635852,0.0003651785,1179.5355936533847,0.00030002106,-0.015821412,0.040758003
1833.4730262046535,6705.6475,3.3475318,0.0038941198,29088,1507.269279843628,1179.5353391703911,5472.2344,2.5917773,1206.9762,0.9051581,6705.6475,3.3475318,0,,,,,1507.269279843628,0.00036523424,1179.5353391703911,0.00030073948,-0.015831169,0.04109419
1833.4938595306396,6698.173,3.3449214,0.0038941212,29089,1507.2707343390146,1179.5347465696789,5466.338,2.5897563,1206.7471,0.90371096,6698.173,3.3449214,0,,,,,1507.2707343390146,0.0003650984,1179.5347465696789,0.0003009356,-0.014710036,0.040380087
1833.5146928556958,6701.5483,3.3498807,0.0038941216,29090,1507.2707028416587,1179.5362787827296,5468.7095,2.593596,1207.0009,0.9068714,6701.5483,3.3498807,0,,,,,1507.2707028416587,0.00036538104,1179.5362787827296,0.0003012126,-0.014586349,0.042329054
1833.5355261802865,6703.6855,3.3441865,0.0038941216,29091,1507.2709488082737,1179.5363663994178,5472.222,2.5891871,1205.1964,0.9027335,6703.6855,3.3441865,0,,,,,1507.2709488082737,0.0003654465,1179.5363663994178,0.00030005086,-0.013804197,0.04283961
1833.5563595041779,6708.1216,3.3489823,0.003894121,29092,1507.2693531067493,1179.5341770120667,5477.5796,2.5929003,1206.1766,0.90330946,6708.1216,3.3489823,0,,,,,1507.2693531067493,0.00036456372,1179.5341770120667,0.00030093122,-0.016372375,0.039333984
1833.5771928273703,6700.2666,3.342647,0.0038941195,29093,1507.2699120535528,1179.5350855070828,5471.797,2.5879955,1206.4358,0.9035158,6700.2666,3.342647,0,,,,,1507.2699120535528,0.00036462714,1179.5350855070828,0.00029999408,-0.015436415,0.040374015
1833.598026150097,6704.4155,3.3428953,0.0038941177,29094,1507.2697598239927,1179.5346817321104,5470.8984,2.5881877,1205.4987,0.9036827,6704.4155,3.3428953,0,,,,,1507.2697598239927,0.0003644115,1179.5346817321104,0.0003001777,-0.01570924,0.040926058
1833.6188594721264,6701.255,3.3431451,0.003894115,29095,1507.270603108043,1179.5361812933402,5471.283,2.588381,1205.3005,0.9029338,6701.255,3.3431451,0,,,,,1507.270603108043,0.00036432812,1179.5361812933402,0.00030022938,-0.014363488,0.042131085
1833.6396927934572,6708.059,3.3441718,0.0038941118,29096,1507.269732707594,1179.534721387075,5476.175,2.5891757,1204.4847,0.90302557,6708.059,3.3441718,0,,,,,1507.269732707594,0.0003645651,1179.534721387075,0.0002999991,-0.015429104,0.040987916
1833.6605261140885,6703.233,3.3419068,0.0038941079,29097,1507.269514477191,1179.5346486191556,5474.07,2.5874221,1205.3815,0.90275687,6703.233,3.3419068,0,,,,,1507.269514477191,0.00036422952,1179.5346486191556,0.00029978613,-0.015851257,0.040589273
1833.6813594340213,6701.6064,3.3452358,0.0038941032,29098,1507.2695255606855,1179.5349846918532,5472.6216,2.59,1204.8801,0.9025919,6701.6064,3.3452358,0,,,,,1507.2695255606855,0.000364428,1179.5349846918532,0.00030059667,-0.016091153,0.040191747
1833.7021927534888,6704.431,3.343662,0.003894098,29099,1507.2699569569545,1179.535447944246,5473.1094,2.588781,1206.454,0.90493757,6704.431,3.343662,0,,,,,1507.2699569569545,0.00036441314,1179.535447944246,0.00030000147,-0.015540567,0.040738005
1833.7230260722588,6699.373,3.3413584,0.0038940923,29100,1507.2718771573068,1179.5354546506576,5469.2695,2.5869975,1205.6647,0.9027904,6699.373,3.3413584,0,,,,,1507.2718771573068,0.00036469026,1179.5354546506576,0.00030004056,-0.013466384,0.0409137
1833.74385939033,6696.957,3.3428588,0.0038940858,29101,1507.2696323620469,1179.5345691395833,5469.6807,2.5881593,1206.0653,0.90296245,6696.957,3.3428588,0,,,,,1507.2696323620469,0.00036491244,1179.5345691395833,0.0003000969,-0.016208451,0.0398324
1833.7646927079343,6699.862,3.3449228,0.0038940788,29102,1507.2711554495718,1179.5347552379192,5467.3516,2.5897574,1206.8325,0.90291005,6699.862,3.3449228,0,,,,,1507.2711554495718,0.00036537572,1179.5347552379192,0.00030074798,-0.014173354,0.039754257
1833.7855260246072,6698.7407,3.3442698,0.0038940709,29103,1507.270450344707,1179.5351980281255,5466.3193,2.5892515,1208.1942,0.9040778,6698.7407,3.3442698,0,,,,,1507.270450344707,0.00036600197,1179.5351980281255,0.00030051242,-0.014637408,0.04039623
1833.806359340816,6705.0464,3.3430781,0.0038940625,29104,1507.2720773773237,1179.535899495628,5469.9126,2.588329,1206.51,0.9036322,6705.0464,3.3430781,0,,,,,1507.2720773773237,0.00036502405,1179.535899495628,0.0003002749,-0.013243975,0.041930556
1833.8271926565592,6707.9478,3.3445835,0.0038940536,29105,1507.2714032675997,1179.5346211805836,5473.5034,2.5894945,1206.8845,0.90370435,6707.9478,3.3445835,0,,,,,1507.2714032675997,0.00036486826,1179.5346211805836,0.00030022906,-0.014135891,0.03957764
1833.8480259713704,6694.876,3.343559,0.0038940439,29106,1507.2695579424385,1179.5349894504411,5465.6606,2.5887012,1206.5533,0.90511864,6694.876,3.343559,0,,,,,1507.2695579424385,0.00036598582,1179.5349894504411,0.00030035272,-0.015670206,0.039831888
1833.868859285715,6701.5024,3.343007,0.0038940336,29107,1507.270827592827,1179.5346499314505,5469.7207,2.5882742,1207.1788,0.9027358,6701.5024,3.343007,0,,,,,1507.270827592827,0.0003650454,1179.5346499314505,0.00030029303,-0.01563049,0.03962904
1833.889692599361,6694.995,3.3425286,0.0038940227,29108,1507.271941428131,1179.5350980900687,5462.218,2.5879037,1207.318,0.903131,6694.995,3.3425286,0,,,,,1507.271941428131,0.00036586053,1179.5350980900687,0.00030077735,-0.012598848,0.04003071
1833.91052591231,6700.636,3.3421173,0.003894011,29109,1507.2719960646812,1179.5349239706095,5466.154,2.5875852,1207.4567,0.9031053,6700.636,3.3421173,0,,,,,1507.2719960646812,0.0003652943,1179.5349239706095,0.00030037947,-0.013513585,0.040447775
1833.9313592247936,6706.6978,3.3434076,0.003893999,29110,1507.269633987059,1179.5344270796718,5475.702,2.5885842,1205.7783,0.90267825,6706.6978,3.3434076,0,,,,,1507.269633987059,0.00036485758,1179.5344270796718,0.00029980615,-0.016046926,0.039219562
1833.9521925365777,6704.0312,3.347001,0.003893986,29111,1507.2707382745823,1179.535006172369,5470.5474,2.5913663,1207.3181,0.90671104,6704.0312,3.347001,0,,,,,1507.2707382745823,0.00036548157,1179.535006172369,0.00030063652,-0.014970676,0.03984097
1833.973025847663,6706.8125,3.3434374,0.0038939726,29112,1507.2717258351793,1179.5348509177713,5473.259,2.588607,1207.4451,0.90303165,6706.8125,3.3434374,0,,,,,1507.2717258351793,0.00036471122,1179.5348509177713,0.00030007362,-0.013248289,0.040278748
1833.9938591580496,6697.2417,3.3438745,0.0038939584,29113,1507.2700662484863,1179.534465619336,5464.4946,2.5889456,1206.5951,0.9073117,6697.2417,3.3438745,0,,,,,1507.2700662484863,0.00036583588,1179.534465619336,0.00030036765,-0.014585176,0.039165348
1834.0146924679718,6703.5815,3.34193,0.0038939437,29114,1507.2705582268547,1179.534275319035,5467.607,2.5874403,1207.799,0.9027193,6703.5815,3.34193,0,,,,,1507.2705582268547,0.0003655031,1179.534275319035,0.00030015467,-0.01357156,0.039642774
1834.0355257771955,6704.7236,3.3439932,0.0038939284,29115,1507.269327502971,1179.5339301917807,5474.7915,2.5890374,1206.1692,0.9029481,6704.7236,3.3439932,0,,,,,1507.269327502971,0.00036485004,1179.5339301917807,0.0002999513,-0.015692377,0.038659256
1834.0563590857196,6709.698,3.3440597,0.0038939123,29116,1507.2702611749235,1179.5344829495746,5476.169,2.5890892,1207.4535,0.9047938,6709.698,3.3440597,0,,,,,1507.2702611749235,0.00036463139,1179.5344829495746,0.00029982842,-0.015117977,0.039175246
1834.0771923935451,6703.2427,3.3427505,0.0038938955,29117,1507.271451738567,1179.5355989132515,5467.4385,2.5880756,1207.7349,0.9030146,6703.2427,3.3427505,0,,,,,1507.271451738567,0.00036526218,1179.5355989132515,0.00030039524,-0.013233782,0.04074262
1834.0980257009062,6703.4785,3.3445287,0.0038938783,29118,1507.270370403743,1179.5339021578222,5472.5796,2.589452,1206.9111,0.9064476,6703.4785,3.3445287,0,,,,,1507.270370403743,0.00036475642,1179.5339021578222,0.00030006748,-0.014892591,0.038624316
1834.1188590075687,6698.7017,3.3435135,0.0038938604,29119,1507.270343629438,1179.5338814905554,5467.289,2.5886662,1207.7113,0.9060723,6698.7017,3.3435135,0,,,,,1507.270343629438,0.00036540726,1179.5338814905554,0.00030025726,-0.015306428,0.038075518
1834.1396923135324,6698.073,3.3465464,0.0038938418,29120,1507.2699031206994,1179.5340082316275,5469.4785,2.5910144,1206.325,0.9033886,6698.073,3.3465464,0,,,,,1507.2699031206994,0.00036532502,1179.5340082316275,0.0003009114,-0.016131122,0.039119698
1834.1605256190294,6700.896,3.3440032,0.0038938227,29121,1507.269971887981,1179.5343566756287,5467.467,2.5890453,1206.4832,0.9039406,6700.896,3.3440032,0,,,,,1507.269971887981,0.00036577438,1179.5343566756287,0.0003004608,-0.015783135,0.04026314
1834.1813589238282,6705.5205,3.343109,0.0038938029,29122,1507.2725328773959,1179.533561830472,5474.133,2.588353,1206.644,0.90270954,6705.5205,3.343109,0,,,,,1507.2725328773959,0.0003650772,1179.533561830472,0.0002998341,-0.012596173,0.038424112
1834.2021922279298,6703.8774,3.3443804,0.0038937824,29123,1507.2705575362284,1179.5340289281637,5471.1597,2.5893373,1207.155,0.9031301,6703.8774,3.3443804,0,,,,,1507.2705575362284,0.00036579336,1179.5340289281637,0.00030014155,-0.014872173,0.03903672
1834.2230255315656,6706.5557,3.3470654,0.0038937614,29124,1507.2700352543845,1179.5339427022984,5476.0454,2.5914164,1206.5701,0.90678495,6706.5557,3.3470654,0,,,,,1507.2700352543845,0.00036525994,1179.5339427022984,0.00030017155,-0.015387331,0.038495906
1834.2438588342695,6702.7812,3.3425882,0.0038937395,29125,1507.2706778143393,1179.534697589889,5471.8726,2.58795,1206.5359,0.9037189,6702.7812,3.3425882,0,,,,,1507.2706778143393,0.0003647965,1179.534697589889,0.0002999948,-0.014808478,0.039954614
1834.2855254382787,6703.4175,3.3478904,0.0038936944,29127,1507.269994064659,1179.533060522475,5473.354,2.5920548,1207.2272,0.90454197,6703.4175,3.3478904,0,,,,,1507.269994064659,0.00036492365,1179.533060522475,0.0003008167,-0.016327474,0.03896839
1834.3063587393535,6698.072,3.3462734,0.0038936709,29128,1507.2689054798452,1179.5336236229655,5469.948,2.590803,1207.6686,0.90318376,6698.072,3.3462734,0,,,,,1507.2689054798452,0.0003646624,1179.5336236229655,0.00030085308,-0.016561503,0.03882423
1834.3271920397299,6705.582,3.3450253,0.0038936466,29129,1507.2693298926984,1179.533082000267,5477.5254,2.5898368,1206.6599,0.9030894,6705.582,3.3450253,0,,,,,1507.2693298926984,0.00036480496,1179.533082000267,0.0002998834,-0.017117945,0.038118612
1834.3480253394066,6702.3164,3.3432775,0.0038936217,29130,1507.2708172321268,1179.533375368373,5472.491,2.5884833,1207.3868,0.9029456,6702.3164,3.3432775,0,,,,,1507.2708172321268,0.00036453822,1179.533375368373,0.00030006986,-0.015390866,0.03891301
1834.3688586383846,6702.376,3.3445501,0.0038935961,29131,1507.2697572393827,1179.533629089182,5474.6304,2.5894687,1207.4491,0.90562207,6702.376,3.3445501,0,,,,,1507.2697572393827,0.00036422312,1179.533629089182,0.00030003564,-0.015893837,0.039410703
1834.389691936897,6705.667,3.3445864,0.00389357,29132,1507.2690521352285,1179.5330717613365,5476.9854,2.5894969,1208.2979,0.90317345,6705.667,3.3445864,0,,,,,1507.2690521352285,0.000364068,1179.5330717613365,0.00030002242,-0.01657462,0.0377641
1834.4105252349448,6704.028,3.3424969,0.0038935435,29133,1507.2689687285804,1179.5328971430317,5473.813,2.5878792,1206.2319,0.90248847,6704.028,3.3424969,0,,,,,1507.2689687285804,0.00036430365,1179.5328971430317,0.00030002205,-0.016820787,0.03862361
1834.4313585320613,6702.1255,3.347558,0.003893516,29134,1507.2701129971729,1179.5324614382314,5472.0312,2.5917976,1207.474,0.90332127,6702.1255,3.347558,0,,,,,1507.2701129971729,0.000364779,1179.5324614382314,0.00030111967,-0.016171679,0.037797533
1834.4521918287116,6696.2295,3.340913,0.003893488,29135,1507.2709571087648,1179.5341448590598,5465.982,2.5866528,1206.4484,0.9028467,6696.2295,3.340913,0,,,,,1507.2709571087648,0.00036473238,1179.5341448590598,0.00030014472,-0.0146100735,0.040022854
1834.4730251246626,6700.694,3.3429027,0.0038934594,29136,1507.2696505749557,1179.5328969884847,5473.6533,2.5881934,1207.2463,0.9028366,6700.694,3.3429027,0,,,,,1507.2696505749557,0.0003642322,1179.5328969884847,0.00029993776,-0.016047444,0.03717264
1834.493858419916,6703.3564,3.3433692,0.00389343,29137,1507.2695583949223,1179.5331218046665,5474.459,2.5885546,1208.1334,0.9028484,6703.3564,3.3433692,0,,,,,1507.2695583949223,0.00036427827,1179.5331218046665,0.00030000944,-0.016708398,0.03854715
1834.5146917147042,6705.26,3.3433397,0.0038934003,29138,1507.2700857006428,1179.5324952920698,5475.566,2.5885317,1207.8809,0.9027421,6705.26,3.3433397,0,,,,,1507.2700857006428,0.0003644679,1179.5324952920698,0.00029981407,-0.015471566,0.036743965
1834.5355250087935,6682.8105,3.3404477,0.0038933698,29139,1507.270589822667,1179.5339478010535,5456.6885,2.5862925,1208.973,0.9033534,6682.8105,3.3404477,0,,,,,1507.270589822667,0.00036546905,1179.5339478010535,0.00030075517,-0.014804378,0.039646752
1834.556358302417,6654.856,3.3417354,0.0038933388,29140,1507.2695649567859,1179.5334616552693,5437.6924,2.5872896,1207.789,0.90379614,6654.856,3.3417354,0,,,,,1507.2695649567859,0.00036654732,1179.5334616552693,0.00030249901,-0.015788654,0.038753726
1834.577191595109,6649.876,3.3360014,0.003893307,29141,1507.2690066631574,1179.5328567950405,5434.5244,2.5828502,1207.5509,0.9033426,6649.876,3.3360014,0,,,,,1507.2690066631574,0.00036620934,1179.5328567950405,0.00030163935,-0.01658747,0.037713367
1834.5980248873354,6647.833,3.3357346,0.0038932746,29142,1507.2690264644264,1179.5325256530562,5432.919,2.5826435,1206.8301,0.9037575,6647.833,3.3357346,0,,,,,1507.2690264644264,0.00036634743,1179.5325256530562,0.00030164619,-0.016892327,0.03709761
1834.6188581790964,6642.702,3.334677,0.0038932418,29143,1507.2698842322127,1179.5333859058887,5430.9956,2.5818245,1205.7754,0.90276766,6642.702,3.334677,0,,,,,1507.2698842322127,0.000366428,1179.5333859058887,0.00030172817,-0.015984043,0.037888464
1834.639691469926,6656.1743,3.3362348,0.003893208,29144,1507.2693470189652,1179.533340568048,5438.9053,2.5830307,1206.6445,0.9024777,6656.1743,3.3362348,0,,,,,1507.2693470189652,0.00036591344,1179.533340568048,0.00030149324,-0.015664205,0.03863529
1834.6605247602897,6678.845,3.340644,0.0038931738,29145,1507.2692607512292,1179.5324958952965,5458.481,2.5864444,1205.8617,0.90409917,6678.845,3.340644,0,,,,,1507.2692607512292,0.0003649501,1179.5324958952965,0.0003006138,-0.016496496,0.036628775
1834.6813580501878,6702.426,3.346447,0.003893139,29146,1507.2688322395843,1179.5318700351065,5477.275,2.5909374,1206.8359,0.90796775,6702.426,3.346447,0,,,,,1507.2688322395843,0.00036406398,1179.5318700351065,0.00030002047,-0.017082188,0.036888428
1834.7021913391548,6703.1094,3.3430831,0.0038931035,29147,1507.269676170377,1179.5327545026164,5473.9653,2.588333,1207.0872,0.90303844,6703.1094,3.3430831,0,,,,,1507.269676170377,0.0003643604,1179.5327545026164,0.00029998843,-0.016439384,0.038216982
1834.723024627656,6705.053,3.3438234,0.0038930674,29148,1507.2704854884284,1179.5331324294148,5475.2896,2.588906,1206.9486,0.9027867,6705.053,3.3438234,0,,,,,1507.2704854884284,0.00036435248,1179.5331324294148,0.00030006116,-0.015252858,0.0384578
1834.7438579154586,6704.993,3.343371,0.0038930306,29149,1507.2685852444974,1179.5331445077522,5477.477,2.5885558,1206.6918,0.90308225,6704.993,3.343371,0,,,,,1507.2685852444974,0.0003639811,1179.5331445077522,0.0002997775,-0.017213,0.03718182
1834.7646912027956,6702.375,3.3485184,0.0038929933,29150,1507.2690919870806,1179.5327505614048,5477.8867,2.5925412,1207.4158,0.90403795,6702.375,3.3485184,0,,,,,1507.2690919870806,0.00036476273,1179.5327505614048,0.00030061067,-0.016365897,0.03685897
1834.785524489435,6706.0786,3.3456578,0.0038929554,29151,1507.2687113849402,1179.5320575483663,5479.702,2.5903265,1206.9519,0.90559834,6706.0786,3.3456578,0,,,,,1507.2687113849402,0.0003641246,1179.5320575483663,0.000299726,-0.017297255,0.036369205
1834.8063577753749,6703.094,3.3438826,0.0038929167,29152,1507.2692944030628,1179.532322766716,5477.4326,2.588952,1206.5458,0.90325457,6703.094,3.3438826,0,,,,,1507.2692944030628,0.00036423877,1179.532322766716,0.00029976325,-0.01644604,0.036832094
1834.8271910608485,6697.8765,3.34386,0.0038928776,29153,1507.2705767485977,1179.5339078757668,5472.661,2.5889347,1206.1211,0.90365565,6697.8765,3.34386,0,,,,,1507.2705767485977,0.00036436907,1179.5339078757668,0.00030032697,-0.015577177,0.039299645
1834.8480243456245,6702.6074,3.343865,0.0038928378,29154,1507.269776991353,1179.5321733836445,5476.0254,2.5889382,1205.795,0.90432453,6702.6074,3.343865,0,,,,,1507.269776991353,0.00036409558,1179.5321733836445,0.0002999794,-0.016163692,0.036801953
1834.868857629702,6706.7563,3.345486,0.0038927973,29155,1507.2703569338164,1179.5311687041703,5480.752,2.5901933,1205.5697,0.90391827,6706.7563,3.345486,0,,,,,1507.2703569338164,0.00036443232,1179.5311687041703,0.00029970254,-0.016774787,0.035659753
1834.8896909133143,6701.637,3.3428328,0.0038927563,29156,1507.268988898922,1179.5318806087355,5477.874,2.588139,1205.6171,0.9025256,6701.637,3.3428328,0,,,,,1507.268988898922,0.00036388714,1179.5318806087355,0.0002997646,-0.016646158,0.036548175
1834.9105241962282,6704.173,3.344004,0.0038927146,29157,1507.269895739029,1179.5326635076897,5478.49,2.589046,1205.5504,0.9042468,6704.173,3.344004,0,,,,,1507.269895739029,0.00036410263,1179.5326635076897,0.000299684,-0.015893627,0.03745339
1834.9313574784424,6697.648,3.3435943,0.0038926722,29158,1507.2694718827593,1179.5325796352702,5472.7603,2.5887287,1206.7548,0.90304595,6697.648,3.3435943,0,,,,,1507.2694718827593,0.00036440106,1179.5325796352702,0.0003001231,-0.0158836,0.037150584
1834.952190759958,6704.6904,3.3455997,0.0038926292,29159,1507.269240744026,1179.5321138156055,5478.736,2.5902812,1206.2526,0.9055253,6704.6904,3.3455997,0,,,,,1507.269240744026,0.00036425295,1179.5321138156055,0.00029978994,-0.016616987,0.03650141
1834.9730240410086,6704.679,3.3436878,0.0038925856,29160,1507.2694461472154,1179.5319857892941,5476.9443,2.588801,1205.3291,0.9032048,6704.679,3.3436878,0,,,,,1507.2694461472154,0.00036419558,1179.5319857892941,0.00029989838,-0.016666122,0.036847677
1834.9938573215943,6703.576,3.3450222,0.0038925416,29161,1507.269106881729,1179.5313782551536,5478.8975,2.5898345,1206.0813,0.9040271,6703.576,3.3450222,0,,,,,1507.269106881729,0.0003640121,1179.5313782551536,0.0002999158,-0.01708892,0.035152253
1835.0146906012485,6706.175,3.3441045,0.0038924967,29162,1507.2698450180694,1179.5329395864862,5477.1694,2.5891237,1206.0154,0.9045178,6706.175,3.3441045,0,,,,,1507.2698450180694,0.0003640681,1179.5329395864862,0.00029989658,-0.015753118,0.038752064
1835.0355238804357,6711.0654,3.3464649,0.0038924513,29163,1507.269845094465,1179.5314388993688,5483.9834,2.5909512,1206.4908,0.9038406,6711.0654,3.3464649,0,,,,,1507.269845094465,0.0003642608,1179.5314388993688,0.00029975682,-0.016219594,0.03629565
1835.0563571591574,6703.0767,3.3467045,0.0038924054,29164,1507.2702683336863,1179.5317181902985,5473.859,2.5911367,1206.351,0.9041723,6703.0767,3.3467045,0,,,,,1507.2702683336863,0.00036510293,1179.5317181902985,0.00030022528,-0.016360138,0.03619314
1835.0771904369483,6702.1035,3.3441536,0.0038923586,29165,1507.2691294486222,1179.5316892109129,5477.02,2.5891619,1205.5502,0.90312594,6702.1035,3.3441536,0,,,,,1507.2691294486222,0.0003641847,1179.5316892109129,0.00029993604,-0.017243056,0.03603469
1835.0980237142744,6700.945,3.3428445,0.0038923114,29166,1507.2693932319414,1179.5315526864067,5475.538,2.588148,1205.48,0.9024026,6700.945,3.3428445,0,,,,,1507.2693932319414,0.00036420894,1179.5315526864067,0.0002998876,-0.01682852,0.03591403
1835.1188569911349,6698.6055,3.342926,0.0038922636,29167,1507.2698001752503,1179.5324967030174,5473.051,2.5882113,1206.2235,0.90272444,6698.6055,3.342926,0,,,,,1507.2698001752503,0.0003643571,1179.5324967030174,0.0003001216,-0.015586265,0.036943138
1835.139690267063,6703.0684,3.3443987,0.003892215,29168,1507.269824625498,1179.5317104762285,5474.251,2.5893517,1205.9285,0.90328914,6703.0684,3.3443987,0,,,,,1507.269824625498,0.00036469699,1179.5317104762285,0.00030016387,-0.016533522,0.036372647
1835.160523542758,6701.715,3.3441586,0.003892166,29169,1507.269562546294,1179.53162893836,5474.8438,2.5891657,1206.7634,0.9040727,6701.715,3.3441586,0,,,,,1507.269562546294,0.00036462376,1179.53162893836,0.0003000494,-0.017032148,0.035409816
1835.181356817522,6706.473,3.343587,0.0038921162,29170,1507.2689224023138,1179.5318382422245,5480.843,2.5887232,1205.2734,0.90309364,6706.473,3.343587,0,,,,,1507.2689224023138,0.00036395682,1179.5318382422245,0.0002995219,-0.016862923,0.035642657
1835.2021900918214,6704.5293,3.3478498,0.003892066,29171,1507.269049782169,1179.53209362781,5477.8555,2.5920236,1206.0498,0.90413463,6704.5293,3.3478498,0,,,,,1507.269049782169,0.00036423595,1179.53209362781,0.00030068046,-0.017450979,0.03659602
1835.2230233654213,6699.444,3.3457527,0.003892015,29172,1507.2696416305655,1179.5313469777354,5474.267,2.5904,1206.5791,0.9036701,6699.444,3.3457527,0,,,,,1507.2696416305655,0.00036485968,1179.5313469777354,0.0003003283,-0.016250664,0.035157572
1835.2438566383228,6701.1665,3.3439758,0.0038919633,29173,1507.2701173021107,1179.5324995130056,5477.615,2.589024,1204.592,0.9022942,6701.1665,3.3439758,0,,,,,1507.2701173021107,0.00036413717,1179.5324995130056,0.00030003267,-0.015766121,0.037344255
1835.2646899107588,6708.844,3.3449464,0.0038919111,29174,1507.269758697756,1179.5316633332404,5483.5083,2.5897756,1205.1366,0.90326244,6708.844,3.3449464,0,,,,,1507.269758697756,0.00036383362,1179.5316633332404,0.00029954652,-0.016467152,0.035563428
1835.2855231824963,6701.933,3.3450022,0.0038918583,29175,1507.268513463269,1179.531880048135,5478.696,2.5898187,1206.8071,0.9033489,6701.933,3.3450022,0,,,,,1507.268513463269,0.0003642692,1179.531880048135,0.00029998468,-0.01726011,0.03492331
1835.3063564537679,6704.0645,3.3444917,0.003891805,29176,1507.2690542644746,1179.5320989630168,5478.5293,2.5894234,1207.7124,0.9027029,6704.0645,3.3444917,0,,,,,1507.2690542644746,0.00036439908,1179.5320989630168,0.0002997789,-0.016820867,0.03516546
1835.327189724341,6702.3267,3.3466947,0.003891751,29177,1507.2702170262799,1179.5315736169998,5473.259,2.591129,1205.3624,0.90372694,6702.3267,3.3466947,0,,,,,1507.2702170262799,0.00036452047,1179.5315736169998,0.00030082898,-0.015860481,0.03603086
1835.3480229942159,6703.4756,3.34321,0.0038916962,29178,1507.2706480496488,1179.5322124179656,5476.4336,2.5884314,1207.4214,0.90287626,6703.4756,3.34321,0,,,,,1507.2706480496488,0.0003644897,1179.5322124179656,0.0002998576,-0.014588648,0.0364728
1835.368856263625,6703.369,3.3443499,0.003891641,29179,1507.2692173004732,1179.5318643483818,5478.7363,2.5893135,1206.4757,0.9043782,6703.369,3.3443499,0,,,,,1507.2692173004732,0.00036400987,1179.5318643483818,0.00029976972,-0.017024396,0.03582325
1835.3896895323353,6708.1763,3.3492248,0.0038915852,29180,1507.269623512513,1179.5309531430446,5483.005,2.5930882,1206.1819,0.9057386,6708.1763,3.3492248,0,,,,,1507.269623512513,0.0003642758,1179.5309531430446,0.00030021614,-0.015920132,0.035013545
1835.4105228003475,6699.173,3.3444872,0.0038915286,29181,1507.2682999037263,1179.5320467849206,5476.0264,2.58942,1207.9019,0.90292674,6699.173,3.3444872,0,,,,,1507.2682999037263,0.0003644063,1179.5320467849206,0.00030010068,-0.017012356,0.035621595
1835.431356067894,6710.7983,3.3445933,0.0038914715,29182,1507.2697329444459,1179.5310237296821,5485.0527,2.5895023,1205.9634,0.90324205,6710.7983,3.3445933,0,,,,,1507.2697329444459,0.00036378097,1179.5310237296821,0.00029940243,-0.016156692,0.034802742
1835.452189334742,6703.347,3.3459256,0.0038914138,29183,1507.2706496911733,1179.5333979659981,5476.7295,2.5905337,1207.0123,0.9043135,6703.347,3.3459256,0,,,,,1507.2706496911733,0.00036500592,1179.5333979659981,0.00030001035,-0.01532622,0.03779163
1835.4730226008921,6702.36,3.3449347,0.0038913554,29184,1507.2694804525977,1179.5315819103805,5480.6113,2.5897665,1205.9697,0.90300685,6702.36,3.3449347,0,,,,,1507.2694804525977,0.00036412562,1179.5315819103805,0.00029984635,-0.015785223,0.034539152
1835.4938558665765,6709.7954,3.345635,0.0038912965,29185,1507.2687835890847,1179.5311614014647,5485.181,2.5903087,1206.6204,0.90424645,6709.7954,3.345635,0,,,,,1507.2687835890847,0.00036406956,1179.5311614014647,0.00029949774,-0.017144352,0.03499783
1835.514689131561,6702.249,3.344626,0.0038912368,29186,1507.2700895752919,1179.5312170125278,5479.2935,2.5895274,1206.3258,0.9030671,6702.249,3.344626,0,,,,,1507.2700895752919,0.00036441316,1179.5312170125278,0.0002998061,-0.015910951,0.034005966
1835.53552239608,6706.3257,3.3458571,0.0038911768,29187,1507.2689568619262,1179.5313158085985,5482.581,2.5904808,1205.812,0.9049582,6706.3257,3.3458571,0,,,,,1507.2689568619262,0.0003642731,1179.5313158085985,0.00029965825,-0.016551228,0.03515142
1835.556355659901,6701.4507,3.3479252,0.003891116,29188,1507.2701026570346,1179.5314655779246,5479.6685,2.592082,1205.6759,0.90506226,6701.4507,3.3479252,0,,,,,1507.2701026570346,0.00036428854,1179.5314655779246,0.00030038093,-0.015924115,0.035162024
1835.6396887089002,6703.331,3.3466575,0.0038908666,29192,1507.2693115512634,1179.5306381694186,5473.749,2.5911005,1212.7635,0.9036339,6703.331,3.3466575,0,,,,,1507.2693115512634,0.00036472228,1179.5306381694186,0.0003006022,-0.016846422,0.034713697
1835.6605219696937,6705.62,3.3479135,0.0038908029,29193,1507.2697116377497,1179.5305800584417,5483.028,2.592073,1207.8444,0.9062013,6705.62,3.3479135,0,,,,,1507.2697116377497,0.00036428898,1179.5305800584417,0.0002999938,-0.016545579,0.034031432
1835.6813552297901,6703.414,3.3437529,0.0038907384,29194,1507.2690524434047,1179.530608976287,5474.341,2.5888515,1208.7861,0.9035877,6703.414,3.3437529,0,,,,,1507.2690524434047,0.00036466055,1179.530608976287,0.00029991815,-0.01645009,0.035080634
1835.7021884894211,6711.242,3.3460846,0.0038906734,29195,1507.2715680618048,1179.5310431506812,5487.039,2.5906568,1206.622,0.90365565,6711.242,3.3460846,0,,,,,1507.2715680618048,0.00036405085,1179.5310431506812,0.00029945967,-0.015023665,0.03450597
1835.7230217483527,6702.6606,3.3441885,0.0038906077,29196,1507.2702591732295,1179.5299949449604,5473.991,2.5891888,1209.1132,0.90422755,6702.6606,3.3441885,0,,,,,1507.2702591732295,0.0003648243,1179.5299949449604,0.00029997365,-0.0153342085,0.033513058
1835.743855006586,6698.9346,3.3465292,0.0038905414,29197,1507.2693952456636,1179.5313158857855,5477.0884,2.591001,1207.5466,0.90545946,6698.9346,3.3465292,0,,,,,1507.2693952456636,0.00036477388,1179.5313158857855,0.00030006762,-0.01594064,0.03434401
1835.7646882643537,6708.353,3.3496194,0.0038904746,29198,1507.2695195921392,1179.5316377942322,5485.438,2.5933936,1208.359,0.90431434,6708.353,3.3496194,0,,,,,1507.2695195921392,0.00036452108,1179.5316377942322,0.00030005779,-0.015872024,0.034162115
1835.7855215214227,6706.637,3.350015,0.003890407,29199,1507.2697370227907,1179.5305445535214,5486.315,2.5937,1207.464,0.9036135,6706.637,3.350015,0,,,,,1507.2697370227907,0.00036395222,1179.5305445535214,0.0003004036,-0.016685354,0.033801384
1835.806354777793,6708.213,3.3451533,0.0038903388,29200,1507.2693659273993,1179.5303338721133,5485.016,2.589936,1206.9666,0.90292436,6708.213,3.3451533,0,,,,,1507.2693659273993,0.0003640283,1179.5303338721133,0.0002994889,-0.016450856,0.033444043
1835.8271880336981,6703.671,3.347558,0.0038902701,29201,1507.2707140502937,1179.5323525223603,5476.3374,2.5917976,1208.5544,0.90537983,6703.671,3.347558,0,,,,,1507.2707140502937,0.0003653033,1179.5323525223603,0.00030008558,-0.014620102,0.036204476
1835.8480212889046,6710.8022,3.3448927,0.0038902008,29202,1507.2699968741197,1179.5303917969104,5486.5234,2.589734,1207.9064,0.9025697,6710.8022,3.3448927,0,,,,,1507.2699968741197,0.00036401063,1179.5303917969104,0.00029936148,-0.016374934,0.03345487
1835.868854543646,6703.3,3.3450866,0.003890131,29203,1507.2691424099846,1179.5305832053198,5480.4565,2.589884,1207.864,0.90438336,6703.3,3.3450866,0,,,,,1507.2691424099846,0.00036427553,1179.5305832053198,0.00029971538,-0.01680193,0.033726096
1835.8896877976888,6706.626,3.3466682,0.0038900604,29204,1507.2700169631632,1179.5310464146057,5483.2935,2.5911088,1208.3782,0.9038765,6706.626,3.3466682,0,,,,,1507.2700169631632,0.00036490243,1179.5310464146057,0.00029961567,-0.016047139,0.03353634
1835.910521051032,6702.326,3.3451211,0.003889989,29205,1507.2690326527622,1179.5309561065517,5480.1772,2.589911,1208.1807,0.9028392,6702.326,3.3451211,0,,,,,1507.2690326527622,0.00036439806,1179.5309561065517,0.00029980697,-0.016767818,0.033606865
1835.9313543039095,6705.3506,3.3455937,0.0038899174,29206,1507.2691522349996,1179.5309178541022,5483.0566,2.590277,1209.4681,0.9039367,6705.3506,3.3455937,0,,,,,1507.2691522349996,0.00036430178,1179.5309178541022,0.00029952763,-0.016459944,0.033619728
1835.9521875560888,6702.821,3.3445587,0.003889845,29207,1507.27061187968,1179.531481103648,5477.789,2.5894756,1209.1595,0.9035242,6702.821,3.3445587,0,,,,,1507.27061187968,0.00036446165,1179.531481103648,0.0002998628,-0.014823636,0.035194565
1835.9730208075707,6704.3413,3.3468807,0.0038897719,29208,1507.270136213247,1179.5307255346725,5482.883,2.591273,1208.1345,0.90382457,6704.3413,3.3468807,0,,,,,1507.270136213247,0.00036494987,1179.5307255346725,0.00029970868,-0.015626192,0.033706777
1835.993854058587,6700.5557,3.3478034,0.0038896983,29209,1507.2708960473183,1179.5310672794326,5480.114,2.5919876,1210.1708,0.90446085,6700.5557,3.3478034,0,,,,,1507.2708960473183,0.0003650113,1179.5310672794326,0.000300017,-0.015118794,0.033920314
1836.0146873089038,6704.0557,3.3465896,0.003889624,29210,1507.2694730769429,1179.5308603691567,5484.356,2.5910478,1207.8223,0.9055948,6704.0557,3.3465896,0,,,,,1507.2694730769429,0.00036394657,1179.5308603691567,0.00029960016,-0.016252792,0.033108696
1836.035520558755,6707.2676,3.3477876,0.0038895493,29211,1507.2693540951361,1179.5310394631317,5487.334,2.5919755,1208.2382,0.9059096,6707.2676,3.3477876,0,,,,,1507.2693540951361,0.0003643539,1179.5310394631317,0.00029946506,-0.016062079,0.033354495
1836.0563538079073,6701.1924,3.3498433,0.0038894739,29212,1507.2693613044469,1179.5303709286031,5479.568,2.593567,1209.535,0.904564,6701.1924,3.3498433,0,,,,,1507.2693613044469,0.00036542103,1179.5303709286031,0.000300466,-0.016700447,0.032624524
1836.0771870563615,6697.301,3.344601,0.0038893977,29213,1507.2696113259199,1179.5305437491645,5478.178,2.589508,1209.723,0.90403146,6697.301,3.344601,0,,,,,1507.2696113259199,0.0003645152,1179.5305437491645,0.000299829,-0.016307995,0.03257249
1836.098020304351,6703.2627,3.34578,0.0038893211,29214,1507.2702693359759,1179.5308066056368,5479.9927,2.5904207,1208.8075,0.9039075,6703.2627,3.34578,0,,,,,1507.2702693359759,0.00036490953,1179.5308066056368,0.00029980217,-0.01580565,0.032874465
1836.118853551641,6700.4404,3.344751,0.0038892438,29215,1507.2686763982388,1179.5306460993384,5477.801,2.5896242,1209.3966,0.9038233,6700.4404,3.344751,0,,,,,1507.2686763982388,0.000364498,1179.5306460993384,0.00029985126,-0.017231403,0.033194155
1836.1396867984656,6705.945,3.3452907,0.003889166,29216,1507.2710632625854,1179.530437940324,5484.97,2.5900424,1208.2595,0.90342486,6705.945,3.3452907,0,,,,,1507.2710632625854,0.00036410257,1179.530437940324,0.00029942865,-0.0149153685,0.032865632
1836.1605200445922,6700.0664,3.350008,0.0038890876,29217,1507.2701655534245,1179.531330634006,5475.7866,2.5936947,1209.5297,0.90720105,6700.0664,3.350008,0,,,,,1507.2701655534245,0.00036591484,1179.531330634006,0.00030033523,-0.016181925,0.033713136
1836.1813532900198,6697.6143,3.34406,0.0038890084,29218,1507.270885971242,1179.5312912588995,5477.0913,2.5890892,1208.5653,0.90411085,6697.6143,3.34406,0,,,,,1507.270885971242,0.00036471273,1179.5312912588995,0.0002997581,-0.015366806,0.033363555
1836.202186534981,6703.7705,3.348151,0.0038889288,29219,1507.2701059143003,1179.531927280839,5480.5137,2.5922568,1209.24,0.9072078,6703.7705,3.348151,0,,,,,1507.2701059143003,0.00036502836,1179.531927280839,0.00029998217,-0.015731586,0.03349392
1836.2230197792444,6699.0137,3.3447087,0.0038888485,29220,1507.2705077145847,1179.53113989349,5475.161,2.5895915,1210.1309,0.90366274,6699.0137,3.3447087,0,,,,,1507.2705077145847,0.00036528017,1179.53113989349,0.00029991395,-0.014887762,0.03308117
1836.2438530230422,6706.8706,3.345091,0.0038887677,29221,1507.270063429922,1179.530008508161,5483.227,2.5898874,1208.8353,0.90309733,6706.8706,3.345091,0,,,,,1507.270063429922,0.00036445382,1179.530008508161,0.00029959035,-0.016069701,0.031809054
1836.264686266142,6701.9087,3.344168,0.0038886862,29222,1507.2698809636167,1179.5291382615028,5475.785,2.589173,1209.6123,0.9033825,6701.9087,3.344168,0,,,,,1507.2698809636167,0.0003650132,1179.5291382615028,0.00029996954,-0.016630206,0.03157269
1836.2855195085433,6702.0264,3.3478649,0.003888604,29223,1507.2694454212487,1179.5290965886077,5478.2656,2.592035,1210.2725,0.90490407,6702.0264,3.3478649,0,,,,,1507.2694454212487,0.00036504096,1179.5290965886077,0.000300431,-0.016478911,0.03104222
1836.3063527504785,6709.8237,3.3468525,0.0038885213,29224,1507.2686711940155,1179.5299355865614,5488.98,2.5912516,1207.9628,0.9040075,6709.8237,3.3468525,0,,,,,1507.2686711940155,0.00036375443,1179.5299355865614,0.0002994386,-0.017085228,0.032699414
1836.3271859917143,6707.214,3.3464217,0.003888438,29225,1507.2701422533191,1179.5298968481322,5486.479,2.5909178,1209.1544,0.90332067,6707.214,3.3464217,0,,,,,1507.2701422533191,0.0003641894,1179.5298968481322,0.00029961002,-0.016523704,0.03229865
1836.3480192324846,6706.4834,3.3441014,0.0038883542,29226,1507.271478218641,1179.5311940462593,5483.8354,2.5891213,1206.7429,0.90220076,6706.4834,3.3441014,0,,,,,1507.271478218641,0.00036391118,1179.5311940462593,0.00029949553,-0.014651159,0.034150094
1836.3688524725578,6704.4478,3.3460796,0.0038882697,29227,1507.2715340100658,1179.5301490285647,5484.1294,2.590653,1207.838,0.9060686,6704.4478,3.3460796,0,,,,,1507.2715340100658,0.00036408895,1179.5301490285647,0.00029944556,-0.014973793,0.032064855
1836.3896857119323,6702.0854,3.3458343,0.0038881844,29228,1507.2694282508453,1179.5298176876806,5482.014,2.590463,1208.5344,0.9036575,6702.0854,3.3458343,0,,,,,1507.2694282508453,0.0003645814,1179.5298176876806,0.00029978465,-0.017237876,0.031550355
1836.4105189508407,6706.4443,3.3476868,0.0038880988,29229,1507.270365635072,1179.5299997141958,5487.35,2.5918975,1206.7305,0.9032933,6706.4443,3.3476868,0,,,,,1507.270365635072,0.0003643946,1179.5299997141958,0.0002996544,-0.015649112,0.03194638
1836.4313521890504,6702.3345,3.3460588,0.0038880124,29230,1507.2702424694473,1179.5303395129768,5486.118,2.590637,1208.1741,0.90393543,6702.3345,3.3460588,0,,,,,1507.2702424694473,0.0003639697,1179.5303395129768,0.00029946305,-0.015753662,0.03240869
1836.4521854265624,6704.7847,3.346108,0.0038879253,29231,1507.2694157324659,1179.5302953518978,5486.6543,2.5906749,1207.6215,0.9033996,6704.7847,3.346108,0,,,,,1507.2694157324659,0.00036400068,1179.5302953518978,0.00029947804,-0.016299013,0.031967036
1836.473018663608,6703.493,3.3513484,0.0038878378,29232,1507.2703576583772,1179.5300740173564,5484.772,2.5947323,1207.6483,0.90370804,6703.493,3.3513484,0,,,,,1507.2703576583772,0.0003645371,1179.5300740173564,0.00030073614,-0.01581006,0.03212454
1836.4938519001873,6707.5728,3.3452547,0.0038877497,29233,1507.2698160733405,1179.5299317852282,5489.2803,2.5900145,1206.7295,0.9025554,6707.5728,3.3452547,0,,,,,1507.2698160733405,0.00036362474,1179.5299317852282,0.00029915496,-0.016520252,0.032187894
1836.5146851360687,6706.39,3.3463984,0.003887661,29234,1507.2696270869906,1179.5289390906241,5483.2954,2.5908997,1209.3373,0.904749,6706.39,3.3463984,0,,,,,1507.2696270869906,0.00036415106,1179.5289390906241,0.00029968988,-0.016210139,0.031751685
1836.5355183712516,6703.8774,3.3458169,0.0038875716,29235,1507.2697713717935,1179.5314828656906,5484.484,2.5904496,1208.8055,0.90404695,6703.8774,3.3458169,0,,,,,1507.2697713717935,0.0003640412,1179.5314828656906,0.00029944465,-0.015364963,0.033801563
1836.5563516057368,6703.438,3.3470619,0.0038874815,29236,1507.2701525735422,1179.530430042663,5486.1724,2.5914135,1207.6344,0.90366566,6703.438,3.3470619,0,,,,,1507.2701525735422,0.00036416235,1179.530430042663,0.00029960155,-0.015929805,0.032516874
1836.5771848397565,6704.6035,3.3512475,0.003887391,29237,1507.2694390872296,1179.5291878758392,5485.729,2.594654,1209.5271,0.90420663,6704.6035,3.3512475,0,,,,,1507.2694390872296,0.0003644666,1179.5291878758392,0.00030057912,-0.016178422,0.031051524
1836.5980180733093,6705.4536,3.348257,0.0038873,29238,1507.2691469722954,1179.5300803810492,5487.563,2.592339,1207.6722,0.90536284,6705.4536,3.348257,0,,,,,1507.2691469722954,0.00036413062,1179.5300803810492,0.00029958037,-0.016739177,0.031506635
1836.6188513059305,6702.939,3.3479264,0.003887208,29239,1507.2693558851129,1179.5299420827428,5484.2876,2.5920827,1208.0654,0.9032295,6702.939,3.3479264,0,,,,,1507.2693558851129,0.0003641999,1179.5299420827428,0.00030003357,-0.016398475,0.031635445
1836.639684538319,6706.7964,3.348391,0.0038871157,29240,1507.2699370284622,1179.5296870711961,5487.758,2.5924425,1206.9281,0.9043773,6706.7964,3.348391,0,,,,,1507.2699370284622,0.00036461584,1179.5296870711961,0.00029950685,-0.01579673,0.031848885
1836.6605177697772,6704.5728,3.3487873,0.0038870226,29241,1507.2694487695444,1179.5289394711288,5486.5493,2.5927494,1208.4906,0.90464365,6704.5728,3.3487873,0,,,,,1507.2694487695444,0.00036426802,1179.5289394711288,0.0002997256,-0.016089158,0.030988365
1836.6813510007698,6704.8696,3.3475478,0.003886929,29242,1507.2694443993264,1179.5299980284417,5488.547,2.5917897,1208.3856,0.9044688,6704.8696,3.3475478,0,,,,,1507.2694443993264,0.0003640635,1179.5299980284417,0.00029935912,-0.016620886,0.031837653
1836.7021842312963,6703.8467,3.3463476,0.003886835,29243,1507.2698507342454,1179.5301366506521,5488.0503,2.5908606,1209.0062,0.9038338,6703.8467,3.3463476,0,,,,,1507.2698507342454,0.0003636826,1179.5301366506521,0.00029942265,-0.01594087,0.03183279
1836.7230174611243,6696.873,3.346473,0.0038867402,29244,1507.271075889918,1179.5303767470864,5480.196,2.5909576,1209.0233,0.9035861,6696.873,3.346473,0,,,,,1507.271075889918,0.00036419008,1179.5303767470864,0.00030008116,-0.014978091,0.033234116
1836.7438506902536,6701.9233,3.3471537,0.0038866447,29245,1507.2700940254279,1179.5293609205903,5484.79,2.5914843,1208.5533,0.90389514,6701.9233,3.3471537,0,,,,,1507.2700940254279,0.00036476972,1179.5293609205903,0.00029963473,-0.016270097,0.03138667
1836.7646839186853,6705.6704,3.3474078,0.0038865486,29246,1507.2695192972574,1179.5299020904658,5487.975,2.5916812,1208.5781,0.9036534,6705.6704,3.3474078,0,,,,,1507.2695192972574,0.00036414422,1179.5299020904658,0.00029950074,-0.016478954,0.031471197
1836.7855171466504,6698.0645,3.3460612,0.003886452,29247,1507.2695282224097,1179.5292886716759,5482.3154,2.5906389,1208.5435,0.90327287,6698.0645,3.3460612,0,,,,,1507.2695282224097,0.000364257,1179.5292886716759,0.00029985807,-0.015877696,0.03041444
1836.8063503741494,6703.025,3.3512657,0.0038863549,29248,1507.2697945872126,1179.5296601956782,5487.3887,2.5946684,1208.368,0.9072053,6703.025,3.3512657,0,,,,,1507.2697945872126,0.00036412745,1179.5296601956782,0.00030013762,-0.01583808,0.030564575
1836.8271836009503,6703.686,3.3462005,0.003886257,29249,1507.2709093964754,1179.5293904591624,5487.49,2.5907464,1208.2711,0.9033803,6703.686,3.3462005,0,,,,,1507.2709093964754,0.00036373112,1179.5293904591624,0.0002994832,-0.015500198,0.031091208
1836.8480168270537,6709.664,3.3491185,0.0038861586,29250,1507.270059625743,1179.5295448617273,5492.518,2.593006,1209.4513,0.90419793,6709.664,3.3491185,0,,,,,1507.270059625743,0.00036361488,1179.5295448617273,0.0002994845,-0.016071053,0.031145716
1836.8688500526912,6710.9385,3.3493388,0.0038860596,29251,1507.2693483641544,1179.5286774207527,5493.3604,2.5931764,1208.0566,0.90465456,6710.9385,3.3493388,0,,,,,1507.2693483641544,0.00036409995,1179.5286774207527,0.0002994035,-0.016605858,0.0295766
1836.8896832776297,6699.354,3.3493326,0.00388596,29252,1507.2696899884754,1179.5290919475578,5483.576,2.5931716,1207.9242,0.9047611,6699.354,3.3493326,0,,,,,1507.2696899884754,0.00036587418,1179.5290919475578,0.00029978983,-0.016671393,0.030433696
1836.9105165021024,6702.6865,3.351676,0.0038858599,29253,1507.2694658868425,1179.5299737589153,5487.691,2.594986,1206.982,0.90364665,6702.6865,3.351676,0,,,,,1507.2694658868425,0.00036424954,1179.5299737589153,0.0003005328,-0.015956547,0.03157136
1836.931349725876,6707.168,3.3490994,0.003885759,29254,1507.2699153106078,1179.5292356389232,5491.7935,2.592991,1207.9285,0.90369684,6707.168,3.3490994,0,,,,,1507.2699153106078,0.00036424043,1179.5292356389232,0.0002994802,-0.016381897,0.03071525
1836.9521829489518,6699.4844,3.3459816,0.0038856575,29255,1507.2704070100847,1179.529742169521,5484.0513,2.5905771,1208.1721,0.90539175,6699.4844,3.3459816,0,,,,,1507.2704070100847,0.00036387276,1179.529742169521,0.00029951672,-0.015576757,0.032253873
1836.9730161715627,6704.1323,3.3464935,0.0038855555,29256,1507.26916074344,1179.5295858924046,5489.2935,2.5909736,1208.7872,0.9034617,6704.1323,3.3464935,0,,,,,1507.26916074344,0.00036377582,1179.5295858924046,0.00029926858,-0.01668158,0.0307731
1836.9938493934742,6701.297,3.3509245,0.0038854529,29257,1507.2699262463295,1179.530014494221,5485.7666,2.5944042,1210.0768,0.9052281,6701.297,3.3509245,0,,,,,1507.2699262463295,0.00036426072,1179.530014494221,0.0003003251,-0.015723808,0.03154528
1837.01468261492,6702.0854,3.3462987,0.0038853497,29258,1507.2701939789001,1179.5290701526244,5486.0776,2.5908227,1208.3057,0.90439,6702.0854,3.3462987,0,,,,,1507.2701939789001,0.0003639257,1179.5290701526244,0.00029941162,-0.016115127,0.03099981
1837.0355158356676,6700.82,3.346392,0.0038852459,29259,1507.2697689175682,1179.5295893159803,5484.429,2.5908947,1208.7778,0.9040441,6700.82,3.346392,0,,,,,1507.2697689175682,0.00036422847,1179.5295893159803,0.00029957938,-0.015975999,0.030572714
1837.0563490557172,6702.5645,3.3499253,0.0038851413,29260,1507.2696428817667,1179.5286376734489,5486.318,2.5936303,1209.0243,0.90452653,6702.5645,3.3499253,0,,,,,1507.2696428817667,0.00036434626,1179.5286376734489,0.0003001436,-0.016062995,0.029972134
1837.0771822753013,6702.8184,3.346455,0.0038850363,29261,1507.2703536255387,1179.528581689137,5486.958,2.5909438,1208.5112,0.9036076,6702.8184,3.346455,0,,,,,1507.2703536255387,0.0003640264,1179.528581689137,0.0002994656,-0.01638823,0.029111646
1837.0980154941856,6705.7627,3.347557,0.0038849306,29262,1507.2697185062395,1179.5287157269292,5487.8916,2.5917969,1208.3615,0.90344685,6705.7627,3.347557,0,,,,,1507.2697185062395,0.00036383662,1179.5287157269292,0.00029965644,-0.016544295,0.030281352
1837.118848712604,6707.9526,3.3475769,0.0038848245,29263,1507.2699892109642,1179.5284218555091,5490.9136,2.5918124,1207.0138,0.90359294,6707.9526,3.3475769,0,,,,,1507.2699892109642,0.0003641055,1179.5284218555091,0.00029936433,-0.016120045,0.03049365
1837.1396819303252,6703.6055,3.351198,0.0038847176,29264,1507.269890473315,1179.5284501876502,5489.563,2.5946157,1207.6191,0.9045858,6703.6055,3.351198,0,,,,,1507.269890473315,0.0003639334,1179.5284501876502,0.00030024775,-0.016667362,0.029902043
1837.160515147581,6702.6226,3.348536,0.0038846103,29265,1507.2694883611325,1179.5286602465158,5489.939,2.5925548,1207.6997,0.90356874,6702.6226,3.348536,0,,,,,1507.2694883611325,0.0003636675,1179.5286602465158,0.00029979544,-0.016669642,0.029773556
1837.1813483641374,6700.5034,3.346474,0.0038845022,29266,1507.2699176727162,1179.5286723673526,5486.208,2.5909586,1208.5432,0.90299666,6700.5034,3.346474,0,,,,,1507.2699176727162,0.00036402463,1179.5286723673526,0.00029955065,-0.015778482,0.030651676
1837.2021815799956,6701.1113,3.346266,0.0038843935,29267,1507.270095307923,1179.529748523406,5485.4126,2.5907974,1208.7147,0.9037893,6701.1113,3.346266,0,,,,,1507.270095307923,0.00036393272,1179.529748523406,0.0002995947,-0.015837513,0.032416042
1837.223014795388,6702.2544,3.3479934,0.0038842843,29268,1507.2705205301168,1179.5284092137877,5486.802,2.5921347,1209.1874,0.90708166,6702.2544,3.3479934,0,,,,,1507.2705205301168,0.00036385376,1179.5284092137877,0.0002995988,-0.015270143,0.02980796
1837.2438480103153,6713.0156,3.3511703,0.0038841746,29269,1507.2698751474866,1179.5278531273018,5495.8696,2.5945942,1207.3625,0.9042564,6713.0156,3.3511703,0,,,,,1507.2698751474866,0.00036494763,1179.5278531273018,0.00029939588,-0.016282205,0.029385474
1837.2646812243108,6708.432,3.3478189,0.003884064,29270,1507.2703088665787,1179.5293496024394,5491.9688,2.5919995,1208.9752,0.90393186,6708.432,3.3478189,0,,,,,1507.2703088665787,0.00036409215,1179.5293496024394,0.00029920496,-0.015347361,0.030504612
1837.2855144378398,6706.8574,3.3547277,0.003883953,29271,1507.2699951590387,1179.5279199895797,5491.768,2.597349,1209.2285,0.904835,6706.8574,3.3547277,0,,,,,1507.2699951590387,0.00036406284,1179.5279199895797,0.0003008,-0.016309794,0.029075505
1837.3063476509037,6706.2373,3.3506482,0.0038838414,29272,1507.2694865954418,1179.5287638550697,5489.471,2.5941901,1209.551,0.90640056,6706.2373,3.3506482,0,,,,,1507.2694865954418,0.0003639769,1179.5287638550697,0.00029987967,-0.016615547,0.02972013
1837.3271808632692,6705.301,3.3468747,0.0038837292,29273,1507.2701155435375,1179.5281582294124,5490.511,2.5912685,1208.8048,0.90344507,6705.301,3.3468747,0,,,,,1507.2701155435375,0.00036370513,1179.5281582294124,0.00029938895,-0.016021302,0.028726216
1837.348014074937,6704.054,3.3464313,0.0038836163,29274,1507.269072805586,1179.5285359513489,5489.353,2.590925,1210.3212,0.90312535,6704.054,3.3464313,0,,,,,1507.269072805586,0.00036400184,1179.5285359513489,0.0002992231,-0.016609093,0.028644908
1837.3688472861393,6704.657,3.3474715,0.003883503,29275,1507.2699383884753,1179.5282017498478,5492.103,2.5917306,1208.8916,0.90363544,6704.657,3.3474715,0,,,,,1507.2699383884753,0.00036379282,1179.5282017498478,0.00029924995,-0.01585645,0.029013928
1837.389680496875,6709.2646,3.34679,0.003883389,29276,1507.2704855512918,1179.528007530006,5492.223,2.5912032,1207.5989,0.9030297,6709.2646,3.34679,0,,,,,1507.2704855512918,0.00036356944,1179.528007530006,0.00029931066,-0.015124798,0.030043704
1837.4105137066792,6704.447,3.347995,0.0038832743,29277,1507.2700145764954,1179.5280223834243,5489.8193,2.5921361,1209.48,0.9032673,6704.447,3.347995,0,,,,,1507.2700145764954,0.00036360836,1179.5280223834243,0.00029968788,-0.016478928,0.029001506
1837.4313469160174,6702.7524,3.3467638,0.003883159,29278,1507.269830664927,1179.5281888483594,5488.294,2.5911827,1209.2578,0.9055923,6702.7524,3.3467638,0,,,,,1507.269830664927,0.0003636615,1179.5281888483594,0.00029933554,-0.016710557,0.029420942
1837.4521801248904,6703.589,3.3496447,0.0038830433,29279,1507.2697420882012,1179.5285546741343,5489.8735,2.593413,1208.3728,0.90640557,6703.589,3.3496447,0,,,,,1507.2697420882012,0.00036371144,1179.5285546741343,0.0002997241,-0.016262366,0.029469723
1837.4730133330659,6705.587,3.3474214,0.003882927,29280,1507.269553133782,1179.5277954907424,5491.676,2.5916917,1207.8766,0.903125,6705.587,3.3474214,0,,,,,1507.269553133782,0.0003635163,1179.5277954907424,0.0002994152,-0.016592566,0.028512234
1837.4938465405419,6707.1016,3.355239,0.0038828098,29281,1507.2694485986005,1179.527881028282,5495.149,2.5977445,1207.5718,0.9051955,6707.1016,3.355239,0,,,,,1507.2694485986005,0.00036400708,1179.527881028282,0.00030061483,-0.015761945,0.029035334
1837.5146797475525,6701.1006,3.3463888,0.0038826922,29282,1507.2698209211226,1179.528643898071,5489.1772,2.5908923,1209.1102,0.90297586,6701.1006,3.3463888,0,,,,,1507.2698209211226,0.00036380978,1179.528643898071,0.0002992641,-0.015977683,0.029604204
1837.5355129540978,6697.824,3.3462758,0.0038825742,29283,1507.269960507415,1179.5274873179987,5485.5234,2.5908046,1209.791,0.90524805,6697.824,3.3462758,0,,,,,1507.269960507415,0.0003636683,1179.5274873179987,0.00029953397,-0.016186196,0.028821064
1837.5563461597121,6706.3164,3.3474054,0.0038824552,29284,1507.2693905060955,1179.5281421332927,5492.985,2.5916796,1207.7217,0.90430117,6706.3164,3.3474054,0,,,,,1507.2693905060955,0.0003634467,1179.5281421332927,0.00029909963,-0.016592931,0.02894423
1837.5771793650927,6705.222,3.3470426,0.003882336,29285,1507.2695304921017,1179.5287026842807,5493.0083,2.5913987,1208.4971,0.9027341,6705.222,3.3470426,0,,,,,1507.2695304921017,0.00036341266,1179.5287026842807,0.0002992342,-0.016263554,0.029274117
1837.598012569542,6710.201,3.3472455,0.0038822158,29286,1507.2700908600518,1179.5276108261132,5497.4746,2.5915556,1208.1041,0.9029989,6710.201,3.3472455,0,,,,,1507.2700908600518,0.00036321406,1179.5276108261132,0.0002990156,-0.015974872,0.028864997
1837.618845773525,6700.6196,3.3477852,0.0038820952,29287,1507.2696855384552,1179.5288508358701,5489.267,2.5919735,1208.7864,0.90394837,6700.6196,3.3477852,0,,,,,1507.2696855384552,0.0003639868,1179.5288508358701,0.00029942257,-0.016065562,0.02928675
1837.639678977043,6700.3325,3.346131,0.0038819741,29288,1507.269747010576,1179.5279202349034,5489.727,2.5906928,1209.0624,0.90293396,6700.3325,3.346131,0,,,,,1507.269747010576,0.00036368438,1179.5279202349034,0.00029932632,-0.016739568,0.028908541
1837.6605121798632,6701.4077,3.348042,0.0038818524,29289,1507.2696038569868,1179.5283678416822,5490.4575,2.5921724,1209.5693,0.9035898,6701.4077,3.348042,0,,,,,1507.2696038569868,0.00036354607,1179.5283678416822,0.00029965673,-0.016459554,0.029231142
1837.6813453819843,6701.692,3.3471828,0.00388173,29290,1507.2704894943847,1179.5273402050314,5490.2407,2.591507,1209.0602,0.9031201,6701.692,3.3471828,0,,,,,1507.2704894943847,0.00036369814,1179.5273402050314,0.0002995764,-0.015682941,0.028647333
1837.7021785836398,6697.899,3.3463428,0.003881607,29291,1507.2694904611808,1179.5276364618867,5488.6196,2.5908568,1208.5002,0.90300137,6697.899,3.3463428,0,,,,,1507.2694904611808,0.00036352768,1179.5276364618867,0.00029941465,-0.016762985,0.028056005
1837.7230117845966,6709.2593,3.3485143,0.0038814833,29292,1507.2708814740945,1179.5277036648995,5496.3643,2.592538,1208.2723,0.9037446,6709.2593,3.3485143,0,,,,,1507.2708814740945,0.0003634172,1179.5277036648995,0.00029920606,-0.015495096,0.028722532
1837.7438449850886,6703.101,3.3468525,0.0038813592,29293,1507.2704602275637,1179.528330770761,5493.001,2.5912514,1209.3478,0.90297234,6703.101,3.3468525,0,,,,,1507.2704602275637,0.0003635139,1179.528330770761,0.00029910076,-0.015774803,0.028435199
1837.7646781848819,6705.0835,3.3479512,0.0038812344,29294,1507.27058892368,1179.5279407819703,5493.749,2.592102,1209.1095,0.90325737,6705.0835,3.3479512,0,,,,,1507.27058892368,0.00036369113,1179.5279407819703,0.000299203,-0.01580654,0.028258057
1837.785511384209,6702.956,3.348686,0.0038811092,29295,1507.2698787187924,1179.5278719220155,5491.9043,2.592671,1209.9177,0.9039952,6702.956,3.348686,0,,,,,1507.2698787187924,0.00036364945,1179.5278719220155,0.0002995363,-0.015773138,0.028615437
1837.8063445828368,6714.3843,3.3510365,0.0038809832,29296,1507.2702372561364,1179.5278985608977,5501.0244,2.5944908,1207.6342,0.9043422,6714.3843,3.3510365,0,,,,,1507.2702372561364,0.0003636746,1179.5278985608977,0.00029897506,-0.015781691,0.028571766
1837.827177780767,6699.855,3.3480144,0.0038808566,29297,1507.2710654559276,1179.528109228184,5489.784,2.592151,1210.2755,0.9052655,6699.855,3.3480144,0,,,,,1507.2710654559276,0.00036371572,1179.528109228184,0.00029939794,-0.015636068,0.028342988
1837.848010978232,6702.4404,3.3482347,0.0038807294,29298,1507.2701281176473,1179.5279875144413,5491.4375,2.5923214,1209.744,0.90395594,6702.4404,3.3482347,0,,,,,1507.2701281176473,0.0003636943,1179.5279875144413,0.00029944614,-0.016211735,0.028219052
1837.868844174998,6701.8696,3.3495233,0.0038806016,29299,1507.2693724918659,1179.5283477432267,5492.733,2.5933194,1210.0073,0.9047528,6701.8696,3.3495233,0,,,,,1507.2693724918659,0.0003636367,1179.5283477432267,0.0002994622,-0.015767973,0.028657556
1837.8896773712981,6702.854,3.348937,0.0038804733,29300,1507.2710417300095,1179.5270323558357,5493.437,2.5928652,1208.543,0.90495783,6702.854,3.348937,0,,,,,1507.2710417300095,0.00036348225,1179.5270323558357,0.00029944855,-0.015232149,0.028008502
1837.9105105668998,6711.186,3.3506455,0.0038803443,29301,1507.2701875605705,1179.527491373874,5499.834,2.594188,1209.249,0.9059661,6711.186,3.3506455,0,,,,,1507.2701875605705,0.00036355198,1179.527491373874,0.00029903898,-0.015931835,0.028110147
1837.9313437620367,6706.958,3.3473463,0.0038802149,29302,1507.2702864591404,1179.5272609385847,5496.9204,2.5916338,1209.5366,0.902952,6706.958,3.3473463,0,,,,,1507.2702864591404,0.00036336065,1179.5272609385847,0.00029894794,-0.015545945,0.02770839
1837.9521769564751,6703.029,3.347862,0.0038800847,29303,1507.2705090559848,1179.5277602628928,5493.915,2.592033,1210.4604,0.9042534,6703.029,3.347862,0,,,,,1507.2705090559848,0.00036350446,1179.5277602628928,0.0002992163,-0.015626723,0.028348533
1837.9730101504467,6704.3877,3.346694,0.003879954,29304,1507.270561477866,1179.5274573157317,5495.6436,2.5911288,1208.1913,0.9030245,6704.3877,3.346694,0,,,,,1507.270561477866,0.0003632131,1179.5274573157317,0.00029897992,-0.015413258,0.028446836
1837.9938433437196,6709.51,3.3494556,0.0038798228,29305,1507.2709200785634,1179.5271282271801,5498.713,2.5932667,1209.8629,0.90402913,6709.51,3.3494556,0,,,,,1507.2709200785634,0.0003633269,1179.5271282271801,0.00029916485,-0.015480395,0.027728565
1838.014676536294,6703.6616,3.3482685,0.0038796908,29306,1507.2697685749833,1179.5268921224954,5495.188,2.5923476,1209.0758,0.903501,6703.6616,3.3482685,0,,,,,1507.2697685749833,0.00036352998,1179.5268921224954,0.00029931605,-0.015597697,0.027518557
1838.035509728404,6702.3413,3.347044,0.0038795583,29307,1507.270292121504,1179.5273210312064,5493.832,2.5913997,1208.3809,0.90345734,6702.3413,3.347044,0,,,,,1507.270292121504,0.00036334404,1179.5273210312064,0.00029911546,-0.015112013,0.027630845
1838.056342920048,6707.686,3.3496737,0.0038794253,29308,1507.2704796871374,1179.527131667479,5498.558,2.5934358,1209.3436,0.9049542,6707.686,3.3496737,0,,,,,1507.2704796871374,0.0003634986,1179.527131667479,0.0002990198,-0.015425293,0.027785562
1838.0771761107605,6702.016,3.350419,0.0038792915,29309,1507.2703550773167,1179.5271049815037,5494.597,2.5940127,1210.1577,0.90512407,6702.016,3.350419,0,,,,,1507.2703550773167,0.00036381843,1179.5271049815037,0.00029942402,-0.015893219,0.02735353
1838.0980093012402,6702.527,3.3477383,0.0038791574,29310,1507.27079185955,1179.5273801186513,5494.415,2.591937,1211.2222,0.9033772,6702.527,3.3477383,0,,,,,1507.27079185955,0.00036334438,1179.5273801186513,0.00029919425,-0.015518037,0.027535072
1838.1188424907882,6705.26,3.3477483,0.0038790223,29311,1507.2698374793845,1179.5271942095937,5496.715,2.591945,1209.5317,0.9033238,6705.26,3.3477483,0,,,,,1507.2698374793845,0.00036326336,1179.5271942095937,0.0002990624,-0.01602815,0.027295792
1838.1396756801043,6705.44,3.3547919,0.003878887,29312,1507.2707142424963,1179.5267250382442,5496.5728,2.5973983,1210.1249,0.9059039,6705.44,3.3547919,0,,,,,1507.2707142424963,0.00036345958,1179.5267250382442,0.00030027257,-0.015353288,0.027555887
1838.160508868489,6705.1367,3.3475032,0.0038787508,29313,1507.2708940467005,1179.5268461336136,5495.6143,2.5917554,1209.1729,0.9032121,6705.1367,3.3475032,0,,,,,1507.2708940467005,0.00036335687,1179.5268461336136,0.00029905763,-0.015739067,0.026929647
1838.1813420564074,6701.2583,3.3535929,0.0038786142,29314,1507.270496948066,1179.5268293803204,5492.976,2.5964699,1210.1887,0.9055844,6701.2583,3.3535929,0,,,,,1507.270496948066,0.00036409253,1179.5268293803204,0.0003001155,-0.015464315,0.027641864
1838.2021752438593,6701.8296,3.3524854,0.003878477,29315,1507.2704294075836,1179.5273558679642,5493.457,2.5956128,1211.1932,0.9063524,6701.8296,3.3524854,0,,,,,1507.2704294075836,0.00036447414,1179.5273558679642,0.00029952687,-0.0154426815,0.027067693
1838.2230084306136,6699.617,3.3506403,0.0038783392,29316,1507.270977775501,1179.526939080705,5492.261,2.5941842,1210.1948,0.90608567,6699.617,3.3506403,0,,,,,1507.270977775501,0.0003635946,1179.526939080705,0.0002996563,-0.015194542,0.027340358
1838.24384161667,6703.0757,3.3557866,0.0038782007,29317,1507.2705368668107,1179.5272015953956,5494.59,2.5981684,1210.548,0.9090086,6703.0757,3.3557866,0,,,,,1507.2705368668107,0.00036350024,1179.5272015953956,0.00030043317,-0.015303933,0.027514579
1838.26467480226,6702.63,3.3502638,0.0038780617,29318,1507.2695471568572,1179.5268753513792,5494.6313,2.5938926,1211.1724,0.9044137,6702.63,3.3502638,0,,,,,1507.2695471568572,0.00036436584,1179.5268753513792,0.00029938173,-0.01612813,0.027056877
1838.2855079873843,6703.717,3.3489597,0.0038779222,29319,1507.2707348049166,1179.5264528947137,5495.456,2.5928826,1210.6139,0.90388536,6703.717,3.3489597,0,,,,,1507.2707348049166,0.00036351616,1179.5264528947137,0.00029937265,-0.014890905,0.026332993
1838.3063411718101,6704.987,3.347641,0.003877782,29320,1507.2713397452637,1179.526785668078,5496.351,2.591862,1209.1034,0.9041215,6704.987,3.347641,0,,,,,1507.2713397452637,0.0003632771,1179.526785668078,0.000299014,-0.015276522,0.02709306
1838.3271743555383,6705.22,3.350733,0.0038776412,29321,1507.271040523787,1179.526853143614,5497.404,2.594256,1210.069,0.90491647,6705.22,3.350733,0,,,,,1507.271040523787,0.00036339043,1179.526853143614,0.0002994302,-0.015392862,0.026812162
1838.3480075388009,6667.119,3.3463464,0.0038774998,29322,1507.2712941065586,1179.5266013053706,5469.516,2.5908594,1209.599,0.90512073,6667.119,3.3463464,0,,,,,1507.2712941065586,0.00036475796,1179.5266013053706,0.00030069787,-0.014657678,0.026055615
1838.368840721364,6650.6943,3.343086,0.0038773578,29323,1507.2713103300441,1179.5270275756845,5456.5728,2.5883353,1210.2092,0.905443,6650.6943,3.343086,0,,,,,1507.2713103300441,0.00036538823,1179.5270275756845,0.0003010234,-0.014984307,0.026829146
1838.3896739034615,6647.0015,3.341021,0.0038772153,29324,1507.2702515007197,1179.5267732970951,5452.593,2.5867364,1210.9204,0.90410763,6647.0015,3.341021,0,,,,,1507.2702515007197,0.00036585232,1179.5267732970951,0.00030098172,-0.015580689,0.027175235
1838.4105070848607,6644.5884,3.345871,0.0038770721,29325,1507.2705024942838,1179.5269838322022,5451.5806,2.5904915,1211.7041,0.9050692,6644.5884,3.345871,0,,,,,1507.2705024942838,0.00036613815,1179.5269838322022,0.00030198426,-0.015230961,0.026222691
1838.4313402657942,6646.171,3.3398023,0.0038769285,29326,1507.2696216293336,1179.5270123654848,5451.9937,2.5857928,1210.6896,0.90387344,6646.171,3.3398023,0,,,,,1507.2696216293336,0.00036559548,1179.5270123654848,0.00030076536,-0.015632961,0.02664668
1838.452173446029,6660.18,3.342996,0.0038767841,29327,1507.2709299609705,1179.5269489298303,5463.1953,2.5882654,1211.4946,0.9038338,6660.18,3.342996,0,,,,,1507.2709299609705,0.0003653302,1179.5269489298303,0.0003004905,-0.014891956,0.026295826
1838.4730066255654,6700.6816,3.349247,0.003876639,29328,1507.2711113342496,1179.5262799868085,5495.8906,2.5931053,1210.7457,0.9033013,6700.6816,3.349247,0,,,,,1507.2711113342496,0.00036349913,1179.5262799868085,0.00029933316,-0.015053263,0.02607293
1838.4938398048691,6705.566,3.3483002,0.0038764938,29329,1507.2709475254842,1179.526552299065,5497.588,2.5923722,1211.0312,0.9032941,6705.566,3.3483002,0,,,,,1507.2709475254842,0.00036368877,1179.526552299065,0.00029904346,-0.01525255,0.026218068
1838.514672983242,6705.1836,3.3486722,0.0038763476,29330,1507.2696182346867,1179.5260544463265,5497.836,2.5926604,1210.6818,0.90365046,6705.1836,3.3486722,0,,,,,1507.2696182346867,0.00036344334,1179.5260544463265,0.00029908522,-0.016619705,0.025716534
1838.5355061611494,6699.854,3.3482673,0.0038762009,29331,1507.2720026349787,1179.5260587378737,5492.569,2.592347,1211.0842,0.90390354,6699.854,3.3482673,0,,,,,1507.2720026349787,0.00036397952,1179.5260587378737,0.0002993774,-0.014124723,0.026508383
1838.5563393385903,6707.098,3.3530555,0.0038760537,29332,1507.2716085447148,1179.52606334674,5499.7783,2.5960538,1211.2903,0.9047713,6707.098,3.3530555,0,,,,,1507.2716085447148,0.0003635169,1179.52606334674,0.0002996511,-0.0150084905,0.025522247
1838.577172515333,6706.1934,3.3493617,0.0038759059,29333,1507.2719705958002,1179.526100636463,5498.487,2.593194,1210.4207,0.90353763,6706.1934,3.3493617,0,,,,,1507.2719705958002,0.0003633415,1179.526100636463,0.00029922958,-0.014634144,0.025625076
1838.598005691377,6711.2993,3.3522751,0.0038757573,29334,1507.2714136176933,1179.525961347982,5502.73,2.5954497,1212.4719,0.90650344,6711.2993,3.3522751,0,,,,,1507.2714136176933,0.0003634388,1179.525961347982,0.00029912472,-0.014925978,0.025584128
1838.618838866956,6709.626,3.3519301,0.0038756083,29335,1507.2714239120548,1179.5258202367327,5501.989,2.5951827,1211.0543,0.90891486,6709.626,3.3519301,0,,,,,1507.2714239120548,0.00036343324,1179.5258202367327,0.00029889325,-0.014258253,0.025446318
1838.6396720418359,6700.903,3.347962,0.0038754586,29336,1507.2726135449068,1179.526404719351,5491.266,2.5921104,1212.2212,0.9049578,6700.903,3.347962,0,,,,,1507.2726135449068,0.00036422967,1179.526404719351,0.0002991773,-0.013028993,0.025077863
1838.6605052162492,6699.5947,3.347944,0.0038753084,29337,1507.272378201893,1179.5263710531035,5491.078,2.5920966,1211.559,0.9038197,6699.5947,3.347944,0,,,,,1507.272378201893,0.0003643363,1179.5263710531035,0.00029935292,-0.013942787,0.025062546
1838.6813383901977,6706.3433,3.3513494,0.0038751578,29338,1507.2718672558083,1179.5254682790544,5498.41,2.594733,1213.4283,0.9054823,6706.3433,3.3513494,0,,,,,1507.2718672558083,0.00036406808,1179.5254682790544,0.00029922908,-0.013718778,0.024757745
1838.7021715634476,6702.446,3.3556902,0.0038750065,29339,1507.2720488319353,1179.525609312632,5496.1333,2.5980937,1211.8444,0.9047923,6702.446,3.3556902,0,,,,,1507.2720488319353,0.00036415824,1179.525609312632,0.0003004572,-0.013793836,0.025126362
1838.7438379080866,6703.153,3.3528266,0.003874702,29341,1507.2722770353148,1179.5252449077705,5495.569,2.5958767,1212.3342,0.9056577,6703.153,3.3528266,0,,,,,1507.2722770353148,0.00036443074,1179.5252449077705,0.0002998524,-0.014389149,0.024706678
1838.7646710794738,6706.7046,3.3511355,0.0038745487,29342,1507.2715594304855,1179.5262710252857,5499.0405,2.5945675,1213.0361,0.90514463,6706.7046,3.3511355,0,,,,,1507.2715594304855,0.00036370076,1179.5262710252857,0.0002993221,-0.014066105,0.025736675
1838.7855042503954,6697.4004,3.3492413,0.003874395,29343,1507.272230752948,1179.5257251237479,5490.062,2.5931008,1214.3876,0.90491676,6697.4004,3.3492413,0,,,,,1507.272230752948,0.0003641172,1179.5257251237479,0.00029962853,-0.0139324935,0.025658647
1838.8063374206195,6705.525,3.3493526,0.0038742407,29344,1507.2718663145426,1179.5262183978564,5496.6816,2.5931869,1214.3717,0.9044571,6705.525,3.3493526,0,,,,,1507.2718663145426,0.0003639087,1179.5262183978564,0.00029920886,-0.014112661,0.025919354
1838.8271705903778,6701.2866,3.3495522,0.0038740858,29345,1507.2708077588882,1179.5257232988681,5495.285,2.5933416,1213.2538,0.9042669,6701.2866,3.3495522,0,,,,,1507.2708077588882,0.00036366557,1179.5257232988681,0.0002993788,-0.0142478645,0.025315214
1838.8480037596696,6701.7837,3.349634,0.0038739305,29346,1507.2710886221194,1179.525825494564,5497.0796,2.593405,1212.8112,0.9049686,6701.7837,3.349634,0,,,,,1507.2710886221194,0.00036347762,1179.525825494564,0.00029926555,-0.014414675,0.025247341
1838.86883692803,6706.4062,3.352131,0.0038737743,29347,1507.2723615754987,1179.5263260025433,5500.9717,2.595338,1212.3661,0.9050571,6706.4062,3.352131,0,,,,,1507.2723615754987,0.00036332375,1179.5263260025433,0.00029938668,-0.013996887,0.025324907
1838.8896700961573,6700.183,3.3543274,0.0038736179,29348,1507.271096622355,1179.5252106161029,5495.182,2.5970387,1213.6375,0.9069128,6700.183,3.3543274,0,,,,,1507.271096622355,0.00036409378,1179.5252106161029,0.00030006634,-0.0151721835,0.023988087
1838.9105032635864,6699.544,3.3503006,0.0038734607,29349,1507.272832306666,1179.5264135853483,5492.2173,2.593921,1213.6699,0.904701,6699.544,3.3503006,0,,,,,1507.272832306666,0.00036494134,1179.5264135853483,0.00029950132,-0.0130899465,0.025559025
1838.931336430318,6703.123,3.3516037,0.0038733028,29350,1507.273272566263,1179.5259460752447,5495.5933,2.59493,1212.6287,0.9065138,6703.123,3.3516037,0,,,,,1507.273272566263,0.000363935,1179.5259460752447,0.00029952786,-0.013360115,0.025653182
1838.952169596583,6701.8574,3.3486936,0.0038731445,29351,1507.2724288942836,1179.5258557210968,5494.1763,2.5926766,1214.0615,0.9044984,6701.8574,3.3486936,0,,,,,1507.2724288942836,0.0003636761,1179.5258557210968,0.00029926674,-0.013811236,0.025036482
1838.9730027621497,6698.583,3.3491158,0.0038729855,29352,1507.2723045312316,1179.5261510765959,5489.735,2.5930035,1214.4855,0.9049299,6698.583,3.3491158,0,,,,,1507.2723045312316,0.00036455976,1179.5261510765959,0.00029951206,-0.013330931,0.024882458
1838.9938359272508,6703.0864,3.3546712,0.003872826,29353,1507.2736384523364,1179.5258008793176,5492.892,2.597305,1213.8162,0.9068569,6703.0864,3.3546712,0,,,,,1507.2736384523364,0.0003653205,1179.5258008793176,0.00029996273,-0.011855795,0.024951052
1839.0146690916538,6705.8037,3.351759,0.0038726658,29354,1507.2728108482122,1179.5255750628808,5496.6143,2.59505,1212.864,0.90488595,6705.8037,3.351759,0,,,,,1507.2728108482122,0.00036426113,1179.5255750628808,0.00029954617,-0.013312844,0.024716098
1839.0355022555912,6705.0337,3.3493154,0.0038725052,29355,1507.2725071459322,1179.5257489250482,5497.014,2.5931582,1213.6855,0.90506196,6705.0337,3.3493154,0,,,,,1507.2725071459322,0.0003638928,1179.5257489250482,0.00029908027,-0.0133882295,0.024783386
1839.0563354190624,6703.8413,3.3501093,0.003872344,29356,1507.2729611611721,1179.5250435815306,5493.8193,2.5937731,1213.8557,0.9053181,6703.8413,3.3501093,0,,,,,1507.2729611611721,0.00036447673,1179.5250435815306,0.0002993453,-0.013195442,0.023800487
1839.0771685818352,6701.8174,3.3547354,0.0038721822,29357,1507.2726147407523,1179.5254441149207,5494.0337,2.5973544,1214.4691,0.9055922,6701.8174,3.3547354,0,,,,,1507.2726147407523,0.00036473648,1179.5254441149207,0.0003003109,-0.013612584,0.024461828
1839.0980017439092,6699.656,3.348437,0.0038720197,29358,1507.271918933066,1179.5256212816137,5491.7188,2.5924783,1214.4773,0.9053698,6699.656,3.348437,0,,,,,1507.271918933066,0.00036412783,1179.5256212816137,0.0002993379,-0.013653944,0.024242857
1839.1188349055185,6704.8813,3.3497696,0.0038718567,29359,1507.2725126027333,1179.525045342239,5496.079,2.59351,1213.9304,0.9051229,6704.8813,3.3497696,0,,,,,1507.2725126027333,0.00036410431,1179.525045342239,0.000299159,-0.013196105,0.024031721
1839.1396680666612,6701.1665,3.3489268,0.0038716933,29360,1507.272639906373,1179.5246581260305,5490.806,2.5928574,1214.7695,0.9053308,6701.1665,3.3489268,0,,,,,1507.272639906373,0.0003643657,1179.5246581260305,0.00029948552,-0.013909536,0.023945391
1839.160501227105,6701.98,3.3494747,0.0038715291,29361,1507.2723571005697,1179.525310094803,5494.834,2.5932815,1214.0571,0.9050678,6701.98,3.3494747,0,,,,,1507.2723571005697,0.00036416895,1179.525310094803,0.0002993018,-0.013083528,0.023777032
1839.1813343868507,6703.9272,3.3493552,0.0038713643,29362,1507.2731247160723,1179.5251808412797,5496.553,2.593189,1214.0979,0.90509784,6703.9272,3.3493552,0,,,,,1507.2731247160723,0.00036389293,1179.5251808412797,0.00029911113,-0.012097074,0.024263756
1839.2021675461317,6705.498,3.3486083,0.003871199,29363,1507.2729868036986,1179.524481309402,5496.2417,2.5926108,1213.6147,0.9036032,6705.498,3.3486083,0,,,,,1507.2729868036986,0.00036410603,1179.524481309402,0.00029917018,-0.012660557,0.023602916
1839.2230007049468,6711.9326,3.3512561,0.0038710332,29364,1507.2731441271883,1179.5250598101711,5499.9805,2.5946608,1215.321,0.9050525,6711.9326,3.3512561,0,,,,,1507.2731441271883,0.0003640335,1179.5250598101711,0.00029922344,-0.012203829,0.023960745
1839.243833863063,6700.641,3.3498163,0.0038708667,29365,1507.2723516231072,1179.5248017099545,5495.1387,2.593546,1214.0895,0.9055133,6700.641,3.3498163,0,,,,,1507.2723516231072,0.00036417934,1179.5248017099545,0.00029930504,-0.013979168,0.022938332
1839.2646670207132,6701.4336,3.348956,0.0038706998,29366,1507.27233147649,1179.525180671248,5495.844,2.59288,1215.1368,0.9041651,6701.4336,3.348956,0,,,,,1507.27233147649,0.00036398455,1179.525180671248,0.0002991538,-0.013527128,0.023488412
1839.285500177665,6703.7964,3.3494887,0.0038705321,29367,1507.273666936221,1179.5243747574757,5495.333,2.5932925,1215.4534,0.9045106,6703.7964,3.3494887,0,,,,,1507.273666936221,0.00036414198,1179.5243747574757,0.0002993013,-0.012504643,0.023219883
1839.306333334152,6708.2974,3.3530424,0.003870364,29368,1507.2735506523557,1179.5240216465627,5501.3228,2.5960438,1215.6099,0.90592366,6708.2974,3.3530424,0,,,,,1507.2735506523557,0.0003638015,1179.5240216465627,0.00029954792,-0.012392587,0.022984665
1839.3271664899405,6703.5283,3.3494935,0.0038701952,29369,1507.273517177474,1179.5243920915657,5495.24,2.593296,1216.8593,0.90469915,6703.5283,3.3494935,0,,,,,1507.273517177474,0.00036438045,1179.5243920915657,0.00029918615,-0.012387517,0.0226315
1839.3479996452625,6700.4707,3.3493366,0.003870026,29370,1507.2720500518712,1179.5248499779148,5494.4443,2.593175,1215.6052,0.90483224,6700.4707,3.3493366,0,,,,,1507.2720500518712,0.00036423962,1179.5248499779148,0.0002992485,-0.013805468,0.022778677
1839.3688328001188,6702.6772,3.3529563,0.0038698562,29371,1507.273830514093,1179.524926376868,5494.6074,2.595977,1217.2816,0.9058601,6702.6772,3.3529563,0,,,,,1507.273830514093,0.00036427946,1179.524926376868,0.0002999513,-0.011868259,0.02324224
1839.3896659542768,6706.354,3.35039,0.0038696858,29372,1507.2733025269522,1179.52466755219,5497.63,2.59399,1217.9888,0.9045814,6706.354,3.35039,0,,,,,1507.2733025269522,0.00036403755,1179.52466755219,0.00029936526,-0.012332716,0.02306419
1839.4104991079691,6704.2256,3.3520937,0.003869515,29373,1507.2733334278637,1179.5243312033865,5497.8174,2.5953093,1218.5348,0.9078232,6704.2256,3.3520937,0,,,,,1507.2733334278637,0.00036433723,1179.5243312033865,0.0002992729,-0.012812863,0.022281978
1839.4313322609628,6699.3867,3.351074,0.0038693433,29374,1507.2731730478374,1179.524227681307,5492.516,2.5945199,1220.6221,0.90659994,6699.3867,3.351074,0,,,,,1507.2731730478374,0.00036479582,1179.524227681307,0.00029945892,-0.013154092,0.022330338
1839.4521654134908,6699.976,3.3553832,0.0038691713,29375,1507.2731737388915,1179.523060015302,5493.758,2.597856,1219.2257,0.9066313,6699.976,3.3553832,0,,,,,1507.2731737388915,0.00036472396,1179.523060015302,0.00030048314,-0.012649977,0.021863706
1839.4729985653205,6707.113,3.3521545,0.0038689985,29376,1507.2729185081894,1179.5242959445382,5500.185,2.5953562,1223.5143,0.906031,6707.113,3.3521545,0,,,,,1507.2729185081894,0.0003638059,1179.5242959445382,0.0002992363,-0.013264977,0.022051292
1839.493831716685,6701.8745,3.3574843,0.0038688253,29377,1507.2730371137027,1179.5238441132756,5495.044,2.599483,1223.4471,0.9071229,6701.8745,3.3574843,0,,,,,1507.2730371137027,0.00036424326,1179.5238441132756,0.00030070887,-0.012242318,0.022812419
1839.5354980177838,6695.1763,3.35746,0.0038684772,29379,1507.2726396508133,1179.5237843484265,5490.7524,2.5994642,1226.8634,0.90748924,6695.1763,3.35746,0,,,,,1507.2726396508133,0.00036474364,1179.5237843484265,0.00030093154,-0.013435877,0.022532474
1839.556331167518,6703.3945,3.3558338,0.0038683023,29380,1507.2723788879723,1179.5232661565058,5499.2983,2.5982049,1228.9744,0.9075865,6703.3945,3.3558338,0,,,,,1507.2723788879723,0.00036422053,1179.5232661565058,0.0002998792,-0.013600414,0.021206954
1839.5771643165535,6701.5586,3.3593767,0.0038681268,29381,1507.2725590576088,1179.5221885310991,5490.664,2.6009479,1229.0961,0.9083096,6701.5586,3.3593767,0,,,,,1507.2725590576088,0.00036461235,1179.5221885310991,0.00030129886,-0.012942207,0.021142868
1839.5979974651243,6705.1885,3.3563108,0.0038679508,29382,1507.2717230855117,1179.5214505907434,5495.0054,2.5985744,1230.9365,0.90789455,6705.1885,3.3563108,0,,,,,1507.2717230855117,0.00036442064,1179.5214505907434,0.00030036984,-0.013756279,0.020690074
1839.6188306132292,6699.7964,3.3583724,0.0038677743,29383,1507.27345722025,1179.5234887998963,5494.1797,2.6001704,1232.9873,0.9144488,6699.7964,3.3583724,0,,,,,1507.27345722025,0.00036484405,1179.5234887998963,0.00030002155,-0.012794664,0.022834184
1839.6396637606351,6703.896,3.3568559,0.003867597,29384,1507.271757640721,1179.5218952197886,5498.8477,2.5989964,1236.3762,0.9099403,6703.896,3.3568559,0,,,,,1507.271757640721,0.00036404727,1179.5218952197886,0.00029994166,-0.013763144,0.02155129
1839.6604969075752,6703.8945,3.3559155,0.0038674194,29385,1507.2721366038652,1179.5222554465686,5498.538,2.5982685,1237.9963,0.9088002,6703.8945,3.3559155,0,,,,,1507.2721366038652,0.00036425723,1179.5222554465686,0.0002998433,-0.013818253,0.02117723
1839.6813300540496,6703.2056,3.3560543,0.0038672413,29386,1507.272318792068,1179.5229244723791,5496.7124,2.5983758,1237.8495,0.9094318,6703.2056,3.3560543,0,,,,,1507.272318792068,0.0003643241,1179.5229244723791,0.00029992996,-0.013217588,0.022241043
1839.7021631998257,6705.2046,3.358384,0.0038670625,29387,1507.2719343679446,1179.522186923371,5498.225,2.6001792,1239.9255,0.9102652,6705.2046,3.358384,0,,,,,1507.2719343679446,0.0003646518,1179.522186923371,0.00030010313,-0.013761192,0.02090559
1839.7229963451362,6699.809,3.3578742,0.0038668832,29388,1507.2725934394714,1179.523149869459,5496.217,2.5997846,1243.6113,0.9106037,6699.809,3.3578742,0,,,,,1507.2725934394714,0.00036467737,1179.523149869459,0.00030012525,-0.013660739,0.020793077
1839.743829489748,6701.333,3.3588178,0.0038667032,29389,1507.2725103702157,1179.5231001998798,5497.08,2.6005154,1244.4698,0.91021615,6701.333,3.3588178,0,,,,,1507.2725103702157,0.0003647352,1179.5231001998798,0.0003003278,-0.013028944,0.02171915
1839.764662633894,6703.3916,3.358548,0.0038665228,29390,1507.272845254886,1179.5211457238393,5495.7295,2.6003063,1247.2241,0.9104949,6703.3916,3.358548,0,,,,,1507.272845254886,0.00036478008,1179.5211457238393,0.0003002614,-0.013176616,0.019862978
1839.80632892079,6705.495,3.3592548,0.0038661605,29392,1507.2723378805965,1179.5208729934807,5497.1533,2.6008537,1250.4574,0.9110696,6705.495,3.3592548,0,,,,,1507.2723378805965,0.00036473852,1179.5208729934807,0.0003004025,-0.013529598,0.01938986
1839.8271620633072,6700.529,3.3607628,0.0038659784,29393,1507.27300656287,1179.5217152118375,5497.9067,2.6020212,1250.0889,0.911825,6700.529,3.3607628,0,,,,,1507.27300656287,0.00036492947,1179.5217152118375,0.0003004095,-0.013254282,0.019908974
1839.8479952053578,6703.024,3.3657548,0.003865796,29394,1507.2732350062217,1179.5223591053098,5497.211,2.6058862,1252.9854,0.9125573,6703.024,3.3657548,0,,,,,1507.2732350062217,0.00036554996,1179.5223591053098,0.00030140294,-0.012720327,0.021118967
1839.8688283467102,6704.6997,3.3594587,0.0038656127,29395,1507.2732939864002,1179.5223350706844,5499.707,2.6010115,1253.8053,0.9111635,6704.6997,3.3594587,0,,,,,1507.2732939864002,0.00036468916,1179.5223350706844,0.00030007513,-0.013216072,0.020901846
1839.8896614878302,6700.9546,3.3624058,0.0038654292,29396,1507.273232724227,1179.521528182104,5491.8687,2.6032934,1255.7596,0.91429484,6700.9546,3.3624058,0,,,,,1507.273232724227,0.00036544554,1179.521528182104,0.00030105648,-0.013111017,0.020957775
1839.9104946282519,6709.025,3.3635848,0.003865245,29397,1507.2730280587577,1179.5195125580296,5496.029,2.604206,1256.9578,0.91330814,6709.025,3.3635848,0,,,,,1507.2730280587577,0.0003658205,1179.5195125580296,0.00030071277,-0.012741846,0.018472698
1839.9313277679742,6699.8794,3.362455,0.0038650602,29398,1507.2731113145776,1179.5216184848944,5494.878,2.6033313,1259.4601,0.91286546,6699.8794,3.362455,0,,,,,1507.2731113145776,0.00036531404,1179.5216184848944,0.00030086192,-0.012497017,0.020074235
1839.9521609074638,6696.1113,3.3629792,0.003864875,29399,1507.2729632011346,1179.5214389469604,5494.4355,2.603737,1261.3165,0.914297,6696.1113,3.3629792,0,,,,,1507.2729632011346,0.00036530462,1179.5214389469604,0.00030083663,-0.012950621,0.01935253
1839.972994046255,6701.0986,3.3625991,0.0038646893,29400,1507.2734444384257,1179.522410803308,5498.259,2.6034427,1265.7013,0.9134319,6701.0986,3.3625991,0,,,,,1507.2734444384257,0.000365255,1179.522410803308,0.0003005176,-0.012437026,0.020244434
1840.0146603224414,6699.748,3.3661184,0.0038643163,29402,1507.2730073954574,1179.5217794479797,5497.4424,2.6061676,1275.6733,0.9166677,6699.748,3.3661184,0,,,,,1507.2730073954574,0.00036557417,1179.5217794479797,0.00030095724,-0.012730482,0.019899253
1840.035493459835,6701.16,3.3719847,0.003864129,29403,1507.273045225844,1179.5223612574052,5497.4956,2.61071,1282.2228,0.9186935,6701.16,3.3719847,0,,,,,1507.273045225844,0.0003663889,1179.5223612574052,0.00030180428,-0.012721854,0.020813685
1840.05632659653,6707.179,3.3703551,0.0038639412,29404,1507.273202103486,1179.5219273120679,5505.6045,2.609448,1287.2863,0.9179593,6707.179,3.3703551,0,,,,,1507.273202103486,0.00036567944,1179.5219273120679,0.00030082808,-0.012124966,0.019429285
1840.0771597327598,6706.572,3.372473,0.0038637528,29405,1507.2739923544498,1179.5210173109483,5502.4595,2.6110876,1290.0706,0.9212459,6706.572,3.372473,0,,,,,1507.2739923544498,0.0003664607,1179.5210173109483,0.00030112674,-0.0120977415,0.018650042
1840.097992868525,6701.1025,3.3720214,0.003863564,29406,1507.2736421567083,1179.5210081784442,5501.6167,2.610738,1293.2609,0.9187283,6701.1025,3.3720214,0,,,,,1507.2736421567083,0.00036617374,1179.5210081784442,0.00030137296,-0.012316158,0.018660627
1840.118826003824,6706.2305,3.3723373,0.0038633747,29407,1507.273587979272,1179.5215789829483,5499.9067,2.6109827,1295.8088,0.92052317,6706.2305,3.3723373,0,,,,,1507.273587979272,0.00036652313,1179.5215789829483,0.00030143664,-0.012020612,0.02002423
1840.1396591386572,6708.1187,3.3732555,0.003863185,29408,1507.2742020032333,1179.5218339686169,5501.9346,2.6116936,1297.6017,0.9201531,6708.1187,3.3732555,0,,,,,1507.2742020032333,0.00036636283,1179.5218339686169,0.0003013665,-0.011778282,0.019834112
1840.1604922730244,6701.8506,3.3751376,0.0038629947,29409,1507.2745667844956,1179.5213737146858,5496.844,2.6131506,1303.9952,0.92103267,6701.8506,3.3751376,0,,,,,1507.2745667844956,0.00036697363,1179.5213737146858,0.00030205667,-0.011602666,0.01942604
1840.181325406694,6703.5215,3.3770752,0.0038628038,29410,1507.273092892681,1179.5211738613548,5500.056,2.614651,1309.3641,0.9223755,6703.5215,3.3770752,0,,,,,1507.273092892681,0.00036743426,1179.5211738613548,0.00030188402,-0.012020747,0.019169591
1840.2021585401305,6703.045,3.3790045,0.0038626126,29411,1507.273611671093,1179.5214162035588,5501.166,2.6161447,1315.3529,0.9258297,6703.045,3.3790045,0,,,,,1507.273611671093,0.00036712005,1179.5214162035588,0.00030190242,-0.011777979,0.018478332
1840.2229916728681,6708.0586,3.3813632,0.0038624208,29412,1507.2742738221446,1179.5223253186377,5507.5117,2.6179707,1322.3182,0.9253298,6708.0586,3.3813632,0,,,,,1507.2742738221446,0.0003671806,1179.5223253186377,0.00030188097,-0.011490629,0.019612763
1840.2438248053727,6704.765,3.3824387,0.0038622287,29413,1507.2739860928534,1179.5215998959072,5504.254,2.6188035,1331.337,0.9272495,6704.765,3.3824387,0,,,,,1507.2739860928534,0.0003675185,1179.5215998959072,0.00030214488,-0.011585809,0.01853487
1840.2646579371788,6698.576,3.3825266,0.003862036,29414,1507.2740793550286,1179.5214798161771,5497.0054,2.6188715,1337.8102,0.92730033,6698.576,3.3825266,0,,,,,1507.2740793550286,0.0003681968,1179.5214798161771,0.00030264352,-0.011259582,0.018815808
1840.28549106852,6698.229,3.3867939,0.0038618427,29415,1507.2736311871874,1179.520900255941,5497.3125,2.6221755,1344.7004,0.9298086,6698.229,3.3867939,0,,,,,1507.2736311871874,0.00036890773,1179.520900255941,0.00030288525,-0.011207568,0.018696895
1840.3063241993957,6707.0146,3.3922036,0.003861649,29416,1507.2742386066593,1179.5215398139046,5502.7427,2.6263638,1352.1967,0.9343676,6707.0146,3.3922036,0,,,,,1507.2742386066593,0.0003694777,1179.5215398139046,0.00030301706,-0.011026066,0.018812181
1840.3271573300376,6696.308,3.3894188,0.003861455,29417,1507.2738949368343,1179.521839612818,5496.4062,2.6242077,1360.9426,0.9317176,6696.308,3.3894188,0,,,,,1507.2738949368343,0.00036898773,1179.521839612818,0.00030343572,-0.011433465,0.019395214
1840.347990459981,6701.9907,3.392682,0.0038612604,29418,1507.273691419358,1179.5210055950554,5498.523,2.6267343,1371.0762,0.9333832,6701.9907,3.392682,0,,,,,1507.273691419358,0.00036932513,1179.5210055950554,0.0003037714,-0.011532766,0.018404821
1840.368823589459,6701.66,3.3952436,0.0038610653,29419,1507.274163433049,1179.5206433566557,5496.4023,2.6287177,1384.5508,0.93590194,6701.66,3.3952436,0,,,,,1507.274163433049,0.0003699912,1179.5206433566557,0.0003039361,-0.011015696,0.017449947
1840.3896567187041,6699.928,3.398956,0.00386087,29420,1507.2741217611137,1179.5213373026888,5496.211,2.6315918,1395.7203,0.9374808,6699.928,3.398956,0,,,,,1507.2741217611137,0.00037033422,1179.5213373026888,0.0003045634,-0.010980473,0.019073186
1840.4104898474832,6706.5522,3.4020524,0.003860674,29421,1507.2747297590026,1179.5206928106645,5504.433,2.6339889,1401.0294,0.9402772,6706.5522,3.4020524,0,,,,,1507.2747297590026,0.00037023373,1179.5206928106645,0.0003042616,-0.0106810825,0.017842576
1840.431322975797,6705.0776,3.4062393,0.0038604778,29422,1507.274822796774,1179.521263243265,5504.341,2.6372306,1407.5718,0.9433574,6705.0776,3.4062393,0,,,,,1507.274822796774,0.00037043286,1179.521263243265,0.00030492872,-0.010309973,0.018324304
1840.4521561036452,6704.6304,3.4042764,0.003860281,29423,1507.2739072264665,1179.5208656301509,5497.1123,2.635711,1418.722,0.94200724,6704.6304,3.4042764,0,,,,,1507.2739072264665,0.00037128697,1179.5208656301509,0.0003049063,-0.010709422,0.018048963
1840.4729892310274,6704.241,3.4145277,0.0038600839,29424,1507.2754931393451,1179.5207711286862,5497.752,2.6436477,1430.378,0.94507354,6704.241,3.4145277,0,,,,,1507.2754931393451,0.00037235962,1179.5207711286862,0.0003066359,-0.0098891305,0.018370423
1840.493822357945,6706.7373,3.4154167,0.0038598862,29425,1507.2743496903754,1179.5204539820973,5503.2246,2.6443362,1447.645,0.94911724,6706.7373,3.4154167,0,,,,,1507.2743496903754,0.00037207024,1179.5204539820973,0.00030575693,-0.010458469,0.017108196
1840.5146554846294,6702.5625,3.4174201,0.0038596883,29426,1507.2747378990675,1179.5210781233636,5497.8467,2.6458874,1465.5715,0.95064056,6702.5625,3.4174201,0,,,,,1507.2747378990675,0.0003733055,1179.5210781233636,0.00030627276,-0.0098855,0.018291721
1840.5354886108478,6709.7334,3.4231071,0.00385949,29427,1507.2758469045082,1179.5201805495503,5503.044,2.6502903,1479.8099,0.9540056,6709.7334,3.4231071,0,,,,,1507.2758469045082,0.00037357188,1179.5201805495503,0.0003065436,-0.00972133,0.016669823
1840.556321736833,6705.826,3.4259953,0.0038592913,29428,1507.2744579745765,1179.5208620729172,5500.9253,2.6525266,1492.5763,0.9561152,6705.826,3.4259953,0,,,,,1507.2744579745765,0.00037410113,1179.5208620729172,0.00030694148,-0.010264752,0.017378654
1840.5771548623536,6701.7637,3.4287019,0.0038590922,29429,1507.2749524947772,1179.520917733545,5495.826,2.6546223,1508.2346,0.95861006,6701.7637,3.4287019,0,,,,,1507.2749524947772,0.00037483685,1179.520917733545,0.00030760554,-0.010143767,0.017598622
1840.5979879874083,6700.0337,3.4346154,0.0038588927,29430,1507.2750084621916,1179.5200883300577,5496.95,2.6592004,1530.278,0.9621718,6700.0337,3.4346154,0,,,,,1507.2750084621916,0.00037555504,1179.5200883300577,0.0003080626,-0.010039499,0.015983878
1840.6188211122296,6702.7246,3.4402652,0.003858693,29431,1507.2756703593752,1179.519841362124,5496.79,2.6635747,1552.3181,0.96608806,6702.7246,3.4402652,0,,,,,1507.2756703593752,0.00037626934,1179.519841362124,0.00030879639,-0.009499902,0.01653731
1840.639654236585,6701.8867,3.4469237,0.0038584927,29432,1507.27555539563,1179.5198517629417,5495.379,2.66873,1579.3606,0.9713431,6701.8867,3.4469237,0,,,,,1507.27555539563,0.00037728998,1179.5198517629417,0.0003094557,-0.0095817065,0.016183529
1840.6604873607077,6705.0977,3.4580276,0.0038582922,29433,1507.2765049234454,1179.5211326662677,5501.432,2.677327,1603.9291,0.9770808,6705.0977,3.4580276,0,,,,,1507.2765049234454,0.0003779838,1179.5211326662677,0.0003104204,-0.009197416,0.017382005
1840.6813204845985,6702.345,3.4605167,0.0038580915,29434,1507.2751356066092,1179.5203459337224,5496.414,2.679254,1628.555,0.9800165,6702.345,3.4605167,0,,,,,1507.2751356066092,0.0003791913,1179.5203459337224,0.0003108646,-0.009204885,0.01687644
1840.7021536080235,6702.157,3.469737,0.0038578904,29435,1507.2758178266965,1179.5201706916241,5498.5864,2.6863928,1654.7473,0.9864592,6702.157,3.469737,0,,,,,1507.2758178266965,0.00038010877,1179.5201706916241,0.0003117382,-0.0091006765,0.015832048
1840.7229867312149,6702.8955,3.4775264,0.003857689,29436,1507.275735620544,1179.5200423124518,5499.8633,2.6924238,1684.143,0.9895134,6702.8955,3.4775264,0,,,,,1507.275735620544,0.00038173294,1179.5200423124518,0.00031236213,-0.008861237,0.015792618
1840.7438198541734,6704.7153,3.4844902,0.0038574873,29437,1507.275877576944,1179.5216293757783,5499.1377,2.6978154,1714.8563,0.9976133,6704.7153,3.4844902,0,,,,,1507.275877576944,0.0003820821,1179.5216293757783,0.00031304857,-0.008470615,0.018123705
1840.7646529768992,6699.3545,3.4955184,0.0038572855,29438,1507.2756546043458,1179.520478337678,5498.002,2.706354,1750.0319,1.0017014,6699.3545,3.4955184,0,,,,,1507.2756546043458,0.00038353232,1179.520478337678,0.00031461334,-0.008785648,0.01619834
1840.7854860993928,6698.069,3.501991,0.0038570834,29439,1507.2755381317234,1179.520134044398,5493.8667,2.7113652,1788.6146,1.0078976,6698.069,3.501991,0,,,,,1507.2755381317234,0.00038507834,1179.520134044398,0.00031538002,-0.008547221,0.016558796
1840.806319221653,6692.214,3.512166,0.003856881,29440,1507.2758241875397,1179.5204579791723,5491.0054,2.719243,1830.9005,1.0141755,6692.214,3.512166,0,,,,,1507.2758241875397,0.00038694596,1179.5204579791723,0.00031652223,-0.008069979,0.015473707
1840.8271523436795,6693.917,3.5247347,0.0038566785,29441,1507.276372737195,1179.521048289296,5491.7114,2.7289739,1872.5964,1.0225495,6693.917,3.5247347,0,,,,,1507.276372737195,0.000388441,1179.521048289296,0.00031785437,-0.008090969,0.016992196
1840.847985465474,6695.659,3.5347295,0.0038564757,29442,1507.2760928041214,1179.5205853668465,5493.6045,2.7367125,1911.8717,1.0294713,6695.659,3.5347295,0,,,,,1507.2760928041214,0.000389585,1179.5205853668465,0.00031872815,-0.007989953,0.015643356
1840.8688185870362,6698.475,3.5459213,0.0038562727,29443,1507.2764955159714,1179.520781138989,5495.674,2.7453775,1950.9486,1.0358692,6698.475,3.5459213,0,,,,,1507.2764955159714,0.0003910092,1179.520781138989,0.00031979868,-0.008000404,0.015602829
1840.8896517085986,6693.4346,3.5562544,0.0038560696,29444,1507.2763977185382,1179.5201635185183,5492.173,2.7533777,1998.6553,1.0426488,6693.4346,3.5562544,0,,,,,1507.2763977185382,0.0003930227,1179.5201635185183,0.00032108676,-0.007638632,0.01575049
1840.9104848299273,6697.6626,3.570158,0.0038558664,29445,1507.276408963816,1179.5212990690973,5494.103,2.7641423,2048.6614,1.05073,6697.6626,3.570158,0,,,,,1507.276408963816,0.0003948016,1179.5212990690973,0.00032237134,-0.0073647914,0.01613573
1840.9313179512562,,,0.0038556631,29446,1507.2756560052242,1179.5196978807123,5487.913,2.7757769,2107.9978,1.0618588,,,32768,,,,,1507.2756560052242,0.00039775248,1179.5196978807123,0.0003242559,-0.0073235044,0.014598438
1840.9521510725851,,,0.0038554599,29447,1507.2768054201692,1179.5213103419937,5484.4614,2.7900395,2182.811,1.0732529,,,32768,,,,,1507.2768054201692,0.000400604,1179.5213103419937,0.00032641136,-0.006918901,0.016041769
1840.9729841939145,,,0.0038552566,29448,1507.2762506502918,1179.5202059986539,5478.396,2.8062246,2279.3286,1.0877998,,,4096,,,,,1507.2762506502918,0.0004033895,1179.5202059986539,0.00032911322,-0.0068783667,0.015066048
1840.993817315011,,,0.003855053,29449,1507.2757717080633,1179.5217800998896,5476.2383,2.8287156,2395.4167,1.1054054,,,4096,,,,,1507.2757717080633,0.00040791198,1179.5217800998896,0.00033232107,-0.006283374,0.017539546
1841.01465043634,,,0.0038548498,29450,1507.275458094916,1179.5213657504578,5479.464,2.8557756,2531.9314,1.1261377,,,4096,,,,,1507.275458094916,0.0004126594,1179.5213657504578,0.00033575686,-0.007140736,0.015156473
1841.0354835576688,,,0.0038546466,29451,1507.275638088044,1179.5211756151048,5477.8696,2.884315,2682.7295,1.1493688,,,4096,,,,,1507.275638088044,0.00041785627,1179.5211756151048,0.00033962147,-0.005903662,0.015171795
1841.0563166792303,,,0.0038544436,29452,1507.2762683123017,1179.5203128876037,5474.855,2.916845,2857.4116,1.1743271,,,4096,,,,,1507.2762683123017,0.00042378373,1179.5203128876037,0.00034430283,-0.005394429,0.014406641
1841.0771498007928,,,0.0038542405,29453,1507.2755786235655,1179.5217040862958,5467.5967,2.9517314,3044.8892,1.204237,,,4096,,,,,1507.2755786235655,0.00043040386,1179.5217040862958,0.00034932233,-0.0059980745,0.014602928
1841.0979829225878,,,0.0038540377,29454,1507.2758069119332,1179.5212004593418,5463.6626,2.9846911,3233.5774,1.2289964,,,4096,,,,,1507.2758069119332,0.00043672696,1179.5212004593418,0.000353985,-0.005640952,0.014488995
1841.1188160446152,,,0.0038538352,29455,1507.275561772779,1179.5221074519948,5461.172,3.0239851,3429.9993,1.2557827,,,4096,,,,,1507.275561772779,0.00044417795,1179.5221074519948,0.00035969896,-0.005418616,0.014297813
1841.1396491668752,,,0.0038536328,29456,1507.274449005557,1179.521341320517,5455.7627,3.059309,3642.715,1.2837987,,,4096,,,,,1507.274449005557,0.0004511247,1179.521341320517,0.0003644646,-0.0055071297,0.013939494
