flux,flux_err,timecorr,cadenceno,centroid_col,centroid_row,sap_flux,sap_flux_err,sap_bkg,sap_bkg_err,pdcsap_flux,pdcsap_flux_err,quality,psf_centr1,psf_centr1_err,psf_centr2,psf_centr2_err,mom_centr1,mom_centr1_err,mom_centr2,mom_centr2_err,pos_corr1,pos_corr2
7240.841,3.8609412,-0.003941861,37576,1334.1457863633602,91.83083587304077,6217.1646,3.064218,2375.9004,1.2347479,7240.841,3.8609412,0,,,,,1334.1457863633602,0.00034895478,91.83083587304077,0.0003443628,-0.00764124,-0.015464804
7246.1426,3.8643515,-0.003941939,37577,1334.1467868276447,91.83085745829494,6221.318,3.0669246,2381.7139,1.2346278,7246.1426,3.8643515,0,,,,,1334.1467868276447,0.00034909506,91.83085745829494,0.00034454936,-0.0070616123,-0.014813173
7245.586,3.8670683,-0.003942096,37579,1334.1467755105027,91.83167463724756,6219.006,3.0690806,2405.2002,1.2379186,7245.586,3.8670683,0,,,,,1334.1467755105027,0.00034946244,91.83167463724756,0.00034495856,-0.00706435,-0.013191197
7246.917,3.872666,-0.003942175,37580,1334.1468726642026,91.83247073407541,6220.611,3.0735233,2431.9812,1.2398342,7246.917,3.872666,0,,,,,1334.1468726642026,0.0003499629,91.83247073407541,0.0003453066,-0.006391692,-0.011910896
7240.3516,3.8809001,-0.003942253,37581,1334.1464743670795,91.83223573936922,6208.5283,3.0800583,2472.16,1.2470152,7240.3516,3.8809001,0,,,,,1334.1464743670795,0.0003514208,91.83223573936922,0.00034694912,-0.0064467285,-0.012757728
7239.7803,3.8914745,-0.0039423318,37582,1334.1466029657206,91.83285586248682,6209.4473,3.0884504,2519.292,1.2537891,7239.7803,3.8914745,0,,,,,1334.1466029657206,0.00035224424,91.83285586248682,0.0003478177,-0.0063696327,-0.011254948
7250.7007,3.9094532,-0.003942411,37583,1334.1471356315064,91.8324117994074,6221.6807,3.102719,2577.2495,1.2616017,7250.7007,3.9094532,0,,,,,1334.1471356315064,0.00035336684,91.8324117994074,0.00034877192,-0.006983739,-0.012718433
7247.995,3.9242113,-0.0039424896,37584,1334.146977063671,91.83300226709663,6223.384,3.1144319,2643.0527,1.2709059,7247.995,3.9242113,0,,,,,1334.146977063671,0.00035439504,91.83300226709663,0.0003498158,-0.006563893,-0.011057701
7241.33,3.938937,-0.0039425683,37585,1334.1468090999738,91.83288602118755,6216.0186,3.126119,2715.0432,1.2798535,7241.33,3.938937,0,,,,,1334.1468090999738,0.00035619497,91.83288602118755,0.0003517387,-0.00634439,-0.011730411
7242.3184,3.9543798,-0.0039426475,37586,1334.1466797636238,91.83290759685441,6218.7334,3.138375,2786.6023,1.2898253,7242.3184,3.9543798,0,,,,,1334.1466797636238,0.00035740758,91.83290759685441,0.00035273304,-0.006432304,-0.011532323
7247.2285,3.9701345,-0.003942726,37587,1334.1471930098355,91.83298506487621,6223.809,3.1508787,2852.047,1.2995178,7247.2285,3.9701345,0,,,,,1334.1471930098355,0.00035840127,91.83298506487621,0.00035384946,-0.005918234,-0.010449139
7241.142,3.9843333,-0.003942805,37588,1334.1474564129162,91.83304173285998,6219.718,3.1621475,2910.2446,1.3067415,7241.142,3.9843333,0,,,,,1334.1474564129162,0.0003599984,91.83304173285998,0.00035547974,-0.005692804,-0.010741762
7253.1104,3.995068,-0.003942884,37589,1334.146762921246,91.83322064322928,6228.9844,3.1706672,2959.2021,1.3122264,7253.1104,3.995068,0,,,,,1334.146762921246,0.0003601979,91.83322064322928,0.00035595198,-0.006855675,-0.011370414
7240.4565,4.0015783,-0.0039429627,37590,1334.1472460767743,91.83280011735182,6218.905,3.1758342,2999.9207,1.319367,7240.4565,4.0015783,0,,,,,1334.1472460767743,0.00036146035,91.83280011735182,0.00035701075,-0.005860376,-0.011257965
7246.814,4.007592,-0.003943042,37591,1334.1474577868062,91.83345308698338,6224.526,3.1806068,3030.7825,1.3206921,7246.814,4.007592,0,,,,,1334.1474577868062,0.00036195526,91.83345308698338,0.0003572425,-0.0060259732,-0.011080713
7248.933,4.0111337,-0.0039431206,37592,1334.1471113618065,91.83265807179433,6223.827,3.1834178,3047.6897,1.3240896,7248.933,4.0111337,0,,,,,1334.1471113618065,0.00036211443,91.83265807179433,0.00035769382,-0.0063847173,-0.010933585
7250.4966,4.0154524,-0.0039431993,37593,1334.1473712636985,91.83390265874837,6225.095,3.1868448,3053.856,1.3267883,7250.4966,4.0154524,0,,,,,1334.1473712636985,0.00036245483,91.83390265874837,0.00035795997,-0.0053724325,-0.010317107
7251.936,4.012898,-0.0039432785,37594,1334.1467203109216,91.83264350064434,6225.8,3.1848178,3048.517,1.3246969,7251.936,4.012898,0,,,,,1334.1467203109216,0.00036221233,91.83264350064434,0.00035774795,-0.006885879,-0.012133612
7251.84,4.012142,-0.003943357,37595,1334.1457935700928,91.8323443356059,6224.488,3.1842177,3047.4268,1.3235527,7251.84,4.012142,0,,,,,1334.1457935700928,0.0003623064,91.8323443356059,0.0003579064,-0.0068639996,-0.012319111
7248.031,4.0109334,-0.003943436,37596,1334.1469732983146,91.832590514708,6222.826,3.1832585,3045.8677,1.3231791,7248.031,4.0109334,0,,,,,1334.1469732983146,0.00036222316,91.832590514708,0.00035779196,-0.006395777,-0.011861348
7245.6953,4.0142856,-0.0039435145,37597,1334.1462982172095,91.83235271630282,6222.0166,3.185919,3053.1194,1.3253573,7245.6953,4.0142856,0,,,,,1334.1462982172095,0.000362687,91.83235271630282,0.00035806652,-0.00637428,-0.012015054
7249.6914,4.0160317,-0.0039435932,37598,1334.1466973530585,91.83224502531301,6225.2153,3.1873047,3066.324,1.3267225,7249.6914,4.0160317,0,,,,,1334.1466973530585,0.0003624959,91.83224502531301,0.00035803532,-0.006940226,-0.012496432
7240.8784,4.0218625,-0.0039436715,37599,1334.1467836455872,91.8320586866322,6219.3013,3.1919322,3085.8772,1.3290987,7240.8784,4.0218625,0,,,,,1334.1467836455872,0.00036362646,91.8320586866322,0.00035905887,-0.006397826,-0.012373725
7247.0273,4.025348,-0.00394375,37600,1334.146579022642,91.83222069975066,6224.325,3.1946988,3108.8044,1.3320596,7247.0273,4.025348,0,,,,,1334.146579022642,0.00036342497,91.83222069975066,0.000358957,-0.0070780953,-0.012633267
7248.922,4.031827,-0.0039438284,37601,1334.14687171777,91.83237859929582,6224.34,3.1998408,3132.933,1.3360461,7248.922,4.031827,0,,,,,1334.14687171777,0.0003639315,91.83237859929582,0.00035947686,-0.0059380014,-0.011840247
7254.8276,4.039358,-0.0039439066,37602,1334.146156752906,91.83221815836363,6227.118,3.2058175,3148.9993,1.3372861,7254.8276,4.039358,0,,,,,1334.146156752906,0.00036475065,91.83221815836363,0.0003603014,-0.006555697,-0.012373077
7244.5586,4.0355206,-0.003943985,37603,1334.1457792972842,91.83184414040522,6219.473,3.202772,3155.237,1.3376074,7244.5586,4.0355206,0,,,,,1334.1457792972842,0.0003647146,91.83184414040522,0.00036032757,-0.0078073964,-0.013409437
7242.566,4.0365815,-0.003944063,37604,1334.147009732756,91.83199891317368,6218.5186,3.2036138,3149.3203,1.3370917,7242.566,4.0365815,0,,,,,1334.147009732756,0.0003648903,91.83199891317368,0.0003604683,-0.006595596,-0.0125221955
7247.982,4.030038,-0.003944141,37605,1334.1470000710533,91.83150018200004,6223.5767,3.1984205,3135.3062,1.334414,7247.982,4.030038,0,,,,,1334.1470000710533,0.0003639895,91.83150018200004,0.0003595043,-0.006701835,-0.0130304005
7247.235,4.0259542,-0.003944219,37606,1334.1469780481677,91.83223755957658,6223.8,3.1951797,3114.098,1.3318818,7247.235,4.0259542,0,,,,,1334.1469780481677,0.0003635238,91.83223755957658,0.0003590275,-0.0067176237,-0.01215058
7248.4624,4.0213456,-0.003944297,37607,1334.146501015793,91.83203081307664,6224.9746,3.1915221,3087.3352,1.3296567,7248.4624,4.0213456,0,,,,,1334.146501015793,0.0003629752,91.83203081307664,0.00035856833,-0.0072570723,-0.013400841
7251.076,4.013436,-0.0039443746,37608,1334.14629733172,91.8328026430728,6226.1885,3.1852446,3057.386,1.324846,7251.076,4.013436,0,,,,,1334.14629733172,0.00036226315,91.8328026430728,0.00035773043,-0.0071605938,-0.012331056
7245.9756,4.0097647,-0.003944452,37609,1334.1473449566183,91.83243171784264,6219.6387,3.1823313,3032.0662,1.3234625,7245.9756,4.0097647,0,,,,,1334.1473449566183,0.00036224455,91.83243171784264,0.00035788785,-0.006536287,-0.011649935
7248.4946,4.0044584,-0.003944529,37610,1334.1466414166835,91.83184206367399,6222.092,3.1781197,3012.3616,1.319473,7248.4946,4.0044584,0,,,,,1334.1466414166835,0.00036163916,91.83184206367399,0.0003571816,-0.0070340713,-0.01323673
7236.644,4.000506,-0.0039446065,37611,1334.1475515299687,91.83138387477324,6213.285,3.1749828,2992.2559,1.3171643,7236.644,4.000506,0,,,,,1334.1475515299687,0.00036211812,91.83138387477324,0.00035741818,-0.0065130955,-0.012971994
7248.165,3.9954584,-0.003944684,37612,1334.1463515273836,91.83210634778153,6220.9478,3.1709766,2971.5698,1.3139518,7248.165,3.9954584,0,,,,,1334.1463515273836,0.0003609273,91.83210634778153,0.00035659404,-0.00688848,-0.01359925
7245.3276,3.9958205,-0.0039447607,37613,1334.1470262687408,91.83148817654488,6220.909,3.1712644,2956.6558,1.3128351,7245.3276,3.9958205,0,,,,,1334.1470262687408,0.00036160828,91.83148817654488,0.00035653575,-0.006634317,-0.0125789605
7249.413,3.9890666,-0.0039448375,37614,1334.1468899355898,91.83182338564414,6225.4526,3.1659043,2941.4575,1.3095857,7249.413,3.9890666,0,,,,,1334.1468899355898,0.00036020202,91.83182338564414,0.00035557986,-0.007041401,-0.012342843
7249.5693,3.9871962,-0.0039449143,37615,1334.146438475187,91.83209985014523,6223.2515,3.1644197,2931.846,1.3084972,7249.5693,3.9871962,0,,,,,1334.146438475187,0.0003601256,91.83209985014523,0.00035556708,-0.006441449,-0.012582678
7245.49,3.9863064,-0.003944991,37616,1334.1470017909749,91.83259213951457,6221.715,3.1637135,2924.4617,1.3071741,7245.49,3.9863064,0,,,,,1334.1470017909749,0.00036006927,91.83259213951457,0.0003555333,-0.0062882514,-0.011930617
7249.48,3.9860818,-0.0039450675,37617,1334.1471607854596,91.83199378980026,6219.934,3.163535,2914.652,1.3069477,7249.48,3.9860818,0,,,,,1334.1471607854596,0.00036068572,91.83199378980026,0.00035585448,-0.0061112093,-0.012092347
7249.0664,3.984572,-0.0039451434,37618,1334.1464000966987,91.83200646665122,6220.0605,3.1623368,2906.2502,1.3069545,7249.0664,3.984572,0,,,,,1334.1464000966987,0.00035951618,91.83200646665122,0.0003557685,-0.0067190104,-0.012890541
7250.6367,3.9786208,-0.00394522,37619,1334.146316343024,91.83272516296321,6221.842,3.1576138,2891.1245,1.3030697,7250.6367,3.9786208,0,,,,,1334.146316343024,0.00035920873,91.83272516296321,0.00035499377,-0.0066830833,-0.0115606105
7254.213,3.9763243,-0.0039452957,37620,1334.146532361661,91.83201634586177,6226.2056,3.1557913,2879.257,1.3014903,7254.213,3.9763243,0,,,,,1334.146532361661,0.0003586958,91.83201634586177,0.0003545097,-0.007247453,-0.0130046625
7253.3066,3.97291,-0.003945371,37621,1334.1463094828898,91.83212483361916,6227.138,3.1530814,2856.9631,1.3013374,7253.3066,3.97291,0,,,,,1334.1463094828898,0.00035861318,91.83212483361916,0.00035400657,-0.0066040764,-0.012383241
7252.004,3.964903,-0.003945447,37622,1334.1467344418074,91.83278869441584,6226.428,3.1467268,2829.1648,1.2965657,7252.004,3.964903,0,,,,,1334.1467344418074,0.0003577564,91.83278869441584,0.000353289,-0.006454149,-0.012267337
7252.958,3.9573824,-0.003945522,37623,1334.1469862849247,91.83247994701051,6225.4897,3.1407583,2802.5464,1.2907572,7252.958,3.9573824,0,,,,,1334.1469862849247,0.0003573531,91.83247994701051,0.00035272946,-0.006552306,-0.012674234
7254.258,3.9513955,-0.0039455974,37624,1334.1470530934312,91.83257427368069,6226.2065,3.1360066,2772.9087,1.2875172,7254.258,3.9513955,0,,,,,1334.1470530934312,0.00035660827,91.83257427368069,0.00035210946,-0.0060120774,-0.011591751
7255.4263,3.9440281,-0.0039456724,37625,1334.1464560021607,91.83304277219472,6226.43,3.1301596,2738.6494,1.2823238,7255.4263,3.9440281,0,,,,,1334.1464560021607,0.00035598196,91.83304277219472,0.00035146135,-0.0064306646,-0.011689956
7253.2344,3.9372406,-0.003945747,37626,1334.1475079313827,91.83222212044191,6222.992,3.1247725,2712.5918,1.2797613,7253.2344,3.9372406,0,,,,,1334.1475079313827,0.00035563397,91.83222212044191,0.00035101044,-0.006745116,-0.012525939
7251.8794,3.9352207,-0.003945822,37627,1334.146709347385,91.83229732041673,6226.1895,3.1231697,2689.5276,1.2761307,7251.8794,3.9352207,0,,,,,1334.146709347385,0.00035532124,91.83229732041673,0.00035058885,-0.0074085477,-0.012498985
7249.7095,3.9301832,-0.003945896,37628,1334.147191684723,91.8330794528406,6223.086,3.1191716,2676.612,1.2746668,7249.7095,3.9301832,0,,,,,1334.147191684723,0.0003549183,91.8330794528406,0.00035025668,-0.0060114735,-0.011124834
7249.5537,3.9279318,-0.0039459704,37629,1334.1470195871946,91.83245883246111,6222.865,3.1173847,2673.8718,1.2736353,7249.5537,3.9279318,0,,,,,1334.1470195871946,0.00035474324,91.83245883246111,0.00035013945,-0.00642609,-0.012627782
7254.353,3.938651,-0.0039460445,37630,1334.1467022322256,91.83285798358705,6226.1685,3.125892,2679.4907,1.2762957,7254.353,3.938651,0,,,,,1334.1467022322256,0.0003557883,91.83285798358705,0.0003511116,-0.0063141068,-0.010838312
7253.5938,3.9343228,-0.003946118,37631,1334.1465661820064,91.83298442475704,6224.2705,3.1224568,2691.5295,1.2766018,7253.5938,3.9343228,0,,,,,1334.1465661820064,0.00035530646,91.83298442475704,0.00035070823,-0.0065342314,-0.011757217
7247.8706,3.936621,-0.0039461916,37632,1334.147551284404,91.83291008896013,6220.681,3.1242807,2712.546,1.2795608,7247.8706,3.936621,0,,,,,1334.147551284404,0.0003556611,91.83291008896013,0.00035102692,-0.0057877684,-0.011247298
7250.4434,3.9447517,-0.0039462647,37633,1334.1477064510586,91.83305429097415,6221.706,3.130734,2741.7734,1.2842239,7250.4434,3.9447517,0,,,,,1334.1477064510586,0.0003564314,91.83305429097415,0.00035176304,-0.006087922,-0.0109479455
7250.13,3.9522116,-0.003946338,37634,1334.1465634208544,91.83210286094832,6220.324,3.1366541,2777.556,1.2892637,7250.13,3.9522116,0,,,,,1334.1465634208544,0.0003570745,91.83210286094832,0.00035258473,-0.007557726,-0.012720875
7249.128,3.9626093,-0.003946411,37635,1334.1472761883208,91.83315135254392,6220.657,3.1449063,2814.5881,1.2972225,7249.128,3.9626093,0,,,,,1334.1472761883208,0.000357875,91.83315135254392,0.00035331622,-0.007153065,-0.011869597
7249.7056,3.9683921,-0.0039464836,37636,1334.1467992941527,91.83290700480698,6222.7324,3.1494958,2855.7673,1.2975663,7249.7056,3.9683921,0,,,,,1334.1467992941527,0.00035849062,91.83290700480698,0.00035387225,-0.0061847423,-0.011861075
7251.703,3.978951,-0.0039465562,37637,1334.147441178859,91.83338193338537,6225.037,3.1578758,2894.0222,1.3034657,7251.703,3.978951,0,,,,,1334.147441178859,0.0003591722,91.83338193338537,0.00035470474,-0.0059406795,-0.011370639
7251.764,3.9871829,-0.0039466284,37638,1334.1470636392933,91.83340777007167,6224.7354,3.1644092,2932.9043,1.3085084,7251.764,3.9871829,0,,,,,1334.1470636392933,0.00036004427,91.83340777007167,0.00035537622,-0.006265014,-0.010654104
7256.1953,3.9942985,-0.0039467,37639,1334.147883336415,91.83363494165111,6227.4453,3.1700563,2959.9038,1.3123347,7256.1953,3.9942985,0,,,,,1334.147883336415,0.00036025178,91.83363494165111,0.00035592073,-0.0049712625,-0.0096138595
7246.918,3.9957228,-0.003946772,37640,1334.1469949114808,91.83327737956353,6218.865,3.1711867,2982.4712,1.3145995,7246.918,3.9957228,0,,,,,1334.1469949114808,0.00036106477,91.83327737956353,0.0003565581,-0.0063379663,-0.011722441
7247.799,4.002507,-0.0039468436,37641,1334.1473493141075,91.83300782729336,6220.423,3.176571,2997.777,1.3175837,7247.799,4.002507,0,,,,,1334.1473493141075,0.0003618877,91.83300782729336,0.0003571445,-0.0056409407,-0.010914754
7251.2227,4.0035787,-0.003946915,37642,1334.1473472943048,91.83333517459185,6222.8857,3.1774213,3000.107,1.3187115,7251.2227,4.0035787,0,,,,,1334.1473472943048,0.00036187124,91.83333517459185,0.00035706442,-0.0060521136,-0.010894296
7258.3047,4.0008907,-0.003946986,37643,1334.1471450947704,91.83352048337403,6228.3384,3.1752882,2993.6304,1.3186462,7258.3047,4.0008907,0,,,,,1334.1471450947704,0.0003609634,91.83352048337403,0.00035643764,-0.0064855684,-0.010243207
7248.454,4.0009966,-0.003947057,37644,1334.1477856889435,91.83355582168967,6222.3115,3.1753721,2990.9985,1.3171782,7248.454,4.0009966,0,,,,,1334.1477856889435,0.0003613878,91.83355582168967,0.00035675138,-0.005635829,-0.010707118
7249.944,3.9988093,-0.003947127,37645,1334.1480887909963,91.83322220537892,6223.299,3.1736364,2989.7083,1.3174284,7249.944,3.9988093,0,,,,,1334.1480887909963,0.00036108232,91.83322220537892,0.00035650076,-0.0055214735,-0.009938209
7252.783,4.0007315,-0.0039471975,37646,1334.149093645324,91.83498591070243,6221.6514,3.1751618,2993.0552,1.3184971,7252.783,4.0007315,0,,,,,1334.149093645324,0.00036155918,91.83498591070243,0.0003567226,-0.0028635021,-0.006665693
7250.736,4.0017705,-0.0039472673,37647,1334.1474357407176,91.8332667517902,6222.082,3.1759863,2999.6267,1.3181432,7250.736,4.0017705,0,,,,,1334.1474357407176,0.00036145083,91.8332667517902,0.00035686736,-0.006390362,-0.010945679
7246.661,4.000825,-0.003947337,37648,1334.1449038112253,91.83108598506256,6212.5127,3.1752357,3004.3367,1.3188866,7246.661,4.000825,0,,,,,1334.1449038112253,0.00036175022,91.83108598506256,0.0003576685,-0.009369711,-0.0154476
7252.905,4.006562,-0.003947407,37649,1334.1473287837998,91.83364698105599,6224.2524,3.179789,3008.4495,1.3194833,7252.905,4.006562,0,,,,,1334.1473287837998,0.00036196504,91.83364698105599,0.00035731797,-0.0058928896,-0.010529728
7252.0713,4.001892,-0.003947476,37650,1334.147976250743,91.83363587290732,6224.642,3.176083,3006.8245,1.3184962,7252.0713,4.001892,0,,,,,1334.147976250743,0.00036128296,91.83363587290732,0.00035663435,-0.005354699,-0.009647196
7257.72,4.0044746,-0.0039475453,37651,1334.1476175411203,91.83367917728692,6229.5513,3.1781328,3001.4556,1.3193214,7257.72,4.0044746,0,,,,,1334.1476175411203,0.00036104815,91.83367917728692,0.00035668598,-0.0055495817,-0.010312384
7253.63,4.0011687,-0.0039476138,37652,1334.1473413600502,91.8339338136314,6224.9214,3.1755087,2993.0337,1.3174127,7253.63,4.0011687,0,,,,,1334.1473413600502,0.00036129582,91.8339338136314,0.00035666136,-0.0058115446,-0.010027136
7243.4897,3.9952586,-0.003947682,37653,1334.1494797510113,91.83546916718556,6216.03,3.170818,2979.7134,1.3147699,7243.4897,3.9952586,0,,,,,1334.1494797510113,0.0003612762,91.83546916718556,0.00035659884,-0.0030936324,-0.0058557442
7255.064,3.9923093,-0.0039477507,37654,1334.1458410388598,91.83224788002947,6223.453,3.1684775,2956.217,1.3119115,7255.064,3.9923093,0,,,,,1334.1458410388598,0.0003605502,91.83224788002947,0.00035614654,-0.0084074,-0.013521917
7251.156,3.985533,-0.0039478187,37655,1334.1470762987149,91.8329837688646,6221.0415,3.1630998,2932.7668,1.3090295,7251.156,3.985533,0,,,,,1334.1470762987149,0.0003600185,91.8329837688646,0.0003554716,-0.0063254456,-0.011375434
7254.5903,3.9801471,-0.003947886,37656,1334.147391279681,91.8335234259099,6223.1475,3.1588252,2905.2686,1.3048099,7254.5903,3.9801471,0,,,,,1334.147391279681,0.00035939305,91.8335234259099,0.00035504598,-0.005276064,-0.0106773935
7252.7056,3.9735575,-0.0039479537,37657,1334.1474461967186,91.83417448744585,6224.049,3.1535954,2875.3882,1.3021017,7252.7056,3.9735575,0,,,,,1334.1474461967186,0.00035873917,91.83417448744585,0.00035403555,-0.005860383,-0.009726403
7255.942,3.968626,-0.0039480207,37658,1334.148242519372,91.83385078624015,6229.105,3.1496816,2846.3262,1.2978272,7255.942,3.968626,0,,,,,1334.148242519372,0.00035798803,91.83385078624015,0.00035333287,-0.005630033,-0.010065486
7257.3535,3.962661,-0.003948088,37659,1334.1476917364987,91.83432401449896,6229.965,3.1449473,2822.302,1.2933863,7257.3535,3.962661,0,,,,,1334.1476917364987,0.0003574935,91.83432401449896,0.00035287513,-0.00579682,-0.010463905
7256.041,3.9558554,-0.003948154,37660,1334.148328771142,91.83439836971213,6228.048,3.139546,2795.662,1.2895232,7256.041,3.9558554,0,,,,,1334.148328771142,0.00035691806,91.83439836971213,0.0003523345,-0.0046355794,-0.008843686
7250.4404,3.9509094,-0.0039482205,37661,1334.1476554535507,91.8334428691585,6217.28,3.1356208,2776.753,1.2871672,7250.4404,3.9509094,0,,,,,1334.1476554535507,0.00035714204,91.8334428691585,0.00035265269,-0.0057520955,-0.010039276
7255.9316,3.945966,-0.0039482866,37662,1334.1480662527351,91.83397208236029,6223.6587,3.1316974,2750.324,1.2848259,7255.9316,3.945966,0,,,,,1334.1480662527351,0.00035628755,91.83397208236029,0.00035168265,-0.0049804165,-0.008929246
7255.262,3.9398618,-0.0039483523,37663,1334.1469720298048,91.83348074783443,6224.2075,3.126853,2724.6133,1.280998,7255.262,3.9398618,0,,,,,1334.1469720298048,0.00035569433,91.83348074783443,0.00035109787,-0.005634644,-0.010063539
7252.8354,3.9408753,-0.0039484175,37664,1334.1472969906508,91.83358482150167,6225.6606,3.1276572,2706.4248,1.2809545,7252.8354,3.9408753,0,,,,,1334.1472969906508,0.00035624937,91.83358482150167,0.00035107715,-0.0054956963,-0.010001694
7253.104,3.9355307,-0.0039484827,37665,1334.147273768927,91.83391768176438,6223.379,3.1234155,2693.266,1.2799548,7253.104,3.9355307,0,,,,,1334.147273768927,0.00035515663,91.83391768176438,0.00035060997,-0.005438721,-0.009355698
7252.323,3.9323547,-0.003948548,37666,1334.148128772873,91.8340940305491,6222.8276,3.120895,2680.0178,1.2739975,7252.323,3.9323547,0,,,,,1334.148128772873,0.00035505684,91.8340940305491,0.00035058745,-0.005138165,-0.009184186
7251.8696,3.9278443,-0.003948612,37667,1334.1480912872555,91.83445571567259,6222.5435,3.117315,2666.3423,1.273635,7251.8696,3.9278443,0,,,,,1334.1480912872555,0.00035493143,91.83445571567259,0.0003501003,-0.005146343,-0.008771373
7259.948,3.924097,-0.0039486764,37668,1334.1483078222648,91.83420799374808,6224.9775,3.1143415,2651.9202,1.271937,7259.948,3.924097,0,,,,,1334.1483078222648,0.00035439822,91.83420799374808,0.00034967775,-0.0055569694,-0.0095693385
7251.3364,3.9186652,-0.0039487407,37669,1334.1471377949217,91.83398490929291,6218.3867,3.1100302,2633.911,1.2686322,7251.3364,3.9186652,0,,,,,1334.1471377949217,0.00035428317,91.83398490929291,0.0003495958,-0.0054181297,-0.009633218
7256.9585,3.916662,-0.0039488045,37670,1334.147271401445,91.83460793396523,6221.589,3.1084404,2614.384,1.2655109,7256.9585,3.916662,0,,,,,1334.147271401445,0.00035376174,91.83460793396523,0.00034924407,-0.0047844066,-0.0091738
7247.4243,3.911042,-0.003948868,37671,1334.1481115386778,91.83404040194429,6219.0537,3.1039803,2593.51,1.2630452,7247.4243,3.911042,0,,,,,1334.1481115386778,0.0003537409,91.83404040194429,0.00034875565,-0.0051666154,-0.009496496
7255.76,3.9056208,-0.0039489307,37672,1334.1476872055007,91.83471205378274,6227.394,3.0996776,2566.013,1.2590775,7255.76,3.9056208,0,,,,,1334.1476872055007,0.00035237765,91.83471205378274,0.00034778198,-0.0055158115,-0.008694046
7247.0464,3.89784,-0.0039489935,37673,1334.148277011056,91.83410737353584,6219.585,3.0935025,2542.7817,1.2560289,7247.0464,3.89784,0,,,,,1334.148277011056,0.00035225484,91.83410737353584,0.00034742092,-0.004004706,-0.008758429
7253.727,3.8948486,-0.003949056,37674,1334.1469265241558,91.8339295453735,6222.0503,3.091128,2516.9893,1.2533511,7253.727,3.8948486,0,,,,,1334.1469265241558,0.00035220882,91.8339295453735,0.0003471741,-0.0065537957,-0.009882368
7259.1772,3.8891459,-0.0039491183,37675,1334.14779944366,91.83461545165389,6226.1074,3.0866022,2496.7234,1.2490412,7259.1772,3.8891459,0,,,,,1334.14779944366,0.00035113475,91.83461545165389,0.00034642243,-0.00504571,-0.009470032
7262.937,3.8914375,-0.0039491802,37676,1334.1475370115943,91.8346717738733,6226.83,3.088421,2481.9385,1.249179,7262.937,3.8914375,0,,,,,1334.1475370115943,0.00035121414,91.8346717738733,0.000346702,-0.0047547296,-0.008656862
7251.48,3.8829687,-0.0039492417,37677,1334.1479675240587,91.83365737405612,6221.745,3.0817,2472.3936,1.2469864,7251.48,3.8829687,0,,,,,1334.1479675240587,0.0003506482,91.83365737405612,0.00034592353,-0.00510511,-0.009402059
7251.1553,3.8816612,-0.003949303,37678,1334.1472177167905,91.83436056988172,6223.606,3.0806623,2469.2842,1.2452708,7251.1553,3.8816612,0,,,,,1334.1472177167905,0.00035065706,91.83436056988172,0.00034576777,-0.005512114,-0.0093826745
7252.6973,3.886787,-0.003949364,37679,1334.1487731689992,91.83472724130928,6222.8564,3.0847301,2475.8633,1.2496296,7252.6973,3.886787,0,,,,,1334.1487731689992,0.00035106187,91.83472724130928,0.00034627938,-0.004354166,-0.008111495
7251.5825,3.8891163,-0.0039494247,37680,1334.1494384887937,91.83622944598754,6221.8174,3.086579,2487.928,1.2501395,7251.5825,3.8891163,0,,,,,1334.1494384887937,0.00035144854,91.83622944598754,0.00034648308,-0.0027286466,-0.0061160172
7249.402,3.889677,-0.0039494853,37681,1334.148253830214,91.834974567041,6222.232,3.087024,2504.3374,1.2498105,7249.402,3.889677,0,,,,,1334.148253830214,0.00035124662,91.834974567041,0.00034662854,-0.0051388,-0.008274875
7255.379,3.9023392,-0.0039495453,37682,1334.1453146040271,91.83230927084837,6219.3145,3.097073,2525.648,1.2552772,7255.379,3.9023392,0,,,,,1334.1453146040271,0.00035255312,91.83230927084837,0.00034838924,-0.007668811,-0.013221997
7252.161,3.9045444,-0.003949605,37683,1334.1473256421534,91.83446883987311,6220.9443,3.0988233,2556.033,1.2575116,7252.161,3.9045444,0,,,,,1334.1473256421534,0.00035236301,91.83446883987311,0.00034819543,-0.005886841,-0.009663503
7258.4966,3.909498,-0.0039496645,37684,1334.1474664849015,91.8344908900569,6227.5415,3.1027546,2588.923,1.2626064,7258.4966,3.909498,0,,,,,1334.1474664849015,0.00035281322,91.8344908900569,0.00034807902,-0.0048379926,-0.008690773
7258.4854,3.9190314,-0.0039497237,37685,1334.1482292451185,91.8346887439201,6230.8984,3.110321,2620.9795,1.2670927,7258.4854,3.9190314,0,,,,,1334.1482292451185,0.00035379216,91.8346887439201,0.0003487001,-0.004693232,-0.008562192
7251.0767,3.9240594,-0.0039497823,37686,1334.1478524082663,91.83528931202348,6221.809,3.1143112,2655.2046,1.2713528,7251.0767,3.9240594,0,,,,,1334.1478524082663,0.00035433128,91.83528931202348,0.00034975674,-0.004732053,-0.008055233
7258.4497,3.9318266,-0.003949841,37687,1334.1483673602884,91.83481276772439,6228.0947,3.1204758,2683.024,1.2761898,7258.4497,3.9318266,0,,,,,1334.1483673602884,0.00035485052,91.83481276772439,0.000350007,-0.004678268,-0.009005775
7258.0576,3.9369552,-0.003949899,37688,1334.1477051447414,91.8350727468408,6221.4814,3.1245463,2710.9019,1.2796158,7258.0576,3.9369552,0,,,,,1334.1477051447414,0.00035562398,91.8350727468408,0.0003510459,-0.0051937914,-0.008458052
7251.6113,3.9418442,-0.003949957,37689,1334.1470669172832,91.83429258878306,6220.124,3.128426,2730.4504,1.2817752,7251.6113,3.9418442,0,,,,,1334.1470669172832,0.00035635984,91.83429258878306,0.00035161476,-0.005545657,-0.009351848
7247.3203,3.9449146,-0.0039500147,37690,1334.147893931745,91.83481145842276,6220.4355,3.1308632,2747.4648,1.2834741,7247.3203,3.9449146,0,,,,,1334.147893931745,0.00035652934,91.83481145842276,0.00035173274,-0.005241021,-0.008826344
7253.308,3.94763,-0.003950072,37691,1334.1475597052965,91.83436583923286,6227.376,3.1330183,2757.062,1.2860456,7253.308,3.94763,0,,,,,1334.1475597052965,0.00035623595,91.83436583923286,0.00035152177,-0.005503839,-0.008909557
7256.2256,3.9482186,-0.003950129,37692,1334.14808499619,91.83488878893532,6226.673,3.1334853,2761.1462,1.2853599,7256.2256,3.9482186,0,,,,,1334.14808499619,0.0003564881,91.83488878893532,0.00035171173,-0.00454668,-0.007618088
7255.1235,3.9503121,-0.003950185,37693,1334.1497484999275,91.83623010468439,6222.9224,3.1351469,2769.926,1.285999,7255.1235,3.9503121,0,,,,,1334.1497484999275,0.0003568395,91.83623010468439,0.00035220987,-0.001791734,-0.0049033877
7258.753,3.9519863,-0.0039502415,37694,1334.146421642709,91.83382777437528,6225.2295,3.1364753,2772.7864,1.2873555,7258.753,3.9519863,0,,,,,1334.146421642709,0.00035684282,91.83382777437528,0.0003521755,-0.00614179,-0.010265512
7251.4736,3.9519062,-0.0039502974,37695,1334.1468968091472,91.83429981890838,6217.2075,3.1364117,2780.6562,1.2904549,7251.4736,3.9519062,0,,,,,1334.1468968091472,0.0003572311,91.83429981890838,0.00035267646,-0.005906001,-0.009523736
7252.4355,3.953374,-0.0039503532,37696,1334.148438043072,91.83379795254265,6223.1816,3.1375766,2784.713,1.2879997,7252.4355,3.953374,0,,,,,1334.148438043072,0.00035709754,91.83379795254265,0.0003523682,-0.0051417635,-0.0091378
7256.823,3.9525836,-0.003950408,37697,1334.147782433165,91.83447781486132,6223.959,3.1369495,2782.722,1.287628,7256.823,3.9525836,0,,,,,1334.147782433165,0.00035683284,91.83447781486132,0.00035235722,-0.0050264625,-0.008778928
7256.991,3.9527316,-0.003950463,37698,1334.1477187752685,91.83465307842381,6226.7207,3.1370668,2782.0142,1.2890834,7256.991,3.9527316,0,,,,,1334.1477187752685,0.00035672498,91.83465307842381,0.0003520284,-0.0050044255,-0.008712697
7256.9136,3.9543257,-0.003950518,37699,1334.1487177932313,91.83512048003705,6226.862,3.1383321,2777.2166,1.2875715,7256.9136,3.9543257,0,,,,,1334.1487177932313,0.00035677842,91.83512048003705,0.00035224867,-0.0039597517,-0.007500253
7250.9287,3.9475563,-0.003950572,37700,1334.1479133839034,91.8345779562209,6221.4536,3.1329596,2765.8113,1.2857546,7250.9287,3.9475563,0,,,,,1334.1479133839034,0.00035665274,91.8345779562209,0.00035191406,-0.0051296456,-0.008825139
7256.1357,3.9457824,-0.003950626,37701,1334.1483968397756,91.83468455107372,6225.2197,3.1315517,2751.7708,1.283836,7256.1357,3.9457824,0,,,,,1334.1483968397756,0.0003562277,91.83468455107372,0.00035163783,-0.0045408523,-0.009097948
7256.586,3.9416502,-0.0039506797,37702,1334.1474855774457,91.83522015515253,6228.0073,3.128272,2732.4822,1.281066,7256.586,3.9416502,0,,,,,1334.1474855774457,0.00035565032,91.83522015515253,0.000351021,-0.0054565063,-0.009394023
7250.4937,3.9399166,-0.003950733,37703,1334.148628681659,91.8348209000721,6220.897,3.1268964,2710.3684,1.2796637,7250.4937,3.9399166,0,,,,,1334.148628681659,0.00035639977,91.8348209000721,0.00035132392,-0.0043635503,-0.007976243
7253.21,3.931632,-0.003950786,37704,1334.148710074543,91.8354423094531,6225.439,3.1203213,2686.5242,1.2749331,7253.21,3.931632,0,,,,,1334.148710074543,0.0003550904,91.8354423094531,0.00035027822,-0.0045615435,-0.008296012
7253.686,3.9269087,-0.0039508385,37705,1334.1487149110524,91.8356875474032,6225.3003,3.1165729,2661.5261,1.2718307,7253.686,3.9269087,0,,,,,1334.1487149110524,0.00035463792,91.8356875474032,0.00034982385,-0.003745167,-0.0072068223
7249.8374,3.9193861,-0.003950891,37706,1334.1482084618842,91.83471805781359,6218.428,3.1106026,2639.7388,1.2694806,7249.8374,3.9193861,0,,,,,1334.1482084618842,0.00035423896,91.83471805781359,0.00034953887,-0.004684281,-0.008811661
7248.87,3.9159672,-0.003950943,37707,1334.1474149495878,91.83447650064932,6220.348,3.1078892,2617.3833,1.267097,7248.87,3.9159672,0,,,,,1334.1474149495878,0.00035372854,91.83447650064932,0.00034908057,-0.0058253636,-0.0092896735
7254.7676,3.9125662,-0.0039509945,37708,1334.1487774154675,91.83543351016392,6223.315,3.10519,2597.8884,1.2628591,7254.7676,3.9125662,0,,,,,1334.1487774154675,0.0003536097,91.83543351016392,0.00034867247,-0.0041170157,-0.0076637943
7249.967,3.9071286,-0.0039510457,37709,1334.1479467673828,91.83486579939239,6224.891,3.1008744,2579.2742,1.2609305,7249.967,3.9071286,0,,,,,1334.1479467673828,0.00035282606,91.83486579939239,0.00034800256,-0.0050202534,-0.009044884
7252.4194,3.9074464,-0.003951097,37710,1334.1488121927666,91.8345000245268,6221.7285,3.1011264,2561.709,1.2588818,7252.4194,3.9074464,0,,,,,1334.1488121927666,0.0003531711,91.8345000245268,0.0003484362,-0.0033610603,-0.008212091
7256.057,3.899603,-0.003951147,37711,1334.1488746048324,91.83617948938453,6226.1743,3.0949016,2543.5222,1.2556044,7256.057,3.899603,0,,,,,1334.1488746048324,0.00035217492,91.83617948938453,0.0003472694,-0.0025504916,-0.005798643
7259.2593,3.896758,-0.0039511975,37712,1334.1481248573973,91.8353023851348,6229.7354,3.0926437,2529.7278,1.2535753,7259.2593,3.896758,0,,,,,1334.1481248573973,0.00035164683,91.8353023851348,0.0003468085,-0.0042748423,-0.007971788
7251.572,3.892693,-0.0039512473,37713,1334.1464399945212,91.83271149811223,6219.5884,3.0894177,2520.4895,1.2530462,7251.572,3.892693,0,,,,,1334.1464399945212,0.00035178775,91.83271149811223,0.0003471244,-0.007104104,-0.011920293
7258.56,3.8909223,-0.003951297,37714,1334.1482194935443,91.83507929400454,6225.0625,3.0880125,2508.991,1.2517339,7258.56,3.8909223,0,,,,,1334.1482194935443,0.00035127648,91.83507929400454,0.00034661015,-0.004737355,-0.008291916
7254.9595,3.8887546,-0.0039513465,37715,1334.1483113315876,91.83527925982534,6224.1963,3.086292,2497.577,1.2512639,7254.9595,3.8887546,0,,,,,1334.1483113315876,0.00035117412,91.83527925982534,0.00034629702,-0.004434928,-0.00884474
7225.5137,3.8821466,-0.0039513954,37716,1334.148385503901,91.83528799174636,6200.665,3.0810475,2485.2373,1.2473387,7225.5137,3.8821466,0,,,,,1334.148385503901,0.0003521253,91.83528799174636,0.0003470986,-0.0037926293,-0.008066915
7199.751,3.8766048,-0.003951444,37717,1334.1506916664684,91.8363521756078,6180.6797,3.0766494,2474.6978,1.2462914,7199.751,3.8766048,0,,,,,1334.1506916664684,0.0003526168,91.8363521756078,0.00034759467,-0.0007741411,-0.0045519187
7200.1816,3.8740835,-0.003951492,37718,1334.148556680431,91.83494940867396,6183.175,3.0746484,2460.3389,1.2454811,7200.1816,3.8740835,0,,,,,1334.148556680431,0.0003521125,91.83494940867396,0.00034730454,-0.0043589775,-0.0076761334
7193.682,3.8685563,-0.0039515398,37719,1334.144884690944,91.83337265376731,6171.553,3.0702615,2446.7449,1.2427033,7193.682,3.8685563,0,,,,,1334.144884690944,0.00035226665,91.83337265376731,0.00034767255,-0.008618156,-0.012203385
7206.121,3.8676896,-0.0039515872,37720,1334.1481853608625,91.8356534203494,6184.1855,3.0695739,2428.5774,1.2403965,7206.121,3.8676896,0,,,,,1334.1481853608625,0.00035147052,91.8356534203494,0.00034682342,-0.003983325,-0.008001684
7204.64,3.8647015,-0.0039516347,37721,1334.1478991514055,91.83487251425622,6186.0376,3.0672023,2412.5427,1.2383058,7204.64,3.8647015,0,,,,,1334.1478991514055,0.00035129007,91.83487251425622,0.00034637196,-0.0048929793,-0.008312269
7229.9507,3.8651862,-0.0039516813,37722,1334.1487158837,91.83541005219335,6206.7065,3.067587,2390.6882,1.2348013,7229.9507,3.8651862,0,,,,,1334.1487158837,0.00035072517,91.83541005219335,0.0003453095,-0.0033436369,-0.007299171
7255.786,3.8599167,-0.003951728,37723,1334.147943743116,91.83481695585513,6226.0503,3.0634048,2368.8809,1.2318213,7255.786,3.8599167,0,,,,,1334.147943743116,0.00034839005,91.83481695585513,0.00034363367,-0.0051319213,-0.008792446
7252.3735,3.8545868,-0.003951774,37724,1334.1480674500137,91.83470868836261,6220.658,3.0591748,2353.1082,1.2294018,7252.3735,3.8545868,0,,,,,1334.1480674500137,0.0003483172,91.83470868836261,0.0003434848,-0.004976001,-0.008531126
7249.84,3.8554802,-0.0039518196,37725,1334.147333040425,91.83524511149189,6217.3877,3.0598838,2343.157,1.2306014,7249.84,3.8554802,0,,,,,1334.147333040425,0.0003487916,91.83524511149189,0.00034370684,-0.0044974606,-0.008328354
7250.1094,3.853951,-0.0039518652,37726,1334.1484417035497,91.83521857268106,6221.017,3.05867,2338.0737,1.2284983,7250.1094,3.853951,0,,,,,1334.1484417035497,0.00034838557,91.83521857268106,0.00034337887,-0.004049166,-0.008097822
7244.4697,3.8532686,-0.0039519104,37727,1334.1488227005789,91.83529713376537,6217.8804,3.0581286,2339.9243,1.2280319,7244.4697,3.8532686,0,,,,,1334.1488227005789,0.00034855463,91.83529713376537,0.00034346443,-0.0040109055,-0.0076251877
7257.4614,3.8532891,-0.003951955,37728,1334.1496422118578,91.83725327730846,6221.472,3.0581448,2346.5662,1.2280899,7257.4614,3.8532891,0,,,,,1334.1496422118578,0.00034812116,91.83725327730846,0.00034333335,-0.0025282388,-0.0047142985
7254.396,3.8574233,-0.0039519994,37729,1334.148530435743,91.83503713243498,6224.968,3.061426,2357.9775,1.2309874,7254.396,3.8574233,0,,,,,1334.148530435743,0.00034841962,91.83503713243498,0.00034333116,-0.0042910445,-0.008627552
7250.712,3.8599286,-0.003952043,37730,1334.1468033013218,91.8341947582315,6215.1064,3.0634143,2377.1406,1.2342094,7250.712,3.8599286,0,,,,,1334.1468033013218,0.00034906983,91.8341947582315,0.00034438822,-0.0062144496,-0.010719267
7251.589,3.8678064,-0.003952087,37731,1334.1482797813994,91.83485453676373,6224.0327,3.0696666,2401.62,1.2365962,7251.589,3.8678064,0,,,,,1334.1482797813994,0.0003492179,91.83485453676373,0.00034448085,-0.0045163217,-0.008471736
7251.4883,3.8735125,-0.00395213,37732,1334.1484573256732,91.83432308925573,6224.598,3.0741951,2427.8071,1.2397232,7251.4883,3.8735125,0,,,,,1334.1484573256732,0.00034997537,91.83432308925573,0.00034492128,-0.0050449846,-0.009253801
7247.187,3.8798583,-0.0039521735,37733,1334.1490478058918,91.83531085346831,6219.918,3.0792315,2459.2947,1.2444831,7247.187,3.8798583,0,,,,,1334.1490478058918,0.00035055395,91.83531085346831,0.000345704,-0.0032771784,-0.0072301524
7251.5503,3.8848314,-0.003952216,37734,1334.1503612847976,91.83664540913807,6220.069,3.0831783,2486.395,1.2474067,7251.5503,3.8848314,0,,,,,1334.1503612847976,0.00035131825,91.83664540913807,0.0003463287,-0.0015378057,-0.004990367
7245.672,3.8941166,-0.0039522583,37735,1334.1483241347078,91.8354100214851,6218.827,3.0905473,2513.8289,1.253254,7245.672,3.8941166,0,,,,,1334.1483241347078,0.00035201537,91.8354100214851,0.00034718393,-0.0044346033,-0.0073192404
7249.757,3.896878,-0.0039523,37736,1334.1466856695401,91.83340863623249,6216.288,3.092739,2537.9617,1.2546287,7249.757,3.896878,0,,,,,1334.1466856695401,0.0003523319,91.83340863623249,0.00034776313,-0.0066750254,-0.011894621
7251.9873,3.901469,-0.0039523416,37737,1334.1489411739744,91.83485681817285,6224.3447,3.0963826,2555.471,1.2569785,7251.9873,3.901469,0,,,,,1334.1489411739744,0.00035238304,91.83485681817285,0.00034743323,-0.0036953953,-0.007670344
7247.6846,3.9029825,-0.0039523826,37738,1334.1484173020228,91.83484678856234,6221.666,3.0975838,2565.8188,1.2584815,7247.6846,3.9029825,0,,,,,1334.1484173020228,0.00035261246,91.83484678856234,0.00034774633,-0.0043126303,-0.008558516
7253.225,3.9071865,-0.0039524236,37739,1334.1501625795847,91.83710494811974,6217.03,3.1009202,2577.207,1.2625188,7253.225,3.9071865,0,,,,,1334.1501625795847,0.00035324745,91.83710494811974,0.00034851802,-0.0020307216,-0.00447521
7257.5244,3.9083269,-0.003952464,37740,1334.148101367661,91.8355140080595,6229.4663,3.1018255,2581.2808,1.2608217,7257.5244,3.9083269,0,,,,,1334.148101367661,0.0003528035,91.8355140080595,0.0003477836,-0.003529588,-0.007729819
7252.8877,3.9105222,-0.003952504,37741,1334.14677757209,91.8335878770746,6222.7266,3.1035674,2590.0874,1.2626616,7252.8877,3.9105222,0,,,,,1334.14677757209,0.00035315336,91.8335878770746,0.00034849776,-0.0065092277,-0.010325479
7254.118,3.9109547,-0.0039525437,37742,1334.1481730599016,91.83547081175651,6223.208,3.103911,2596.338,1.2649841,7254.118,3.9109547,0,,,,,1334.1481730599016,0.00035311157,91.83547081175651,0.0003484415,-0.0045836107,-0.008137728
7251.034,3.9102635,-0.0039525833,37743,1334.1479943954428,91.83546797648569,6224.28,3.1033623,2598.0684,1.2626019,7251.034,3.9102635,0,,,,,1334.1479943954428,0.0003530582,91.83546797648569,0.0003483672,-0.0045356606,-0.008089957
7253.2104,3.9125388,-0.0039526224,37744,1334.1481568703637,91.83505217414378,6225.3374,3.105168,2604.8735,1.2643965,7253.2104,3.9125388,0,,,,,1334.1481568703637,0.00035330467,91.83505217414378,0.0003484931,-0.0039285207,-0.007339488
7249.9,3.9194045,-0.003952661,37745,1334.1494601373972,91.83727189743124,6220.707,3.110617,2607.618,1.2680405,7249.9,3.9194045,0,,,,,1334.1494601373972,0.0003545822,91.83727189743124,0.00034929393,-0.0018138366,-0.00501847
7253.2246,3.913044,-0.0039526992,37746,1334.147875480095,91.83599997156644,6225.283,3.1055691,2609.9502,1.2640111,7253.2246,3.913044,0,,,,,1334.147875480095,0.0003532616,91.83599997156644,0.0003485484,-0.004405421,-0.008066062
7251.9004,3.9136767,-0.003952737,37747,1334.1470067126374,91.83399049524986,6219.1147,3.1060712,2609.5903,1.2644461,7251.9004,3.9136767,0,,,,,1334.1470067126374,0.00035366116,91.83399049524986,0.00034921826,-0.006019151,-0.010441202
7254.8027,3.9130614,-0.0039527747,37748,1334.1486652628546,91.83535268137386,6224.6675,3.1055827,2604.809,1.264752,7254.8027,3.9130614,0,,,,,1334.1486652628546,0.00035328916,91.83535268137386,0.00034854445,-0.0038435038,-0.007580133
7252.156,3.91613,-0.003952812,37749,1334.148399531039,91.83567460573327,6223.336,3.1080184,2594.3704,1.2665025,7252.156,3.91613,0,,,,,1334.148399531039,0.00035313825,91.83567460573327,0.00034884797,-0.0043068444,-0.007555125
7255.2812,3.909894,-0.0039528487,37750,1334.1492816017653,91.83603472837699,6226.664,3.103069,2579.506,1.260572,7255.2812,3.909894,0,,,,,1334.1492816017653,0.00035308328,91.83603472837699,0.00034822835,-0.0031131932,-0.007004191
7250.4976,3.9075215,-0.003952885,37751,1334.1502902072018,91.83712242010549,6222.4053,3.101186,2562.5986,1.2595266,7250.4976,3.9075215,0,,,,,1334.1502902072018,0.0003534033,91.83712242010549,0.00034821543,-0.0011077292,-0.004990225
7246.822,3.89713,-0.0039529214,37752,1334.146884354747,91.83359070380098,6219.4478,3.0929391,2542.1472,1.256927,7246.822,3.89713,0,,,,,1334.146884354747,0.0003520579,91.83359070380098,0.00034748396,-0.0063764844,-0.0104694925
7249.3945,3.893143,-0.003952957,37753,1334.1485440521558,91.83604563541599,6216.9927,3.0897746,2520.2908,1.2525274,7249.3945,3.893143,0,,,,,1334.1485440521558,0.00035209575,91.83604563541599,0.00034728073,-0.00366865,-0.007017768
7247.394,3.891994,-0.0039529926,37754,1334.1480209976826,91.83600859195067,6221.6323,3.088863,2497.9592,1.2498535,7247.394,3.891994,0,,,,,1334.1480209976826,0.0003512517,91.83600859195067,0.00034688166,-0.0050536245,-0.007981016
7252.0244,3.8837233,-0.0039530275,37755,1334.1487028360684,91.83590021105891,6223.082,3.0822988,2476.277,1.2465987,7252.0244,3.8837233,0,,,,,1334.1487028360684,0.00035081443,91.83590021105891,0.0003460044,-0.0036301047,-0.0073176813
7248.936,3.8841312,-0.003953062,37756,1334.1486867444535,91.8372486643058,6221.877,3.0826223,2460.5662,1.2446532,7248.936,3.8841312,0,,,,,1334.1486867444535,0.0003506999,91.8372486643058,0.00034611896,-0.002710588,-0.004889104
7257.0796,3.8785362,-0.0039530965,37757,1334.1490245880477,91.8353005189179,6230.3716,3.078182,2446.734,1.2427144,7257.0796,3.8785362,0,,,,,1334.1490245880477,0.0003500864,91.8353005189179,0.0003449842,-0.0036199256,-0.007861996
7250.4595,3.8770506,-0.0039531305,37758,1334.1466177177008,91.83435350357242,6220.4985,3.0770032,2436.9395,1.2439424,7250.4595,3.8770506,0,,,,,1334.1466177177008,0.0003501099,91.83435350357242,0.00034557882,-0.0063177873,-0.010110019
7245.768,3.873025,-0.003953164,37759,1334.1473892499057,91.83429488443609,6216.801,3.0738082,2429.6243,1.2399783,7245.768,3.873025,0,,,,,1334.1473892499057,0.00035028646,91.83429488443609,0.00034540877,-0.0048799813,-0.008620925
7253.697,3.870032,-0.003953197,37760,1334.1494452087618,91.835712320921,6224.2124,3.0714328,2421.163,1.238312,7253.697,3.870032,0,,,,,1334.1494452087618,0.0003496814,91.835712320921,0.00034466325,-0.0037955984,-0.00743283
7253.9546,3.8713555,-0.0039532296,37761,1334.1500516519966,91.836447865847,6225.0674,3.072483,2416.945,1.2400007,7253.9546,3.8713555,0,,,,,1334.1500516519966,0.00034963829,91.836447865847,0.00034460804,-0.0020614858,-0.0052767857
7248.517,3.869844,-0.003953262,37762,1334.1490228812772,91.836090715166,6221.2837,3.0712836,2411.043,1.2385607,7248.517,3.869844,0,,,,,1334.1490228812772,0.00034982053,91.836090715166,0.00034475044,-0.0036849861,-0.0074230116
7250.341,3.8699687,-0.0039532944,37763,1334.1477273516268,91.83406182639312,6222.7173,3.0713825,2402.0308,1.237466,7250.341,3.8699687,0,,,,,1334.1477273516268,0.0003496773,91.83406182639312,0.000344749,-0.006020358,-0.010211218
7251.666,3.866625,-0.003953326,37764,1334.1481245951836,91.83476917059582,6219.669,3.068729,2395.1868,1.2354581,7251.666,3.866625,0,,,,,1334.1481245951836,0.00034974047,91.83476917059582,0.0003447108,-0.004636545,-0.009378262
7258.67,3.8651366,-0.003953357,37765,1334.1479294632193,91.83574459266725,6227.5967,3.0675476,2386.1343,1.2361045,7258.67,3.8651366,0,,,,,1334.1479294632193,0.0003489238,91.83574459266725,0.00034400864,-0.0037490996,-0.007303391
7253.2524,3.862802,-0.0039533884,37766,1334.148761371686,91.83609056525303,6224.711,3.0656948,2380.1633,1.2352742,7253.2524,3.862802,0,,,,,1334.148761371686,0.00034877853,91.83609056525303,0.00034381356,-0.0031279186,-0.0073253275
7253.4155,3.8684318,-0.0039534187,37767,1334.1499230753693,91.83679600329968,6221.9536,3.0701628,2368.6643,1.2339702,7253.4155,3.8684318,0,,,,,1334.1499230753693,0.00034943147,91.83679600329968,0.00034477081,-0.001102418,-0.0048803925
7249.9497,3.8566673,-0.003953449,37768,1334.1470199082987,91.83453694832473,6219.6147,3.060826,2354.7273,1.231522,7249.9497,3.8566673,0,,,,,1334.1470199082987,0.00034854937,91.83453694832473,0.00034371164,-0.00557054,-0.009714406
7254.655,3.8511748,-0.0039534788,37769,1334.1482634321137,91.83534404968542,6224.0034,3.056467,2338.0288,1.2272335,7254.655,3.8511748,0,,,,,1334.1482634321137,0.00034778044,91.83534404968542,0.00034295672,-0.004696221,-0.008357831
7250.5107,3.850675,-0.0039535086,37770,1334.1486653797024,91.83599817467046,6216.475,3.0560703,2319.3508,1.2275561,7250.5107,3.850675,0,,,,,1334.1486653797024,0.00034792852,91.83599817467046,0.0003434167,-0.0037360596,-0.0071105226
7260.1123,3.8443015,-0.0039535374,37771,1334.1485557978187,91.83553435184078,6227.985,3.0510118,2299.9785,1.2221088,7260.1123,3.8443015,0,,,,,1334.1485557978187,0.00034689857,91.83553435184078,0.00034212944,-0.0039780163,-0.007801234
7251.9155,3.8422518,-0.0039535663,37772,1334.1497813645844,91.83658748109127,6222.6543,3.0493853,2284.237,1.221689,7251.9155,3.8422518,0,,,,,1334.1497813645844,0.00034720945,91.83658748109127,0.00034206282,-0.0016187108,-0.0053330986
7252.254,3.8363967,-0.0039535947,37773,1334.1484386466545,91.83564791099273,6225.058,3.044738,2271.1394,1.2181689,7252.254,3.8363967,0,,,,,1334.1484386466545,0.00034650063,91.83564791099273,0.00034140085,-0.003483345,-0.007878231
7254.0566,3.833255,-0.0039536227,37774,1334.14618779748,91.83397943737963,6215.4116,3.042245,2263.7007,1.2170476,7254.0566,3.833255,0,,,,,1334.14618779748,0.0003467089,91.83397943737963,0.0003420612,-0.0072566886,-0.010320355
7254.2837,3.8337317,-0.00395365,37775,1334.1484641693523,91.83575096648487,6224.0474,3.042623,2259.9556,1.2168111,7254.2837,3.8337317,0,,,,,1334.1484641693523,0.0003461849,91.83575096648487,0.00034127376,-0.0040348577,-0.007191957
7253.4155,3.834897,-0.003953677,37776,1334.149079557052,91.83513692235351,6224.1963,3.043548,2263.1907,1.2161156,7253.4155,3.834897,0,,,,,1334.149079557052,0.00034622964,91.83513692235351,0.00034145964,-0.0034153021,-0.007825535
7248.4146,3.8390014,-0.003953704,37777,1334.1497272260083,91.83711460343088,6218.965,3.0468054,2271.8716,1.2180899,7248.4146,3.8390014,0,,,,,1334.1497272260083,0.0003472662,91.83711460343088,0.0003421733,-0.0013795317,-0.0045793736
7248.117,3.8423395,-0.0039537307,37778,1334.1488442386233,91.83588372337402,6221.1274,3.0494547,2281.976,1.2215682,7248.117,3.8423395,0,,,,,1334.1488442386233,0.00034705125,91.83588372337402,0.00034218834,-0.0034741422,-0.007354854
7253.4106,3.8425696,-0.0039537568,37779,1334.1478941958312,91.83372957695744,6223.58,3.0496373,2296.2642,1.2211453,7253.4106,3.8425696,0,,,,,1334.1478941958312,0.00034701865,91.83372957695744,0.0003422867,-0.0056924103,-0.009794705
7252.4326,3.8457077,-0.0039537824,37780,1334.1481971886215,91.83534648374544,6221.5283,3.052128,2314.488,1.2247869,7252.4326,3.8457077,0,,,,,1334.1481971886215,0.00034749502,91.83534648374544,0.00034247854,-0.004260609,-0.008363289
7250.262,3.8524473,-0.003953808,37781,1334.1483498214025,91.8356230223978,6221.5728,3.0574768,2334.6616,1.2276999,7250.262,3.8524473,0,,,,,1334.1483498214025,0.00034795605,91.8356230223978,0.00034320742,-0.0046852124,-0.00842922
7246.1294,3.856137,-0.0039538327,37782,1334.149007590628,91.83566074273071,6217.2915,3.0604053,2355.5017,1.2304027,7246.1294,3.856137,0,,,,,1334.149007590628,0.0003485386,91.83566074273071,0.00034369164,-0.0031539544,-0.0068056
7254.471,3.862053,-0.0039538573,37783,1334.1501446773023,91.83668857021833,6223.981,3.0651002,2376.9375,1.2355074,7254.471,3.862053,0,,,,,1334.1501446773023,0.0003487815,91.83668857021833,0.00034372296,-0.0014936831,-0.0047212737
7245.8613,3.8651469,-0.0039538816,37784,1334.146907390912,91.83423823604247,6219.1616,3.0675557,2397.3977,1.2357851,7245.8613,3.8651469,0,,,,,1334.146907390912,0.00034930903,91.83423823604247,0.00034451592,-0.0059881248,-0.00966099
7252.0728,3.868012,-0.0039539053,37785,1334.148814367726,91.83543615933709,6221.543,3.0698297,2410.0488,1.2373911,7252.0728,3.868012,0,,,,,1334.148814367726,0.00034959975,91.83543615933709,0.00034462693,-0.0033878817,-0.0072877384
7247.1606,3.8706825,-0.003953929,37786,1334.1482587893138,91.83517799875877,6219.9956,3.071949,2422.2546,1.2402476,7247.1606,3.8706825,0,,,,,1334.1482587893138,0.00034977036,91.83517799875877,0.00034483825,-0.0041820416,-0.008140485
7252.787,3.8737469,-0.003953952,37787,1334.1485561730542,91.83576731528659,6226.6133,3.0743814,2426.361,1.2394166,7252.787,3.8737469,0,,,,,1334.1485561730542,0.0003495107,91.83576731528659,0.00034485638,-0.0036817412,-0.006983214
7248.8965,3.8734746,-0.0039539747,37788,1334.150355469302,91.83667329998406,6220.704,3.074165,2434.8845,1.2398995,7248.8965,3.8734746,0,,,,,1334.150355469302,0.00035009682,91.83667329998406,0.000345167,-0.0014866029,-0.0052769384
7255.31,3.8755965,-0.003953997,37789,1334.1484604354703,91.83562707441432,6224.359,3.0758488,2439.1086,1.2407076,7255.31,3.8755965,0,,,,,1334.1484604354703,0.00035007147,91.83562707441432,0.00034523872,-0.003435196,-0.00787871
7248.6724,3.8780632,-0.003954019,37790,1334.1468136610695,91.83463973087473,6219.2383,3.0778067,2445.2444,1.2422984,7248.6724,3.8780632,0,,,,,1334.1468136610695,0.00035028905,91.83463973087473,0.00034582708,-0.0059575913,-0.010128024
7250.5107,3.8818102,-0.003954041,37791,1334.1482848949927,91.8355017163744,6220.027,3.0807807,2448.9463,1.2429463,7250.5107,3.8818102,0,,,,,1334.1482848949927,0.0003510317,91.8355017163744,0.00034617944,-0.0041722525,-0.00818403
7246.9346,3.8762975,-0.003954062,37792,1334.148786474155,91.83552565548212,6216.393,3.0764055,2450.5947,1.2421031,7246.9346,3.8762975,0,,,,,1334.148786474155,0.0003505425,91.83552565548212,0.0003456338,-0.0035926572,-0.0068892753
7255.1797,3.8779063,-0.0039540827,37793,1334.150229709947,91.83697226357933,6224.895,3.0776823,2449.4458,1.2450247,7255.1797,3.8779063,0,,,,,1334.150229709947,0.00035025136,91.83697226357933,0.00034517716,-0.0019239283,-0.0059184893
7255.67,3.8802974,-0.003954103,37794,1334.1492193037852,91.83562681150094,6226.5234,3.0795798,2449.476,1.2423446,7255.67,3.8802974,0,,,,,1334.1492193037852,0.0003503824,91.83562681150094,0.00034544448,-0.0026288622,-0.0072105983
7248.0156,3.8773468,-0.0039541232,37795,1334.146351892655,91.83419543243521,6218.397,3.077238,2447.9746,1.2439817,7248.0156,3.8773468,0,,,,,1334.146351892655,0.0003504031,91.83419543243521,0.00034568275,-0.0069703828,-0.010063049
7254.0796,3.8754494,-0.003954143,37796,1334.1480954401088,91.83505665502307,6220.8496,3.0757325,2444.6702,1.2424246,7254.0796,3.8754494,0,,,,,1334.1480954401088,0.00035024024,91.83505665502307,0.00034534754,-0.004060843,-0.008508526
7252.101,3.8745031,-0.003954162,37797,1334.1486651237522,91.83484419416244,6221.9507,3.0749812,2437.6035,1.2413286,7252.101,3.8745031,0,,,,,1334.1486651237522,0.00034998858,91.83484419416244,0.00034515775,-0.0034884661,-0.007946938
7244.262,3.8711855,-0.003954181,37798,1334.1494470360688,91.8362328428918,6216.273,3.0723484,2427.9397,1.2399199,7244.262,3.8711855,0,,,,,1334.1494470360688,0.00035020476,91.8362328428918,0.0003451209,-0.0022440464,-0.0059978594
7247.971,3.8724482,-0.0039541996,37799,1334.1481473686547,91.83512574346595,6222.4214,3.0733502,2415.4194,1.2376908,7247.971,3.8724482,0,,,,,1334.1481473686547,0.0003494919,91.83512574346595,0.00034499256,-0.0042309137,-0.008104101
7259.2397,3.8681812,-0.003954218,37800,1334.1471192980803,91.83477965429458,6225.331,3.069964,2401.0015,1.2364212,7259.2397,3.8681812,0,,,,,1334.1471192980803,0.00034911782,91.83477965429458,0.00034456712,-0.005724483,-0.010106996
7243.035,3.8618922,-0.0039542355,37801,1334.148797278388,91.83475839636571,6213.43,3.0649729,2388.4521,1.2338787,7243.035,3.8618922,0,,,,,1334.148797278388,0.0003495074,91.83475839636571,0.00034459872,-0.0037256423,-0.008270443
7253.8257,3.8616009,-0.0039542527,37802,1334.1484060745283,91.83610953413043,6226.6533,3.0647414,2369.55,1.2345296,7253.8257,3.8616009,0,,,,,1334.1484060745283,0.00034869902,91.83610953413043,0.00034350535,-0.0037568847,-0.006860392
7247.4956,3.8555984,-0.00395427,37803,1334.1499888305282,91.8366898823669,6219.796,3.0599778,2352.349,1.2290415,7247.4956,3.8555984,0,,,,,1334.1499888305282,0.00034861866,91.8366898823669,0.0003435362,-0.0018072062,-0.005319008
7253.8047,3.8542674,-0.003954286,37804,1334.1484213035262,91.83479907341786,6220.277,3.0589213,2341.6794,1.2306142,7253.8047,3.8542674,0,,,,,1334.1484213035262,0.0003483474,91.83479907341786,0.000343381,-0.0043786857,-0.009659475
7251.9326,3.8498743,-0.0039543025,37805,1334.1481373809859,91.83583753383446,6218.138,3.0554347,2329.9492,1.2266165,7251.9326,3.8498743,0,,,,,1334.1481373809859,0.00034818772,91.83583753383446,0.00034325017,-0.0041362345,-0.0075214407
7259.9487,3.848126,-0.0039543184,37806,1334.1486602735702,91.83506461065616,6227.619,3.054047,2319.2527,1.22429,7259.9487,3.848126,0,,,,,1334.1486602735702,0.00034732427,91.83506461065616,0.00034249233,-0.003708032,-0.0082463985
7252.8564,3.8486147,-0.0039543337,37807,1334.1484632165386,91.83587234826638,6224.8423,3.0544348,2309.774,1.2235496,7252.8564,3.8486147,0,,,,,1334.1484632165386,0.00034763644,91.83587234826638,0.0003427409,-0.004137979,-0.0076378565
7249.9395,3.84212,-0.003954349,37808,1334.1501369437403,91.83664653945752,6218.057,3.0492804,2300.9277,1.2226466,7249.9395,3.84212,0,,,,,1334.1501369437403,0.00034738475,91.83664653945752,0.00034237592,-0.0016192362,-0.005393372
7246.015,3.8407402,-0.0039543635,37809,1334.1478955246484,91.83592267600949,6220.075,3.0481853,2291.2888,1.2222962,7246.015,3.8407402,0,,,,,1334.1478955246484,0.00034692162,91.83592267600949,0.0003419743,-0.0030454854,-0.007245581
7250.154,3.8378875,-0.003954378,37810,1334.1473328464328,91.83349641156441,6216.6436,3.0459216,2287.0493,1.2193696,7250.154,3.8378875,0,,,,,1334.1473328464328,0.00034707176,91.83349641156441,0.0003422511,-0.0061667603,-0.011146416
7248.255,3.838123,-0.003954392,37811,1334.1487462816197,91.83625965354932,6217.407,3.0461085,2282.903,1.2191789,7248.255,3.838123,0,,,,,1334.1487462816197,0.00034724028,91.83625965354932,0.0003420384,-0.0036499333,-0.0073711756
7251.9106,3.8369915,-0.0039544054,37812,1334.1487285763244,91.83594403729903,6222.432,3.0452104,2277.313,1.2183466,7251.9106,3.8369915,0,,,,,1334.1487285763244,0.00034675756,91.83594403729903,0.0003417272,-0.0033993144,-0.008254746
7245.799,3.838165,-0.0039544185,37813,1334.1510443999578,91.8372824620312,6216.6997,3.0461416,2274.859,1.2199503,7245.799,3.838165,0,,,,,1334.1510443999578,0.0003470703,91.8372824620312,0.00034208488,-0.00074276124,-0.00467076
7250.928,3.8352222,-0.0039544315,37814,1334.148614452505,91.83617467049966,6222.776,3.043806,2269.7263,1.2168182,7250.928,3.8352222,0,,,,,1334.148614452505,0.0003466014,91.83617467049966,0.00034145746,-0.0033526798,-0.007280707
7253.348,3.833914,-0.0039544436,37815,1334.1474014697276,91.834158737168,6221.598,3.042768,2264.5857,1.2168236,7253.348,3.833914,0,,,,,1334.1474014697276,0.00034646087,91.834158737168,0.00034161506,-0.005874695,-0.010207271
7257.359,3.832735,-0.0039544557,37816,1334.1476965149145,91.83560849202603,6224.1465,3.0418322,2254.78,1.2149243,7257.359,3.832735,0,,,,,1334.1476965149145,0.00034617438,91.83560849202603,0.0003413001,-0.0044879806,-0.0074707684
7249.5264,3.8312323,-0.0039544674,37817,1334.1483658760997,91.8357920999775,6217.519,3.0406396,2245.2197,1.2170558,7249.5264,3.8312323,0,,,,,1334.1483658760997,0.0003463572,91.8357920999775,0.00034144212,-0.0038384325,-0.008162122
7250.328,3.8260813,-0.0039544785,37818,1334.1501798399615,91.83676460455314,6220.4526,3.0365515,2232.8018,1.2118516,7250.328,3.8260813,0,,,,,1334.1501798399615,0.00034590982,91.83676460455314,0.00034072623,-0.0018708542,-0.0051331026
7255.088,3.8259635,-0.0039544892,37819,1334.148711088117,91.83575126508113,6223.4033,3.036458,2217.2954,1.2097479,7255.088,3.8259635,0,,,,,1334.148711088117,0.0003457369,91.83575126508113,0.00034074977,-0.003071857,-0.0077461572
7259.796,3.820398,-0.0039545,37820,1334.1473734323608,91.83457461513625,6227.2964,3.0320408,2202.6372,1.20743,7259.796,3.820398,0,,,,,1334.1473734323608,0.00034477696,91.83457461513625,0.0003399885,-0.0056127296,-0.010018051
7247.2637,3.8195088,-0.00395451,37821,1334.147966898019,91.83562911650759,6216.167,3.0313354,2191.146,1.2070299,7247.2637,3.8195088,0,,,,,1334.147966898019,0.0003459908,91.83562911650759,0.00034054654,-0.004443104,-0.0073644426
7251.1597,3.8173969,-0.0039545195,37822,1334.148595888291,91.83615286138493,6221.8857,3.029659,2182.1873,1.2056433,7251.1597,3.8173969,0,,,,,1334.148595888291,0.0003449758,91.83615286138493,0.00033994258,-0.0034262238,-0.0067264875
7253.8335,3.8146746,-0.003954529,37823,1334.1498818309515,91.83696860734926,6222.262,3.0274985,2174.727,1.2052445,7253.8335,3.8146746,0,,,,,1334.1498818309515,0.00034474564,91.83696860734926,0.00033951484,-0.0014619398,-0.006086375
7247.0103,3.8131752,-0.0039545377,37824,1334.1485558371155,91.83650393774747,6220.1226,3.0263088,2172.8088,1.2038934,7247.0103,3.8131752,0,,,,,1334.1485558371155,0.00034462765,91.83650393774747,0.00033965378,-0.0033588207,-0.0065542767
7254.902,3.8151734,-0.0039545465,37825,1334.1473885179578,91.83465354188039,6222.0884,3.0278945,2174.5066,1.2049463,7254.902,3.8151734,0,,,,,1334.1473885179578,0.00034463144,91.83465354188039,0.00033982645,-0.0061305724,-0.009438559
7251.53,3.8174205,-0.0039545544,37826,1334.1493624817847,91.83654029167208,6222.373,3.0296779,2180.413,1.2069548,7251.53,3.8174205,0,,,,,1334.1493624817847,0.00034502294,91.83654029167208,0.0003398377,-0.0036793423,-0.006863639
7253.6616,3.8197355,-0.0039545624,37827,1334.149478918033,91.83611833108233,6222.6255,3.0315151,2190.8557,1.2072505,7253.6616,3.8197355,0,,,,,1334.149478918033,0.00034526375,91.83611833108233,0.00034014127,-0.0025614584,-0.0068168766
7256.443,3.8225799,-0.00395457,37828,1334.149791080707,91.83613552087562,6225.852,3.0337727,2201.569,1.2074497,7256.443,3.8225799,0,,,,,1334.149791080707,0.00034526014,91.83613552087562,0.0003402511,-0.0012790103,-0.0061469083
7255.363,3.8236547,-0.003954577,37829,1334.1469992255998,91.83512687835902,6226.027,3.0346255,2215.4167,1.2096957,7255.363,3.8236547,0,,,,,1334.1469992255998,0.00034539172,91.83512687835902,0.0003402635,-0.00549437,-0.0091016805
7260.6406,3.8302808,-0.0039545833,37830,1334.1489129461404,91.83587902774421,6229.079,3.0398843,2231.7776,1.2126712,7260.6406,3.8302808,0,,,,,1334.1489129461404,0.00034561544,91.83587902774421,0.00034074712,-0.0029369197,-0.0072034104
7253.125,3.8343542,-0.0039545894,37831,1334.148086114126,91.83562077719952,6223.1685,3.0431173,2250.1633,1.2160736,7253.125,3.8343542,0,,,,,1334.148086114126,0.00034623235,91.83562077719952,0.00034150685,-0.0048137223,-0.008521984
7256.0786,3.8357396,-0.0039545954,37832,1334.1479481700399,91.83649230530057,6225.323,3.0442169,2268.9856,1.2166448,7256.0786,3.8357396,0,,,,,1334.1479481700399,0.00034653247,91.83649230530057,0.00034148802,-0.0034042727,-0.006414454
7257.244,3.8410795,-0.0039546005,37833,1334.15005180238,91.8367547686407,6224.5684,3.0484548,2288.2979,1.2204348,7257.244,3.8410795,0,,,,,1334.15005180238,0.0003470223,91.8367547686407,0.0003420226,-0.0014944529,-0.005604794
7251.226,3.847662,-0.0039546057,37834,1334.1483780109081,91.83585483044615,6219.667,3.053679,2306.1619,1.2224255,7251.226,3.847662,0,,,,,1334.1483780109081,0.00034802686,91.83585483044615,0.00034300706,-0.0033984242,-0.008528594
7252.1724,3.8501308,-0.0039546103,37835,1334.1478861733856,91.8356595841083,6222.1284,3.0556386,2319.4001,1.224497,7252.1724,3.8501308,0,,,,,1334.1478861733856,0.00034793548,91.8356595841083,0.00034302758,-0.0045742146,-0.007728396
7252.924,3.8533628,-0.0039546145,37836,1334.1482800379058,91.83593847043534,6219.5464,3.0582035,2328.7659,1.2266254,7252.924,3.8533628,0,,,,,1334.1482800379058,0.00034813964,91.83593847043534,0.00034355384,-0.0033855913,-0.0068729096
7253.1763,3.850057,-0.0039546182,37837,1334.149464206803,91.83729869092468,6219.3364,3.0555794,2334.4434,1.2256901,7253.1763,3.850057,0,,,,,1334.149464206803,0.00034821098,91.83729869092468,0.00034319493,-0.0024681808,-0.005799607
7246.288,3.8570523,-0.003954622,37838,1334.1501643030458,91.83616741490243,6212.8853,3.0611317,2340.0195,1.2287135,7246.288,3.8570523,0,,,,,1334.1501643030458,0.00034968136,91.83616741490243,0.00034430888,-0.001294946,-0.0062806974
7256.226,3.855365,-0.003954625,37839,1334.1475840531268,91.8351442554252,6223.3574,3.0597923,2339.6362,1.227963,7256.226,3.855365,0,,,,,1334.1475840531268,0.0003481314,91.8351442554252,0.0003435088,-0.004855538,-0.009337775
7246.6934,3.8499696,-0.0039546276,37840,1334.1484357789082,91.8364682741061,6215.7534,3.0555103,2339.6194,1.2270423,7246.6934,3.8499696,0,,,,,1334.1484357789082,0.000348217,91.8364682741061,0.00034330273,-0.004010425,-0.006666237
7253.221,3.849777,-0.00395463,37841,1334.1478344716672,91.83551640270196,6223.1216,3.0553577,2336.127,1.225987,7253.221,3.849777,0,,,,,1334.1478344716672,0.00034773527,91.83551640270196,0.00034286352,-0.0039450726,-0.007540087
7254.4873,3.8496299,-0.0039546317,37842,1334.1489866591949,91.83676178225579,6218.8403,3.0552409,2334.2932,1.2261798,7254.4873,3.8496299,0,,,,,1334.1489866591949,0.000348022,91.83676178225579,0.00034330637,-0.0027610457,-0.0066533997
7258.1143,3.849525,-0.0039546336,37843,1334.1493522819665,91.8371146452941,6225.3213,3.0551577,2332.0696,1.2263043,7258.1143,3.849525,0,,,,,1334.1493522819665,0.00034768917,91.8371146452941,0.0003426477,-0.0012693212,-0.0047628395
7256.909,3.84816,-0.0039546355,37845,1334.1476923923888,91.83584435945181,6223.755,3.0540743,2325.2075,1.2259939,7256.909,3.84816,0,,,,,1334.1476923923888,0.00034759493,91.83584435945181,0.0003427102,-0.0041187154,-0.007867308
7258.543,3.8437417,-0.0039546355,37846,1334.1479570929228,91.83658279683036,6218.406,3.0505676,2312.565,1.2228729,7258.543,3.8437417,0,,,,,1334.1479570929228,0.00034754004,91.83658279683036,0.00034275526,-0.0036698338,-0.00740518
7258.384,3.842636,-0.0039546355,37847,1334.150368119889,91.83720041945112,6221.543,3.04969,2299.2468,1.2218027,7258.384,3.842636,0,,,,,1334.150368119889,0.00034715983,91.83720041945112,0.00034240665,-0.00083656254,-0.005101988
7247.6772,3.837171,-0.003954635,37848,1334.1488648511936,91.83569430146233,6220.2266,3.045353,2284.1997,1.2181222,7247.6772,3.837171,0,,,,,1334.1488648511936,0.00034679697,91.83569430146233,0.00034183078,-0.0033119004,-0.0070078513
7253.3003,3.8341477,-0.0039546345,37849,1334.1469308344524,91.8343837985939,6217.7812,3.0429533,2266.3125,1.2161177,7253.3003,3.8341477,0,,,,,1334.1469308344524,0.00034665913,91.8343837985939,0.00034192752,-0.005950044,-0.0096504195
7251.093,3.831576,-0.003954633,37850,1334.1491425294732,91.83671539487187,6215.9575,3.0409126,2249.4316,1.2160059,7251.093,3.831576,0,,,,,1334.1491425294732,0.00034664053,91.83671539487187,0.00034164995,-0.0027530917,-0.006893625
7255.8853,3.8294444,-0.0039546317,37851,1334.1485958071214,91.83600511496682,6221.711,3.0392206,2230.5525,1.2117006,7255.8853,3.8294444,0,,,,,1334.1485958071214,0.00034618596,91.83600511496682,0.00034124326,-0.003089405,-0.0070954105
7256.502,3.8221328,-0.0039546294,37852,1334.1501520472425,91.83733378178874,6219.065,3.0334177,2214.8,1.208869,7256.502,3.8221328,0,,,,,1334.1501520472425,0.00034553284,91.83733378178874,0.00034073758,-0.000985532,-0.0054165144
7250.3965,3.8193183,-0.003954627,37853,1334.1487063743866,91.8360025785054,6218.027,3.0311842,2203.2935,1.2087733,7250.3965,3.8193183,0,,,,,1334.1487063743866,0.0003453104,91.8360025785054,0.00034027052,-0.003399887,-0.007907849
7252.5513,3.821823,-0.0039546243,37854,1334.1475724170089,91.83521172073468,6220.6143,3.033172,2192.7817,1.2111812,7252.5513,3.821823,0,,,,,1334.1475724170089,0.00034539896,91.83521172073468,0.00034032646,-0.0050010895,-0.008668465
7260.6865,3.816235,-0.0039546215,37855,1334.148545397856,91.8359660557464,6220.1284,3.028737,2185.6511,1.2064931,7260.6865,3.816235,0,,,,,1334.148545397856,0.00034490897,91.8359660557464,0.0003401967,-0.0035187027,-0.0076343026
7256.136,3.8180587,-0.003954618,37856,1334.148805397454,91.83628496349785,6222.1333,3.0301845,2180.413,1.204271,7256.136,3.8180587,0,,,,,1334.148805397454,0.0003450743,91.83628496349785,0.00034019846,-0.0031165958,-0.0075203106
7262.0063,3.819829,-0.003954614,37857,1334.150003556646,91.83748252564764,6222.572,3.0315895,2177.239,1.2076212,7262.0063,3.819829,0,,,,,1334.150003556646,0.00034528822,91.83748252564764,0.0003403089,-0.00081866916,-0.0051376857
7252.9785,3.8123932,-0.0039546094,37858,1334.148723589659,91.83600545314589,6220.6924,3.0256882,2173.7234,1.203139,7252.9785,3.8123932,0,,,,,1334.148723589659,0.00034453,91.83600545314589,0.00033957622,-0.004003187,-0.006697381
7257.1357,3.8147311,-0.0039545996,37860,1334.148302136589,91.83686771107485,6219.8394,3.0275435,2171.6135,1.204091,7257.1357,3.8147311,0,,,,,1334.148302136589,0.0003447506,91.83686771107485,0.0003399927,-0.0030054916,-0.006268793
7255.096,3.816599,-0.003954594,37861,1334.1487293207974,91.83555236417811,6217.604,3.0290258,2172.3809,1.2034339,7255.096,3.816599,0,,,,,1334.1487293207974,0.0003450584,91.83555236417811,0.0003404434,-0.003073225,-0.0076534087
7256.8896,3.8112876,-0.0039545884,37862,1334.149117271487,91.83700938929573,6221.7886,3.0248106,2168.3774,1.202432,7256.8896,3.8112876,0,,,,,1334.149117271487,0.0003444661,91.83700938929573,0.00033944048,-0.001639293,-0.0051534455
7253.0815,3.8107975,-0.003954582,37863,1334.1465942370046,91.83540587918769,6216.7383,3.0244215,2165.5422,1.2022,7253.0815,3.8107975,0,,,,,1334.1465942370046,0.00034452914,91.83540587918769,0.00033984295,-0.0056730853,-0.008631626
7257.296,3.8091514,-0.003954568,37865,1334.1488443391472,91.83564295843418,6231.902,3.0231152,2146.1648,1.1992663,7257.296,3.8091514,0,,,,,1334.1488443391472,0.0003438399,91.83564295843418,0.00033853654,-0.003283249,-0.0074892174
7249.6753,3.8045204,-0.0039545605,37866,1334.1493124431913,91.83635003294097,6226.298,3.0194397,2136.228,1.1980538,7249.6753,3.8045204,0,,,,,1334.1493124431913,0.00034359333,91.83635003294097,0.00033827827,-0.0022951032,-0.0068437955
7249.549,3.8014061,-0.003954553,37867,1334.149856259345,91.83661488762674,6225.516,3.016968,2122.2883,1.1962814,7249.549,3.8014061,0,,,,,1334.149856259345,0.00034332974,91.83661488762674,0.00033801573,-0.0019421177,-0.0060018855
7246.3276,3.8022132,-0.0039545447,37868,1334.148671995301,91.83604130798807,6222.805,3.0176086,2110.8367,1.1943058,7246.3276,3.8022132,0,,,,,1334.148671995301,0.00034312156,91.83604130798807,0.00033854548,-0.0034932164,-0.007151344
7248.585,3.8012037,-0.003954536,37869,1334.149373072943,91.83598236179436,6226.382,3.0168076,2097.1023,1.193128,7248.585,3.8012037,0,,,,,1334.149373072943,0.00034364293,91.83598236179436,0.00033811745,-0.0024879992,-0.0072330134
7252.5776,3.7953694,-0.003954527,37870,1334.1486938225607,91.83579887373237,6228.779,3.012177,2088.5828,1.191423,7252.5776,3.7953694,0,,,,,1334.1486938225607,0.00034264778,91.83579887373237,0.00033746797,-0.0030332473,-0.0075164987
7255.7773,3.8017118,-0.0039545177,37871,1334.149746483978,91.83676312540389,6231.9473,3.0172107,2082.0876,1.1907043,7255.7773,3.8017118,0,,,,,1334.149746483978,0.00034325157,91.83676312540389,0.00033804736,-0.0024020567,-0.006391196
7255.935,3.7937353,-0.0039545074,37872,1334.1489349276496,91.8362329026387,6231.4014,3.0108805,2078.567,1.1916589,7255.935,3.7937353,0,,,,,1334.1489349276496,0.00034242216,91.8362329026387,0.00033701066,-0.0029051995,-0.006442809
7248.17,3.7939317,-0.0039544976,37873,1334.1497404756908,91.83609032558472,6224.2324,3.0110362,2074.3289,1.1915535,7248.17,3.7939317,0,,,,,1334.1497404756908,0.00034273881,91.83609032558472,0.00033749736,-0.003004404,-0.0070579993
7247.3184,3.790991,-0.003954487,37874,1334.1491273650197,91.83613755775089,6223.718,3.0087023,2076.8499,1.1901989,7247.3184,3.790991,0,,,,,1334.1491273650197,0.00034238325,91.83613755775089,0.00033724846,-0.0032570022,-0.0069351476
7254.7783,3.7949321,-0.0039544757,37875,1334.1489106442314,91.83576317304681,6230.8696,3.01183,2080.9514,1.1905825,7254.7783,3.7949321,0,,,,,1334.1489106442314,0.00034231468,91.83576317304681,0.00033730833,-0.0026225513,-0.006878737
7253.0806,3.796837,-0.0039544646,37876,1334.1497499002464,91.8359925786595,6229.8555,3.013342,2087.555,1.1911794,7253.0806,3.796837,0,,,,,1334.1497499002464,0.00034279257,91.8359925786595,0.0003375358,-0.0025733565,-0.0069545186
7247.8096,3.7963398,-0.0039544525,37877,1334.1496014689235,91.83689072821164,6224.8228,3.0129473,2096.321,1.1926349,7247.8096,3.7963398,0,,,,,1334.1496014689235,0.0003429338,91.83689072821164,0.00033767775,-0.0025646521,-0.0056098364
7250.2876,3.7999392,-0.0039544404,37878,1334.1490963870715,91.83570760936638,6224.4985,3.0158038,2111.1165,1.1948117,7250.2876,3.7999392,0,,,,,1334.1490963870715,0.00034341644,91.83570760936638,0.00033811355,-0.0035141245,-0.007614041
7254.408,3.8047502,-0.003954428,37879,1334.1491292925466,91.83624136870462,6229.7847,3.0196223,2125.979,1.1968689,7254.408,3.8047502,0,,,,,1334.1491292925466,0.00034354973,91.83624136870462,0.00033815528,-0.0033726268,-0.007070048
7251.2437,3.8135667,-0.0039544147,37880,1334.1493922023383,91.8359015728024,6227.661,3.0266194,2142.4226,1.2010298,7251.2437,3.8135667,0,,,,,1334.1493922023383,0.0003442046,91.8359015728024,0.00033926405,-0.002975768,-0.007347338
7249.262,3.8119223,-0.0039544017,37881,1334.1497371326502,91.83678262213442,6225.726,3.0253143,2161.9187,1.202049,7249.262,3.8119223,0,,,,,1334.1497371326502,0.00034428446,91.83678262213442,0.00033906926,-0.002051072,-0.0060079326
7245.434,3.8150935,-0.0039543877,37882,1334.1495343760546,91.83557348007116,6220.3633,3.027831,2181.113,1.2051297,7245.434,3.8150935,0,,,,,1334.1495343760546,0.0003446902,91.83557348007116,0.0003396697,-0.0032151912,-0.0069183963
7252.0674,3.8209994,-0.0039543738,37883,1334.1492610185383,91.83534711190087,6226.8687,3.0325184,2192.7566,1.2098036,7252.0674,3.8209994,0,,,,,1334.1492610185383,0.0003448748,91.83534711190087,0.0003398222,-0.0026454688,-0.008118283
7246.8843,3.8192163,-0.003954359,37884,1334.148859601891,91.83627277950787,6224.002,3.0311031,2204.7192,1.2068893,7246.8843,3.8192163,0,,,,,1334.148859601891,0.00034497216,91.83627277950787,0.00033980652,-0.0024197404,-0.0060419915
7249.9683,3.8222277,-0.003954344,37885,1334.1498500712976,91.83602502821553,6226.731,3.0334933,2208.1816,1.2096273,7249.9683,3.8222277,0,,,,,1334.1498500712976,0.00034499948,91.83602502821553,0.00033982622,-0.0027051056,-0.0067700967
7247.426,3.823657,-0.0039543286,37886,1334.1499220226026,91.83723212103288,6223.136,3.0346274,2210.0952,1.2091349,7247.426,3.823657,0,,,,,1334.1499220226026,0.0003455977,91.83723212103288,0.00034033542,-0.0020797385,-0.0057229735
7248.721,3.8210783,-0.003954313,37887,1334.1489822555486,91.8357157538333,6222.871,3.0325806,2211.809,1.2091713,7248.721,3.8210783,0,,,,,1334.1489822555486,0.00034519847,91.8357157538333,0.00034008772,-0.0029115123,-0.007138318
7252.423,3.8231769,-0.003954297,37888,1334.149148428657,91.8363995637948,6228.1855,3.0342464,2213.1846,1.208909,7252.423,3.8231769,0,,,,,1334.149148428657,0.00034523004,91.8363995637948,0.00033995887,-0.003148475,-0.0065582865
7257.878,3.8232152,-0.0039542806,37889,1334.1492730857308,91.83638353672168,6233.6997,3.0342767,2212.4492,1.2089653,7257.878,3.8232152,0,,,,,1334.1492730857308,0.00034485018,91.83638353672168,0.00033968023,-0.0030581048,-0.007742119
7249.7515,3.8245573,-0.0039542634,37890,1334.1490051315252,91.83632961875301,6226.883,3.035342,2214.0222,1.2093551,7249.7515,3.8245573,0,,,,,1334.1490051315252,0.00034549812,91.83632961875301,0.00034014063,-0.0029210206,-0.006722993
7249.5903,3.8219995,-0.003954246,37891,1334.1497453104764,91.83661690196698,6223.977,3.033312,2214.4453,1.2087082,7249.5903,3.8219995,0,,,,,1334.1497453104764,0.00034536386,91.83661690196698,0.00034011755,-0.0022475263,-0.0059478874
7255.919,3.8251824,-0.0039542285,37892,1334.1485262469894,91.83629635343337,6227.7666,3.0358384,2211.9194,1.2105988,7255.919,3.8251824,0,,,,,1334.1485262469894,0.0003454686,91.83629635343337,0.00034022983,-0.0034761883,-0.007304937
7251.298,3.8207798,-0.0039542103,37893,1334.1490810969096,91.83615828322284,6227.246,3.032344,2209.4917,1.2086623,7251.298,3.8207798,0,,,,,1334.1490810969096,0.00034492847,91.83615828322284,0.00033974653,-0.0032718612,-0.007109572
7250.922,3.820158,-0.003954192,37894,1334.1490378218696,91.8359494038844,6227.552,3.0318506,2203.282,1.2065502,7250.922,3.820158,0,,,,,1334.1490378218696,0.00034495618,91.8359494038844,0.0003397343,-0.0029844898,-0.007013726
7253.805,3.8216534,-0.003954173,37895,1334.149615511754,91.83661079759082,6228.1987,3.0330372,2193.1501,1.2082464,7253.805,3.8216534,0,,,,,1334.149615511754,0.00034528188,91.83661079759082,0.00033985527,-0.002654397,-0.006531599
7254.934,3.8172495,-0.003954154,37896,1334.1487108697474,91.8359683163245,6227.7075,3.0295422,2179.7234,1.2059892,7254.934,3.8172495,0,,,,,1334.1487108697474,0.0003448742,91.8359683163245,0.00033950657,-0.003344487,-0.007347302
7247.4893,3.8147569,-0.003954134,37897,1334.1487680182665,91.8363128808726,6223.4146,3.027564,2166.097,1.2033643,7247.4893,3.8147569,0,,,,,1334.1487680182665,0.00034462177,91.8363128808726,0.00033953515,-0.0033950324,-0.0064151986
7248.654,3.8084931,-0.003954114,37898,1334.1493135244398,91.83622271451452,6225.0757,3.0225928,2149.3752,1.1997935,7248.654,3.8084931,0,,,,,1334.1493135244398,0.00034408132,91.83622271451452,0.00033884915,-0.003369525,-0.007168012
7204.931,3.7982702,-0.0039540934,37899,1334.1499723538002,91.8354845566236,6191.014,3.0144794,2132.8916,1.1973637,7204.931,3.7982702,0,,,,,1334.1499723538002,0.000344904,91.8354845566236,0.00033976967,-0.0030354974,-0.0077144047
7197.204,3.8001485,-0.003954073,37900,1334.1494720222597,91.83685577427632,6184.1064,3.01597,2117.4878,1.1978531,7197.204,3.8001485,0,,,,,1334.1494720222597,0.00034579486,91.83685577427632,0.0003403724,-0.0025625909,-0.0058172857
7197.18,3.79096,-0.0039540515,37901,1334.148328589829,91.8360143296522,6182.4355,3.0086777,2106.3682,1.1931064,7197.18,3.79096,0,,,,,1334.148328589829,0.00034479093,91.8360143296522,0.00033970183,-0.0032778978,-0.0069111427
7194.219,3.7885776,-0.00395403,37902,1334.1487962668834,91.8364534370109,6180.485,3.0067866,2098.7798,1.1925619,7194.219,3.7885776,0,,,,,1334.1487962668834,0.00034475105,91.8364534370109,0.00033943204,-0.0030843671,-0.0068891994
7196.526,3.790138,-0.0039540078,37903,1334.1488753509523,91.83595855825295,6182.984,3.0080252,2092.4668,1.1915768,7196.526,3.790138,0,,,,,1334.1488753509523,0.00034473723,91.83595855825295,0.00033959665,-0.002777075,-0.0072919116
7200.4946,3.789775,-0.0039539854,37904,1334.1489473045508,91.83602727272583,6186.5693,3.0077372,2087.0386,1.1922133,7200.4946,3.789775,0,,,,,1334.1489473045508,0.00034437512,91.83602727272583,0.00033922167,-0.0028934367,-0.0066153845
7249.5083,3.7923644,-0.0039539626,37905,1334.148960703929,91.83631649617384,6222.916,3.009792,2085.1287,1.1902019,7249.5083,3.7923644,0,,,,,1334.148960703929,0.0003427733,91.83631649617384,0.00033749262,-0.0027299789,-0.0068979035
7250.2583,3.7922113,-0.0039539393,37906,1334.1494348471902,91.83619212478135,6223.985,3.0096705,2086.2366,1.1908576,7250.2583,3.7922113,0,,,,,1334.1494348471902,0.00034249344,91.83619212478135,0.0003373442,-0.0028350453,-0.006744692
7247.2607,3.7936802,-0.003953916,37907,1334.1489250906259,91.83612139130243,6224.5293,3.0108366,2085.9988,1.1907244,7247.2607,3.7936802,0,,,,,1334.1489250906259,0.0003428648,91.83612139130243,0.00033742364,-0.003438686,-0.0068997247
7250.1187,3.7929833,-0.003953892,37908,1334.1496543416483,91.83669259841409,6224.529,3.0102835,2088.4822,1.1911305,7250.1187,3.7929833,0,,,,,1334.1496543416483,0.00034265124,91.83669259841409,0.00033743767,-0.0021682798,-0.00694522
7252.6987,3.7951543,-0.0039538676,37909,1334.149762865682,91.83632370085057,6226.528,3.0120065,2090.04,1.1920007,7252.6987,3.7951543,0,,,,,1334.149762865682,0.00034264795,91.83632370085057,0.00033746008,-0.0028066232,-0.0064235637
7250.5474,3.7974553,-0.003953843,37910,1334.1496928678457,91.83679305578418,6224.184,3.0138328,2090.6238,1.1931018,7250.5474,3.7974553,0,,,,,1334.1496928678457,0.00034332264,91.83679305578418,0.0003378559,-0.0026868442,-0.006307237
7247.5303,3.7940512,-0.0039538178,37911,1334.1486607640084,91.83632267202913,6223.691,3.011131,2089.8818,1.1920689,7247.5303,3.7940512,0,,,,,1334.1486607640084,0.00034285022,91.83632267202913,0.00033750973,-0.0031448998,-0.0068577686
7248.75,3.7973447,-0.003953792,37912,1334.1492047954794,91.83537964666982,6224.854,3.0137448,2083.862,1.1941185,7248.75,3.7973447,0,,,,,1334.1492047954794,0.00034294958,91.83537964666982,0.00033774934,-0.0032252218,-0.007227706
7247.6987,3.7911022,-0.003953766,37913,1334.1498364656939,91.83605409671186,6223.3135,3.0087903,2077.2068,1.1891155,7247.6987,3.7911022,0,,,,,1334.1498364656939,0.00034257583,91.83605409671186,0.0003373238,-0.0021012782,-0.006116229
7249.1914,3.7929075,-0.0039537395,37914,1334.1486773040224,91.83632335288824,6222.884,3.0102234,2065.3936,1.189179,7249.1914,3.7929075,0,,,,,1334.1486773040224,0.00034248168,91.83632335288824,0.000337615,-0.003388219,-0.006732747
7247.8506,3.7847078,-0.003953713,37915,1334.1480006915874,91.83595074247063,6221.304,3.0037158,2051.1409,1.1868789,7247.8506,3.7847078,0,,,,,1334.1480006915874,0.00034203025,91.83595074247063,0.00033680483,-0.0037154353,-0.0076728817
7250.6475,3.7825096,-0.003953686,37916,1334.14916647949,91.83697420862516,6225.021,3.001971,2036.1836,1.1856585,7250.6475,3.7825096,0,,,,,1334.14916647949,0.00034166462,91.83697420862516,0.00033636784,-0.0023477515,-0.006013613
7253.3965,3.7795565,-0.003953658,37917,1334.1486719650065,91.8362574651558,6229.0244,2.999627,2022.0212,1.1808863,7253.3965,3.7795565,0,,,,,1334.1486719650065,0.00034127233,91.8362574651558,0.0003359727,-0.0026451708,-0.006792991
7248.0303,3.774854,-0.00395363,37918,1334.1493041613446,91.83677530484928,6222.376,2.9958951,2007.3317,1.1786462,7248.0303,3.774854,0,,,,,1334.1493041613446,0.0003411463,91.83677530484928,0.0003359974,-0.002269185,-0.006084593
7250.663,3.771924,-0.003953602,37919,1334.1496090184817,91.8368300942401,6221.886,2.9935699,1997.2001,1.177815,7250.663,3.771924,0,,,,,1334.1496090184817,0.00034094253,91.8368300942401,0.0003356617,-0.002647824,-0.0063614207
7253.9224,3.7729971,-0.0039535733,37920,1334.1499867383286,91.83666266150507,6227.895,2.9944215,1989.104,1.1793749,7253.9224,3.7729971,0,,,,,1334.1499867383286,0.0003405138,91.83666266150507,0.00033534796,-0.0029929874,-0.0067265164
7249.4263,3.7701423,-0.003953544,37921,1334.148675996879,91.83622984422979,6225.912,2.9921558,1979.9288,1.1751771,7249.4263,3.7701423,0,,,,,1334.148675996879,0.00034079677,91.83622984422979,0.00033521975,-0.0031099834,-0.0066932
7249.864,3.7729604,-0.0039535146,37922,1334.1491504881285,91.83722287484532,6225.7017,2.9943924,1977.4338,1.1766363,7249.864,3.7729604,0,,,,,1334.1491504881285,0.0003408546,91.83722287484532,0.00033548666,-0.002374309,-0.005510231
7252.2334,3.772251,-0.003953485,37923,1334.1498059866508,91.8370415800233,6223.797,2.9938293,1978.2386,1.1754789,7252.2334,3.772251,0,,,,,1334.1498059866508,0.0003410157,91.8370415800233,0.00033575096,-0.0022002948,-0.006075531
7251.1587,3.7675667,-0.0039534546,37924,1334.1497193092966,91.83635200751638,6220.092,2.9901116,1982.9318,1.1755949,7251.1587,3.7675667,0,,,,,1334.1497193092966,0.00034060449,91.83635200751638,0.0003353669,-0.0033099388,-0.006736941
7251.6426,3.7712417,-0.003953424,37925,1334.1490789347308,91.83594818088282,6226.5894,2.9930284,1991.7687,1.1768783,7251.6426,3.7712417,0,,,,,1334.1490789347308,0.00034061456,91.83594818088282,0.00033529275,-0.0031434107,-0.0073512425
7255.0454,3.7748837,-0.0039533926,37926,1334.1492162539591,91.83677857235998,6229.6035,2.9959188,2005.3008,1.1786544,7255.0454,3.7748837,0,,,,,1334.1492162539591,0.00034081785,91.83677857235998,0.00033550954,-0.0025810583,-0.0065076975
7251.798,3.7776768,-0.0039533614,37927,1334.149325512274,91.83761459843019,6226.187,2.9981356,2022.4196,1.1814587,7251.798,3.7776768,0,,,,,1334.149325512274,0.0003410896,91.83761459843019,0.0003358128,-0.0025289136,-0.0054643387
7249.53,3.7845552,-0.0039533293,37928,1334.1488427320094,91.83619875498094,6224.9453,3.0035944,2039.6633,1.1839584,7249.53,3.7845552,0,,,,,1334.1488427320094,0.00034183267,91.83619875498094,0.00033669185,-0.0035552585,-0.006998053
7249.913,3.7880065,-0.003953297,37929,1334.1496524010836,91.83644636114467,6224.784,3.0063336,2058.9622,1.1872025,7249.913,3.7880065,0,,,,,1334.1496524010836,0.00034209673,91.83644636114467,0.00033692658,-0.0025934882,-0.006583098
7251.9053,3.791725,-0.0039532646,37930,1334.148848898468,91.8367546079628,6225.954,3.0092845,2078.0159,1.1901112,7251.9053,3.791725,0,,,,,1334.148848898468,0.0003424189,91.8367546079628,0.0003372096,-0.003461164,-0.006535372
7250.5757,3.7954514,-0.0039532315,37931,1334.1497309811127,91.83651317755002,6222.3237,3.012242,2094.6262,1.1912982,7250.5757,3.7954514,0,,,,,1334.1497309811127,0.00034299312,91.83651317755002,0.00033788016,-0.0018085851,-0.0059921853
7255.8535,3.7989058,-0.003953198,37932,1334.1490426225228,91.83671845618183,6227.965,3.014984,2106.232,1.1929781,7255.8535,3.7989058,0,,,,,1334.1490426225228,0.00034300663,91.83671845618183,0.00033786785,-0.0027473725,-0.005857372
7249.0356,3.7994163,-0.003953164,37933,1334.1492376874683,91.83669822102371,6221.5493,3.0153887,2113.6301,1.1962929,7249.0356,3.7994163,0,,,,,1334.1492376874683,0.00034335323,91.83669822102371,0.0003381916,-0.0028196129,-0.00672238
7250.8584,3.8004162,-0.00395313,37934,1334.1490545922643,91.83597892115644,6223.952,3.0161827,2118.1348,1.1959193,7250.8584,3.8004162,0,,,,,1334.1490545922643,0.00034326524,91.83597892115644,0.00033817702,-0.0036179477,-0.0072767674
7252.839,3.8051317,-0.0039530955,37935,1334.1487917578538,91.83648115191868,6227.0776,3.019925,2122.1199,1.1968699,7252.839,3.8051317,0,,,,,1334.1487917578538,0.00034374266,91.83648115191868,0.0003384385,-0.0028001328,-0.0064701997
7254.5825,3.8015373,-0.00395306,37936,1334.149883942215,91.83699374317673,6227.401,3.0170722,2123.6978,1.1963246,7254.5825,3.8015373,0,,,,,1334.149883942215,0.00034326973,91.83699374317673,0.0003380601,-0.0023157604,-0.0058525195
7250.6914,3.8005166,-0.0039530247,37937,1334.1490874320227,91.83577650456229,6223.082,3.0162623,2122.2812,1.1963307,7250.6914,3.8005166,0,,,,,1334.1490874320227,0.0003432982,91.83577650456229,0.00033814233,-0.0032394086,-0.0070669637
7249.6016,3.8022485,-0.0039529894,37938,1334.1487200125403,91.83599794858063,6222.7393,3.0176368,2122.7617,1.1973897,7249.6016,3.8022485,0,,,,,1334.1487200125403,0.00034351143,91.83599794858063,0.0003383405,-0.00307177,-0.006981158
7246.719,3.8016639,-0.003952953,37939,1334.1487080582206,91.83733900576563,6221.4834,3.0171726,2121.74,1.1962225,7246.719,3.8016639,0,,,,,1334.1487080582206,0.00034354688,91.83733900576563,0.00033837633,-0.0027935854,-0.0054977867
7253.5786,3.8015316,-0.0039529162,37940,1334.149584257251,91.83645831878596,6224.597,3.0170677,2121.3118,1.1966594,7253.5786,3.8015316,0,,,,,1334.149584257251,0.00034338655,91.83645831878596,0.0003381903,-0.0021060233,-0.006487761
7248.276,3.802333,-0.0039528795,37941,1334.1493225193585,91.83686225475097,6222.878,3.0177038,2117.0225,1.1963925,7248.276,3.802333,0,,,,,1334.1493225193585,0.00034353414,91.83686225475097,0.00033837731,-0.0030306887,-0.006366147
7248.6875,3.7974048,-0.003952842,37942,1334.1490012483764,91.8368377394285,6219.862,3.0137923,2110.1404,1.1941961,7248.6875,3.7974048,0,,,,,1334.1490012483764,0.00034323896,91.8368377394285,0.00033809172,-0.0024643927,-0.0067174053
7251.8633,3.7998552,-0.0039528045,37943,1334.1497690179488,91.83668923962716,6225.726,3.0157375,2101.105,1.1934081,7251.8633,3.7998552,0,,,,,1334.1497690179488,0.00034356257,91.83668923962716,0.00033804195,-0.0026897292,-0.0064525045
7257.3228,3.7952766,-0.0039527663,37944,1334.1491614707427,91.83680555353847,6231.9204,3.0121036,2087.0479,1.1909051,7257.3228,3.7952766,0,,,,,1334.1491614707427,0.00034257717,91.83680555353847,0.00033722274,-0.0027894916,-0.0064680176
7253.2217,3.7913487,-0.0039527277,37945,1334.1491459230458,91.8367787208837,6225.379,3.0089862,2072.2812,1.1889296,7253.2217,3.7913487,0,,,,,1334.1491459230458,0.00034242863,91.8367787208837,0.0003372612,-0.0025545533,-0.0063037826
7253.2793,3.786545,-0.0039526885,37946,1334.1487790768426,91.83646558068182,6226.8584,3.005174,2059.0278,1.1864053,7253.2793,3.786545,0,,,,,1334.1487790768426,0.0003418295,91.83646558068182,0.0003366907,-0.0028641624,-0.006739175
7250.754,3.7842803,-0.0039526494,37947,1334.1486916770743,91.83666825900445,6223.6426,3.0033762,2048.7249,1.1850953,7250.754,3.7842803,0,,,,,1334.1486916770743,0.00034190164,91.83666825900445,0.0003367248,-0.002723699,-0.00605132
7251.5044,3.7856994,-0.00395261,37948,1334.1489488853128,91.83709955819535,6224.406,3.0045025,2033.3842,1.1864127,7251.5044,3.7856994,0,,,,,1334.1489488853128,0.0003421045,91.83709955819535,0.00033680844,-0.0026323078,-0.006572004
7253.369,3.7820992,-0.0039525693,37949,1334.1496794232833,91.83699111485517,6225.296,3.0016453,2023.4464,1.1845257,7253.369,3.7820992,0,,,,,1334.1496794232833,0.00034146348,91.83699111485517,0.0003363914,-0.0019750597,-0.0053463024
7249.7603,3.7762113,-0.003952529,37950,1334.1490338593417,91.83640299518477,6223.755,2.9969723,2016.438,1.1814268,7249.7603,3.7762113,0,,,,,1334.1490338593417,0.0003411184,91.83640299518477,0.00033591042,-0.0032129649,-0.006549157
7253.035,3.7768588,-0.0039524883,37951,1334.1484765413293,91.83615643687779,6225.6255,2.9974866,2013.8987,1.1808382,7253.035,3.7768588,0,,,,,1334.1484765413293,0.00034124483,91.83615643687779,0.00033590823,-0.0031221416,-0.007001255
7252.0225,3.7768383,-0.003952447,37952,1334.1491002463458,91.8365606923054,6224.068,2.9974701,2015.0487,1.1822057,7252.0225,3.7768383,0,,,,,1334.1491002463458,0.00034104259,91.8365606923054,0.00033595425,-0.0026649327,-0.006616433
7250.937,3.7757463,-0.003952405,37953,1334.14962606118,91.83761927852282,6223.628,2.9966035,2015.1359,1.1798635,7250.937,3.7757463,0,,,,,1334.14962606118,0.00034111785,91.83761927852282,0.00033588219,-0.0019736742,-0.0054259887
7256.9087,3.7787328,-0.003952363,37954,1334.149222152713,91.83673565215818,6228.3755,2.9989736,2016.9501,1.1809967,7256.9087,3.7787328,0,,,,,1334.149222152713,0.0003412339,91.83673565215818,0.0003360312,-0.0029142858,-0.006970116
7254.1426,3.77929,-0.0039523207,37955,1334.148518991016,91.83711014500213,6224.047,2.9994159,2022.3658,1.182639,7254.1426,3.77929,0,,,,,1334.148518991016,0.00034121706,91.83711014500213,0.00033617,-0.0031104595,-0.005836297
7249.5938,3.7779672,-0.003952278,37956,1334.148744908071,91.83730215711111,6222.5776,2.998366,2024.7107,1.1820204,7249.5938,3.7779672,0,,,,,1334.148744908071,0.00034135935,91.83730215711111,0.00033611158,-0.002733884,-0.006001945
7248.7466,3.7806973,-0.0039522345,37957,1334.148751760752,91.8367793847771,6224.039,3.0005329,2025.1829,1.1830357,7248.7466,3.7806973,0,,,,,1334.148751760752,0.00034164984,91.8367793847771,0.0003363399,-0.0024258723,-0.005896267
7256.568,3.7816103,-0.0039521907,37958,1334.1493078683554,91.83697099345706,6227.1885,3.0012572,2026.0057,1.1867783,7256.568,3.7816103,0,,,,,1334.1493078683554,0.00034117844,91.83697099345706,0.0003360939,-0.002166648,-0.0060453177
7253.0137,3.7812347,-0.003952147,37959,1334.148897146831,91.83677274112671,6225.122,3.0009592,2024.167,1.1835101,7253.0137,3.7812347,0,,,,,1334.148897146831,0.00034165866,91.83677274112671,0.00033635087,-0.0025547168,-0.0065760366
7248.705,3.7768052,-0.0039521027,37960,1334.148988901524,91.83648357223503,6222.5947,2.9974437,2017.3364,1.181065,7248.705,3.7768052,0,,,,,1334.148988901524,0.00034127483,91.83648357223503,0.00033601717,-0.0026452285,-0.0064166524
7257.727,3.7775378,-0.0039520576,37961,1334.1488809262617,91.83740857604214,6228.9414,2.9980252,2011.5624,1.1799034,7257.727,3.7775378,0,,,,,1334.1488809262617,0.0003411186,91.83740857604214,0.00033584546,-0.0027646732,-0.005723565
7252.523,3.7742734,-0.0039520124,37962,1334.1500259393515,91.83735110833783,6222.656,2.9954343,2000.0549,1.1790245,7252.523,3.7742734,0,,,,,1334.1500259393515,0.0003412029,91.83735110833783,0.00033583018,-0.0015445187,-0.0053321305
7254.3203,3.7710106,-0.0039519668,37963,1334.1490558518396,91.83715090506793,6224.3857,2.9928448,1987.31,1.1768688,7254.3203,3.7710106,0,,,,,1334.1490558518396,0.00034079375,91.83715090506793,0.0003355236,-0.0027754789,-0.0060592303
7256.9746,3.7696426,-0.003951921,37964,1334.1496690443048,91.83669482432796,6224.7944,2.991759,1976.5867,1.17521,7256.9746,3.7696426,0,,,,,1334.1496690443048,0.00034071406,91.83669482432796,0.00033544374,-0.0022530982,-0.0063272654
7254.492,3.7672963,-0.0039518746,37965,1334.1492445959784,91.83672405016779,6227.4507,2.9898973,1963.9435,1.1740898,7254.492,3.7672963,0,,,,,1334.1492445959784,0.00034041828,91.83672405016779,0.00033492115,-0.0029761014,-0.0064962436
7253.21,3.7629788,-0.003951828,37966,1334.1489310809907,91.83682204981655,6226.512,2.9864705,1955.6852,1.1718374,7253.21,3.7629788,0,,,,,1334.1489310809907,0.00033985975,91.83682204981655,0.00033457956,-0.0029085455,-0.006451927
7249.892,3.761372,-0.003951781,37967,1334.1488879227688,91.83758961173069,6220.4917,2.9851952,1951.861,1.1715401,7249.892,3.761372,0,,,,,1334.1488879227688,0.00034009124,91.83758961173069,0.00033477752,-0.0025984417,-0.0059496504
7254.067,3.7646785,-0.003951733,37968,1334.1495732493743,91.8369430281233,6224.2637,2.9878194,1948.6991,1.1739435,7254.067,3.7646785,0,,,,,1334.1495732493743,0.00034035998,91.8369430281233,0.0003349218,-0.0024092065,-0.006681502
7253.5767,3.7613952,-0.0039516855,37969,1334.148515881153,91.83619121965843,6224.7764,2.9852138,1949.0878,1.1717311,7253.5767,3.7613952,0,,,,,1334.148515881153,0.0003398166,91.83619121965843,0.00033452053,-0.0033688433,-0.0074770576
7252.4424,3.7625828,-0.003951637,37970,1334.1494172164983,91.83758837954825,6226.8447,2.9861562,1953.2609,1.1708417,7252.4424,3.7625828,0,,,,,1334.1494172164983,0.00033989162,91.83758837954825,0.00033458145,-0.0025030791,-0.0059896717
7248.8726,3.7671034,-0.003951588,37971,1334.1490940671256,91.83702534167462,6221.3496,2.9897442,1956.8798,1.1730386,7248.8726,3.7671034,0,,,,,1334.1490940671256,0.00034061604,91.83702534167462,0.0003352923,-0.002021417,-0.005681407
7253.0815,3.765142,-0.0039515393,37972,1334.1496069265197,91.83740533158345,6225.9707,2.9881873,1964.362,1.1728284,7253.0815,3.765142,0,,,,,1334.1496069265197,0.00034010367,91.83740533158345,0.00033478747,-0.0026957835,-0.005470236
7254.0483,3.7657022,-0.00395149,37973,1334.1483220022703,91.83644111041733,6225.973,2.988632,1973.2339,1.1740317,7254.0483,3.7657022,0,,,,,1334.1483220022703,0.0003400667,91.83644111041733,0.0003349189,-0.0033218153,-0.007004804
7248.5015,3.7710078,-0.0039514396,37974,1334.1490197186788,91.8370789380479,6223.286,2.9928427,1985.1664,1.177147,7248.5015,3.7710078,0,,,,,1334.1490197186788,0.00034091825,91.8370789380479,0.0003353755,-0.0024948039,-0.005774281
7249.147,3.7727869,-0.00395139,37975,1334.149861606777,91.8372580504548,6224.946,2.9942546,1997.1042,1.1791673,7249.147,3.7727869,0,,,,,1334.149861606777,0.00034080716,91.8372580504548,0.00033546225,-0.0020806226,-0.005574828
7245.7876,3.7760563,-0.003951339,37976,1334.149457397847,91.83744218495723,6220.569,2.9968495,2012.496,1.180084,7245.7876,3.7760563,0,,,,,1334.149457397847,0.00034144009,91.83744218495723,0.00033604167,-0.0017754016,-0.00527714
7253.2744,3.7847927,-0.003951288,37977,1334.1485568849214,91.83714039579023,6225.5894,3.0037832,2024.459,1.1823976,7253.2744,3.7847927,0,,,,,1334.1485568849214,0.00034216917,91.83714039579023,0.0003367979,-0.0026904794,-0.0059722723
7252.4595,3.7800107,-0.0039512366,37978,1334.1485768137884,91.83659043551818,6224.8203,2.9999878,2034.7043,1.1825747,7252.4595,3.7800107,0,,,,,1334.1485768137884,0.00034150286,91.83659043551818,0.00033634846,-0.0032446508,-0.0070640403
7244.0894,3.7824473,-0.003951185,37979,1334.1486420756632,91.83725398852643,6220.3984,3.0019217,2046.1366,1.1845691,7244.0894,3.7824473,0,,,,,1334.1486420756632,0.0003418402,91.83725398852643,0.00033659834,-0.0026251639,-0.0057237083
7252.167,3.7889369,-0.0039511323,37980,1334.150210937231,91.83815594907765,6224.77,3.007072,2056.8044,1.1865097,7252.167,3.7889369,0,,,,,1334.150210937231,0.00034235732,91.83815594907765,0.0003370807,-0.0013315976,-0.0042884895
7247.314,3.7908423,-0.0039510797,37981,1334.1491133455872,91.83674374709625,6219.2773,3.0085843,2060.2988,1.1892223,7247.314,3.7908423,0,,,,,1334.1491133455872,0.0003425281,91.83674374709625,0.00033762402,-0.0031805206,-0.0067879967
7253.676,3.7897766,-0.003951027,37982,1334.1493983667258,91.83675283002798,6226.6484,3.0077386,2058.2454,1.187896,7253.676,3.7897766,0,,,,,1334.1493983667258,0.0003425494,91.83675283002798,0.00033709581,-0.0027872145,-0.006865187
7251.6724,3.7903647,-0.0039509735,37983,1334.1488960914116,91.83673984760199,6226.497,3.0082054,2063.1758,1.1874106,7251.6724,3.7903647,0,,,,,1334.1488960914116,0.0003419063,91.83673984760199,0.0003371856,-0.0029777212,-0.00668869
7251.4434,3.7893481,-0.00395092,37984,1334.1497505306359,91.83787320821811,6224.4424,3.0073984,2064.5679,1.1921291,7251.4434,3.7893481,0,,,,,1334.1497505306359,0.00034221745,91.83787320821811,0.00033685294,-0.0016055997,-0.0041232193
7250.623,3.787913,-0.0039508655,37985,1334.1493286181305,91.83703352336573,6219.4443,3.0062597,2064.5122,1.1884062,7250.623,3.787913,0,,,,,1334.1493286181305,0.00034250508,91.83703352336573,0.00033729157,-0.0021201288,-0.0056069894
7249.021,3.7885303,-0.003950811,37986,1334.1490618300697,91.83711598994861,6221.4316,3.0067494,2063.27,1.1875097,7249.021,3.7885303,0,,,,,1334.1490618300697,0.00034235232,91.83711598994861,0.0003372281,-0.0022677,-0.006265311
7251.2417,3.7861996,-0.003950756,37987,1334.1489334493547,91.83723663688626,6223.782,3.0048995,2059.147,1.1867787,7251.2417,3.7861996,0,,,,,1334.1489334493547,0.00034205758,91.83723663688626,0.0003368634,-0.0030531755,-0.005930098
7251.986,3.7859855,-0.003950701,37988,1334.1490813381636,91.8371367327133,6225.9834,3.0047295,2058.0408,1.1864401,7251.986,3.7859855,0,,,,,1334.1490813381636,0.00034185924,91.8371367327133,0.0003366212,-0.0022878856,-0.0061700717
7243.9204,3.7850566,-0.003950645,37989,1334.1487156084042,91.83722571006791,6218.003,3.0039926,2055.188,1.1871818,7243.9204,3.7850566,0,,,,,1334.1487156084042,0.00034216593,91.83722571006791,0.00033698746,-0.002171961,-0.0056572505
7248.438,3.7821918,-0.0039505893,37990,1334.1496644645974,91.8369544895469,6220.195,3.001719,2049.4722,1.1847451,7248.438,3.7821918,0,,,,,1334.1496644645974,0.00034190557,91.8369544895469,0.0003366766,-0.0025008053,-0.006001343
7255.35,3.7830439,-0.003950533,37991,1334.1491174566147,91.83671263822639,6226.4683,3.002395,2039.0642,1.1841615,7255.35,3.7830439,0,,,,,1334.1491174566147,0.00034162716,91.83671263822639,0.00033641446,-0.002938108,-0.006714923
7250.9814,3.7827394,-0.0039504757,37992,1334.1491907968712,91.83829911326933,6225.215,3.0021536,2030.6403,1.183106,7250.9814,3.7827394,0,,,,,1334.1491907968712,0.00034192103,91.83829911326933,0.00033650023,-0.002677062,-0.005592954
7255.948,3.779288,-0.003950419,37993,1334.1497962003996,91.83762489612815,6228.609,2.9994142,2018.3081,1.1823528,7255.948,3.779288,0,,,,,1334.1497962003996,0.00034117946,91.83762489612815,0.00033595887,-0.001908677,-0.005235371
7255.278,3.7764962,-0.003950361,37994,1334.1499572679563,91.83705099797749,6227.368,2.9971986,2007.2119,1.180015,7255.278,3.7764962,0,,,,,1334.1499572679563,0.00034084386,91.83705099797749,0.000335785,-0.0026549257,-0.005659989
7249.378,3.77268,-0.003950303,37995,1334.148827577982,91.83712613221577,6221.1846,2.9941697,1994.397,1.178285,7249.378,3.77268,0,,,,,1334.148827577982,0.0003408425,91.83712613221577,0.00033581012,-0.002382604,-0.006295006
7250.1934,3.7707067,-0.0039502447,37996,1334.1489547148742,91.83684458913676,6225.2456,2.9926038,1983.8331,1.1756324,7250.1934,3.7707067,0,,,,,1334.1489547148742,0.00034085545,91.83684458913676,0.00033534624,-0.002577285,-0.0062253587
7253.8687,3.7680445,-0.003950186,37997,1334.1495731591592,91.83750559855018,6226.6387,2.9904907,1974.4374,1.1739569,7253.8687,3.7680445,0,,,,,1334.1495731591592,0.0003405749,91.83750559855018,0.00033501213,-0.0018964604,-0.0051515573
7253.324,3.7692707,-0.003950127,37998,1334.1496196411872,91.83675978668543,6224.682,2.991464,1969.1044,1.1741837,7253.324,3.7692707,0,,,,,1334.1496196411872,0.00034069474,91.83675978668543,0.00033535608,-0.002183077,-0.006071639
7255.318,3.7643816,-0.0039500673,37999,1334.1488035199993,91.83738531186738,6227.167,2.9875839,1962.5844,1.172808,7255.318,3.7643816,0,,,,,1334.1488035199993,0.00033993498,91.83738531186738,0.00033452504,-0.0025343383,-0.0063758423
7247.3877,3.7632413,-0.0039500073,38000,1334.1490302733962,91.83698130188752,6222.727,2.986679,1960.0372,1.1721509,7247.3877,3.7632413,0,,,,,1334.1490302733962,0.0003401527,91.83698130188752,0.0003348507,-0.0029124354,-0.0068645603
7253.0737,3.7678816,-0.003949947,38001,1334.149451869463,91.83771356340819,6225.4883,2.9903617,1961.9762,1.1730663,7253.0737,3.7678816,0,,,,,1334.149451869463,0.00034045664,91.83771356340819,0.00033512423,-0.0018912698,-0.005373232
7250.254,3.7677104,-0.003949886,38002,1334.14937294856,91.83786502917062,6222.772,2.9902258,1962.1445,1.1737208,7250.254,3.7677104,0,,,,,1334.14937294856,0.00034071514,91.83786502917062,0.00033525223,-0.0016226372,-0.0054748254
7246.841,3.765146,-0.003949825,38003,1334.1494057246832,91.83772788653928,6219.8394,2.9881904,1958.7103,1.1723223,7246.841,3.765146,0,,,,,1334.1494057246832,0.00034055693,91.83772788653928,0.0003352469,-0.0018994896,-0.0054417243
7249.216,3.7611618,-0.0039497637,38004,1334.1490789423326,91.83702725405574,6221.542,2.9850285,1956.9244,1.1716576,7249.216,3.7611618,0,,,,,1334.1490789423326,0.00033988067,91.83702725405574,0.00033460703,-0.0023187525,-0.0067838226
7258.1904,3.763641,-0.003949702,38005,1334.1488792075136,91.83701054056765,6230.045,2.9869962,1953.6874,1.1718427,7258.1904,3.763641,0,,,,,1334.1488792075136,0.00033984406,91.83701054056765,0.00033441905,-0.0022476332,-0.0062923785
7248.274,3.7613692,-0.00394964,38006,1334.149058868574,91.83683869385078,6221.8857,2.9851933,1951.8922,1.1723709,7248.274,3.7613692,0,,,,,1334.149058868574,0.00033985046,91.83683869385078,0.00033460915,-0.0025970559,-0.0061039473
7250.4175,3.759706,-0.003949577,38007,1334.1492445825284,91.83731986094277,6219.977,2.9838731,1947.923,1.1700292,7250.4175,3.759706,0,,,,,1334.1492445825284,0.00033994566,91.83731986094277,0.00033474824,-0.0018901374,-0.0056365314
7249.563,3.762853,-0.003949514,38008,1334.1494082660395,91.83745222528084,6222.595,2.9863708,1944.0139,1.1726043,7249.563,3.762853,0,,,,,1334.1494082660395,0.00034012675,91.83745222528084,0.00033473907,-0.0023168165,-0.0062025446
7251.4575,3.7591186,-0.003949451,38009,1334.149000780825,91.83724601237816,6224.9473,2.983407,1939.1011,1.1690053,7251.4575,3.7591186,0,,,,,1334.149000780825,0.00033949272,91.83724601237816,0.00033422516,-0.002450899,-0.005973552
7246.877,3.7590282,-0.003949387,38010,1334.149337809911,91.83704500452957,6221.4814,2.983335,1933.4523,1.1700382,7246.877,3.7590282,0,,,,,1334.149337809911,0.000339861,91.83704500452957,0.00033445095,-0.001747557,-0.0055517443
7248.0767,3.754446,-0.0039493227,38011,1334.149680337871,91.83786282348032,6219.2754,2.9796987,1922.0236,1.1682869,7248.0767,3.754446,0,,,,,1334.149680337871,0.00033934088,91.83786282348032,0.00033412603,-0.0015142214,-0.005429524
7251.2446,3.7509518,-0.0039492585,38012,1334.150944614419,91.83950435855063,6218.1377,2.9769254,1912.3575,1.1652428,7251.2446,3.7509518,0,,,,,1334.150944614419,0.00033929452,91.83950435855063,0.0003339702,0.00033059157,-0.0018911706
7251.724,3.7509954,-0.0039491933,38013,1334.1490080252668,91.83687773282911,6223.4478,2.97696,1902.5563,1.1640974,7251.724,3.7509954,0,,,,,1334.1490080252668,0.0003391444,91.83687773282911,0.000333695,-0.0027092427,-0.006692051
7253.487,3.7459862,-0.003949128,38014,1334.1475357173679,91.8356130551529,6211.8047,2.9729846,1894.6398,1.1625451,7253.487,3.7459862,0,,,,,1334.1475357173679,0.0003392106,91.8356130551529,0.00033426943,-0.0046732137,-0.009347899
7252.76,3.748037,-0.0039490624,38015,1334.1511658606687,91.83944476458689,6219.3687,2.974612,1888.8339,1.1638929,7252.76,3.748037,0,,,,,1334.1511658606687,0.00033907406,91.83944476458689,0.00033362384,0.0005991367,-0.0023301947
7249.777,3.7464037,-0.0039489963,38016,1334.1490663001275,91.83729236363396,6224.0034,2.9733157,1886.1985,1.1616044,7249.777,3.7464037,0,,,,,1334.1490663001275,0.00033852857,91.83729236363396,0.0003331871,-0.0023889823,-0.006189821
7252.0674,3.7479424,-0.00394893,38017,1334.1493188455793,91.83784142881255,6225.8145,2.9745371,1885.1559,1.1624551,7252.0674,3.7479424,0,,,,,1334.1493188455793,0.00033853482,91.83784142881255,0.00033317108,-0.0020465495,-0.005700299
7254.0264,3.745584,-0.003948863,38018,1334.14735024591,91.83501323757142,6219.703,2.9726653,1887.6129,1.1612973,7254.0264,3.745584,0,,,,,1334.14735024591,0.00033858584,91.83501323757142,0.00033352195,-0.005197373,-0.010015261
7252.508,3.7472386,-0.003948796,38019,1334.149623067168,91.83746960452227,6220.953,2.9739785,1890.8016,1.1619653,7252.508,3.7472386,0,,,,,1334.149623067168,0.00033878806,91.83746960452227,0.00033348042,-0.0015169482,-0.00552293
7247.1323,3.7502282,-0.0039487286,38020,1334.1501967152426,91.83884115426243,6214.441,2.976351,1896.8898,1.1639849,7247.1323,3.7502282,0,,,,,1334.1501967152426,0.00033941906,91.83884115426243,0.00033415048,5.0197217e-05,-0.0026375167
7256.7354,3.751271,-0.0039486606,38021,1334.14958182827,91.8369504715366,6229.539,2.9771788,1899.1797,1.1663685,7256.7354,3.751271,0,,,,,1334.14958182827,0.00033854856,91.8369504715366,0.00033317987,-0.00145151,-0.00590457
7250.74,3.7501864,-0.003948592,38022,1334.1477318220702,91.83525767809023,6218.1396,2.9763176,1906.0874,1.1640879,7250.74,3.7501864,0,,,,,1334.1477318220702,0.00033921836,91.83525767809023,0.00033403395,-0.003946925,-0.009192936
7249.259,3.754154,-0.003948523,38023,1334.1491663063362,91.8374551684112,6215.3115,2.9794667,1915.4451,1.1655256,7249.259,3.754154,0,,,,,1334.1491663063362,0.00033985093,91.8374551684112,0.00033458744,-0.0029786085,-0.006298282
7253.758,3.7564638,-0.0039484543,38024,1334.1502265457634,91.8390234780747,6219.973,2.9812999,1925.3821,1.168568,7253.758,3.7564638,0,,,,,1334.1502265457634,0.00033973626,91.8390234780747,0.00033443107,-0.00043141725,-0.0028807619
7251.878,3.7593532,-0.003948385,38025,1334.149587145828,91.8373760864498,6225.19,2.983593,1936.0436,1.1691393,7251.878,3.7593532,0,,,,,1334.149587145828,0.00033968777,91.8373760864498,0.00033431168,-0.0018670605,-0.006223692
7251.598,3.7599106,-0.003948315,38026,1334.1474838712288,91.83595917629799,6219.8984,2.9840355,1945.5366,1.1710331,7251.598,3.7599106,0,,,,,1334.1474838712288,0.00033987215,91.83595917629799,0.00033468715,-0.0041586445,-0.009105896
7246.4688,3.7625036,-0.0039482447,38027,1334.1488043531886,91.83692183559974,6216.9985,2.9860933,1954.6719,1.1742183,7246.4688,3.7625036,0,,,,,1334.1488043531886,0.00034014348,91.83692183559974,0.00033502418,-0.002486702,-0.0065239533
7246.9023,3.762768,-0.003948174,38028,1334.1508319090728,91.83911961840997,6213.0576,2.9863033,1960.4852,1.1735822,7246.9023,3.762768,0,,,,,1334.1508319090728,0.00034063804,91.83911961840997,0.00033535846,6.329941e-05,-0.002695154
7253.7905,3.7658606,-0.003948103,38029,1334.149945883514,91.83740257583706,6226.1323,2.9887576,1965.7288,1.1727934,7253.7905,3.7658606,0,,,,,1334.149945883514,0.00034003527,91.83740257583706,0.00033477182,-0.0017734162,-0.0055892854
7254.4663,3.767283,-0.003948032,38030,1334.1476076000822,91.83520981099505,6223.0283,2.9898865,1968.2219,1.1754748,7254.4663,3.767283,0,,,,,1334.1476076000822,0.00034034907,91.83520981099505,0.00033528946,-0.0040481547,-0.009771484
7249.8647,3.764707,-0.0039479597,38031,1334.1480225228265,91.83643821637362,6212.784,2.987842,1970.9021,1.1739331,7249.8647,3.764707,0,,,,,1334.1480225228265,0.0003406119,91.83643821637362,0.0003357579,-0.003732322,-0.0074533713
7254.671,3.7662623,-0.003947888,38032,1334.1491542451627,91.83725148238985,6218.49,2.9890766,1976.2043,1.1744776,7254.671,3.7662623,0,,,,,1334.1491542451627,0.0003406579,91.83725148238985,0.00033550806,-0.0024676581,-0.0062720883
7250.578,3.7674892,-0.0039478154,38033,1334.1509341498943,91.83807790822445,6218.8784,2.9900503,1980.0924,1.1749065,7250.578,3.7674892,0,,,,,1334.1509341498943,0.00034079448,91.83807790822445,0.0003354585,0.00023414486,-0.003685992
7254.8823,3.7691946,-0.0039477423,38034,1334.1487224196821,91.83788359769379,6227.0674,2.9914036,1984.4094,1.1757493,7254.8823,3.7691946,0,,,,,1334.1487224196821,0.00034040964,91.83788359769379,0.00033502773,-0.0026312724,-0.0056634494
7254.359,3.7693424,-0.003947669,38035,1334.1476950510978,91.83573592838042,6220.962,2.9915211,1988.5491,1.1767783,7254.359,3.7693424,0,,,,,1334.1476950510978,0.00034056042,91.83573592838042,0.0003356695,-0.0050448114,-0.0096849445
7248.12,3.7759998,-0.0039475956,38036,1334.1486440377141,91.8370209101818,6216.8906,2.9968045,1990.5704,1.1767136,7248.12,3.7759998,0,,,,,1334.1486440377141,0.0003416015,91.8370209101818,0.0003366444,-0.0032818473,-0.006478997
7256.526,3.7697046,-0.0039475216,38037,1334.1507514285872,91.838569491476,6221.8926,2.9918084,1991.3096,1.1767917,7256.526,3.7697046,0,,,,,1334.1507514285872,0.00034074244,91.838569491476,0.0003355345,-0.00013494382,-0.0034582424
7254.0146,3.7726471,-0.003947447,38038,1334.1495848626535,91.83748749091596,6225.67,2.9941437,1990.4275,1.1786382,7254.0146,3.7726471,0,,,,,1334.1495848626535,0.00034054398,91.83748749091596,0.00033537345,-0.0018810784,-0.005497124
7252.8984,3.7686489,-0.0039473725,38039,1334.147623479943,91.83538675543825,6221.226,2.9909706,1985.5815,1.1756605,7252.8984,3.7686489,0,,,,,1334.147623479943,0.00034053327,91.83538675543825,0.00033555576,-0.0049347463,-0.009427969
7250.3306,3.7657144,-0.003947297,38040,1334.1489788773408,91.8371512763104,6216.8696,2.9886415,1978.1993,1.1752324,7250.3306,3.7657144,0,,,,,1334.1489788773408,0.00034059538,91.8371512763104,0.00033547913,-0.0026131202,-0.0069742934
7258.006,3.7705762,-0.0039472217,38041,1334.1494156339472,91.83744813090146,6226.379,2.9925003,1968.9724,1.1789843,7258.006,3.7705762,0,,,,,1334.1494156339472,0.00034018754,91.83744813090146,0.00033510686,-0.0013914668,-0.0052949307
7249.4346,3.7618225,-0.003947146,38042,1334.150454151028,91.83861451549714,6218.9946,2.9855528,1960.5767,1.1722621,7249.4346,3.7618225,0,,,,,1334.150454151028,0.000340137,91.83861451549714,0.00033484917,-0.00049201463,-0.0037164078
7253.5776,3.7642608,-0.0039470694,38043,1334.1486174742108,91.83613645421431,6221.2935,2.987488,1946.8606,1.1701372,7253.5776,3.7642608,0,,,,,1334.1486174742108,0.00034020658,91.83613645421431,0.00033521326,-0.003583261,-0.008541475
7253.9834,3.7582607,-0.003946993,38044,1334.1489645572824,91.83717863740884,6216.1147,2.982726,1935.8267,1.1699017,7253.9834,3.7582607,0,,,,,1334.1489645572824,0.00034014898,91.83717863740884,0.00033488942,-0.0027263062,-0.005856857
7251.9873,3.753651,-0.0039469157,38045,1334.149225366884,91.83765200063878,6220.8896,2.9790673,1921.9397,1.1674216,7251.9873,3.753651,0,,,,,1334.149225366884,0.00033930186,91.83765200063878,0.00033402647,-0.002497791,-0.0056584687
7251.9165,3.7520795,-0.0039468384,38046,1334.1503823172427,91.83856581480889,6220.5093,2.9778204,1912.972,1.1673611,7251.9165,3.7520795,0,,,,,1334.1503823172427,0.0003391606,91.83856581480889,0.00033383473,-0.00012615784,-0.0036427232
7249.494,3.7544851,-0.0039467607,38047,1334.1490634403299,91.83738184782764,6221.6,2.9797294,1902.7463,1.1650225,7249.494,3.7544851,0,,,,,1334.1490634403299,0.00033987127,91.83738184782764,0.00033408916,-0.0017279808,-0.00585994
7251.7974,3.7489023,-0.0039466824,38048,1334.146746903774,91.83504357463295,6217.063,2.975299,1895.6383,1.1627741,7251.7974,3.7489023,0,,,,,1334.146746903774,0.00033915148,91.83504357463295,0.00033408529,-0.00543537,-0.01068421
7250.2124,3.7472103,-0.0039466037,38049,1334.1499635622963,91.83742204580128,6220.317,2.9739559,1890.576,1.1633582,7250.2124,3.7472103,0,,,,,1334.1499635622963,0.0003386355,91.83742204580128,0.00033338243,-0.001515231,-0.0052585304
7260.0503,3.7482495,-0.003946525,38050,1334.1506668091197,91.83856317530115,6225.806,2.9747806,1888.5605,1.1624703,7260.0503,3.7482495,0,,,,,1334.1506668091197,0.00033865462,91.83856317530115,0.0003333567,-0.00032805256,-0.003663352
7257.032,3.75169,-0.003946446,38051,1334.1487977003999,91.83747881920254,6227.257,2.977511,1889.8053,1.1627753,7257.032,3.75169,0,,,,,1334.1487977003999,0.00033917945,91.83747881920254,0.0003335668,-0.0022898754,-0.0058137006
7253.387,3.7461631,-0.0039463663,38052,1334.1473332512858,91.83540084869603,6216.433,2.973125,1892.935,1.1619202,7253.387,3.7461631,0,,,,,1334.1473332512858,0.00033894702,91.83540084869603,0.00033378156,-0.004502443,-0.009509523
7252.2607,3.7485023,-0.003946286,38053,1334.1490663813968,91.83687729736516,6222.6494,2.9749813,1898.5294,1.1630884,7252.2607,3.7485023,0,,,,,1334.1490663813968,0.00033880342,91.83687729736516,0.00033349593,-0.0028082614,-0.006361388
7260.2485,3.7510326,-0.0039462056,38054,1334.1508208945775,91.8396887337733,6223.0386,2.9769895,1901.005,1.1651759,7260.2485,3.7510326,0,,,,,1334.1508208945775,0.00033924228,91.8396887337733,0.00033369078,0.00030660466,-0.0027705024
7254.436,3.7529466,-0.0039461246,38055,1334.148981060117,91.83741828511411,6224.524,2.9785085,1902.8229,1.1642712,7254.436,3.7529466,0,,,,,1334.148981060117,0.00033874542,91.83741828511411,0.00033378182,-0.001964106,-0.0057340562
7253.508,3.7497535,-0.0039460436,38056,1334.1482228685088,91.83605720632204,6219.982,2.9759743,1906.8481,1.1646549,7253.508,3.7497535,0,,,,,1334.1482228685088,0.0003389373,91.83605720632204,0.00033373755,-0.0038137112,-0.008073167
7254.849,3.7527993,-0.003945962,38057,1334.1487874254142,91.83731794932487,6222.288,2.9783916,1908.4987,1.1656035,7254.849,3.7527993,0,,,,,1334.1487874254142,0.00033922872,91.83731794932487,0.0003338896,-0.0028857891,-0.0064728637
7249.5728,3.7512324,-0.00394588,38058,1334.1498332920503,91.83804404924355,6216.6226,2.977148,1906.7208,1.1652124,7249.5728,3.7512324,0,,,,,1334.1498332920503,0.00033956888,91.83804404924355,0.00033411803,-0.0013949695,-0.004720657
7253.8804,3.7483997,-0.0039457977,38059,1334.150543231713,91.83891445203281,6222.742,2.9749,1899.4504,1.1631037,7253.8804,3.7483997,0,,,,,1334.150543231713,0.0003388172,91.83891445203281,0.00033336607,0.00028589342,-0.0029208937
7248.6426,3.7469206,-0.0039457153,38060,1334.148509060013,91.83656420941199,6216.9556,2.973726,1888.8971,1.1630548,7248.6426,3.7469206,0,,,,,1334.148509060013,0.00033912325,91.83656420941199,0.00033362562,-0.0035880897,-0.008292101
7247.206,3.7440815,-0.0039456324,38061,1334.14823315846,91.83623100900839,6216.178,2.9714725,1877.3036,1.1603822,7247.206,3.7440815,0,,,,,1334.14823315846,0.00033877464,91.83623100900839,0.00033346514,-0.0038795518,-0.007457136
7250.166,3.741186,-0.0039455486,38062,1334.1493468891226,91.83767534124438,6219.9146,2.9691746,1869.7701,1.15858,7250.166,3.741186,0,,,,,1334.1493468891226,0.000338234,91.83767534124438,0.0003328851,-0.001923093,-0.00533317
7257.575,3.7423723,-0.003945465,38063,1334.15046221868,91.83848199282696,6225.485,2.9701164,1866.2223,1.1588291,7257.575,3.7423723,0,,,,,1334.15046221868,0.00033804588,91.83848199282696,0.00033268332,-0.00026635182,-0.0033209152
7250.5317,3.740013,-0.003945381,38064,1334.148131128957,91.83639512739215,6217.01,2.9682438,1861.0588,1.1583511,7250.5317,3.740013,0,,,,,1334.148131128957,0.00033823188,91.83639512739215,0.00033300297,-0.0029681588,-0.0077601396
7253.599,3.7398858,-0.003945296,38065,1334.148773255072,91.83719145155919,6217.3286,2.9681427,1859.2391,1.1581112,7253.599,3.7398858,0,,,,,1334.148773255072,0.00033818983,91.83719145155919,0.0003330313,-0.002227704,-0.0066230875
7255.7637,3.7406723,-0.0039452114,38066,1334.1489326778299,91.8381904358399,6223.621,2.9687672,1857.994,1.1598886,7255.7637,3.7406723,0,,,,,1334.1489326778299,0.0003378864,91.8381904358399,0.0003326307,-0.002680577,-0.0056734607
7251.029,3.7388413,-0.003945126,38067,1334.150857284982,91.8390209730121,6218.435,2.9673138,1861.1572,1.1580392,7251.029,3.7388413,0,,,,,1334.150857284982,0.0003381622,91.8390209730121,0.00033271455,0.00080075365,-0.0029231647
7257.951,3.7431538,-0.0039450405,38068,1334.148696389189,91.83775700949714,6227.1143,2.9707365,1864.1349,1.1613803,7257.951,3.7431538,0,,,,,1334.148696389189,0.00033796648,91.83775700949714,0.00033251737,-0.001842494,-0.005611491
7251.073,3.7446198,-0.0039449544,38069,1334.148027136674,91.83595148979117,6215.8794,2.9719,1869.8036,1.1606567,7251.073,3.7446198,0,,,,,1334.148027136674,0.00033885488,91.83595148979117,0.00033361063,-0.0040485775,-0.008965027
7254.6387,3.7431564,-0.0039448678,38070,1334.1492791968979,91.83795984070181,6217.301,2.9707386,1877.0579,1.1600347,7254.6387,3.7431564,0,,,,,1334.1492791968979,0.000338671,91.83795984070181,0.0003334232,-0.0012141073,-0.0048714103
7253.625,3.7461948,-0.003944781,38071,1334.1485881902809,91.83795795852956,6220.4116,2.9731498,1881.8839,1.1623216,7253.625,3.7461948,0,,,,,1334.1485881902809,0.00033872435,91.83795795852956,0.00033344966,-0.002523298,-0.006387779
7253.3325,3.747145,-0.003944694,38072,1334.1498747959472,91.83859636166692,6219.8906,2.9739041,1890.9126,1.1641941,7253.3325,3.747145,0,,,,,1334.1498747959472,0.0003387241,91.83859636166692,0.0003333742,-0.0014044232,-0.0041486467
7252.706,3.7507212,-0.0039446065,38073,1334.147642135697,91.83641695804177,6218.5054,2.9767425,1899.7095,1.1645877,7252.706,3.7507212,0,,,,,1334.147642135697,0.00033924595,91.83641695804177,0.00033391872,-0.003644806,-0.007957402
7251.8506,3.749515,-0.0039445185,38074,1334.148801054008,91.83729132120123,6216.967,2.9757853,1908.6901,1.1643665,7251.8506,3.749515,0,,,,,1334.148801054008,0.00033921428,91.83729132120123,0.0003339287,-0.0024202883,-0.0072814724
7253.263,3.7542362,-0.00394443,38075,1334.149749676526,91.83775374248145,6219.595,2.9795318,1920.2836,1.1678303,7253.263,3.7542362,0,,,,,1334.149749676526,0.0003393746,91.83775374248145,0.000334145,-0.001343789,-0.0054486003
7253.747,3.7580097,-0.0039443416,38076,1334.1508554222291,91.8391394850476,6219.796,2.9825268,1931.4907,1.169042,7253.747,3.7580097,0,,,,,1334.1508554222291,0.00033986074,91.8391394850476,0.00033449373,0.0001238629,-0.0025271585
7256.756,3.7645237,-0.003944252,38077,1334.1490649310804,91.83741984491338,6223.0977,2.9876966,1944.3892,1.1712264,7256.756,3.7645237,0,,,,,1334.1490649310804,0.00034070917,91.83741984491338,0.00033498782,-0.0023433114,-0.005835796
7258.3936,3.7602646,-0.0039441627,38078,1334.1480027919683,91.83625662175898,6221.304,2.9843163,1953.2744,1.1711422,7258.3936,3.7602646,0,,,,,1334.1480027919683,0.00033980655,91.83625662175898,0.00033475336,-0.0042440253,-0.008360404
7254.3706,3.7626848,-0.003944073,38079,1334.1497234380975,91.83774686969524,6222.0327,2.986237,1958.437,1.1715724,7254.3706,3.7626848,0,,,,,1334.1497234380975,0.00034019066,91.83774686969524,0.00033481704,-0.0018918318,-0.005392402
7254.3916,3.768582,-0.003943983,38080,1334.149993267962,91.83849004242464,6222.4307,2.9909174,1969.0934,1.1739919,7254.3916,3.768582,0,,,,,1334.149993267962,0.00034060222,91.83849004242464,0.00033532493,-0.00073252234,-0.0040144096
7227.368,3.762283,-0.003943892,38081,1334.1492826697122,91.83792870051298,6199.905,2.9859183,1976.5477,1.1740425,7227.368,3.762283,0,,,,,1334.1492826697122,0.00034125047,91.83792870051298,0.00033591676,-0.0013398096,-0.0053777285
7203.5684,3.7637408,-0.0039438014,38082,1334.1473521696869,91.83608616344391,6177.9175,2.9870753,1982.5754,1.1798489,7203.5684,3.7637408,0,,,,,1334.1473521696869,0.000342427,91.83608616344391,0.00033730487,-0.004816003,-0.009086183
7203.036,3.7632596,-0.0039437097,38083,1334.1492772226334,91.83728043287536,6180.611,2.9866934,1988.4629,1.1766127,7203.036,3.7632596,0,,,,,1334.1492772226334,0.00034246265,91.83728043287536,0.00033708318,-0.0018390903,-0.0052501936
7199.9224,3.7641478,-0.003943618,38084,1334.1503868915638,91.83914871483671,6178.564,2.9873981,1995.0751,1.1775204,7199.9224,3.7641478,0,,,,,1334.1503868915638,0.0003426581,91.83914871483671,0.0003372192,0.0002895336,-0.0027922937
7201.0654,3.7663357,-0.0039435257,38085,1334.1493717345138,91.83716029593211,6181.078,2.9891348,1998.4894,1.1778375,7201.0654,3.7663357,0,,,,,1334.1493717345138,0.0003425957,91.83716029593211,0.00033734847,-0.0018329704,-0.0058279
7206.4507,3.7662158,-0.0039434335,38086,1334.1475368900924,91.83581825640229,6181.654,2.9890397,1997.0055,1.17815,7206.4507,3.7662158,0,,,,,1334.1475368900924,0.00034266608,91.83581825640229,0.0003374898,-0.0044221203,-0.008878064
7235.2607,3.7693045,-0.0039433404,38087,1334.148393510819,91.83770164773338,6204.8364,2.9914908,1994.3164,1.177702,7235.2607,3.7693045,0,,,,,1334.148393510819,0.00034166372,91.83770164773338,0.00033645288,-0.0030413286,-0.0060983
7261.227,3.7712727,-0.0039432473,38088,1334.150948930569,91.83900402167262,6225.013,2.9930527,1990.2377,1.1781702,7261.227,3.7712727,0,,,,,1334.150948930569,0.00034072477,91.83900402167262,0.00033543416,0.00019625992,-0.0030761436
7249.912,3.7683897,-0.003943153,38089,1334.1485441366433,91.83775733882659,6219.693,2.9907649,1983.912,1.1759595,7249.912,3.7683897,0,,,,,1334.1485441366433,0.00034060382,91.83775733882659,0.00033532156,-0.0026731545,-0.00599331
7257.076,3.76723,-0.003943059,38090,1334.147275848073,91.83580008046195,6222.1533,2.9898446,1976.5367,1.1750515,7257.076,3.76723,0,,,,,1334.147275848073,0.0003403394,91.83580008046195,0.0003352343,-0.0044145132,-0.008527274
7257.1416,3.7654626,-0.0039429646,38091,1334.1484705071919,91.83803023565511,6222.053,2.988442,1965.2699,1.1733978,7257.1416,3.7654626,0,,,,,1334.1484705071919,0.0003401738,91.83803023565511,0.00033512962,-0.0022358415,-0.0053074444
7255.974,3.7618995,-0.0039428696,38092,1334.149693254317,91.83831441077702,6220.2847,2.9856138,1955.5022,1.1718457,7255.974,3.7618995,0,,,,,1334.149693254317,0.0003400945,91.83831441077702,0.00033482458,-0.0009982478,-0.0042510764
7256.3574,3.7601516,-0.0039427746,38093,1334.1497789490788,91.83782782038132,6223.2603,2.9842267,1942.3629,1.1703963,7256.3574,3.7601516,0,,,,,1334.1497789490788,0.00033971455,91.83782782038132,0.00033445872,-0.0021028563,-0.0056278137
7257.444,3.761148,-0.0039426787,38094,1334.1481913366347,91.8371053241285,6221.6978,2.9850175,1930.1855,1.1683875,7257.444,3.761148,0,,,,,1334.1481913366347,0.00033981187,91.8371053241285,0.00033499216,-0.0047080824,-0.007873756
7248.87,3.7566407,-0.0039425828,38095,1334.1497114775254,91.83788211608281,6214.1387,2.9814403,1918.4757,1.1665812,7248.87,3.7566407,0,,,,,1334.1497114775254,0.0003406348,91.83788211608281,0.00033493896,-0.001938352,-0.006019158
7256.6084,3.7528684,-0.003942486,38096,1334.1489505766629,91.83848637641636,6222.2188,2.9784465,1908.6323,1.1657536,7256.6084,3.7528684,0,,,,,1334.1489505766629,0.00033912764,91.83848637641636,0.00033395088,-0.0029886297,-0.005575097
7246.4746,3.747339,-0.003942389,38097,1334.1500897893047,91.83950189984854,6214.21,2.9740582,1898.4604,1.163562,7246.4746,3.747339,0,,,,,1334.1500897893047,0.00033919007,91.83950189984854,0.00033377932,-0.00046160183,-0.0032723704
7254.6143,3.7496328,-0.0039422917,38098,1334.1489254186338,91.83664986030968,6218.509,2.9758787,1894.8485,1.1627198,7254.6143,3.7496328,0,,,,,1334.1489254186338,0.0003390548,91.83664986030968,0.00033392213,-0.00296114,-0.0077583618
7258.265,3.750841,-0.003942194,38099,1334.1485411747228,91.8371947599644,6217.81,2.9768374,1890.4957,1.1633649,7258.265,3.750841,0,,,,,1334.1485411747228,0.00033929534,91.8371947599644,0.00033422868,-0.002961433,-0.006399149
7253.026,3.7471128,-0.0039420957,38100,1334.1499261609579,91.83847664807153,6216.931,2.9738784,1892.2389,1.1638517,7253.026,3.7471128,0,,,,,1334.1499261609579,0.00033892124,91.83847664807153,0.00033357364,-0.00034986692,-0.0034457906
7255.611,3.7494102,-0.003941997,38101,1334.1490517296945,91.83750971022441,6223.4575,2.9757018,1893.6989,1.162915,7255.611,3.7494102,0,,,,,1334.1490517296945,0.0003387771,91.83750971022441,0.00033341465,-0.00197722,-0.00619556
7255.463,3.7541618,-0.0039417986,38103,1334.1486310640316,91.83693762953708,6218.5454,2.9794729,1910.2415,1.1665138,7255.463,3.7541618,0,,,,,1334.1486310640316,0.00033948332,91.83693762953708,0.00033434416,-0.0027187967,-0.0068904753
7254.5596,3.7533607,-0.0039416985,38104,1334.1496482523241,91.8387782198067,6221.4526,2.9788373,1914.7482,1.1652716,7254.5596,3.7533607,0,,,,,1334.1496482523241,0.0003392011,91.8387782198067,0.00033402877,-0.0014580528,-0.004698542
7263.0317,3.755935,-0.003941598,38105,1334.1503030865554,91.83929845511597,6229.753,2.9808803,1918.7456,1.1682539,7263.0317,3.755935,0,,,,,1334.1503030865554,0.0003389647,91.83929845511597,0.0003336586,-0.00084883766,-0.003613698
7257.1235,3.7521293,-0.0039414973,38106,1334.1481737299725,91.83632465798271,6220.7427,2.97786,1917.7976,1.1661981,7257.1235,3.7521293,0,,,,,1334.1481737299725,0.0003391101,91.83632465798271,0.00033396896,-0.0036118475,-0.007906177
7257.577,3.7521205,-0.003941396,38107,1334.1480872650081,91.8380743815697,6220.9272,2.9778528,1911.8943,1.1667887,7257.577,3.7521205,0,,,,,1334.1480872650081,0.00033913067,91.8380743815697,0.00033384096,-0.0027393326,-0.005745928
7256.8022,3.7504265,-0.003941294,38108,1334.1492614846434,91.83790075512859,6221.8022,2.9765086,1902.6383,1.163407,7256.8022,3.7504265,0,,,,,1334.1492614846434,0.00033911905,91.83790075512859,0.00033371733,-0.0014439636,-0.005190334
7257.299,3.7506752,-0.003941192,38109,1334.1493971803297,91.8393553005644,6223.9688,2.9767058,1891.0743,1.1643273,7257.299,3.7506752,0,,,,,1334.1493971803297,0.0003388728,91.8393553005644,0.0003335369,-0.001265521,-0.0034084695
7255.178,3.7447743,-0.003941089,38110,1334.1481571650156,91.8364727235388,6219.867,2.9720228,1880.67,1.1601183,7255.178,3.7447743,0,,,,,1334.1481571650156,0.00033855217,91.8364727235388,0.000333417,-0.0039246636,-0.008169261
7253.747,3.7503664,-0.0039409855,38111,1334.147706764186,91.83750380187676,6219.6816,2.976461,1867.0416,1.1598084,7253.747,3.7503664,0,,,,,1334.147706764186,0.00033915412,91.83750380187676,0.00033413435,-0.0034331535,-0.0064875744
7253.703,3.7392035,-0.0039408817,38112,1334.1499114779779,91.83811214968227,6222.2754,2.9676013,1854.9097,1.1575408,7253.703,3.7392035,0,,,,,1334.1499114779779,0.00033782993,91.83811214968227,0.00033257742,-0.00091094064,-0.0051092166
7254.346,3.7370572,-0.003940778,38113,1334.1493461945497,91.83912629622557,6221.7285,2.965898,1843.8971,1.1569474,7254.346,3.7370572,0,,,,,1334.1493461945497,0.00033769727,91.83912629622557,0.00033232334,-0.0016743221,-0.003966211
7252.9487,3.7328684,-0.0039406726,38114,1334.148588905933,91.83699501438294,6220.1865,2.9625735,1830.0555,1.1538697,7252.9487,3.7328684,0,,,,,1334.148588905933,0.00033756156,91.83699501438294,0.00033219863,-0.0036491693,-0.007623501
7253.586,3.7334936,-0.0039405674,38115,1334.1486228344384,91.83742873018417,6222.727,2.9630694,1817.3977,1.1523257,7253.586,3.7334936,0,,,,,1334.1486228344384,0.00033747937,91.83742873018417,0.0003321683,-0.0032190927,-0.006898199
7249.7607,3.7262063,-0.0039404617,38116,1334.149434360899,91.83819332429594,6220.6943,2.9572861,1804.7306,1.1492779,7249.7607,3.7262063,0,,,,,1334.149434360899,0.0003369128,91.83819332429594,0.00033142563,-0.0019473176,-0.004629212
7250.5,3.723972,-0.003940355,38117,1334.1500929473264,91.83889413301546,6219.6064,2.955513,1792.48,1.1483864,7250.5,3.723972,0,,,,,1334.1500929473264,0.0003367198,91.83889413301546,0.0003312738,-0.00086172234,-0.003874674
7257.293,3.7264977,-0.003940248,38118,1334.1476436234989,91.83641107141118,6224.774,2.9575174,1776.238,1.1464189,7257.293,3.7264977,0,,,,,1334.1476436234989,0.00033731686,91.83641107141118,0.0003314552,-0.00444037,-0.008535541
7252.643,3.7159498,-0.0039401404,38119,1334.1486159592753,91.83813925496524,6220.472,2.949146,1759.4825,1.1428705,7252.643,3.7159498,0,,,,,1334.1486159592753,0.00033597794,91.83813925496524,0.00033049402,-0.0020632343,-0.005430017
7246.137,3.716378,-0.003940032,38120,1334.148748427423,91.83777640282005,6216.83,2.949486,1738.8182,1.1402922,7246.137,3.716378,0,,,,,1334.148748427423,0.00033643,91.83777640282005,0.00033093826,-0.0021044435,-0.005296525
7249.753,3.7047925,-0.003939923,38121,1334.150262145224,91.8387049199372,6219.6245,2.9402912,1714.6338,1.1369907,7249.753,3.7047925,0,,,,,1334.150262145224,0.0003349869,91.8387049199372,0.00032952867,-0.00055658043,-0.003703499
7252.733,3.7012959,-0.0039398135,38122,1334.1473550992728,91.83679210262812,6220.614,2.9375162,1689.0182,1.1322035,7252.733,3.7012959,0,,,,,1334.1473550992728,0.0003348675,91.83679210262812,0.00032941738,-0.00399567,-0.0076516676
7255.1255,3.6933339,-0.003939703,38123,1334.1491799903283,91.83855741574958,6221.1147,2.9311972,1663.1407,1.1287109,7255.1255,3.6933339,0,,,,,1334.1491799903283,0.0003339435,91.83855741574958,0.00032849834,-0.0017763452,-0.0047672545
7248.451,3.6856446,-0.0039395923,38124,1334.1505854430175,91.83953949754385,6216.852,2.9250944,1634.8527,1.1231176,7248.451,3.6856446,0,,,,,1334.1505854430175,0.00033346337,91.83953949754385,0.00032803207,-0.0003014421,-0.0030705763
7254.1777,3.6806295,-0.0039394805,38125,1334.1489206765243,91.83856452737905,6224.002,2.9211144,1606.2206,1.1206161,7254.1777,3.6806295,0,,,,,1334.1489206765243,0.0003326128,91.83856452737905,0.00032705237,-0.001829002,-0.004900316
7254.4844,3.6741705,-0.003939368,38126,1334.1471120010638,91.83741733827078,6222.2046,2.9159882,1574.5691,1.1148238,7254.4844,3.6741705,0,,,,,1334.1471120010638,0.0003321869,91.83741733827078,0.00032684172,-0.0046715117,-0.0064989557
7253.1875,3.6670327,-0.0039392547,38127,1334.1484610246239,91.83841504867117,6222.036,2.9103234,1542.1699,1.1099584,7253.1875,3.6670327,0,,,,,1334.1484610246239,0.00033178116,91.83841504867117,0.0003260559,-0.0020162326,-0.004905315
7256.6553,3.6585855,-0.0039391406,38128,1334.1503550818302,91.83987136263451,6223.996,2.9036195,1509.475,1.1053764,7256.6553,3.6585855,0,,,,,1334.1503550818302,0.00033068654,91.83987136263451,0.0003251524,-6.409742e-05,-0.002409638
7250.67,3.651214,-0.0039390256,38129,1334.1491393022695,91.83822368499476,6222.3726,2.8977687,1485.9282,1.1009041,7250.67,3.651214,0,,,,,1334.1491393022695,0.00033009847,91.83822368499476,0.00032449813,-0.0025856774,-0.0048955027
7253.5786,3.6467574,-0.0039389096,38130,1334.1476443787562,91.83733503792523,6220.117,2.894232,1470.355,1.0988253,7253.5786,3.6467574,0,,,,,1334.1476443787562,0.0003297642,91.83733503792523,0.000324382,-0.003831766,-0.0074595464
7254.1143,3.6458764,-0.0039387923,38131,1334.1487804825358,91.83846148911745,6220.7476,2.893533,1460.2196,1.0978963,7254.1143,3.6458764,0,,,,,1334.1487804825358,0.0003296854,91.83846148911745,0.00032425986,-0.0028497684,-0.004782655
7252.0723,3.6461244,-0.0039386745,38132,1334.1509744427772,91.8401563285823,6219.915,2.8937294,1460.6625,1.0969551,7252.0723,3.6461244,0,,,,,1334.1509744427772,0.00032963062,91.8401563285823,0.00032427552,0.0005424816,-0.0015263697
7248.0684,3.6492028,-0.0039385553,38133,1334.1494408381807,91.83890785527448,6221.579,2.896173,1458.1562,1.1027553,7248.0684,3.6492028,0,,,,,1334.1494408381807,0.000329768,91.83890785527448,0.0003241951,-0.0020086688,-0.0040951874
7251.3726,3.6455412,-0.003938435,38134,1334.147410645551,91.83741084829379,6218.8433,2.8932667,1459.7241,1.0979079,7251.3726,3.6455412,0,,,,,1334.147410645551,0.0003296734,91.83741084829379,0.0003243326,-0.004257438,-0.0068507893
7248.894,3.646608,-0.0039383136,38135,1334.1490581239952,91.8401759793227,6219.5225,2.8941135,1460.2897,1.09855,7248.894,3.646608,0,,,,,1334.1490581239952,0.00032971438,91.8401759793227,0.0003242852,-0.0018933482,-0.002878473
7246.5557,3.6444468,-0.0039381906,38136,1334.1496881560608,91.83950693224789,6217.9243,2.892398,1458.8212,1.0969442,7246.5557,3.6444468,0,,,,,1334.1496881560608,0.0003295784,91.83950693224789,0.0003241483,-0.000987963,-0.0028852248
7253.411,3.6448414,-0.0039380663,38137,1334.1497668353338,91.83900154962006,6223.7534,2.8927112,1459.1779,1.0967247,7253.411,3.6448414,0,,,,,1334.1497668353338,0.00032940795,91.83900154962006,0.00032390113,-0.0011785452,-0.00289084
7249.6416,3.6452305,-0.0039379406,38138,1334.1477991847344,91.8387848470842,6219.382,2.8930202,1459.438,1.0978965,7249.6416,3.6452305,0,,,,,1334.1477991847344,0.00032963298,91.8387848470842,0.00032420843,-0.003486038,-0.0046117324
7248.7886,3.6496284,-0.0039378135,38139,1334.1490003251627,91.83851242780304,6220.3857,2.8965104,1458.1152,1.09877,7248.7886,3.6496284,0,,,,,1334.1490003251627,0.0003304568,91.83851242780304,0.0003246476,-0.0016798917,-0.0035969466
7250.6255,3.644869,-0.0039376845,38140,1334.1483947515667,91.83969214016857,6218.9077,2.8927336,1457.5588,1.0980371,7250.6255,3.644869,0,,,,,1334.1483947515667,0.0003296687,91.83969214016857,0.0003240803,-0.0017631818,-0.0027108733
7250.19,3.6445827,-0.0039375536,38141,1334.1502583701167,91.84028350779442,6223.533,2.8925061,1458.157,1.0975025,7250.19,3.6445827,0,,,,,1334.1502583701167,0.00032936307,91.84028350779442,0.00032369865,0.00029683567,-0.0013175402
7246.187,3.6469338,-0.003937421,38142,1334.1495752016137,91.83990069289078,6223.962,2.894372,1458.0376,1.0962551,7246.187,3.6469338,0,,,,,1334.1495752016137,0.00032973278,91.83990069289078,0.00032393046,-0.0015696193,-0.0025233505
7252.183,3.6448522,-0.003937286,38143,1334.1500156300785,91.83964527379113,6214.5522,2.8927197,1458.5122,1.096933,7252.183,3.6448522,0,,,,,1334.1500156300785,0.00032995827,91.83964527379113,0.00032459997,-0.00077881466,-0.0025107542
7246.902,3.6456,-0.0039371485,38144,1334.148795326335,91.83868136560449,6221.7983,2.8933134,1457.7557,1.099561,7246.902,3.6456,0,,,,,1334.148795326335,0.00032940521,91.83868136560449,0.00032384126,-0.0026023905,-0.0045610745
7248.3853,3.6471105,-0.0039370093,38145,1334.1495743033458,91.84036159626422,6217.2715,2.8945122,1457.8878,1.0978228,7248.3853,3.6471105,0,,,,,1334.1495743033458,0.00033000685,91.84036159626422,0.00032449822,-0.00114064,-0.0025716384
7247.7646,3.6440308,-0.0039368668,38146,1334.1500610370774,91.84129899463072,6222.351,2.892068,1457.1659,1.0968541,7247.7646,3.6440308,0,,,,,1334.1500610370774,0.0003294154,91.84129899463072,0.00032366955,0.0,0.0
7258.178,3.762972,-0.0039274157,38192,1334.1543179483747,91.88437307502299,6247.203,2.9864652,1936.742,1.1701068,7258.178,3.762972,0,,,,,1334.1543179483747,0.0003387007,91.88437307502299,0.0003316493,0.008032851,0.07278837
7260.7764,3.787549,-0.003927189,38193,1334.1549528261967,91.88593802062893,6252.66,3.0059705,2028.441,1.1827163,7260.7764,3.787549,0,,,,,1334.1549528261967,0.0003408284,91.88593802062893,0.00033353726,0.009034562,0.0743732
7260.1753,3.8013055,-0.003926962,38194,1334.1548433959733,91.88700528026229,6255.6074,3.0168884,2094.092,1.1925046,7260.1753,3.8013055,0,,,,,1334.1548433959733,0.00034157175,91.88700528026229,0.00033430915,0.009659001,0.07505177
7256.714,3.8170466,-0.003926509,38196,1334.1554635145196,91.88749440222075,6249.245,3.029381,2164.7727,1.2020973,7256.714,3.8170466,0,,,,,1334.1554635145196,0.00034352278,91.88749440222075,0.0003362584,0.010029286,0.075866036
7262.7686,3.819301,-0.0039262827,38197,1334.1556676847122,91.88825213465405,6253.149,3.0311704,2176.5098,1.20405,7262.7686,3.819301,0,,,,,1334.1556676847122,0.0003434892,91.88825213465405,0.0003361815,0.010750389,0.07772669
7256.006,3.8199852,-0.0039260564,38198,1334.1550097939803,91.88754992024961,6249.176,3.0317135,2180.9404,1.2048185,7256.006,3.8199852,0,,,,,1334.1550097939803,0.00034371138,91.88754992024961,0.00033635515,0.010033098,0.07735476
7261.0347,3.8226569,-0.00392583,38199,1334.1558651711819,91.88922182188793,6255.284,3.0338335,2183.7847,1.2055713,7261.0347,3.8226569,0,,,,,1334.1558651711819,0.0003436086,91.88922182188793,0.00033625102,0.0118959425,0.07911553
7250.7617,3.820733,-0.003925604,38200,1334.1557043112407,91.88927897179147,6243.1284,3.0323067,2182.6477,1.2050782,7250.7617,3.820733,0,,,,,1334.1557043112407,0.00034417422,91.88927897179147,0.0003368783,0.0111571895,0.07879568
7259.601,3.8205268,-0.003925378,38201,1334.1565817208798,91.88852100724101,6252.707,3.0321434,2178.3826,1.2043632,7259.601,3.8205268,0,,,,,1334.1565817208798,0.00034356304,91.88852100724101,0.00033623778,0.011258838,0.07869311
7262.235,3.825562,-0.003925152,38202,1334.1552921125517,91.88843819910038,6254.4263,3.0361395,2181.6785,1.2051398,7262.235,3.825562,0,,,,,1334.1552921125517,0.0003441508,91.88843819910038,0.0003367185,0.010606663,0.07875739
7257.3394,3.824755,-0.003924926,38203,1334.1561245741223,91.88865747422668,6252.3574,3.0354989,2192.16,1.2063564,7257.3394,3.824755,0,,,,,1334.1561245741223,0.00034383716,91.88865747422668,0.0003367168,0.011301898,0.07825158
7259.3135,3.8266664,-0.0039247,38204,1334.155850081308,91.88902915560732,6250.662,3.037016,2205.5425,1.2078176,7259.3135,3.8266664,0,,,,,1334.155850081308,0.00034438222,91.88902915560732,0.00033704977,0.011379173,0.07936411
7252.4404,3.8309956,-0.003924474,38205,1334.1556642136204,91.88836205912025,6242.3525,3.0404515,2229.3208,1.2120181,7252.4404,3.8309956,0,,,,,1334.1556642136204,0.00034503028,91.88836205912025,0.00033799463,0.010245783,0.07754438
7252.9375,3.8372505,-0.0039242483,38206,1334.1552198312063,91.8876112519171,6248.721,3.0454159,2256.057,1.215504,7252.9375,3.8372505,0,,,,,1334.1552198312063,0.00034535804,91.8876112519171,0.00033798034,0.01031554,0.07676123
7255.033,3.8466089,-0.003924023,38207,1334.1560666213063,91.88843156383503,6252.976,3.0528433,2293.4094,1.2205755,7255.033,3.8466089,0,,,,,1334.1560666213063,0.00034591247,91.88843156383503,0.00033842042,0.011143748,0.077611424
7255.23,3.8564696,-0.003923797,38208,1334.1559750488884,91.88816644635075,6251.1113,3.0606692,2334.415,1.2286453,7255.23,3.8564696,0,,,,,1334.1559750488884,0.00034686882,91.88816644635075,0.00033946784,0.011354819,0.07715584
7257.7954,3.8677886,-0.003923571,38209,1334.155297376289,91.88727779691807,6253.282,3.0696523,2379.2534,1.2332784,7257.7954,3.8677886,0,,,,,1334.155297376289,0.00034785373,91.88727779691807,0.00034052593,0.009779283,0.07588318
7253.5635,3.8781512,-0.0039233454,38210,1334.1559861309238,91.88807147448287,6250.5884,3.0778766,2429.8103,1.2398002,7253.5635,3.8781512,0,,,,,1334.1559861309238,0.00034892999,91.88807147448287,0.00034150432,0.010401659,0.07580963
7254.277,3.8963792,-0.0039231195,38211,1334.1551085075969,91.88635465514963,6249.367,3.092343,2487.8865,1.2526492,7254.277,3.8963792,0,,,,,1334.1551085075969,0.0003504269,91.88635465514963,0.0003432955,0.0101451585,0.07486121
7257.67,3.9069378,-0.003922894,38212,1334.1550443912893,91.88680271512402,6253.525,3.100723,2546.7551,1.2565356,7257.67,3.9069378,0,,,,,1334.1550443912893,0.0003515063,91.88680271512402,0.00034412957,0.010072139,0.0751296
7253.442,3.9210155,-0.0039226683,38213,1334.1539708752473,91.88612997367339,6250.456,3.1118956,2598.9277,1.2641612,7253.442,3.9210155,0,,,,,1334.1539708752473,0.00035341797,91.88612997367339,0.00034559512,0.00869989,0.07318584
7253.3228,3.9253702,-0.0039224424,38214,1334.1547311448567,91.88552165118904,6248.8384,3.115352,2645.1199,1.2689688,7253.3228,3.9253702,0,,,,,1334.1547311448567,0.0003532035,91.88552165118904,0.0003459979,0.009745408,0.073286526
7253.9126,3.9326577,-0.0039222166,38215,1334.154103368836,91.8850332054852,6251.7964,3.1211355,2667.341,1.2721945,7253.9126,3.9326577,0,,,,,1334.154103368836,0.00035393186,91.8850332054852,0.0003464526,0.008789229,0.07260243
7256.3574,3.9362724,-0.0039219907,38216,1334.1544014122212,91.88545636893824,6252.8696,3.124004,2682.6982,1.276252,7256.3574,3.9362724,0,,,,,1334.1544014122212,0.0003540187,91.88545636893824,0.00034662054,0.0091495635,0.07332746
7253.22,3.9386134,-0.003921765,38217,1334.1537995721858,91.88482789870622,6249.8774,3.1258621,2687.7126,1.274979,7253.22,3.9386134,0,,,,,1334.1537995721858,0.00035455282,91.88482789870622,0.00034725832,0.007931663,0.07068583
7251.9155,3.9377623,-0.003921539,38218,1334.154198330083,91.88473599003804,6250.434,3.1251867,2687.7244,1.2738436,7251.9155,3.9377623,0,,,,,1334.154198330083,0.00035408654,91.88473599003804,0.0003470769,0.008814038,0.07173959
7257.1914,3.936756,-0.0039213127,38219,1334.153469157957,91.88413283628861,6255.114,3.124388,2684.4993,1.2753949,7257.1914,3.936756,0,,,,,1334.153469157957,0.00035378448,91.88413283628861,0.00034659126,0.008467028,0.0703914
7253.9136,3.938295,-0.003921087,38220,1334.1540496607543,91.88426557082944,6251.1123,3.1256094,2684.175,1.2791569,7253.9136,3.938295,0,,,,,1334.1540496607543,0.00035407968,91.88426557082944,0.0003468605,0.00851347,0.07073288
7248.5605,3.9366379,-0.0039208606,38221,1334.1531753437632,91.88351437020671,6244.0522,3.124294,2690.3213,1.2756888,7248.5605,3.9366379,0,,,,,1334.1531753437632,0.000354474,91.88351437020671,0.00034750724,0.006922461,0.069204174
7252.971,3.9387407,-0.0039206347,38222,1334.1535786015368,91.88293001627616,6251.428,3.1259632,2691.2097,1.2767606,7252.971,3.9387407,0,,,,,1334.1535786015368,0.00035420782,91.88293001627616,0.00034705986,0.0074696643,0.068490446
7247.754,3.939627,-0.0039204084,38223,1334.1535147895158,91.88382104367423,6245.0303,3.1266663,2696.9707,1.2768124,7247.754,3.939627,0,,,,,1334.1535147895158,0.00035462854,91.88382104367423,0.00034768358,0.008960498,0.07042929
7257.4727,3.940115,-0.003920182,38224,1334.1536335228172,91.88330105860203,6252.802,3.1270537,2700.158,1.2779887,7257.4727,3.940115,0,,,,,1334.1536335228172,0.00035449277,91.88330105860203,0.00034722738,0.007198933,0.068386555
7249.529,3.9419608,-0.0039199553,38225,1334.1534226799674,91.88243900134991,6247.7324,3.1285186,2705.813,1.2818304,7249.529,3.9419608,0,,,,,1334.1534226799674,0.00035456382,91.88243900134991,0.00034742334,0.0071993954,0.067554094
7249.0757,3.942952,-0.003919729,38226,1334.1520439877452,91.88241492064103,6247.1123,3.1293054,2710.1755,1.2789798,7249.0757,3.942952,0,,,,,1334.1520439877452,0.0003549933,91.88241492064103,0.000347811,0.006706557,0.06722489
7254.0244,3.945712,-0.0039195023,38227,1334.1537906333017,91.8823850939996,6250.975,3.131496,2711.2292,1.278499,7254.0244,3.945712,0,,,,,1334.1537906333017,0.0003553963,91.8823850939996,0.00034794904,0.008082044,0.06845265
7248.252,3.9405534,-0.0039192755,38228,1334.153618399955,91.88271542062606,6244.187,3.1274016,2706.5469,1.2774969,7248.252,3.9405534,0,,,,,1334.153618399955,0.00035495797,91.88271542062606,0.00034784485,0.008013252,0.068144515
7256.001,3.9366822,-0.0039190487,38229,1334.1521031313603,91.88090590058867,6251.597,3.1243293,2689.344,1.2750361,7256.001,3.9366822,0,,,,,1334.1521031313603,0.00035405255,91.88090590058867,0.00034707502,0.00655205,0.0659575
7250.432,3.9306507,-0.003918822,38230,1334.1531210642863,91.88235426394243,6248.5625,3.1195424,2667.1846,1.2720906,7250.432,3.9306507,0,,,,,1334.1531210642863,0.00035368945,91.88235426394243,0.0003464819,0.007411213,0.06703539
7255.4985,3.9248006,-0.0039185947,38231,1334.1535693370656,91.88224485457214,6250.7017,3.1148996,2638.696,1.2676599,7255.4985,3.9248006,0,,,,,1334.1535693370656,0.0003531153,91.88224485457214,0.0003460003,0.0075023407,0.067386635
7249.52,3.9213715,-0.0039183674,38232,1334.1525567838366,91.88098852457897,6245.573,3.112178,2611.2192,1.266431,7249.52,3.9213715,0,,,,,1334.1525567838366,0.000352928,91.88098852457897,0.00034603517,0.005827694,0.06498361
7250.297,3.9144664,-0.00391814,38233,1334.1519353203212,91.8804998958475,6246.52,3.106698,2588.7598,1.2616706,7250.297,3.9144664,0,,,,,1334.1519353203212,0.00035245568,91.8804998958475,0.00034539917,0.005696701,0.06460519
7256.025,3.910704,-0.0039179125,38234,1334.1524141164168,91.88087272304455,6251.9023,3.103712,2574.092,1.2601395,7256.025,3.910704,0,,,,,1334.1524141164168,0.00035172302,91.88087272304455,0.0003446253,0.0062581263,0.0646369
7242.6724,3.9113047,-0.003917685,38235,1334.1518907682287,91.8811413637875,6238.4043,3.1041887,2573.0227,1.2599959,7242.6724,3.9113047,0,,,,,1334.1518907682287,0.0003526565,91.8811413637875,0.00034555772,0.006520419,0.06576626
7252.649,3.9118483,-0.003917457,38236,1334.1525755516464,91.88006844383307,6248.5815,3.10462,2578.9724,1.2599925,7252.649,3.9118483,0,,,,,1334.1525755516464,0.0003520666,91.88006844383307,0.00034499698,0.0062078647,0.064279884
7251.8335,3.9144695,-0.0039172294,38237,1334.1516034274255,91.88059666089944,6243.0933,3.1067004,2594.6655,1.2621375,7251.8335,3.9144695,0,,,,,1334.1516034274255,0.00035257233,91.88059666089944,0.00034570796,0.005472904,0.06423869
7247.2427,3.920347,-0.003917001,38238,1334.1519613748517,91.88013086478703,6244.492,3.111365,2618.982,1.2661293,7247.2427,3.920347,0,,,,,1334.1519613748517,0.00035296823,91.88013086478703,0.0003459922,0.0058651823,0.06395408
7254.298,3.9286504,-0.003916773,38239,1334.1529818122765,91.88095296995766,6249.7354,3.117955,2646.6262,1.271204,7254.298,3.9286504,0,,,,,1334.1529818122765,0.00035335112,91.88095296995766,0.00034642985,0.0065311035,0.064849906
7246.8296,3.933199,-0.003916545,38240,1334.1522498667582,91.87970741502372,6243.5054,3.1215649,2674.68,1.273791,7246.8296,3.933199,0,,,,,1334.1522498667582,0.00035415692,91.87970741502372,0.00034718844,0.005870619,0.06313265
7247.6396,3.939011,-0.003916316,38241,1334.1519007194506,91.87944840234917,6245.4985,3.1261775,2698.6338,1.2786251,7247.6396,3.939011,0,,,,,1334.1519007194506,0.00035472325,91.87944840234917,0.00034756472,0.0053638006,0.06271315
7255.8237,3.9455001,-0.0039160876,38242,1334.1520094900768,91.87900961258353,6251.499,3.1313279,2711.6182,1.2800153,7255.8237,3.9455001,0,,,,,1334.1520094900768,0.00035506857,91.87900961258353,0.00034789505,0.0057391664,0.063327216
7247.9966,3.9437315,-0.0039158585,38243,1334.1525577282628,91.87996199628486,6244.6562,3.1299238,2714.2224,1.2820461,7247.9966,3.9437315,0,,,,,1334.1525577282628,0.00035487147,91.87996199628486,0.00034793513,0.006227828,0.063593805
7247.3267,3.941343,-0.0039156293,38244,1334.1523230308412,91.87975885233226,6243.5264,3.1280284,2706.3792,1.2792495,7247.3267,3.941343,0,,,,,1334.1523230308412,0.00035489164,91.87975885233226,0.00034792826,0.0055745533,0.06364166
7257.0522,3.9367838,-0.0039154002,38245,1334.1517802847495,91.8795461952337,6249.688,3.12441,2689.0498,1.2761807,7257.0522,3.9367838,0,,,,,1334.1517802847495,0.0003542844,91.8795461952337,0.00034723026,0.005381537,0.06239514
7253.682,3.9293835,-0.0039151707,38246,1334.1518304042709,91.87948004038407,6249.7075,3.118537,2661.1887,1.2731338,7253.682,3.9293835,0,,,,,1334.1518304042709,0.0003534228,91.87948004038407,0.0003463326,0.0056037996,0.062405325
7246.118,3.921101,-0.003914941,38247,1334.151337610552,91.87890182725472,6242.3535,3.1119637,2626.8254,1.2675091,7246.118,3.921101,0,,,,,1334.151337610552,0.00035323008,91.87890182725472,0.00034620674,0.005247939,0.062064312
7246.258,3.9117649,-0.0039147115,38248,1334.1519189904102,91.87872681129308,6241.125,3.104554,2588.3923,1.2626214,7246.258,3.9117649,0,,,,,1334.1519189904102,0.0003523626,91.87872681129308,0.00034547207,0.005207527,0.06191397
7249.769,3.907929,-0.0039144815,38249,1334.1516216406162,91.87907338273871,6246.3916,3.1015096,2552.7488,1.258087,7249.769,3.907929,0,,,,,1334.1516216406162,0.00035164392,91.87907338273871,0.00034468877,0.005476049,0.0616594
7252.286,3.9003568,-0.003914251,38250,1334.1511445829906,91.8792528128873,6246.5117,3.0955,2522.951,1.2552745,7252.286,3.9003568,0,,,,,1334.1511445829906,0.00035087287,91.8792528128873,0.0003440466,0.0047735996,0.061615825
7254.078,3.892899,-0.0039140205,38251,1334.1531900258203,91.88189952320181,6242.4336,3.089581,2492.8696,1.2484267,7254.078,3.892899,0,,,,,1334.1531900258203,0.00035105456,91.88189952320181,0.00034380655,0.0074898363,0.06596708
7248.7227,3.8846822,-0.00391379,38252,1334.150045151964,91.87648743408982,6239.0522,3.0830598,2471.9402,1.2453845,7248.7227,3.8846822,0,,,,,1334.150045151964,0.00035012595,91.87648743408982,0.0003432428,0.002615269,0.057344094
7252.5728,3.8841841,-0.0039135595,38253,1334.151939795464,91.87979404060457,6246.6567,3.0826645,2460.1953,1.2433532,7252.5728,3.8841841,0,,,,,1334.151939795464,0.00034968383,91.87979404060457,0.00034266975,0.005113517,0.062205765
7248.848,3.8833299,-0.0039133285,38254,1334.1518673942562,91.87869905590374,6240.46,3.0819867,2461.1301,1.2438953,7248.848,3.8833299,0,,,,,1334.1518673942562,0.0003499685,91.87869905590374,0.000343049,0.005331622,0.06135818
7252.657,3.8860734,-0.003913097,38255,1334.1513205169745,91.8783023513148,6246.877,3.084164,2468.1067,1.246217,7252.657,3.8860734,0,,,,,1334.1513205169745,0.00034985386,91.8783023513148,0.0003428018,0.004632721,0.061054375
7252.326,3.8935485,-0.0039128656,38256,1334.1511392299585,91.87820473800268,6246.922,3.0900965,2483.7278,1.2507702,7252.326,3.8935485,0,,,,,1334.1511392299585,0.0003505183,91.87820473800268,0.00034345756,0.00460978,0.059835218
7252.0547,3.8936436,-0.0039126338,38257,1334.151053555385,91.87816760558268,6245.93,3.090172,2505.6448,1.2496147,7252.0547,3.8936436,0,,,,,1334.151053555385,0.000350588,91.87816760558268,0.0003435684,0.0042680954,0.06029794
7252.574,3.9043279,-0.0039124023,38258,1334.1518321776948,91.8790319132056,6244.4194,3.0986514,2537.5762,1.2568846,7252.574,3.9043279,0,,,,,1334.1518321776948,0.00035180643,91.8790319132056,0.0003445886,0.005995676,0.061834637
7256.6353,3.910116,-0.00391217,38259,1334.1516199976684,91.87813467952938,6244.857,3.1032453,2573.4402,1.2610239,7256.6353,3.910116,0,,,,,1334.1516199976684,0.00035204587,91.87813467952938,0.00034522955,0.005081255,0.061228555
7252.138,3.920037,-0.0039119376,38260,1334.151144101215,91.87826584771526,6245.027,3.111119,2615.0066,1.2664386,7252.138,3.920037,0,,,,,1334.151144101215,0.00035297644,91.87826584771526,0.00034598893,0.004562058,0.060152486
7254.9497,3.9281113,-0.003911705,38261,1334.1515538232375,91.87847845356688,6250.468,3.1175272,2649.6094,1.272058,7254.9497,3.9281113,0,,,,,1334.1515538232375,0.0003532274,91.87847845356688,0.00034631044,0.004497119,0.060085353
7254.4604,3.9346125,-0.0039114724,38262,1334.1521304950647,91.87871144292356,6247.7646,3.1226866,2684.7812,1.276117,7254.4604,3.9346125,0,,,,,1334.1521304950647,0.00035411256,91.87871144292356,0.00034707124,0.0056314943,0.061724585
7245.7065,3.9405882,-0.003911239,38263,1334.1508485708,91.87719805844651,6238.193,3.1274295,2716.431,1.2795246,7245.7065,3.9405882,0,,,,,1334.1508485708,0.00035529715,91.87719805844651,0.0003482712,0.0039908835,0.059279323
7203.3984,3.9393017,-0.0039110063,38264,1334.1512234429583,91.87741512986197,6206.755,3.1264083,2734.735,1.282018,7203.3984,3.9393017,0,,,,,1334.1512234429583,0.0003568044,91.87741512986197,0.00034991806,0.004382568,0.059799064
7197.2573,3.941047,-0.0039107725,38265,1334.1515718421217,91.87785635271563,6202.0063,3.1277936,2743.7915,1.2826154,7197.2573,3.941047,0,,,,,1334.1515718421217,0.00035729294,91.87785635271563,0.00035033075,0.0057320413,0.060213685
7191.8125,3.9430768,-0.0039105387,38266,1334.1513516247885,91.87823853345061,6197.5728,3.1294048,2749.9998,1.2852385,7191.8125,3.9430768,0,,,,,1334.1513516247885,0.00035760584,91.87823853345061,0.00035069045,0.0051217675,0.060592167
7192.5107,3.9412854,-0.003910305,38267,1334.1503950139709,91.87676997270982,6194.446,3.1279826,2751.6912,1.2844576,7192.5107,3.9412854,0,,,,,1334.1503950139709,0.00035780016,91.87676997270982,0.00035094816,0.004544874,0.059021518
7196.5215,3.9433403,-0.0039100708,38268,1334.1504223656027,91.87720941058849,6201.9443,3.1296136,2748.7837,1.2836059,7196.5215,3.9433403,0,,,,,1334.1504223656027,0.00035751678,91.87720941058849,0.0003505751,0.0039459052,0.059524134
7216.473,3.9465601,-0.003909836,38269,1334.1513046267964,91.87778325301971,6216.664,3.132169,2743.0005,1.2835737,7216.473,3.9465601,0,,,,,1334.1513046267964,0.00035745377,91.87778325301971,0.000350183,0.0052348906,0.060296994
7255.2383,3.947125,-0.0039096014,38270,1334.1507971264487,91.8786204205549,6246.3853,3.1326175,2742.2632,1.282356,7255.2383,3.947125,0,,,,,1334.1507971264487,0.00035520247,91.8786204205549,0.00034842078,0.0045445794,0.060393132
7249.457,3.9444125,-0.003909366,38271,1334.1506506639942,91.87726680983843,6240.988,3.1304643,2738.7405,1.2816676,7249.457,3.9444125,0,,,,,1334.1506506639942,0.00035538353,91.87726680983843,0.00034849774,0.004247688,0.05892664
7250.9414,3.9477572,-0.003909131,38272,1334.1509091781709,91.8777845603533,6245.0293,3.133119,2740.0286,1.282781,7250.9414,3.9477572,0,,,,,1334.1509091781709,0.00035546988,91.8777845603533,0.00034846214,0.0046914443,0.059182014
7260.648,3.9522946,-0.003908896,38273,1334.1509484305375,91.87780410159868,6251.9565,3.13672,2738.9607,1.2843759,7260.648,3.9522946,0,,,,,1334.1509484305375,0.0003555035,91.87780410159868,0.0003486599,0.0045677437,0.05968268
7253.9546,3.9460578,-0.00390866,38274,1334.1527374855773,91.88003610751962,6243.5986,3.1317704,2737.8333,1.2817256,7253.9546,3.9460578,0,,,,,1334.1527374855773,0.0003554459,91.88003610751962,0.0003484478,0.0063607134,0.063618496
7249.8364,3.9455557,-0.003908424,38275,1334.1488947026448,91.87367689455982,6240.0225,3.1313717,2726.6704,1.2815194,7249.8364,3.9455557,0,,,,,1334.1488947026448,0.00035519572,91.87367689455982,0.00034882323,0.0017547917,0.05320015
7255.7935,3.9416318,-0.0039081876,38276,1334.1507785472556,91.87696658064736,6248.092,3.1282575,2712.6594,1.280238,7255.7935,3.9416318,0,,,,,1334.1507785472556,0.00035470966,91.87696658064736,0.0003477416,0.0041367435,0.058676444
7251.419,3.9365568,-0.003907951,38277,1334.151422481945,91.8777424247219,6244.4663,3.1242301,2694.7417,1.2763525,7251.419,3.9365568,0,,,,,1334.151422481945,0.00035433844,91.8777424247219,0.00034754456,0.0047823237,0.059822477
7251.048,3.9302084,-0.0039077145,38278,1334.1504564348693,91.87673599379713,6240.877,3.1191916,2665.631,1.2741718,7251.048,3.9302084,0,,,,,1334.1504564348693,0.00035408672,91.87673599379713,0.00034722858,0.0038283279,0.057203334
7256.2754,3.9238398,-0.0039074775,38279,1334.1514200001302,91.87681303942716,6246.0557,3.1141374,2637.5444,1.2683825,7256.2754,3.9238398,0,,,,,1334.1514200001302,0.00035320595,91.87681303942716,0.00034643087,0.0038562084,0.058428627
7259.862,3.9170606,-0.00390724,38280,1334.1514556648863,91.8782975053405,6250.8984,3.1087568,2605.7,1.2642497,7259.862,3.9170606,0,,,,,1334.1514556648863,0.00035235693,91.8782975053405,0.00034544215,0.005231194,0.059413366
7251.252,3.9095538,-0.0039070025,38281,1334.152451055296,91.87925128311231,6236.0728,3.1027992,2580.7358,1.2628455,7251.252,3.9095538,0,,,,,1334.152451055296,0.00035246825,91.87925128311231,0.00034566855,0.006798734,0.0627408
7257.3613,3.9048295,-0.0039067646,38282,1334.1519174245134,91.87848770211767,6247.478,3.0990498,2558.3809,1.2572229,7257.3613,3.9048295,0,,,,,1334.1519174245134,0.00035151624,91.87848770211767,0.00034442949,0.005416695,0.060228128
7257.843,3.9056787,-0.003906526,38283,1334.1483734626897,91.87396886426728,6238.7207,3.0997236,2542.5637,1.2565062,7257.843,3.9056787,0,,,,,1334.1483734626897,0.00035262117,91.87396886426728,0.00034565013,0.0008047952,0.05352695
7252.3936,3.8997142,-0.0039062877,38284,1334.1515466527321,91.8777886677857,6245.7295,3.09499,2530.3147,1.2539415,7252.3936,3.8997142,0,,,,,1334.1515466527321,0.0003511833,91.8777886677857,0.00034414238,0.0050366903,0.058815617
7257.4507,3.9007914,-0.0039060493,38285,1334.1515149384727,91.87980456937287,6241.6113,3.095845,2527.8987,1.2555574,7257.4507,3.9007914,0,,,,,1334.1515149384727,0.00035164965,91.87980456937287,0.00034462573,0.0059229545,0.062216263
7252.985,3.9040449,-0.0039058102,38286,1334.1495643943153,91.87461830647027,6243.376,3.098427,2534.9114,1.2565987,7252.985,3.9040449,0,,,,,1334.1495643943153,0.0003516514,91.87461830647027,0.00034483196,0.0023810684,0.054990772
7253.6807,3.9053493,-0.003905571,38287,1334.1505029727466,91.87668515704054,6239.722,3.0994623,2551.3032,1.2560002,7253.6807,3.9053493,0,,,,,1334.1505029727466,0.0003521274,91.87668515704054,0.00034528287,0.003938179,0.057603672
7244.0986,3.9063237,-0.0039053315,38288,1334.1514504694433,91.87762501608069,6238.5444,3.1002355,2567.0696,1.2583585,7244.0986,3.9063237,0,,,,,1334.1514504694433,0.00035205862,91.87762501608069,0.00034507443,0.00475595,0.05917237
7257.169,3.9115603,-0.0039050917,38289,1334.1509003782965,91.87756592702081,6248.2524,3.1043916,2580.4214,1.2603339,7257.169,3.9115603,0,,,,,1334.1509003782965,0.00035199284,91.87756592702081,0.0003451437,0.0042451667,0.059067994
7251.654,3.9124396,-0.0039048516,38290,1334.1510408752476,91.87708858077407,6243.197,3.1050892,2590.857,1.2626524,7251.654,3.9124396,0,,,,,1334.1510408752476,0.00035232087,91.87708858077407,0.0003454406,0.004028285,0.057630684
7251.5522,3.915818,-0.003904611,38291,1334.15078541766,91.8769450632473,6243.7656,3.1077707,2593.58,1.264755,7251.5522,3.915818,0,,,,,1334.15078541766,0.000352647,91.8769450632473,0.00034571253,0.0037520402,0.057899687
7249.7173,3.913901,-0.0039043704,38292,1334.150936062005,91.87739462032762,6242.3555,3.1062493,2590.4143,1.2655109,7249.7173,3.913901,0,,,,,1334.150936062005,0.00035236223,91.87739462032762,0.0003453896,0.0049431124,0.05842296
7254.259,3.9088156,-0.0039041294,38293,1334.1521277724373,91.87976948616237,6242.1255,3.1022131,2575.6052,1.2605798,7254.259,3.9088156,0,,,,,1334.1521277724373,0.00035216683,91.87976948616237,0.00034519128,0.0060583693,0.061714012
7253.462,3.9051697,-0.0039038882,38294,1334.148897252934,91.87409656363472,6241.5986,3.0993197,2551.7896,1.2592305,7253.462,3.9051697,0,,,,,1334.148897252934,0.0003517762,91.87409656363472,0.00034500918,0.0011446754,0.052905023
7254.8154,3.898112,-0.0039036465,38295,1334.151225921334,91.87708291283774,6245.556,3.0937183,2525.1016,1.2533022,7254.8154,3.898112,0,,,,,1334.151225921334,0.00035093632,91.87708291283774,0.00034401778,0.004390821,0.057836015
7255.7676,3.8895853,-0.0039034048,38296,1334.1515080926565,91.87731083480958,6243.4644,3.086951,2491.549,1.2489122,7255.7676,3.8895853,0,,,,,1334.1515080926565,0.0003503399,91.87731083480958,0.00034338058,0.0048360806,0.05917556
7253.1543,3.8823678,-0.0039031627,38297,1334.151691327944,91.8764967694414,6243.08,3.0812232,2459.0977,1.2431042,7253.1543,3.8823678,0,,,,,1334.151691327944,0.00034966914,91.8764967694414,0.0003428168,0.0047928444,0.057960927
7243.9106,3.8764896,-0.00390292,38298,1334.1507870113505,91.87630679293156,6234.076,3.0765579,2426.9395,1.2434465,7243.9106,3.8764896,0,,,,,1334.1507870113505,0.00034959862,91.87630679293156,0.0003426817,0.0037818225,0.057296317
7263.529,3.8709545,-0.0039026774,38299,1334.1510921869308,91.87676793678145,6252.919,3.0721648,2396.7783,1.2348943,7263.529,3.8709545,0,,,,,1334.1510921869308,0.00034805425,91.87676793678145,0.00034115525,0.0045365104,0.0577969
7248.9395,3.8699286,-0.0039024344,38300,1334.1512840499183,91.87782753676449,6241.163,3.0713508,2374.5393,1.2335994,7248.9395,3.8699286,0,,,,,1334.1512840499183,0.00034927277,91.87782753676449,0.00034192787,0.004376216,0.0590328
7246.806,3.8608484,-0.003902191,38301,1334.151928153448,91.87667522213457,6239.8486,3.0641444,2360.4397,1.2310106,7246.806,3.8608484,0,,,,,1334.151928153448,0.00034804523,91.87667522213457,0.000340935,0.004729679,0.058022108
7253.085,3.8589485,-0.0039019473,38302,1334.1510441719458,91.87634575673516,6243.4307,3.0626361,2350.9229,1.230633,7253.085,3.8589485,0,,,,,1334.1510441719458,0.00034747465,91.87634575673516,0.00034058018,0.0035795635,0.056987826
7252.304,3.8589675,-0.0039017033,38303,1334.1510785311589,91.87694941282714,6244.0845,3.0626516,2353.9958,1.2290858,7252.304,3.8589675,0,,,,,1334.1510785311589,0.00034748088,91.87694941282714,0.00034056845,0.0039242543,0.05693622
7251.7383,3.86005,-0.003901459,38304,1334.151526739121,91.87699988037099,6239.33,3.0635107,2360.8337,1.2308856,7251.7383,3.86005,0,,,,,1334.151526739121,0.00034791624,91.87699988037099,0.00034101892,0.0046497146,0.05840522
7251.48,3.871405,-0.0039012146,38305,1334.1509630719922,91.87685282085613,6242.4473,3.0725224,2372.405,1.2328075,7251.48,3.871405,0,,,,,1334.1509630719922,0.00034896316,91.87685282085613,0.00034203884,0.0044238293,0.05799628
7253.652,3.8706024,-0.0039009696,38306,1334.1511098730134,91.87663593824038,6240.651,3.0718853,2393.1453,1.2363291,7253.652,3.8706024,0,,,,,1334.1511098730134,0.0003490016,91.87663593824038,0.0003419893,0.0040524537,0.057854842
7250.693,3.8763995,-0.0039007245,38307,1334.1507086557456,91.87639848993364,6243.416,3.0764863,2415.643,1.2387199,7250.693,3.8763995,0,,,,,1334.1507086557456,0.00034914393,91.87639848993364,0.0003422423,0.0036844756,0.056514002
7251.8364,3.880027,-0.003900479,38308,1334.1518536995898,91.87730651595636,6244.5327,3.0793655,2445.2356,1.2434388,7251.8364,3.880027,0,,,,,1334.1518536995898,0.0003492768,91.87730651595636,0.0003423251,0.005133214,0.058321137
7253.457,3.8872418,-0.0039002332,38309,1334.1510725324074,91.87730029031569,6244.1904,3.085091,2475.5703,1.2472589,7253.457,3.8872418,0,,,,,1334.1510725324074,0.00035001762,91.87730029031569,0.00034301952,0.004187486,0.058098212
7248.6934,3.8924794,-0.003899987,38310,1334.1508207461184,91.87616066466441,6240.5366,3.0892482,2504.879,1.250665,7248.6934,3.8924794,0,,,,,1334.1508207461184,0.00035072467,91.87616066466441,0.00034387747,0.0035215337,0.05660003
7254.8735,3.8992481,-0.0038997408,38311,1334.1505514963542,91.87708808865814,6245.3506,3.0946202,2533.372,1.2539333,7254.8735,3.8992481,0,,,,,1334.1505514963542,0.00035102203,91.87708808865814,0.00034411202,0.004077091,0.05718284
7252.0728,3.9066272,-0.003899494,38312,1334.1505941350479,91.87744792285038,6243.722,3.1004763,2552.4312,1.2572697,7252.0728,3.9066272,0,,,,,1334.1505941350479,0.00035219814,91.87744792285038,0.00034491462,0.004368651,0.058251724
7264.3296,3.9074135,-0.003899247,38313,1334.15048158302,91.87673212724872,6252.364,3.1011004,2566.1824,1.2574375,7264.3296,3.9074135,0,,,,,1334.15048158302,0.0003515956,91.87673212724872,0.00034465388,0.0039510103,0.05690536
7250.2495,3.9086037,-0.0038989994,38314,1334.1503064613469,91.87665959259287,6241.2554,3.102045,2577.4338,1.2597643,7250.2495,3.9086037,0,,,,,1334.1503064613469,0.00035210114,91.87665959259287,0.0003452833,0.0038478246,0.057179537
7251.2437,3.9142237,-0.003898752,38315,1334.1501432763275,91.87608242916279,6242.777,3.1065052,2584.8206,1.2623507,7251.2437,3.9142237,0,,,,,1334.1501432763275,0.00035256235,91.87608242916279,0.0003457024,0.0038912606,0.05708601
7260.827,3.913637,-0.0038985037,38316,1334.15138530529,91.87739576066707,6250.983,3.1060398,2587.764,1.2617986,7260.827,3.913637,0,,,,,1334.15138530529,0.00035218094,91.87739576066707,0.0003451274,0.004835542,0.05770116
7254.756,3.912654,-0.0038982555,38317,1334.1508392068247,91.87731267995723,6244.4697,3.1052594,2590.263,1.2620099,7254.756,3.912654,0,,,,,1334.1508392068247,0.00035232285,91.87731267995723,0.00034541724,0.004319332,0.057947356
7252.548,3.9099817,-0.0038980069,38318,1334.1507219334237,91.87656147675149,6242.359,3.1031387,2586.3489,1.2603651,7252.548,3.9099817,0,,,,,1334.1507219334237,0.00035224165,91.87656147675149,0.0003453889,0.0036766196,0.05690561
7252.7954,3.912064,-0.003897758,38319,1334.1506136641958,91.87646628706383,6243.903,3.1047912,2584.0505,1.2613688,7252.7954,3.912064,0,,,,,1334.1506136641958,0.00035247082,91.87646628706383,0.00034540755,0.003122555,0.056673426
7249.0186,3.9120429,-0.0038975086,38320,1334.1516514208547,91.8772544745199,6242.1245,3.1047745,2584.1345,1.262828,7249.0186,3.9120429,0,,,,,1334.1516514208547,0.00035238554,91.8772544745199,0.00034540787,0.00520553,0.058912653
7252.604,3.9100518,-0.003897259,38321,1334.1497646059324,91.87614762803481,6241.52,3.1031945,2583.815,1.2611736,7252.604,3.9100518,0,,,,,1334.1497646059324,0.0003522523,91.87614762803481,0.00034540502,0.0034326145,0.05715627
7253.7676,3.9113665,-0.0038970092,38322,1334.1502362634249,91.87618428267204,6243.527,3.1042378,2580.7307,1.2601233,7253.7676,3.9113665,0,,,,,1334.1502362634249,0.00035196115,91.87618428267204,0.00034551247,0.0035399161,0.05676339
7256.5137,3.9089975,-0.003896759,38323,1334.1510987254153,91.87695718087228,6243.268,3.1023576,2575.735,1.2606618,7256.5137,3.9089975,0,,,,,1334.1510987254153,0.00035205175,91.87695718087228,0.00034522213,0.0047212197,0.057192698
7250.1255,3.9053009,-0.0038965084,38324,1334.1511870763356,91.87715879585983,6241.698,3.099424,2565.2664,1.2582402,7250.1255,3.9053009,0,,,,,1334.1511870763356,0.0003516745,91.87715879585983,0.0003448415,0.004387477,0.057881527
7251.2056,3.9053044,-0.0038962574,38325,1334.1512588843375,91.87642272307812,6241.2676,3.0994265,2552.4312,1.2582501,7251.2056,3.9053044,0,,,,,1334.1512588843375,0.0003517121,91.87642272307812,0.00034492172,0.0045491247,0.057777658
7251.7983,3.8993359,-0.0038960062,38326,1334.1512117356267,91.87723169349522,6239.668,3.0946896,2538.2756,1.2555343,7251.7983,3.8993359,0,,,,,1334.1512117356267,0.00035132552,91.87723169349522,0.00034448868,0.0041726963,0.057896994
7252.5435,3.8958137,-0.0038957547,38327,1334.1504630098636,91.87574532233025,6243.584,3.0918944,2518.6985,1.2522854,7252.5435,3.8958137,0,,,,,1334.1504630098636,0.00035084397,91.87574532233025,0.00034397293,0.0034840049,0.056069575
7250.423,3.892203,-0.0038955028,38328,1334.1512981764838,91.87656651716243,6242.2075,3.0890286,2498.9485,1.2496673,7250.423,3.892203,0,,,,,1334.1512981764838,0.00035072616,91.87656651716243,0.0003436816,0.0045646885,0.05790823
7252.6333,3.8886497,-0.0038952506,38329,1334.1514947717546,91.87617655503968,6244.327,3.0862088,2484.0403,1.2473682,7252.6333,3.8886497,0,,,,,1334.1514947717546,0.0003500485,91.87617655503968,0.00034323256,0.0040066135,0.056210686
7252.299,3.8852084,-0.003894998,38330,1334.1504432552024,91.87635026133465,6240.032,3.0834773,2469.5889,1.247891,7252.299,3.8852084,0,,,,,1334.1504432552024,0.00035000438,91.87635026133465,0.00034310465,0.0036049387,0.056569446
7251.3467,3.882375,-0.0038947451,38331,1334.1509144836766,91.87689680178363,6241.288,3.0812287,2460.155,1.2443472,7251.3467,3.882375,0,,,,,1334.1509144836766,0.00034986594,91.87689680178363,0.00034281844,0.0045963055,0.05744205
7248.715,3.8895674,-0.003894492,38332,1334.150222733126,91.87696068412255,6239.804,3.086937,2451.7341,1.2475823,7248.715,3.8895674,0,,,,,1334.150222733126,0.00035087948,91.87696068412255,0.00034365506,0.0043760585,0.057915103
7255.7275,3.8812656,-0.0038942385,38333,1334.150430779662,91.87639892636312,6243.6387,3.0803485,2446.2227,1.2431309,7255.7275,3.8812656,0,,,,,1334.150430779662,0.00034966675,91.87639892636312,0.00034275345,0.004688979,0.05637582
7253.71,3.8806732,-0.0038939845,38334,1334.1498310413265,91.8762859801724,6238.5073,3.079878,2444.8962,1.2440363,7253.71,3.8806732,0,,,,,1334.1498310413265,0.0003499837,91.8762859801724,0.0003429652,0.0036908244,0.056701567
7259.2466,3.8814557,-0.0038937305,38335,1334.1506358753397,91.87622259178377,6246.8184,3.0804992,2448.893,1.2439784,7259.2466,3.8814557,0,,,,,1334.1506358753397,0.00034942268,91.87622259178377,0.0003424732,0.0044257245,0.0571724
7253.779,3.881293,-0.0038934757,38336,1334.1523066736595,91.87856222532207,6242.1084,3.08037,2454.0896,1.2427546,7253.779,3.881293,0,,,,,1334.1523066736595,0.00034972746,91.87856222532207,0.00034273817,0.005889908,0.059577335
7249.5386,3.8814383,-0.0038929658,38338,1334.150763420389,91.87605005895863,6238.493,3.0804853,2458.254,1.2436417,7249.5386,3.8814383,0,,,,,1334.150763420389,0.0003498897,91.87605005895863,0.00034306574,0.0043051476,0.056085207
7248.512,3.882784,-0.0038927102,38339,1334.1511381522573,91.87608875310973,6237.0063,3.0815535,2452.834,1.2450829,7248.512,3.882784,0,,,,,1334.1511381522573,0.00035016992,91.87608875310973,0.00034322307,0.0040856553,0.056995444
7250.9604,3.8787503,-0.0038924543,38340,1334.1516027565492,91.87649623040882,6241.628,3.078352,2442.3472,1.2420647,7250.9604,3.8787503,0,,,,,1334.1516027565492,0.0003494293,91.87649623040882,0.00034241992,0.004550568,0.057798807
7252.6157,3.8752122,-0.0038921982,38341,1334.1509072455412,91.87614185323632,6240.409,3.075544,2427.9841,1.239547,7252.6157,3.8752122,0,,,,,1334.1509072455412,0.00034924547,91.87614185323632,0.00034233046,0.004251055,0.05640357
7256.2354,3.8735406,-0.0038919416,38342,1334.1502516002365,91.87567550814029,6243.3774,3.0742176,2411.8599,1.238774,7256.2354,3.8735406,0,,,,,1334.1502516002365,0.00034871412,91.87567550814029,0.00034203165,0.0039668772,0.05650353
7244.1816,3.8689597,-0.0038916848,38343,1334.1509328829386,91.87684667044066,6235.665,3.0705817,2390.0789,1.2345216,7244.1816,3.8689597,0,,,,,1334.1509328829386,0.0003487662,91.87684667044066,0.00034211713,0.004330158,0.057512768
7256.3223,3.8638625,-0.0038914275,38344,1334.1524743176049,91.87850155136073,6245.6123,3.0665364,2366.609,1.2321059,7256.3223,3.8638625,0,,,,,1334.1524743176049,0.00034821857,91.87850155136073,0.00034085553,0.006145503,0.060167678
7252.0933,3.854967,-0.00389117,38345,1334.1502596719647,91.87540755495172,6239.8423,3.0594766,2337.8582,1.2282709,7252.0933,3.854967,0,,,,,1334.1502596719647,0.00034747206,91.87540755495172,0.0003405307,0.0031864787,0.053954035
7256.877,3.8487258,-0.003890912,38346,1334.1503237296397,91.87499313457438,6246.0786,3.0545232,2308.3564,1.2236018,7256.877,3.8487258,0,,,,,1334.1503237296397,0.00034651192,91.87499313457438,0.00033965535,0.0036618533,0.05444048
7251.8257,3.8430066,-0.0038906538,38347,1334.1505365489586,91.8765114099526,6243.316,3.0499842,2281.3064,1.2194978,7251.8257,3.8430066,0,,,,,1334.1505365489586,0.00034597787,91.8765114099526,0.00033915255,0.0043170676,0.057132427
7253.1733,3.8380885,-0.0038903952,38348,1334.1519922430757,91.87789494232466,6238.777,3.046081,2259.2805,1.2152103,7253.1733,3.8380885,0,,,,,1334.1519922430757,0.00034615357,91.87789494232466,0.00033914653,0.006049964,0.059743743
7257.5776,3.8336387,-0.0038901363,38349,1334.1504023308971,91.8764256105953,6246.777,3.0425494,2242.168,1.2141501,7257.5776,3.8336387,0,,,,,1334.1504023308971,0.0003451175,91.8764256105953,0.0003379984,0.0037761172,0.057013124
7247.7876,3.829109,-0.0038898769,38350,1334.1495539098198,91.87356010530296,6233.8853,3.0389545,2227.9902,1.2111866,7247.7876,3.829109,0,,,,,1334.1495539098198,0.00034528694,91.87356010530296,0.00033871122,0.002373789,0.052309345
7258.152,3.8288484,-0.0038896173,38351,1334.1511111093357,91.8769286453775,6246.478,3.0387475,2221.8586,1.2110242,7258.152,3.8288484,0,,,,,1334.1511111093357,0.0003446583,91.8769286453775,0.0003377794,0.0048997486,0.057224877
7249.0776,3.8285282,-0.0038893574,38352,1334.1519491353513,91.87823734454197,6237.1562,3.0384934,2226.5964,1.2128245,7249.0776,3.8285282,0,,,,,1334.1519491353513,0.00034520496,91.87823734454197,0.00033810252,0.0065324567,0.059310585
7255.3066,3.840514,-0.0038890971,38353,1334.1494278700607,91.87420295211606,6245.7085,3.048006,2237.0913,1.2146448,7255.3066,3.840514,0,,,,,1334.1494278700607,0.0003460054,91.87420295211606,0.00033905645,0.0021715674,0.05361848
7252.4277,3.836455,-0.0038888364,38354,1334.1507398243712,91.87602802362716,6240.1934,3.0447848,2255.4739,1.2153517,7252.4277,3.836455,0,,,,,1334.1507398243712,0.00034580118,91.87602802362716,0.00033887997,0.0044133496,0.055859145
7250.789,3.8421607,-0.0038885754,38355,1334.1510229325706,91.87647285206158,6241.0664,3.049313,2280.771,1.2190819,7250.789,3.8421607,0,,,,,1334.1510229325706,0.00034632772,91.87647285206158,0.0003392781,0.0041012266,0.056679625
7253.5625,3.8484046,-0.0038883141,38356,1334.1514389444671,91.8782521489374,6243.541,3.0542684,2308.8723,1.2227608,7253.5625,3.8484046,0,,,,,1334.1514389444671,0.0003467102,91.8782521489374,0.00033959874,0.005727127,0.059890732
7252.7427,3.8580809,-0.0038880524,38357,1334.1501471798958,91.87424686069035,6238.707,3.0619478,2339.5046,1.2270218,7252.7427,3.8580809,0,,,,,1334.1501471798958,0.00034794986,91.87424686069035,0.00034105577,0.0027740197,0.05325235
7260.495,3.86278,-0.0038877903,38358,1334.1496628119537,91.87540024114887,6248.2456,3.0656774,2371.4602,1.2305385,7260.495,3.86278,0,,,,,1334.1496628119537,0.00034770663,91.87540024114887,0.000340752,0.0033222926,0.05512183
7252.6157,3.8707523,-0.0038875279,38359,1334.1511563408073,91.87696243292173,6242.94,3.0720046,2401.7297,1.2384074,7252.6157,3.8707523,0,,,,,1334.1511563408073,0.0003487058,91.87696243292173,0.00034162326,0.0054163346,0.057611246
7250.597,3.8744063,-0.0038872652,38360,1334.1522666721937,91.87801271649424,6235.0527,3.0749042,2427.889,1.238665,7250.597,3.8744063,0,,,,,1334.1522666721937,0.00034934937,91.87801271649424,0.0003425717,0.006119845,0.059376206
7251.8394,3.8796031,-0.0038870021,38361,1334.1500255168157,91.87403250078891,6240.1797,3.0790288,2448.9192,1.2423611,7251.8394,3.8796031,0,,,,,1334.1500255168157,0.00034955883,91.87403250078891,0.00034283337,0.0021779707,0.05318176
7250.318,3.88454,-0.0038867386,38362,1334.1508413469837,91.8760135432095,6236.788,3.082947,2463.3276,1.2462403,7250.318,3.88454,0,,,,,1334.1508413469837,0.00035028937,91.8760135432095,0.0003433522,0.004052869,0.055997092
7251.612,3.886085,-0.0038864748,38363,1334.150552154916,91.87637917008213,6243.128,3.0841732,2472.016,1.245841,7251.612,3.886085,0,,,,,1334.150552154916,0.00034994175,91.87637917008213,0.00034305925,0.0042968984,0.056172825
7253.697,3.8911395,-0.0038862107,38364,1334.1507786216773,91.87696431094297,6243.9536,3.0881846,2480.607,1.2477952,7253.697,3.8911395,0,,,,,1334.1507786216773,0.00035079036,91.87696431094297,0.00034362185,0.003957201,0.057331625
7249.4404,3.8958428,-0.0038859462,38365,1334.151464268623,91.87681119518848,6240.362,3.0919173,2486.8792,1.2491344,7249.4404,3.8958428,0,,,,,1334.151464268623,0.0003513551,91.87681119518848,0.00034432285,0.004826077,0.056779034
7248.91,3.8901818,-0.0038856813,38366,1334.1502242695215,91.87563670526715,6235.365,3.0874248,2488.2163,1.2491773,7248.91,3.8901818,0,,,,,1334.1502242695215,0.0003511519,91.87563670526715,0.0003439713,0.003254836,0.055286154
7251.125,3.8920157,-0.003885416,38367,1334.1500743180625,91.87664714858616,6241.74,3.08888,2488.2043,1.2472407,7251.125,3.8920157,0,,,,,1334.1500743180625,0.00035085893,91.87664714858616,0.00034385934,0.004004646,0.056536883
7250.3066,3.8901355,-0.0038851507,38368,1334.1512243086206,91.87697543727622,6241.4526,3.087388,2487.2817,1.2512054,7250.3066,3.8901355,0,,,,,1334.1512243086206,0.00035029426,91.87697543727622,0.00034341527,0.0042070053,0.0571849
7255.403,3.8878658,-0.0038848848,38369,1334.1499385223303,91.87579490133369,6242.223,3.0855863,2485.6826,1.247151,7255.403,3.8878658,0,,,,,1334.1499385223303,0.00035008,91.87579490133369,0.0003433812,0.003744617,0.055384666
7249.4326,3.8874164,-0.0038846184,38370,1334.150574752237,91.87558884807515,6241.094,3.0852299,2485.8127,1.2470177,7249.4326,3.8874164,0,,,,,1334.150574752237,0.0003502076,91.87558884807515,0.00034328407,0.004051251,0.055375043
7250.554,3.8863423,-0.0038843518,38371,1334.1503084674441,91.87666768632353,6244.5645,3.0843773,2478.8943,1.2453436,7250.554,3.8863423,0,,,,,1334.1503084674441,0.00034989114,91.87666768632353,0.0003430013,0.0042339847,0.05666062
7249.532,3.8849661,-0.003884085,38372,1334.1527944205693,91.87817174033145,6238.269,3.083285,2476.3823,1.2458034,7249.532,3.8849661,0,,,,,1334.1527944205693,0.00035025558,91.87817174033145,0.00034340593,0.0070340284,0.060143147
7248.022,3.8853896,-0.0038838175,38373,1334.1505721124638,91.87601142377875,6241.2446,3.083621,2467.292,1.2445433,7248.022,3.8853896,0,,,,,1334.1505721124638,0.00035022054,91.87601142377875,0.00034315503,0.004265606,0.05602331
7248.6836,3.8805401,-0.00388355,38374,1334.1505926906468,91.87495445388636,6238.583,3.0797727,2454.7546,1.2430863,7248.6836,3.8805401,0,,,,,1334.1505926906468,0.00034972196,91.87495445388636,0.00034285674,0.002899237,0.05371417
7251.184,3.8787537,-0.003883282,38375,1334.1500951197622,91.87561584158885,6241.521,3.0783546,2444.1433,1.2426425,7251.184,3.8787537,0,,,,,1334.1500951197622,0.00034937556,91.87561584158885,0.00034242144,0.0035497758,0.055338908
7249.185,3.8748744,-0.0038830135,38376,1334.1506837403394,91.87653290713182,6238.596,3.075276,2431.3381,1.240872,7249.185,3.8748744,0,,,,,1334.1506837403394,0.00034916078,91.87653290713182,0.00034221195,0.004410631,0.056749474
7251.1855,3.8748405,-0.0038827448,38377,1334.1523088160761,91.8781841000524,6240.4873,3.0752492,2414.3535,1.2377156,7251.1855,3.8748405,0,,,,,1334.1523088160761,0.0003494877,91.8781841000524,0.0003421829,0.006471897,0.058891077
7255.9863,3.8708644,-0.0038824757,38378,1334.1490236524332,91.87410313615828,6241.623,3.0720932,2399.5483,1.2366883,7255.9863,3.8708644,0,,,,,1334.1490236524332,0.0003485519,91.87410313615828,0.00034206753,0.0019580736,0.05280095
7248.6226,3.8695424,-0.003882206,38379,1334.151030957879,91.87633475503162,6240.365,3.0710442,2388.495,1.2336183,7248.6226,3.8695424,0,,,,,1334.151030957879,0.00034836718,91.87633475503162,0.00034186567,0.0042760153,0.055843815
7246.3047,3.8623962,-0.0038819364,38380,1334.151077832802,91.87718601301482,6236.4927,3.0653725,2379.0015,1.2326791,7246.3047,3.8623962,0,,,,,1334.151077832802,0.0003482582,91.87718601301482,0.00034129378,0.004732231,0.056929644
7255.1973,3.8617077,-0.003881666,38381,1334.1515314329033,91.87738790607456,6241.83,3.0648263,2368.726,1.2317433,7255.1973,3.8617077,0,,,,,1334.1515314329033,0.0003479059,91.87738790607456,0.0003409422,0.0061803656,0.05846611
7254.6514,3.8611748,-0.0038813956,38382,1334.1492044520128,91.87398310526409,6242.2896,3.0644033,2364.0334,1.230792,7254.6514,3.8611748,0,,,,,1334.1492044520128,0.00034774217,91.87398310526409,0.00034105268,0.0021116203,0.05317128
7250.9233,3.8640525,-0.0038811248,38383,1334.1508718899165,91.87637060961991,6239.9663,3.066687,2361.8506,1.2313659,7250.9233,3.8640525,0,,,,,1334.1508718899165,0.00034820364,91.87637060961991,0.00034148167,0.004552531,0.055041037
7246.648,3.859744,-0.0038808535,38384,1334.1501730202683,91.87614744403206,6239.6836,3.063268,2363.248,1.2299546,7246.648,3.859744,0,,,,,1334.1501730202683,0.00034776184,91.87614744403206,0.00034092617,0.0039437423,0.056176044
7252.6685,3.8590136,-0.0038805818,38385,1334.1518884069703,91.8782437866784,6239.2256,3.0626879,2364.369,1.229267,7252.6685,3.8590136,0,,,,,1334.1518884069703,0.0003479384,91.8782437866784,0.0003408221,0.0057954653,0.058958974
7253.1265,3.861547,-0.0038803099,38386,1334.1498431075818,91.87464236264341,6237.947,3.064699,2360.7612,1.232214,7253.1265,3.861547,0,,,,,1334.1498431075818,0.00034809168,91.87464236264341,0.0003412643,0.002658431,0.05278776
7251.9937,3.8593328,-0.0038800375,38387,1334.1498334628182,91.87543756829226,6240.8125,3.0629413,2357.9734,1.2309515,7251.9937,3.8593328,0,,,,,1334.1498334628182,0.00034775506,91.87543756829226,0.00034076785,0.004229322,0.05475667
7251.344,3.8608916,-0.0038797648,38388,1334.1512983513355,91.87646693062482,6241.6304,3.0641785,2349.6924,1.2287874,7251.344,3.8608916,0,,,,,1334.1512983513355,0.00034812218,91.87646693062482,0.00034100097,0.004894115,0.05649858
7247.992,3.8560693,-0.0038794917,38389,1334.1509775842412,91.87714177799627,6238.01,3.0603514,2339.278,1.2281362,7247.992,3.8560693,0,,,,,1334.1509775842412,0.00034761752,91.87714177799627,0.00034063903,0.004498076,0.056815643
7246.048,3.8494716,-0.0038792184,38390,1334.1504060550403,91.87507448762615,6235.244,3.055115,2323.8484,1.2253549,7246.048,3.8494716,0,,,,,1334.1504060550403,0.0003471096,91.87507448762615,0.00034023702,0.003993188,0.05466521
7242.9883,3.8445683,-0.0038789446,38391,1334.1511351331071,91.87629660489125,6232.6797,3.0512235,2307.2239,1.2220231,7242.9883,3.8445683,0,,,,,1334.1511351331071,0.00034690095,91.87629660489125,0.0003399164,0.0052756607,0.055827804
7251.9297,3.8424108,-0.0038786705,38392,1334.150500459088,91.87649401841665,6242.476,3.0495112,2280.8887,1.218962,7251.9297,3.8424108,0,,,,,1334.150500459088,0.00034615042,91.87649401841665,0.00033913256,0.004258677,0.056481805
7248.249,3.834639,-0.003878396,38393,1334.1510634778485,91.87695783785006,6238.094,3.0433433,2256.888,1.216047,7248.249,3.834639,0,,,,,1334.1510634778485,0.0003456363,91.87695783785006,0.00033858579,0.0048413333,0.05823962
7244.047,3.8288813,-0.003878121,38394,1334.1502492396428,91.87467041523155,6231.499,3.0387735,2231.9563,1.2132086,7244.047,3.8288813,0,,,,,1334.1502492396428,0.00034559885,91.87467041523155,0.00033855462,0.0044767167,0.0542998
7251.9136,3.8244135,-0.0038778458,38395,1334.1511777166722,91.87625872070387,6240.8354,3.035228,2203.353,1.2092332,7251.9136,3.8244135,0,,,,,1334.1511777166722,0.0003446241,91.87625872070387,0.00033761442,0.0046428596,0.0559441
7250.48,3.8159964,-0.0038775702,38396,1334.152221939201,91.87788746771928,6235.174,3.0285478,2182.401,1.2038895,7250.48,3.8159964,0,,,,,1334.152221939201,0.00034420102,91.87788746771928,0.00033725632,0.006212148,0.059138525
7251.017,3.8154864,-0.0038772942,38397,1334.1509654258107,91.87675746381603,6241.171,3.028143,2164.7915,1.2023714,7251.017,3.8154864,0,,,,,1334.1509654258107,0.00034386784,91.87675746381603,0.00033677692,0.0047781672,0.05652502
7252.179,3.8115828,-0.0038770179,38398,1334.149330140369,91.87361166758842,6239.0845,3.025045,2153.1687,1.2014651,7252.179,3.8115828,0,,,,,1334.149330140369,0.00034341836,91.87361166758842,0.00033669453,0.001976934,0.05262698
7250.618,3.8114367,-0.0038767413,38399,1334.151437746171,91.87554522876496,6240.2583,3.0249288,2148.2659,1.2006878,7250.618,3.8114367,0,,,,,1334.151437746171,0.00034354563,91.87554522876496,0.0003364937,0.004753677,0.055635113
7250.996,3.8128858,-0.0038764642,38400,1334.1513842247084,91.87707286498011,6239.46,3.026079,2149.671,1.2002977,7250.996,3.8128858,0,,,,,1334.1513842247084,0.0003438785,91.87707286498011,0.00033675268,0.0045824754,0.0564671
7249.595,3.8160944,-0.0038761867,38401,1334.1514009646849,91.87767207514376,6238.656,3.0286255,2160.6416,1.202438,7249.595,3.8160944,0,,,,,1334.1514009646849,0.00034404904,91.87767207514376,0.00033697154,0.0056750677,0.05875771
7257.69,3.8173466,-0.003875909,38402,1334.1499487280767,91.87381183712368,6243.544,3.0296195,2173.9985,1.204195,7257.69,3.8173466,0,,,,,1334.1499487280767,0.000343741,91.87381183712368,0.0003369598,0.0028915454,0.05240247
7257.55,3.8241317,-0.003875631,38403,1334.1503756480465,91.87634284086853,6236.3237,3.0350044,2195.1055,1.2109313,7257.55,3.8241317,0,,,,,1334.1503756480465,0.00034486662,91.87634284086853,0.00033792615,0.004336418,0.055924606
7252.0522,3.8307443,-0.0038753524,38404,1334.1519259122495,91.87713116292117,6241.088,3.0402522,2217.2703,1.2130269,7252.0522,3.8307443,0,,,,,1334.1519259122495,0.00034532786,91.87713116292117,0.0003380952,0.005507633,0.056623567
7248.151,3.8323843,-0.0038750735,38405,1334.150651320374,91.87724871134513,6237.193,3.0415542,2243.8481,1.2139264,7248.151,3.8323843,0,,,,,1334.150651320374,0.00034552522,91.87724871134513,0.00033843933,0.004790665,0.05821771
7248.645,3.8377595,-0.003874794,38406,1334.1499960328665,91.87378461156351,6235.6084,3.0458198,2265.8413,1.2166955,7248.645,3.8377595,0,,,,,1334.1499960328665,0.00034617377,91.87378461156351,0.0003392106,0.0030828374,0.05264571
7247.588,3.8430238,-0.0038745145,38407,1334.1519216020663,91.87600985182877,6237.598,3.049998,2290.731,1.2204553,7247.588,3.8430238,0,,,,,1334.1519216020663,0.00034665762,91.87600985182877,0.0003395015,0.0047567063,0.055393048
7257.0996,3.8491507,-0.0038742346,38408,1334.152063493077,91.87779290748077,6243.581,3.0548604,2312.103,1.2252356,7257.0996,3.8491507,0,,,,,1334.152063493077,0.00034669755,91.87779290748077,0.00033961723,0.005825112,0.05869942
7253.758,3.8535948,-0.0038739543,38409,1334.151442059293,91.87644104996618,6242.0137,3.0583875,2328.6719,1.2269088,7253.758,3.8535948,0,,,,,1334.151442059293,0.0003473179,91.87644104996618,0.00034017014,0.0049136286,0.055517882
7252.5107,3.8558025,-0.0038736735,38410,1334.149671997394,91.87514289413411,6238.05,3.0601397,2345.4846,1.2274897,7252.5107,3.8558025,0,,,,,1334.149671997394,0.00034751033,91.87514289413411,0.00034070984,0.0038341405,0.054401588
7254.018,3.859523,-0.0038733925,38411,1334.1504183637235,91.8754981701067,6240.7725,3.0630925,2356.977,1.2293433,7254.018,3.859523,0,,,,,1334.1504183637235,0.00034800742,91.8754981701067,0.0003409958,0.0040650326,0.054885503
7253.426,3.860229,-0.003873111,38412,1334.151981100704,91.87822353249213,6241.1133,3.0636528,2366.1548,1.2309012,7253.426,3.860229,0,,,,,1334.151981100704,0.0003479352,91.87822353249213,0.00034081127,0.006326273,0.05916865
7247.524,3.8621578,-0.0038728293,38413,1334.1502572535871,91.87606564226735,6236.836,3.0651834,2375.0295,1.2331336,7247.524,3.8621578,0,,,,,1334.1502572535871,0.00034819328,91.87606564226735,0.00034123668,0.0042569675,0.055566367
7251.382,3.8650813,-0.003872547,38414,1334.1503383490458,91.87468967932807,6237.714,3.0675037,2374.7812,1.2338327,7251.382,3.8650813,0,,,,,1334.1503383490458,0.00034853796,91.87468967932807,0.00034162967,0.0033510602,0.0533274
7247.2046,3.8638053,-0.0038722644,38415,1334.150452592027,91.87583239726779,6239.1753,3.066491,2376.7544,1.2316965,7247.2046,3.8638053,0,,,,,1334.150452592027,0.00034828775,91.87583239726779,0.0003412779,0.0034987752,0.055067614
7250.0615,3.8638785,-0.0038719815,38416,1334.1510546087186,91.87689415115555,6238.682,3.066549,2375.5034,1.23241,7250.0615,3.8638785,0,,,,,1334.1510546087186,0.00034852684,91.87689415115555,0.00034132306,0.005246941,0.057163417
7246.346,3.8611152,-0.0038716982,38417,1334.1511094760476,91.87647724631576,6237.478,3.064356,2370.8582,1.230847,7246.346,3.8611152,0,,,,,1334.1511094760476,0.00034820923,91.87647724631576,0.00034116275,0.004461937,0.05580757
7244.61,3.8610675,-0.0038714146,38418,1334.1515860983625,91.87556454648913,6233.1133,3.0643184,2368.8635,1.2314391,7244.61,3.8610675,0,,,,,1334.1515860983625,0.00034834445,91.87556454648913,0.00034146375,0.004550668,0.055456813
7250.061,3.8614614,-0.0038711305,38419,1334.1504444530983,91.87643970521401,6240.653,3.0646307,2363.725,1.2302594,7250.061,3.8614614,0,,,,,1334.1504444530983,0.0003479382,91.87643970521401,0.00034099078,0.0039503383,0.055775564
7246.7417,3.859004,-0.003870846,38420,1334.1514600027556,91.87592024767807,6236.6133,3.0626805,2359.7642,1.229689,7246.7417,3.859004,0,,,,,1334.1514600027556,0.0003480685,91.87592024767807,0.00034104686,0.0049342313,0.05579778
7257.2554,3.856951,-0.0038705613,38421,1334.1519075154479,91.87769229452167,6242.116,3.0610511,2350.0054,1.2287859,7257.2554,3.856951,0,,,,,1334.1519075154479,0.00034754502,91.87769229452167,0.00034047506,0.005212702,0.058327235
7253.217,3.8534334,-0.0038702763,38422,1334.1503063284642,91.874591322588,6238.7886,3.0582592,2338.522,1.2262427,7253.217,3.8534334,0,,,,,1334.1503063284642,0.00034746897,91.874591322588,0.00034049808,0.0041286633,0.05271215
7249.365,3.854273,-0.0038699906,38423,1334.150512998403,91.87594529291792,6237.385,3.0589259,2327.7249,1.2273972,7249.365,3.854273,0,,,,,1334.150512998403,0.0003471362,91.87594529291792,0.00034061703,0.00402543,0.054682903
7258.837,3.8506827,-0.0038697047,38424,1334.1526787638666,91.87773159176236,6244.2607,3.0560763,2314.0146,1.2241211,7258.837,3.8506827,0,,,,,1334.1526787638666,0.00034689,91.87773159176236,0.00033985765,0.0068200543,0.058767784
7250.149,3.846413,-0.0038694185,38425,1334.1505393611067,91.8765947647722,6236.38,3.0526876,2303.2107,1.2229477,7250.149,3.846413,0,,,,,1334.1505393611067,0.00034700593,91.8765947647722,0.0003397906,0.004879134,0.056276347
7249.4814,3.843395,-0.003869132,38426,1334.148913419545,91.8739913598497,6235.349,3.0502925,2289.0361,1.2209522,7249.4814,3.843395,0,,,,,1334.148913419545,0.00034643366,91.8739913598497,0.00033979866,0.0021886323,0.05197061
7248.0605,3.8393302,-0.0038688448,38427,1334.151264450678,91.87592635519816,6234.713,3.0470665,2279.1133,1.2180445,7248.0605,3.8393302,0,,,,,1334.151264450678,0.00034638544,91.87592635519816,0.00033942072,0.0049489127,0.05629472
7255.034,3.8407078,-0.0038685575,38428,1334.150570867048,91.87597578114205,6241.2646,3.0481598,2271.48,1.2187682,7255.034,3.8407078,0,,,,,1334.150570867048,0.00034598075,91.87597578114205,0.00033905156,0.004433862,0.056190804
7251.4697,3.839647,-0.0038682697,38429,1334.1511784186505,91.87720771559783,6241.088,3.047318,2266.0208,1.217699,7251.4697,3.839647,0,,,,,1334.1511784186505,0.00034598517,91.87720771559783,0.0003389822,0.0055246227,0.057182103
7250.214,3.8374527,-0.0038679817,38430,1334.150034693713,91.87344822677805,6236.5747,3.045576,2260.9048,1.2167265,7250.214,3.8374527,0,,,,,1334.150034693713,0.00034606695,91.87344822677805,0.0003391878,0.0026863182,0.05235788
7251.967,3.8355753,-0.0038676932,38431,1334.1510063952035,91.8762921192167,6233.874,3.0440862,2261.157,1.2158556,7251.967,3.8355753,0,,,,,1334.1510063952035,0.00034614687,91.8762921192167,0.00033917604,0.005484384,0.05648637
7253.7915,3.839989,-0.0038674043,38432,1334.151244050013,91.87664507073744,6242.3286,3.047589,2258.4321,1.2163408,7253.7915,3.839989,0,,,,,1334.151244050013,0.00034596125,91.87664507073744,0.00033904213,0.004481044,0.056066513
7253.971,3.8363802,-0.0038671151,38433,1334.1508088371916,91.87669175086543,6236.608,3.0447252,2256.9192,1.2177553,7253.971,3.8363802,0,,,,,1334.1508088371916,0.00034592656,91.87669175086543,0.0003389173,0.004382253,0.05633144
7252.339,3.8382964,-0.0038668255,38434,1334.1505219921892,91.87570483222405,6237.799,3.046246,2256.2776,1.2145805,7252.339,3.8382964,0,,,,,1334.1505219921892,0.00034593872,91.87570483222405,0.00033936225,0.0044671698,0.05482599
7253.588,3.8342035,-0.0038665354,38435,1334.1506023894408,91.87625906787399,6242.559,3.0429978,2253.3462,1.2147026,7253.588,3.8342035,0,,,,,1334.1506023894408,0.00034534303,91.87625906787399,0.0003384208,0.0045252047,0.0554643
7252.275,3.8343573,-0.003866245,38436,1334.151753458191,91.87759191572708,6236.521,3.0431197,2250.0234,1.2152044,7252.275,3.8343573,0,,,,,1334.151753458191,0.00034575156,91.87759191572708,0.00033888515,0.005488167,0.0581594
7252.2617,3.8315587,-0.0038659545,38437,1334.149454236177,91.87474751697728,6240.7812,3.0408986,2242.5198,1.213913,7252.2617,3.8315587,0,,,,,1334.149454236177,0.00034521005,91.87474751697728,0.000338256,0.0029819957,0.05324614
7258.61,3.8347855,-0.0038656632,38438,1334.1514514990313,91.87507341384814,6243.9014,3.0434594,2233.7178,1.2137283,7258.61,3.8347855,0,,,,,1334.1514514990313,0.00034551704,91.87507341384814,0.00033848488,0.0051031555,0.05439976
7247.9204,3.8279727,-0.003865372,38439,1334.1502472010752,91.87566305760761,6236.7163,3.0380526,2220.8035,1.2108486,7247.9204,3.8279727,0,,,,,1334.1502472010752,0.00034520283,91.87566305760761,0.0003381686,0.004350587,0.055444155
7253.5957,3.8219256,-0.00386508,38440,1334.1520011820512,91.87723635263532,6238.652,3.0332534,2203.087,1.2063109,7253.5957,3.8219256,0,,,,,1334.1520011820512,0.00034452637,91.87723635263532,0.00033762178,0.005948336,0.05774098
7255.958,3.819046,-0.0038647878,38441,1334.1505044062021,91.87469480627456,6239.007,3.0309682,2182.5793,1.2077501,7255.958,3.819046,0,,,,,1334.1505044062021,0.00034418935,91.87469480627456,0.00033717815,0.00440595,0.053505953
7248.0796,3.814768,-0.003864495,38442,1334.1510883783542,91.87563375358636,6234.02,3.0275729,2163.7454,1.2027892,7248.0796,3.814768,0,,,,,1334.1510883783542,0.00034415757,91.87563375358636,0.00033723496,0.004693644,0.054701272
7248.2793,3.813636,-0.0038642022,38443,1334.1506355757117,91.87620231601096,6237.8774,3.0266745,2141.1372,1.2011653,7248.2793,3.813636,0,,,,,1334.1506355757117,0.00034379106,91.87620231601096,0.00033687323,0.0038620248,0.055095
7256.8125,3.8077557,-0.0038639088,38444,1334.1521672043543,91.8766894043392,6239.2236,3.0220075,2120.946,1.1992623,7256.8125,3.8077557,0,,,,,1334.1521672043543,0.000343054,91.8766894043392,0.00033624363,0.006866029,0.057871662
7255.1836,3.8024857,-0.0038636152,38445,1334.149514300005,91.87513604617943,6238.838,3.0178251,2103.2334,1.195336,7255.1836,3.8024857,0,,,,,1334.149514300005,0.0003427691,91.87513604617943,0.00033589007,0.0031986833,0.053304676
7228.1045,3.7952468,-0.0038633212,38446,1334.151076741387,91.87572116150156,6219.706,3.0120797,2089.6802,1.19192,7228.1045,3.7952468,0,,,,,1334.151076741387,0.00034306973,91.87572116150156,0.00033623056,0.0056199846,0.055121932
7201.5396,3.7904747,-0.0038630266,38447,1334.1506365875277,91.8760975719468,6198.5454,3.0082924,2081.9841,1.1904378,7201.5396,3.7904747,0,,,,,1334.1506365875277,0.0003440882,91.8760975719468,0.0003369255,0.0042518405,0.05546711
7200.492,3.787626,-0.0038627319,38448,1334.1514954228278,91.8767641208811,6196.52,3.0060318,2077.0957,1.1905504,7200.492,3.787626,0,,,,,1334.1514954228278,0.0003437871,91.8767641208811,0.00033670696,0.005920853,0.057031415
7197.3027,3.7920773,-0.0038624366,38449,1334.149089120744,91.87401637486656,6192.9336,3.0095644,2078.9844,1.1904565,7197.3027,3.7920773,0,,,,,1334.149089120744,0.00034462826,91.87401637486656,0.00033761768,0.0030209036,0.05264326
7198.9,3.7899182,-0.003862141,38450,1334.1514802637432,91.8759302732207,6196.158,3.007851,2085.4153,1.1922232,7198.9,3.7899182,0,,,,,1334.1514802637432,0.00034408935,91.8759302732207,0.00033699977,0.00542805,0.05535998
7196.3047,3.7917335,-0.003861845,38451,1334.1509453520364,91.8764455692253,6188.705,3.0092914,2101.5347,1.1927116,7196.3047,3.7917335,0,,,,,1334.1509453520364,0.0003445582,91.8764455692253,0.0003376512,0.0049947854,0.056533746
7240.9106,3.8026698,-0.0038615486,38452,1334.1508030387934,91.87626738447543,6232.625,3.017971,2117.43,1.1957912,7240.9106,3.8026698,0,,,,,1334.1508030387934,0.00034322205,91.87626738447543,0.00033608536,0.004924818,0.05574789
7251.197,3.806859,-0.003861252,38453,1334.1503653808588,91.87497055240227,6235.3306,3.0212958,2139.6724,1.1980029,7251.197,3.806859,0,,,,,1334.1503653808588,0.00034338667,91.87497055240227,0.0003364464,0.0036190923,0.05387106
7250.5835,3.8122525,-0.003860955,38454,1334.1507052255379,91.87515440421757,6235.0444,3.0255764,2162.7744,1.2016535,7250.5835,3.8122525,0,,,,,1334.1507052255379,0.00034390562,91.87515440421757,0.00033696627,0.004665631,0.054297972
7253.092,3.8252754,-0.0038606573,38455,1334.1511024533047,91.87759961664126,6237.791,3.035912,2191.1626,1.20822,7253.092,3.8252754,0,,,,,1334.1511024533047,0.0003449951,91.87759961664126,0.00033794547,0.0053175464,0.05759954
7255.463,3.8306952,-0.0038603595,38456,1334.1508553884473,91.87595217136779,6242.5303,3.040213,2212.8057,1.2101576,7255.463,3.8306952,0,,,,,1334.1508553884473,0.0003452306,91.87595217136779,0.00033820106,0.004619982,0.05475995
7255.6367,3.8321183,-0.0038600613,38457,1334.1498264224704,91.87422103819743,6237.747,3.0413427,2235.2195,1.2119836,7255.6367,3.8321183,0,,,,,1334.1498264224704,0.00034541113,91.87422103819743,0.00033876972,0.0031500496,0.05261602
7256.775,3.8340552,-0.0038597628,38458,1334.1513804940428,91.87552703811032,6240.68,3.04288,2252.5962,1.2140794,7256.775,3.8340552,0,,,,,1334.1513804940428,0.00034567245,91.87552703811032,0.00033865662,0.0058011166,0.05536896
7257.6104,3.8385935,-0.0038594638,38459,1334.1504261263913,91.87728093562825,6239.622,3.0464818,2267.2947,1.2165527,7257.6104,3.8385935,0,,,,,1334.1504261263913,0.00034636306,91.87728093562825,0.00033906856,0.0050442927,0.05679239
7246.852,3.8405604,-0.0038591644,38460,1334.150414330415,91.87462116657468,6234.706,3.048043,2278.6912,1.2183822,7246.852,3.8405604,0,,,,,1334.150414330415,0.00034654557,91.87462116657468,0.0003395607,0.0037331318,0.052717917
7255.8374,3.8420343,-0.0038588648,38461,1334.1501165553452,91.87619672656194,6239.091,3.0492127,2284.5571,1.2186658,7255.8374,3.8420343,0,,,,,1334.1501165553452,0.00034637094,91.87619672656194,0.00033937005,0.0038354085,0.055216428
7250.337,3.8409054,-0.0038585647,38462,1334.1516780682005,91.87531105378504,6232.8765,3.0483167,2286.038,1.2200543,7250.337,3.8409054,0,,,,,1334.1516780682005,0.00034659985,91.87531105378504,0.00033980102,0.005784406,0.055055335
7255.15,3.8457751,-0.003858264,38463,1334.151441967528,91.87724858785239,6237.2686,3.0521815,2283.8206,1.220928,7255.15,3.8457751,0,,,,,1334.151441967528,0.00034681603,91.87724858785239,0.00033996874,0.006009068,0.05707646
7253.252,3.842954,-0.0038579633,38464,1334.1509895766997,91.87602843428573,6240.3716,3.0499425,2280.1519,1.2216538,7253.252,3.842954,0,,,,,1334.1509895766997,0.00034616594,91.87602843428573,0.00033923629,0.0050131995,0.05562144
7258.1055,3.8395913,-0.003857662,38465,1334.1487504020786,91.87458549111116,6243.1055,3.0472736,2276.1855,1.2181917,7258.1055,3.8395913,0,,,,,1334.1487504020786,0.00034581908,91.87458549111116,0.0003389027,0.0022852155,0.053109776
7256.338,3.8425987,-0.0038573605,38466,1334.1505914191805,91.87615241523724,6242.0522,3.0496607,2270.5393,1.2186866,7256.338,3.8425987,0,,,,,1334.1505914191805,0.00034627394,91.87615241523724,0.00033925488,0.004648839,0.054358505
7253.149,3.8366582,-0.0038570585,38467,1334.1511977984574,91.8757261136918,6238.8276,3.044946,2264.097,1.2146664,7253.149,3.8366582,0,,,,,1334.1511977984574,0.0003459539,91.8757261136918,0.0003390367,0.0051421965,0.05579892
7249.5054,3.8386972,-0.003856756,38468,1334.1519988190882,91.87659305421454,6235.618,3.046564,2257.9746,1.2164549,7249.5054,3.8386972,0,,,,,1334.1519988190882,0.00034654365,91.87659305421454,0.00033932063,0.0066041797,0.057442974
7255.9224,3.8330755,-0.0038564533,38469,1334.149013342895,91.8743053088061,6235.307,3.0421026,2246.3113,1.2135835,7255.9224,3.8330755,0,,,,,1334.149013342895,0.00034594076,91.8743053088061,0.0003389794,0.002742196,0.052929472
7254.176,3.8360825,-0.0038561502,38470,1334.1511835681472,91.87520206986855,6238.3003,3.0444891,2236.5784,1.2165589,7254.176,3.8360825,0,,,,,1334.1511835681472,0.00034590196,91.87520206986855,0.00033889795,0.0054751635,0.054612197
7250.23,3.8261197,-0.0038558468,38471,1334.1512552175004,91.87702653462627,6232.253,3.036582,2224.9548,1.2102929,7250.23,3.8261197,0,,,,,1334.1512552175004,0.00034532804,91.87702653462627,0.0003382911,0.0061902367,0.057147905
7254.036,3.8265693,-0.003855543,38472,1334.150437929261,91.87599389761608,6239.7656,3.036939,2213.0205,1.2097601,7254.036,3.8265693,0,,,,,1334.150437929261,0.0003450091,91.87599389761608,0.00033787207,0.004590982,0.05491541
7243.8735,3.823064,-0.0038552387,38473,1334.1500015537263,91.8743806448526,6230.2085,3.034157,2198.7178,1.2070366,7243.8735,3.823064,0,,,,,1334.1500015537263,0.00034519087,91.8743806448526,0.00033831171,0.0036358822,0.052195776
7252.192,3.8204825,-0.0038549341,38474,1334.1510979401048,91.87621344846819,6236.0205,3.032108,2186.9517,1.2063506,7252.192,3.8204825,0,,,,,1334.1510979401048,0.00034469197,91.87621344846819,0.00033755114,0.006178375,0.05525619
7252.375,3.8153906,-0.0038546291,38475,1334.150720481303,91.87661510660631,6236.4824,3.0280669,2175.2021,1.2039059,7252.375,3.8153906,0,,,,,1334.150720481303,0.00034409677,91.87661510660631,0.0003370788,0.004790501,0.055920716
7250.3306,3.814622,-0.0038543236,38476,1334.151314953,91.8773296462921,6237.1035,3.0274568,2165.9644,1.20221,7250.3306,3.814622,0,,,,,1334.151314953,0.00034403527,91.8773296462921,0.00033697765,0.0049487706,0.057438023
7251.4224,3.8177512,-0.003854018,38477,1334.1495948188758,91.87472833300207,6236.9746,3.0299404,2159.7627,1.2012928,7251.4224,3.8177512,0,,,,,1334.1495948188758,0.00034375588,91.87472833300207,0.0003375089,0.0035116244,0.052525993
7254.37,3.8115764,-0.0038537118,38478,1334.1510382920649,91.8758225057562,6238.687,3.0250397,2155.1848,1.2020365,7254.37,3.8115764,0,,,,,1334.1510382920649,0.00034359517,91.8758225057562,0.00033663557,0.004743335,0.054308977
7257.1123,3.81125,-0.0038534054,38479,1334.1518557737434,91.87712501143339,6240.771,3.0247808,2153.0066,1.1999078,7257.1123,3.81125,0,,,,,1334.1518557737434,0.0003435722,91.87712501143339,0.0003365083,0.0067826663,0.05656575
7254.635,3.8107631,-0.0038530985,38480,1334.1493744922657,91.87403921305201,6236.187,3.0243945,2154.2056,1.2000684,7254.635,3.8107631,0,,,,,1334.1493744922657,0.0003436922,91.87403921305201,0.00033684968,0.0033671018,0.051972438
7253.303,3.8147867,-0.0038524836,38482,1334.1510410338594,91.87557050951565,6245.7324,3.0275877,2158.3257,1.2022084,7253.303,3.8147867,0,,,,,1334.1510410338594,0.00034340512,91.87557050951565,0.00033642043,0.0046105613,0.05472792
7250.4336,3.81443,-0.0038521755,38483,1334.152210202006,91.87565570144228,6244.243,3.0273046,2160.8484,1.2033068,7250.4336,3.81443,0,,,,,1334.152210202006,0.00034357051,91.87565570144228,0.00033636848,0.0058213947,0.055088565
7253.0747,3.8128245,-0.003851867,38484,1334.1510522494004,91.876403526553,6243.8643,3.0260303,2162.4778,1.200371,7253.0747,3.8128245,0,,,,,1334.1510522494004,0.0003434439,91.876403526553,0.00033647427,0.0049480773,0.05527448
7260.601,3.814542,-0.0038515583,38485,1334.1515187427792,91.87578721224213,6250.7627,3.0273933,2160.7585,1.2024745,7260.601,3.814542,0,,,,,1334.1515187427792,0.00034324193,91.87578721224213,0.0003360685,0.0047799656,0.054464355
7259.534,3.8147664,-0.003851249,38486,1334.1511218716291,91.87563234152528,6251.3066,3.0275714,2157.298,1.202814,7259.534,3.8147664,0,,,,,1334.1511218716291,0.00034316906,91.87563234152528,0.0003360621,0.0049381084,0.05469601
7252.032,3.8133447,-0.0038509397,38487,1334.1512925367665,91.87596122541315,6245.4116,3.0264432,2152.4949,1.200054,7252.032,3.8133447,0,,,,,1334.1512925367665,0.0003433405,91.87596122541315,0.0003363581,0.0051130867,0.055124257
7254.5503,3.809498,-0.0038506298,38488,1334.1509094977318,91.87559203645287,6246.161,3.02339,2136.8733,1.1994222,7254.5503,3.809498,0,,,,,1334.1509094977318,0.00034297616,91.87559203645287,0.0003359657,0.0044713025,0.054649107
7253.5684,3.804001,-0.0038503194,38489,1334.1514715530386,91.87549266739383,6246.663,3.0190277,2121.0842,1.1946499,7253.5684,3.804001,0,,,,,1334.1514715530386,0.00034247697,91.87549266739383,0.00033538288,0.005228293,0.054516733
7255.782,3.801949,-0.0038500088,38490,1334.1513918058463,91.87618624869317,6249.8228,3.017399,2101.5515,1.1931688,7255.782,3.801949,0,,,,,1334.1513918058463,0.00034219548,91.87618624869317,0.00033501178,0.004853245,0.054363377
7254.1787,3.794685,-0.0038496978,38491,1334.1517742162441,91.87587107490519,6246.6323,3.0116339,2079.9287,1.1901845,7254.1787,3.794685,0,,,,,1334.1517742162441,0.0003416499,91.87587107490519,0.00033454594,0.00529144,0.054965757
7255.4727,3.7901888,-0.0038493862,38492,1334.1506325302478,91.87564655239683,6243.49,3.0080657,2059.906,1.1870656,7255.4727,3.7901888,0,,,,,1334.1506325302478,0.00034142734,91.87564655239683,0.0003344766,0.00440092,0.054269455
7250.3555,3.7869253,-0.0038490745,38493,1334.1509532450007,91.87514206412416,6243.883,3.0054755,2043.9694,1.1852942,7250.3555,3.7869253,0,,,,,1334.1509532450007,0.00034116153,91.87514206412416,0.00033402344,0.004395294,0.053725794
7254.086,3.7848864,-0.0038487623,38494,1334.151079990638,91.87636643098907,6248.173,3.0038571,2032.1722,1.1820343,7254.086,3.7848864,0,,,,,1334.151079990638,0.00034084334,91.87636643098907,0.00033362408,0.004365119,0.05465919
7254.028,3.7847831,-0.0038484498,38495,1334.151422251921,91.87616623817131,6246.4336,3.0037754,2024.0403,1.1834854,7254.028,3.7847831,0,,,,,1334.151422251921,0.0003407256,91.87616623817131,0.00033361657,0.005962813,0.05544461
7252.989,3.782527,-0.0038481369,38496,1334.1506891220072,91.87547842762717,6244.1343,3.001985,2020.972,1.1828041,7252.989,3.782527,0,,,,,1334.1506891220072,0.00034077445,91.87547842762717,0.0003336439,0.0043156147,0.05476596
7247.6313,3.7828,-0.0038478235,38497,1334.1511778462796,91.87582132758513,6240.242,3.0022016,2021.5281,1.1816866,7247.6313,3.7828,0,,,,,1334.1511778462796,0.0003408299,91.87582132758513,0.000333988,0.0046834997,0.054139238
7249.5874,3.788326,-0.0038475099,38498,1334.1513365611138,91.87560712164421,6244.2534,3.0065873,2027.6722,1.1843998,7249.5874,3.788326,0,,,,,1334.1513365611138,0.0003411871,91.87560712164421,0.0003341297,0.0047338377,0.054511696
7250.6245,3.7839594,-0.0038471958,38499,1334.1514742885915,91.87557889551921,6244.025,3.0031219,2036.0026,1.1838982,7250.6245,3.7839594,0,,,,,1334.1514742885915,0.00034080623,91.87557889551921,0.00033362425,0.0045796228,0.055049106
7251.4746,3.7881563,-0.0038468814,38500,1334.1509622777437,91.87513643391554,6240.487,3.0064523,2049.5867,1.185427,7251.4746,3.7881563,0,,,,,1334.1509622777437,0.00034165062,91.87513643391554,0.00033452874,0.00451169,0.053897463
7252.214,3.7928295,-0.0038465664,38501,1334.1509408454453,91.87553715633305,6245.124,3.0101614,2067.1638,1.188623,7252.214,3.7928295,0,,,,,1334.1509408454453,0.0003415147,91.87553715633305,0.00033442443,0.004524755,0.054022007
7247.1226,3.7967713,-0.0038462514,38502,1334.1510416414278,91.87567177256985,6241.1763,3.01329,2088.5625,1.1897907,7247.1226,3.7967713,0,,,,,1334.1510416414278,0.00034237918,91.87567177256985,0.00033511172,0.00437523,0.05445367
7254.7393,3.8012335,-0.0038459357,38503,1334.1512562336054,91.87617798565938,6246.781,3.0168312,2109.715,1.1930045,7254.7393,3.8012335,0,,,,,1334.1512562336054,0.0003423078,91.87617798565938,0.0003351348,0.0051985127,0.055149015
7259.2466,3.811005,-0.0038456197,38504,1334.150992603771,91.87521354174086,6248.61,3.0245862,2128.9016,1.1952779,7259.2466,3.811005,0,,,,,1334.150992603771,0.0003432767,91.87521354174086,0.0003362128,0.003863884,0.05389263
7251.358,3.8126316,-0.0038453036,38505,1334.1513213322628,91.8750786626121,6244.534,3.0258772,2148.441,1.2004198,7251.358,3.8126316,0,,,,,1334.1513213322628,0.00034316088,91.8750786626121,0.0003363531,0.0045895283,0.05420882
7252.3066,3.8118699,-0.0038449867,38506,1334.1513756037014,91.87602615448472,6244.239,3.0252726,2156.5137,1.2012632,7252.3066,3.8118699,0,,,,,1334.1513756037014,0.0003432946,91.87602615448472,0.00033624537,0.004638604,0.054517325
7257.7085,3.816031,-0.0038446696,38507,1334.1517527175465,91.87634148612405,6248.838,3.0285752,2164.7178,1.2024475,7257.7085,3.816031,0,,,,,1334.1517527175465,0.00034349342,91.87634148612405,0.00033640594,0.0050933347,0.055122055
7251.1807,3.8175488,-0.0038443522,38508,1334.1511138347796,91.87572901367693,6243.7583,3.0297797,2174.4075,1.2038022,7251.1807,3.8175488,0,,,,,1334.1511138347796,0.0003439278,91.87572901367693,0.0003368359,0.0044368226,0.05390044
7251.0938,3.818684,-0.0038440344,38509,1334.15088931673,91.87555773590397,6244.47,3.030681,2177.7224,1.2041084,7251.0938,3.818684,0,,,,,1334.15088931673,0.00034388082,91.87555773590397,0.00033688536,0.004512259,0.05451629
7251.1997,3.8214734,-0.003843716,38510,1334.1511378848422,91.87578623067344,6244.155,3.0328944,2179.7874,1.2048149,7251.1997,3.8214734,0,,,,,1334.1511378848422,0.00034426147,91.87578623067344,0.00033724937,0.0049936417,0.054127168
7253.9683,3.8183286,-0.0038433976,38511,1334.1508794168255,91.87565868209062,6245.397,3.0303986,2181.856,1.2044836,7253.9683,3.8183286,0,,,,,1334.1508794168255,0.00034396356,91.87565868209062,0.00033680207,0.004729932,0.054371677
7255.2134,3.8185806,-0.0038430786,38512,1334.1506152571685,91.87470416879775,6245.5146,3.0305986,2180.8772,1.2038982,7255.2134,3.8185806,0,,,,,1334.1506152571685,0.0003438722,91.87470416879775,0.00033689218,0.0039399443,0.053568486
7255.4526,3.8188443,-0.0038427592,38513,1334.1509964624167,91.87558252903668,6248.865,3.030808,2178.1504,1.2037919,7255.4526,3.8188443,0,,,,,1334.1509964624167,0.00034374595,91.87558252903668,0.00033658577,0.004134457,0.05433477
7249.9004,3.817925,-0.0038424395,38514,1334.151194976398,91.875791859278,6244.0083,3.0300784,2175.7517,1.2036899,7249.9004,3.817925,0,,,,,1334.151194976398,0.00034377186,91.875791859278,0.00033682128,0.0046455315,0.054532938
7247.4956,3.8165147,-0.0038421194,38515,1334.151268418671,91.87550982123365,6241.4873,3.028959,2172.4426,1.2034924,7247.4956,3.8165147,0,,,,,1334.151268418671,0.00034391592,91.87550982123365,0.00033682917,0.0044681407,0.054807007
7254.9,3.8188527,-0.0038417988,38516,1334.1514069628186,91.87602089024462,6244.4907,3.0308144,2168.79,1.2040474,7254.9,3.8188527,0,,,,,1334.1514069628186,0.00034404287,91.87602089024462,0.00033698897,0.0048160483,0.053933874
7254.518,3.8154128,-0.003841478,38517,1334.1504255999769,91.87525791632925,6247.328,3.0280845,2161.4966,1.2043065,7254.518,3.8154128,0,,,,,1334.1504255999769,0.00034328536,91.87525791632925,0.00033625474,0.0038533716,0.054003123
7259.403,3.8119261,-0.0038411566,38518,1334.1517475728883,91.87568201097953,6247.95,3.0253172,2154.503,1.1998379,7259.403,3.8119261,0,,,,,1334.1517475728883,0.00034319388,91.87568201097953,0.00033609537,0.005097736,0.05460385
7247.717,3.8092527,-0.003840835,38519,1334.1507172741071,91.87549150106645,6238.4995,3.0231955,2145.2766,1.1996638,7247.717,3.8092527,0,,,,,1334.1507172741071,0.00034344613,91.87549150106645,0.00033639412,0.0043507903,0.05402953
7249.4395,3.8085072,-0.003840513,38520,1334.1510681789448,91.87511356362876,6242.955,3.0226038,2132.9426,1.1975462,7249.4395,3.8085072,0,,,,,1334.1510681789448,0.00034311294,91.87511356362876,0.0003361067,0.004391714,0.05326497
7258.5605,3.8070254,-0.0038401906,38521,1334.1509628980107,91.87547657925653,6250.471,3.0214279,2121.3289,1.1977096,7258.5605,3.8070254,0,,,,,1334.1509628980107,0.00034254976,91.87547657925653,0.00033548515,0.004512597,0.05409843
7252.1436,3.8019114,-0.003839868,38522,1334.1505746799128,91.87593735394876,6244.805,3.0173693,2111.1504,1.1941555,7252.1436,3.8019114,0,,,,,1334.1505746799128,0.00034230328,91.87593735394876,0.00033534208,0.004751639,0.0546938
7252.76,3.8001525,-0.0038395447,38523,1334.151065926822,91.87615479432678,6240.045,3.0159736,2101.0942,1.1935904,7252.76,3.8001525,0,,,,,1334.151065926822,0.00034243532,91.87615479432678,0.0003355354,0.005150159,0.05462883
7250.6553,3.798374,-0.0038392213,38524,1334.1510050692925,91.8750942673844,6242.6685,3.0145617,2092.908,1.1928873,7250.6553,3.798374,0,,,,,1334.1510050692925,0.00034221943,91.8750942673844,0.00033501236,0.0045225127,0.05352999
7252.2144,3.7960336,-0.0038388974,38525,1334.1508752493253,91.87522065576565,6244.733,3.0127041,2084.747,1.1904625,7252.2144,3.7960336,0,,,,,1334.1508752493253,0.00034186314,91.87522065576565,0.00033483782,0.0039559538,0.053363234
7247.5864,3.7930155,-0.0038385731,38526,1334.1513520857661,91.8754568599629,6239.1133,3.010309,2080.0103,1.189437,7247.5864,3.7930155,0,,,,,1334.1513520857661,0.00034187522,91.8754568599629,0.00033491355,0.0048519084,0.05464946
7252.635,3.7972295,-0.0038382486,38527,1334.150830467798,91.87549897788288,6243.0234,3.0136538,2072.8203,1.1888644,7252.635,3.7972295,0,,,,,1334.150830467798,0.0003419059,91.87549897788288,0.00033523308,0.0044121705,0.05426482
7247.082,3.7942748,-0.0038379235,38528,1334.1511575294367,91.87513134933518,6236.806,3.0113084,2070.5664,1.1897694,7247.082,3.7942748,0,,,,,1334.1511575294367,0.00034231876,91.87513134933518,0.00033523072,0.004453302,0.053702917
7254.511,3.7979715,-0.003837598,38529,1334.1512831343127,91.87574204306888,6248.043,3.0142424,2070.3838,1.1891261,7254.511,3.7979715,0,,,,,1334.1512831343127,0.00034252292,91.87574204306888,0.0003349229,0.004548947,0.05412157
7250.8936,3.7924156,-0.0038372723,38530,1334.151230929949,91.87588128946439,6242.4116,3.0098329,2068.781,1.1885704,7250.8936,3.7924156,0,,,,,1334.151230929949,0.00034170746,91.87588128946439,0.00033460953,0.004856108,0.05425444
7254.0396,3.7946234,-0.003836946,38531,1334.1509328494676,91.8750933751832,6245.0366,3.0115852,2067.827,1.190316,7254.0396,3.7946234,0,,,,,1334.1509328494676,0.0003418378,91.8750933751832,0.00033468712,0.0043281675,0.054130707
7253.4785,3.7942088,-0.0038366197,38532,1334.1508699558606,91.8746827676109,6243.645,3.011256,2066.8872,1.1880898,7253.4785,3.7942088,0,,,,,1334.1508699558606,0.0003417915,91.8746827676109,0.00033486978,0.0042601833,0.053282
7249.328,3.7941961,-0.0038362928,38533,1334.149858589612,91.87597670821988,6242.4297,3.0112457,2064.4727,1.1892842,7249.328,3.7941961,0,,,,,1334.149858589612,0.0003420813,91.87597670821988,0.0003347934,0.004022973,0.053842347
7253.8765,3.7899072,-0.0038359654,38534,1334.151438542102,91.87571365727054,6244.48,3.007842,2056.183,1.186836,7253.8765,3.7899072,0,,,,,1334.151438542102,0.00034123138,91.87571365727054,0.00033426678,0.0051983185,0.054624893
7252.7334,3.785486,-0.0038356378,38535,1334.1505525516664,91.87512543080787,6245.008,3.0043333,2045.8126,1.1828535,7252.7334,3.785486,0,,,,,1334.1505525516664,0.00034098595,91.87512543080787,0.00033395324,0.0045077773,0.054198675
7252.0728,3.7860749,-0.0038353098,38536,1334.150975368451,91.87551178206509,6244.1387,3.0048006,2033.7744,1.1842246,7252.0728,3.7860749,0,,,,,1334.150975368451,0.00034101098,91.87551178206509,0.00033394608,0.0046014832,0.05404784
7247.3584,3.7821832,-0.0038349812,38537,1334.1509660421866,91.8749530266833,6241.713,3.001712,2019.518,1.1832675,7247.3584,3.7821832,0,,,,,1334.1509660421866,0.00034072375,91.8749530266833,0.00033364416,0.0043287836,0.053608995
7252.9277,3.7769706,-0.0038346525,38538,1334.1507229519766,91.875638452342,6245.7026,2.9975748,2000.8391,1.1779281,7252.9277,3.7769706,0,,,,,1334.1507229519766,0.00034015166,91.875638452342,0.0003330541,0.004247735,0.054275963
7247.6255,3.7758455,-0.0038343233,38539,1334.1507678396215,91.87564975575057,6237.9478,2.996682,1985.7303,1.1782291,7247.6255,3.7758455,0,,,,,1334.1507678396215,0.00034031947,91.87564975575057,0.00033344782,0.004614129,0.053838246
7252.818,3.772856,-0.0038339938,38540,1334.1512778363335,91.87539231869835,6244.1406,2.9943094,1971.6656,1.1729997,7252.818,3.772856,0,,,,,1334.1512778363335,0.00033980023,91.87539231869835,0.00033295417,0.004829399,0.054512292
7254.5986,3.7689595,-0.0038336639,38541,1334.1502832532676,91.87498623112394,6247.8765,2.9912171,1962.8466,1.1729378,7254.5986,3.7689595,0,,,,,1334.1502832532676,0.00033920872,91.87498623112394,0.00033220928,0.0036958142,0.052933726
7250.3228,3.7680335,-0.0038333335,38542,1334.1510322324702,91.87579332081788,6243.8257,2.9904823,1954.8779,1.1711226,7250.3228,3.7680335,0,,,,,1334.1510322324702,0.00033916585,91.87579332081788,0.0003323621,0.004507283,0.054371692
7253.041,3.7659035,-0.0038330029,38543,1334.1507445004406,91.87553828863182,6243.666,2.9887917,1954.927,1.1730503,7253.041,3.7659035,0,,,,,1334.1507445004406,0.000339162,91.87553828863182,0.00033212447,0.0044574942,0.053973813
7253.152,3.765233,-0.0038326718,38544,1334.1504735149379,91.8755419440631,6245.2427,2.9882596,1951.852,1.1711705,7253.152,3.765233,0,,,,,1334.1504735149379,0.00033916818,91.8755419440631,0.00033201,0.0045393608,0.053885408
7250.4326,3.7671378,-0.0038323402,38545,1334.1503207343953,91.87503592553877,6243.7646,2.9897711,1952.8861,1.1733279,7250.4326,3.7671378,0,,,,,1334.1503207343953,0.00033928867,91.87503592553877,0.00033215934,0.0044661686,0.053340834
7250.6636,3.7670655,-0.0038320085,38546,1334.1505703615148,91.87537381073248,6244.4116,2.989714,1956.0693,1.174373,7250.6636,3.7670655,0,,,,,1334.1505703615148,0.0003392746,91.87537381073248,0.00033213093,0.0041147554,0.054224513
7250.2524,3.7678227,-0.0038316764,38547,1334.1509593899218,91.87567933130238,6240.7065,2.990315,1962.5647,1.172113,7250.2524,3.7678227,0,,,,,1334.1509593899218,0.00033949356,91.87567933130238,0.00033260754,0.0042300243,0.054005634
7251.6597,3.7695498,-0.0038313437,38548,1334.151301704737,91.8759818950204,6242.1406,2.9916854,1973.1632,1.1744314,7251.6597,3.7695498,0,,,,,1334.151301704737,0.00033970366,91.8759818950204,0.00033259415,0.004612848,0.054024678
7245.691,3.7729487,-0.0038310108,38549,1334.1513376313458,91.87531686987425,6240.039,2.994383,1986.8501,1.1759998,7245.691,3.7729487,0,,,,,1334.1513376313458,0.00034002948,91.87531686987425,0.00033295597,0.0045140698,0.05371911
7252.1655,3.778106,-0.0038306776,38550,1334.151176203038,91.87597016138699,6243.883,2.998476,1999.9244,1.1774571,7252.1655,3.778106,0,,,,,1334.151176203038,0.00034050393,91.87597016138699,0.000333329,0.004433829,0.053903617
7255.551,3.7817225,-0.003830344,38551,1334.1509800252613,91.8756089117934,6245.0654,3.0013463,2014.3208,1.1807021,7255.551,3.7817225,0,,,,,1334.1509800252613,0.00034091607,91.8756089117934,0.00033357815,0.0046660556,0.054185163
7246.125,3.7822232,-0.0038300098,38552,1334.1508533633203,91.87515816404172,6237.9756,3.001744,2032.424,1.1825231,7246.125,3.7822232,0,,,,,1334.1508533633203,0.000341142,91.87515816404172,0.00033392542,0.0043705953,0.05362551
7252.026,3.784782,-0.0038296755,38553,1334.1508165255248,91.8752895485217,6244.301,3.0037744,2044.7024,1.1826296,7252.026,3.784782,0,,,,,1334.1508165255248,0.0003409456,91.8752895485217,0.00033386835,0.0043867333,0.054439276
7249.433,3.789864,-0.0038293407,38554,1334.1514678692586,91.87598472795929,6241.2964,3.0078077,2060.2954,1.1867282,7249.433,3.789864,0,,,,,1334.1514678692586,0.00034168764,91.87598472795929,0.00033446308,0.0050365436,0.054668546
7255.693,3.7938583,-0.0038290054,38555,1334.1513992600467,91.87568884151564,6247.416,3.010978,2063.6765,1.1879984,7255.693,3.7938583,0,,,,,1334.1513992600467,0.00034166806,91.87568884151564,0.0003344816,0.0049966318,0.0551321
7257.428,3.7903812,-0.00382867,38556,1334.1511748357057,91.87544482157476,6245.7534,3.0082183,2068.8496,1.1864752,7257.428,3.7903812,0,,,,,1334.1511748357057,0.0003414039,91.87544482157476,0.00033440936,0.004988759,0.05368901
7257.1772,3.794871,-0.003828334,38557,1334.1507865565598,91.87567289414258,6249.509,3.011782,2072.8018,1.1896862,7257.1772,3.794871,0,,,,,1334.1507865565598,0.00034141695,91.87567289414258,0.00033438523,0.004534587,0.053635545
7256.9414,3.7950015,-0.0038279975,38558,1334.151572719599,91.87592423100776,6248.66,3.0118852,2074.5754,1.1894338,7256.9414,3.7950015,0,,,,,1334.151572719599,0.00034154873,91.87592423100776,0.0003344527,0.00481473,0.05401251
7254.2964,3.7941337,-0.0038276608,38559,1334.1512351680742,91.87566984440113,6243.6357,3.0111964,2077.8022,1.1890976,7254.2964,3.7941337,0,,,,,1334.1512351680742,0.00034180837,91.87566984440113,0.00033480613,0.0051000025,0.05483775
7252.383,3.7959175,-0.003827324,38560,1334.1505541116612,91.87507001278242,6243.4604,3.012612,2079.958,1.1901114,7252.383,3.7959175,0,,,,,1334.1505541116612,0.00034193584,91.87507001278242,0.0003349061,0.003781409,0.053064704
7255.1753,3.7974355,-0.0038269863,38561,1334.151087720302,91.87601139104753,6244.051,3.013817,2081.2776,1.1908739,7255.1753,3.7974355,0,,,,,1334.151087720302,0.00034200907,91.87601139104753,0.00033508276,0.0045429207,0.054340687
7247.262,3.7947948,-0.0038266487,38562,1334.1512309866362,91.8756746213188,6239.844,3.0117211,2083.0164,1.1910836,7247.262,3.7947948,0,,,,,1334.1512309866362,0.0003420026,91.8756746213188,0.00033491323,0.0049419105,0.054357633
7248.764,3.795577,-0.0038263104,38563,1334.1500453240867,91.87546278498128,6238.019,3.0123417,2087.73,1.1904036,7248.764,3.795577,0,,,,,1334.1500453240867,0.0003422057,91.87546278498128,0.00033524548,0.0042822296,0.054029744
7248.8613,3.7960339,-0.0038259719,38564,1334.1511252899,91.87555404874172,6237.879,3.0127046,2086.7922,1.1910232,7248.8613,3.7960339,0,,,,,1334.1511252899,0.0003422724,91.87555404874172,0.00033528343,0.0046891407,0.054083426
7251.4863,3.7976806,-0.0038256329,38565,1334.1507693150531,91.87522135236208,6243.6733,3.0140116,2086.6592,1.1913701,7251.4863,3.7976806,0,,,,,1334.1507693150531,0.0003420245,91.87522135236208,0.0003350289,0.0043511814,0.05391678
7251.695,3.796421,-0.0038252936,38566,1334.151751971286,91.87506955030038,6241.422,3.0130117,2082.579,1.1901675,7251.695,3.796421,0,,,,,1334.151751971286,0.0003422632,91.87506955030038,0.0003351039,0.0053943046,0.054112487
7250.402,3.7937264,-0.003824954,38567,1334.1504719071495,91.87598351445516,6238.922,3.010873,2078.523,1.190404,7250.402,3.7937264,0,,,,,1334.1504719071495,0.00034191756,91.87598351445516,0.00033500508,0.004114613,0.05437603
7254.479,3.7926679,-0.003824614,38568,1334.1513628435687,91.87589914868329,6244.9556,3.010033,2069.1592,1.1896735,7254.479,3.7926679,0,,,,,1334.1513628435687,0.00034145452,91.87589914868329,0.0003344554,0.0053044013,0.054686002
7251.665,3.7911155,-0.0038242736,38569,1334.1510656321693,91.87517592737807,6242.659,3.008801,2061.2292,1.1869574,7251.665,3.7911155,0,,,,,1334.1510656321693,0.00034173275,91.87517592737807,0.00033455368,0.004221447,0.05293583
7255.9204,3.7887418,-0.0038239327,38570,1334.1511072978076,91.87594263183928,6246.814,3.0069172,2050.5488,1.1870896,7255.9204,3.7887418,0,,,,,1334.1511072978076,0.00034109116,91.87594263183928,0.0003339855,0.004899149,0.05475948
7254.6943,3.7874086,-0.0038235916,38571,1334.1506839521064,91.87529697076914,6242.651,3.0058591,2040.0181,1.1865863,7254.6943,3.7874086,0,,,,,1334.1506839521064,0.00034127812,91.87529697076914,0.000334199,0.0040206374,0.05311221
7257.3086,3.7851624,-0.00382325,38572,1334.1500277871276,91.87552818259257,6245.2036,3.0040765,2029.5686,1.1851206,7257.3086,3.7851624,0,,,,,1334.1500277871276,0.00034067183,91.87552818259257,0.0003338246,0.004201026,0.053363986
7253.4126,3.7796438,-0.003822908,38573,1334.1510231732711,91.87594379965813,6244.166,2.9996967,2021.3625,1.1798745,7253.4126,3.7796438,0,,,,,1334.1510231732711,0.00034051045,91.87594379965813,0.00033341444,0.0050031063,0.054051615
7248.8877,3.7838056,-0.0038225658,38574,1334.1512775847136,91.8762605119777,6240.994,3.0029995,2014.7667,1.1827298,7248.8877,3.7838056,0,,,,,1334.1512775847136,0.00034123322,91.8762605119777,0.00033393476,0.00487409,0.05495003
7247.613,3.7776887,-0.003822223,38575,1334.151360337714,91.87527745441169,6235.195,2.998145,2013.0309,1.1813244,7247.613,3.7776887,0,,,,,1334.151360337714,0.00034070274,91.87527745441169,0.0003336922,0.005317517,0.05359504
7246.838,3.7783768,-0.00382188,38576,1334.1509843298763,91.8750763136109,6239.5034,2.998691,2010.2445,1.1802095,7246.838,3.7783768,0,,,,,1334.1509843298763,0.000340494,91.8750763136109,0.00033351558,0.0038961426,0.053687986
7252.7715,3.7789125,-0.0038215367,38577,1334.150682827135,91.87598166441019,6243.499,2.9991162,2008.6537,1.1809113,7252.7715,3.7789125,0,,,,,1334.150682827135,0.00034047946,91.87598166441019,0.00033331296,0.004620574,0.053972438
7253.2314,3.7774572,-0.003821193,38578,1334.1509146843366,91.8760333607878,6240.297,2.9979613,2009.2935,1.1787763,7253.2314,3.7774572,0,,,,,1334.1509146843366,0.0003405483,91.8760333607878,0.00033350795,0.0048065567,0.054610804
7257.7617,3.7786605,-0.003820849,38579,1334.1511474900944,91.87517028373757,6244.968,2.9989161,2008.6677,1.1801064,7257.7617,3.7786605,0,,,,,1334.1511474900944,0.0003403854,91.87517028373757,0.0003332935,0.0045384075,0.053529896
7254.993,3.7779357,-0.0038205043,38580,1334.1493397081588,91.8758788654926,6243.766,2.998341,2005.8049,1.1800425,7254.993,3.7779357,0,,,,,1334.1493397081588,0.0003402422,91.8758788654926,0.00033329078,0.0041196933,0.05363251
7255.4595,3.7770903,-0.0038201595,38581,1334.1517281377744,91.87494485602058,6244.995,2.9976702,2003.9702,1.1790608,7255.4595,3.7770903,0,,,,,1334.1517281377744,0.00034021656,91.87494485602058,0.00033316237,0.0045822714,0.054089732
7258.5664,3.7811968,-0.0038198142,38582,1334.1512125621775,91.87576768062661,6247.031,3.000929,1996.134,1.1762908,7258.5664,3.7811968,0,,,,,1334.1512125621775,0.00034047957,91.87576768062661,0.0003336727,0.0050326134,0.05409318
7249.37,3.771829,-0.0038194684,38583,1334.1510064826543,91.8752112041359,6238.0063,2.9934943,1988.4149,1.1772771,7249.37,3.771829,0,,,,,1334.1510064826543,0.00033996595,91.8752112041359,0.0003329756,0.004672722,0.05361735
7258.13,3.7754786,-0.0038191224,38584,1334.1510249020062,91.8754995650218,6247.5273,2.9963908,1978.0258,1.1749585,7258.13,3.7754786,0,,,,,1334.1510249020062,0.0003401604,91.8754995650218,0.0003330484,0.004506756,0.053355087
7253.7207,3.7675745,-0.0038187762,38585,1334.1511540094373,91.87523868637977,6243.6284,2.9901178,1964.1305,1.1730391,7253.7207,3.7675745,0,,,,,1334.1511540094373,0.00033943623,91.87523868637977,0.0003323357,0.005349676,0.054352302
7254.716,3.766202,-0.0038184293,38586,1334.1504009664736,91.87591593239273,6244.179,2.9890287,1952.0256,1.1697348,7254.716,3.766202,0,,,,,1334.1504009664736,0.0003393595,91.87591593239273,0.00033226222,0.004194153,0.053622678
7250.797,3.7666452,-0.0038180822,38587,1334.1508558750747,91.87492435962761,6240.3506,2.9893804,1939.7489,1.1721066,7250.797,3.7666452,0,,,,,1334.1508558750747,0.0003396548,91.87492435962761,0.00033251653,0.004372628,0.05309467
7249.1216,3.759341,-0.0038177348,38588,1334.1506730936435,91.87487547811496,6239.3154,2.9835835,1927.269,1.1679649,7249.1216,3.759341,0,,,,,1334.1506730936435,0.00033896256,91.87487547811496,0.00033189487,0.0045009656,0.05227999
7249.272,3.7554815,-0.003817387,38589,1334.1508179168031,91.8761260209825,6238.9995,2.9805202,1917.9365,1.1669419,7249.272,3.7554815,0,,,,,1334.1508179168031,0.00033844452,91.8761260209825,0.00033145314,0.0044974172,0.054552864
7253.8867,3.7574348,-0.0038170386,38590,1334.1504620146081,91.87544003856542,6243.0,2.9820704,1910.0612,1.1654456,7253.8867,3.7574348,0,,,,,1334.1504620146081,0.00033843186,91.87544003856542,0.0003315604,0.004163392,0.05348758
7253.038,3.754008,-0.00381669,38591,1334.1507721209414,91.87572236458865,6243.662,2.979351,1903.8829,1.1645205,7253.038,3.754008,0,,,,,1334.1507721209414,0.0003382777,91.87572236458865,0.0003311341,0.004088565,0.053154476
7252.011,3.7543125,-0.003816341,38592,1334.1508654357135,91.87542869690006,6241.9443,2.9795926,1902.9465,1.1640065,7252.011,3.7543125,0,,,,,1334.1508654357135,0.00033843305,91.87542869690006,0.0003312245,0.0052318163,0.05387014
7246.7593,3.753073,-0.0038159918,38593,1334.1514989552904,91.87597795266447,6237.047,2.9786088,1901.9541,1.1634275,7246.7593,3.753073,0,,,,,1334.1514989552904,0.00033840598,91.87597795266447,0.00033146195,0.005406236,0.0541644
7250.4863,3.7533875,-0.003815642,38594,1334.1506986064226,91.8752327491433,6238.469,2.9788585,1905.0527,1.1644428,7250.4863,3.7533875,0,,,,,1334.1506986064226,0.00033836774,91.8752327491433,0.00033144307,0.004614166,0.05305076
7246.115,3.754015,-0.0038152921,38595,1334.1507768333809,91.87473609166162,6238.7915,2.9793565,1909.2681,1.1647094,7246.115,3.754015,0,,,,,1334.1507768333809,0.00033847644,91.87473609166162,0.0003313243,0.0042285696,0.052832887
7251.726,3.762366,-0.0038149417,38596,1334.151454607792,91.87610439525186,6243.3384,2.985984,1915.4636,1.1683992,7251.726,3.762366,0,,,,,1334.151454607792,0.00033892822,91.87610439525186,0.0003319404,0.004831511,0.054545403
7254.866,3.7634983,-0.0038142398,38598,1334.1505275507257,91.87519345871803,6242.532,2.9868827,1941.0343,1.1679742,7254.866,3.7634983,0,,,,,1334.1505275507257,0.0003390157,91.87519345871803,0.00033220858,0.003930527,0.052443277
7253.833,3.7648008,-0.0038138882,38599,1334.1510401338792,91.87515723294284,6243.163,2.9879165,1952.7236,1.1713426,7253.833,3.7648008,0,,,,,1334.1510401338792,0.00033927264,91.87515723294284,0.00033219776,0.0053750253,0.053265113
7251.786,3.7684267,-0.0038135361,38600,1334.1506770097883,91.8756896499027,6241.9253,2.9907942,1965.9982,1.1729527,7251.786,3.7684267,0,,,,,1334.1506770097883,0.0003396918,91.8756896499027,0.00033256251,0.004789515,0.054153692
7249.9307,3.7734594,-0.0038131839,38601,1334.1510925060466,91.87563402049264,6240.4995,2.9947886,1980.1035,1.1767455,7249.9307,3.7734594,0,,,,,1334.1510925060466,0.0003400531,91.87563402049264,0.0003330348,0.004895977,0.05377685
7256.497,3.773963,-0.0038128314,38602,1334.1506150544935,91.87513351122288,6245.872,2.995188,1992.1123,1.1769158,7256.497,3.773963,0,,,,,1334.1506150544935,0.00033983518,91.87513351122288,0.00033287573,0.0040380126,0.052683685
7256.6978,3.7760465,-0.0038124784,38603,1334.1507234296027,91.87583384942322,6247.828,2.9968417,1997.8911,1.1779429,7256.6978,3.7760465,0,,,,,1334.1507234296027,0.0003400023,91.87583384942322,0.0003328372,0.005003214,0.05382209
7253.409,3.7770689,-0.003812125,38604,1334.1512783017681,91.87615147573239,6241.9346,2.997653,2003.1635,1.1808965,7253.409,3.7770689,0,,,,,1334.1512783017681,0.0003403352,91.87615147573239,0.00033324916,0.005329784,0.05405426
7249.9707,3.777732,-0.0038117713,38605,1334.1510050757124,91.87500346100822,6241.4824,2.9981794,2006.4855,1.1789411,7249.9707,3.777732,0,,,,,1334.1510050757124,0.0003405805,91.87500346100822,0.0003334422,0.004394595,0.05302722
7251.1484,3.78329,-0.0038114171,38606,1334.1503068335896,91.87477118795412,6241.761,3.0025902,2011.2607,1.180864,7251.1484,3.78329,0,,,,,1334.1503068335896,0.00034151488,91.87477118795412,0.0003340006,0.004269204,0.052565146
7254.2144,3.7839618,-0.0038110625,38607,1334.1518868294445,91.87577058046655,6244.2437,3.0031235,2015.5779,1.1827734,7254.2144,3.7839618,0,,,,,1334.1518868294445,0.00034039287,91.87577058046655,0.00033385656,0.005605922,0.05457968
7252.309,3.7816668,-0.0038107077,38608,1334.1508348763944,91.87548148798558,6239.092,3.001302,2016.3633,1.1829969,7252.309,3.7816668,0,,,,,1334.1508348763944,0.0003409868,91.87548148798558,0.00033390487,0.004837963,0.0537729
7257.408,3.7810133,-0.0038103526,38609,1334.1504278939449,91.87554285690959,6245.8335,3.0007834,2018.3723,1.1816618,7257.408,3.7810133,0,,,,,1334.1504278939449,0.00034050635,91.87554285690959,0.0003333804,0.004326709,0.053270224
7253.89,3.7795873,-0.003809997,38610,1334.1502554709737,91.8754043874169,6243.6846,2.999652,2021.7227,1.1809506,7253.89,3.7795873,0,,,,,1334.1502554709737,0.00034050323,91.8754043874169,0.00033339194,0.004489893,0.05340994
7252.9976,3.786898,-0.003809641,38611,1334.150616419902,91.87600711342553,6243.4,3.0054536,2023.9562,1.1827,7252.9976,3.786898,0,,,,,1334.150616419902,0.00034134972,91.87600711342553,0.00033424856,0.004603393,0.053575587
7253.464,3.7850032,-0.003809285,38612,1334.1513264805658,91.87507952046603,6244.2095,3.00395,2028.9136,1.1824405,7253.464,3.7850032,0,,,,,1334.1513264805658,0.00034128415,91.87507952046603,0.00033398008,0.0049593598,0.052897066
7253.268,3.7833946,-0.0038089282,38613,1334.1498262728803,91.87547337034302,6242.8984,3.0026734,2028.8898,1.18176,7253.268,3.7833946,0,,,,,1334.1498262728803,0.0003408513,91.87547337034302,0.00033397344,0.0041081426,0.05328453
7253.9463,3.7833903,-0.0038085713,38614,1334.1507818130392,91.87617455789581,6244.785,3.00267,2026.5194,1.1825181,7253.9463,3.7833903,0,,,,,1334.1507818130392,0.00034093825,91.87617455789581,0.0003336439,0.0046575153,0.054038513
7247.508,3.781469,-0.0038082139,38615,1334.1519375360442,91.87608269273363,6238.84,3.0011451,2020.2594,1.1813201,7247.508,3.781469,0,,,,,1334.1519375360442,0.00034084945,91.87608269273363,0.00033389198,0.005123162,0.054399475
7251.6924,3.7806711,-0.003807856,38616,1334.1513425204296,91.87530814652958,6242.8423,3.000512,2012.8804,1.1810879,7251.6924,3.7806711,0,,,,,1334.1513425204296,0.00034054928,91.87530814652958,0.0003335207,0.004946722,0.053094696
7251.375,3.7777977,-0.003807498,38617,1334.1505011996023,91.87432650091377,6240.7715,2.9982314,2004.3944,1.180016,7251.375,3.7777977,0,,,,,1334.1505011996023,0.00034059133,91.87432650091377,0.0003333953,0.0041604326,0.051859986
7251.078,3.7786243,-0.0038071394,38618,1334.1510098937097,91.87675569192629,6243.184,2.9988873,1993.7231,1.1784705,7251.078,3.7786243,0,,,,,1334.1510098937097,0.00034065734,91.87675569192629,0.00033336537,0.0055400203,0.054539986
7254.885,3.7733643,-0.0038067806,38619,1334.151120352429,91.87545972828117,6244.822,2.9947128,1983.6893,1.1765152,7254.885,3.7733643,0,,,,,1334.151120352429,0.00033993702,91.87545972828117,0.00033279377,0.0048738862,0.05363279
7255.2295,3.7706075,-0.0038064213,38620,1334.150928287605,91.8754081749136,6244.708,2.9925249,1974.7773,1.1740648,7255.2295,3.7706075,0,,,,,1334.150928287605,0.0003395466,91.8754081749136,0.00033263923,0.0044565224,0.052618187
7248.809,3.768821,-0.0038060618,38621,1334.1511123148155,91.87481939268741,6238.89,2.991107,1966.8076,1.1761855,7248.809,3.768821,0,,,,,1334.1511123148155,0.00033961394,91.87481939268741,0.00033264782,0.004840061,0.05244689
7250.4575,3.765752,-0.0038057019,38622,1334.1508803165311,91.87549539110222,6241.8706,2.9886713,1959.5289,1.1722491,7250.4575,3.765752,0,,,,,1334.1508803165311,0.00033928422,91.87549539110222,0.00033221804,0.005024461,0.054281216
7251.5244,3.7658517,-0.0038053417,38623,1334.1515327525253,91.8759316306304,6243.5737,2.9887505,1957.5426,1.1713809,7251.5244,3.7658517,0,,,,,1334.1515327525253,0.00033933498,91.8759316306304,0.00033212153,0.005533048,0.053608466
7244.9185,3.7625666,-0.003804981,38624,1334.1510208407124,91.87499046964638,6237.4883,2.9861434,1953.7847,1.1700189,7244.9185,3.7625666,0,,,,,1334.1510208407124,0.0003392942,91.87499046964638,0.00033217587,0.005018429,0.052900054
7245.6455,3.7659364,-0.00380462,38625,1334.1508986933934,91.87526177063536,6234.5586,2.9888177,1954.0541,1.1719397,7245.6455,3.7659364,0,,,,,1334.1508986933934,0.00033977954,91.87526177063536,0.00033279567,0.0043286304,0.053196013
7248.4526,3.7647567,-0.0038042585,38626,1334.150613226273,91.87515046475067,6238.3438,2.9878817,1954.781,1.1714073,7248.4526,3.7647567,0,,,,,1334.150613226273,0.0003394908,91.87515046475067,0.00033240934,0.004296813,0.052978344
7250.1787,3.765592,-0.003803897,38627,1334.1503352170591,91.87601549031812,6238.271,2.9885447,1958.0571,1.17197,7250.1787,3.765592,0,,,,,1334.1503352170591,0.00033967447,91.87601549031812,0.00033244272,0.0052359775,0.053757552
7240.085,3.7642853,-0.003803535,38628,1334.150477901788,91.87502288508738,6232.782,2.9875076,1956.427,1.1722395,7240.085,3.7642853,0,,,,,1334.150477901788,0.00033985224,91.87502288508738,0.00033266982,0.0042794063,0.052533682
7201.9985,3.7587745,-0.0038031724,38629,1334.150773355657,91.87520845159833,6202.744,2.9831338,1953.3359,1.1724946,7201.9985,3.7587745,0,,,,,1334.150773355657,0.00034083368,91.87520845159833,0.0003337223,0.004343443,0.05279045
7195.014,3.7605836,-0.0038028096,38630,1334.1512399905937,91.8758739093274,6196.34,2.9845695,1953.3599,1.1712346,7195.014,3.7605836,0,,,,,1334.1512399905937,0.00034157836,91.8758739093274,0.00033438782,0.0054662265,0.05391829
7194.629,3.7611244,-0.0038024464,38631,1334.1509498365692,91.87517378854731,6194.6655,2.9849987,1948.4012,1.1774441,7194.629,3.7611244,0,,,,,1334.1509498365692,0.0003415094,91.87517378854731,0.00033424798,0.004620638,0.053524405
7198.8467,3.7564259,-0.003802083,38632,1334.1525759891863,91.87695551064886,6194.558,2.9812698,1944.1644,1.1702572,7198.8467,3.7564259,0,,,,,1334.1525759891863,0.00034117475,91.87695551064886,0.00033421005,0.007457229,0.056837577
7212.2686,3.7521007,-0.0038013547,38634,1334.1524828547167,91.87634889607256,6202.1997,2.977837,1928.4451,1.1675164,7212.2686,3.7521007,0,,,,,1334.1524828547167,0.00034026435,91.87634889607256,0.00033333912,0.006984471,0.056226037
7246.946,3.7537155,-0.0038006252,38636,1334.15099000463,91.87588306254203,6237.9805,2.9791188,1908.2507,1.1648582,7246.946,3.7537155,0,,,,,1334.15099000463,0.00033837606,91.87588306254203,0.00033135116,0.005056643,0.053428397
7252.728,3.7508483,-0.00380026,38637,1334.1494552353035,91.87304959481322,6238.03,2.976843,1896.3573,1.1629034,7252.728,3.7508483,0,,,,,1334.1494552353035,0.00033831518,91.87304959481322,0.0003313209,0.002956902,0.049286954
7246.9556,3.7475612,-0.0037998944,38638,1334.1510174807456,91.87553209554122,6235.177,2.9742346,1888.2435,1.1608843,7246.9556,3.7475612,0,,,,,1334.1510174807456,0.0003381294,91.87553209554122,0.00033104856,0.0052687456,0.053600296
7254.413,3.748635,-0.0037995283,38639,1334.151232419091,91.87711749726064,6237.641,2.9750867,1879.4513,1.1618513,7254.413,3.748635,0,,,,,1334.151232419091,0.00033795292,91.87711749726064,0.00033107193,0.0065488243,0.055395775
7255.6235,3.7458608,-0.0037991619,38640,1334.151807727578,91.87597952366318,6244.6255,2.9728847,1872.2743,1.1582909,7255.6235,3.7458608,0,,,,,1334.151807727578,0.0003374401,91.87597952366318,0.0003303711,0.005681995,0.05359244
7248.8657,3.7442715,-0.0037987952,38641,1334.149238741759,91.87292918777396,6231.404,2.9716237,1872.6459,1.1593616,7248.8657,3.7442715,0,,,,,1334.149238741759,0.00033793683,91.87292918777396,0.0003312406,0.0027071864,0.049074322
7252.812,3.7445483,-0.003798428,38642,1334.152778455448,91.87748833371272,6235.969,2.9718432,1874.065,1.1599232,7252.812,3.7445483,0,,,,,1334.152778455448,0.00033781477,91.87748833371272,0.0003308239,0.0075770905,0.056678895
7248.596,3.7470737,-0.0037980606,38643,1334.1507342157765,91.87474325668981,6240.2046,2.9738476,1875.5576,1.1600381,7248.596,3.7470737,0,,,,,1334.1507342157765,0.0003378006,91.87474325668981,0.00033063485,0.004492934,0.052956626
7250.683,3.7471993,-0.0037976927,38644,1334.1511045435448,91.87563038015372,6239.5938,2.9739473,1879.9249,1.1607643,7250.683,3.7471993,0,,,,,1334.1511045435448,0.00033783473,91.87563038015372,0.0003306395,0.0052336804,0.05310129
7251.9185,3.7514122,-0.0037973246,38645,1334.1489447771198,91.87361072658517,6236.8047,2.9772909,1886.7445,1.163162,7251.9185,3.7514122,0,,,,,1334.1489447771198,0.00033835438,91.87361072658517,0.0003314336,0.0023996932,0.050088536
7258.6104,3.751086,-0.003796956,38646,1334.1523048924698,91.87689199141164,6241.8457,2.977032,1898.9918,1.1625305,7258.6104,3.751086,0,,,,,1334.1523048924698,0.00033816916,91.87689199141164,0.0003310061,0.0076339385,0.055841226
7247.0713,3.7555196,-0.0037965872,38647,1334.1508385643563,91.87557594111838,6237.4775,2.9805505,1914.4309,1.1653259,7247.0713,3.7555196,0,,,,,1334.1508385643563,0.00033866713,91.87557594111838,0.00033155156,0.004714771,0.05366969
7245.058,3.7559597,-0.003796218,38648,1334.149673770352,91.8742079598556,6235.818,2.9808998,1926.4103,1.166811,7245.058,3.7559597,0,,,,,1334.149673770352,0.0003387333,91.8742079598556,0.00033170555,0.0023632324,0.050383564
7250.8423,3.75908,-0.0037958485,38649,1334.1511356172418,91.8751609854272,6235.0645,2.9833763,1936.2524,1.1692367,7250.8423,3.75908,0,,,,,1334.1511356172418,0.00033919944,91.8751609854272,0.00033212296,0.0060511297,0.052505706
7255.5957,3.764591,-0.0037954785,38650,1334.152410459579,91.87773400159556,6242.5674,2.98775,1949.0304,1.17066,7255.5957,3.764591,0,,,,,1334.152410459579,0.00033923896,91.87773400159556,0.00033213152,0.006474449,0.05648565
7250.896,3.7683818,-0.0037951083,38651,1334.1505368102705,91.87591837895506,6241.8784,2.9907587,1959.9003,1.1729554,7250.896,3.7683818,0,,,,,1334.1505368102705,0.00033980637,91.87591837895506,0.00033249875,0.004185324,0.053560205
7253.2314,3.7668161,-0.0037947376,38652,1334.1495893644162,91.8738234724285,6241.096,2.989516,1965.5731,1.1724329,7253.2314,3.7668161,0,,,,,1334.1495893644162,0.00033948154,91.8738234724285,0.0003325355,0.0037002736,0.04981951
7247.02,3.773998,-0.0037943667,38653,1334.1508374293678,91.875514511494,6234.473,2.9952157,1971.2942,1.1745263,7247.02,3.773998,0,,,,,1334.1508374293678,0.00034073426,91.875514511494,0.00033371247,0.0045178235,0.0524337
7247.8228,3.770069,-0.0037939954,38654,1334.1523404141765,91.87714395486113,6234.5693,2.9920974,1977.8237,1.1758474,7247.8228,3.770069,0,,,,,1334.1523404141765,0.00034017998,91.87714395486113,0.0003330049,0.0065944036,0.055674262
7251.6055,3.7741027,-0.0037936238,38655,1334.151200499467,91.87578249665879,6239.7363,2.9952989,1984.4373,1.1768258,7251.6055,3.7741027,0,,,,,1334.151200499467,0.0003399271,91.87578249665879,0.00033314514,0.0044295075,0.05317556
7251.4683,3.773563,-0.0037932517,38656,1334.1493243579196,91.87375120665831,6234.931,2.9948704,1986.6781,1.1769717,7251.4683,3.773563,0,,,,,1334.1493243579196,0.00034045547,91.87375120665831,0.00033357134,0.0035350733,0.050485354
7253.6343,3.7744346,-0.0037928794,38657,1334.151046547088,91.87518476795964,6239.5337,2.9955623,1992.1235,1.1774477,7253.6343,3.7744346,0,,,,,1334.151046547088,0.00034033865,91.87518476795964,0.0003332513,0.005525296,0.053242486
7251.477,3.774115,-0.0037925066,38658,1334.151600172273,91.87708389506605,6238.062,2.9953089,1995.2405,1.1772078,7251.477,3.774115,0,,,,,1334.151600172273,0.0003404612,91.87708389506605,0.00033329707,0.006083793,0.055494495
7247.1934,3.7800777,-0.0037921334,38659,1334.1520899186326,91.87606762363093,6237.4873,3.000041,1998.7563,1.1795933,7247.1934,3.7800777,0,,,,,1334.1520899186326,0.00034105178,91.87606762363093,0.00033387708,0.0060186405,0.05339951
7250.615,3.7750325,-0.0037917602,38660,1334.1494882566208,91.87408058610318,6235.018,2.996037,2000.5906,1.1791766,7250.615,3.7750325,0,,,,,1334.1494882566208,0.00034050224,91.87408058610318,0.00033367332,0.0031470843,0.05024649
7256.4126,3.77976,-0.0037913863,38661,1334.150968989348,91.87592990248076,6243.7466,2.9997888,2003.2253,1.1790942,7256.4126,3.77976,0,,,,,1334.150968989348,0.00034063807,91.87592990248076,0.00033366776,0.004719615,0.052803785
7253.9023,3.775331,-0.003791012,38662,1334.1518982217567,91.87663451785212,6239.253,2.9962738,2004.3291,1.1777805,7253.9023,3.775331,0,,,,,1334.1518982217567,0.00034041156,91.87663451785212,0.0003333769,0.00632138,0.05466101
7254.7017,3.7770004,-0.0037906377,38663,1334.150915098506,91.87572906872381,6241.9297,2.9975986,2003.1218,1.1805726,7254.7017,3.7770004,0,,,,,1334.150915098506,0.0003402483,91.87572906872381,0.0003332555,0.005060753,0.05368482
7253.539,3.7742062,-0.0037902629,38664,1334.1490643321981,91.87317703459719,6233.9956,2.995381,1999.8485,1.1790227,7253.539,3.7742062,0,,,,,1334.1490643321981,0.00034057783,91.87317703459719,0.00033358808,0.0027721222,0.049583655
7255.376,3.772797,-0.0037898878,38665,1334.1509281475965,91.87539442461919,6240.3486,2.994263,1992.6088,1.1762294,7255.376,3.772797,0,,,,,1334.1509281475965,0.00034012878,91.87539442461919,0.00033315452,0.004941166,0.05305948
7255.472,3.7756267,-0.0037895122,38666,1334.1519117847374,91.87615577386016,6238.5522,2.9965084,1984.7168,1.1764969,7255.472,3.7756267,0,,,,,1334.1519117847374,0.00034070274,91.87615577386016,0.00033347696,0.0066822222,0.054936264
7246.6836,3.7687752,-0.0037891364,38667,1334.1507458541498,91.8755208858998,6237.523,2.991071,1972.2898,1.1744399,7246.6836,3.7687752,0,,,,,1334.1507458541498,0.00033997756,91.8755208858998,0.000332758,0.004970388,0.053299457
7253.396,3.7665389,-0.0037887602,38668,1334.1496338848424,91.87460596561428,6235.9,2.9892957,1961.4653,1.1724496,7253.396,3.7665389,0,,,,,1334.1496338848424,0.00033963218,91.87460596561428,0.00033289296,0.003643829,0.051541302
7249.316,3.7638443,-0.0037883837,38669,1334.1510169692283,91.8749375739536,6234.364,2.9871576,1950.8842,1.1709806,7249.316,3.7638443,0,,,,,1334.1510169692283,0.00033959807,91.8749375739536,0.0003326587,0.004875435,0.05246392
7246.724,3.7674859,-0.0037880067,38670,1334.1513172972072,91.87734506779096,6234.709,2.9900475,1945.2084,1.1734517,7246.724,3.7674859,0,,,,,1334.1513172972072,0.00033969592,91.87734506779096,0.0003327924,0.006166449,0.056341406
7252.3604,3.7654452,-0.0037876295,38671,1334.1514775680175,91.87637380797847,6242.5225,2.9884279,1937.1251,1.1689157,7252.3604,3.7654452,0,,,,,1334.1514775680175,0.00033931833,91.87637380797847,0.00033229042,0.005495702,0.053511377
7249.735,3.7590854,-0.003787252,38672,1334.1499432937444,91.87419512483886,6234.769,2.9833806,1937.2141,1.1694039,7249.735,3.7590854,0,,,,,1334.1499432937444,0.0003391181,91.87419512483886,0.00033214444,0.0038443527,0.04959428
7254.8687,3.7604527,-0.003786874,38673,1334.1526282702955,91.8773777398377,6239.2144,2.9844656,1934.2794,1.1683981,7254.8687,3.7604527,0,,,,,1334.1526282702955,0.00033904257,91.8773777398377,0.0003320145,0.0072464957,0.0558294
7245.334,3.758922,-0.0037864957,38674,1334.1507740938669,91.87554806883242,6235.2456,2.9832509,1935.4852,1.1692427,7245.334,3.758922,0,,,,,1334.1507740938669,0.0003390526,91.87554806883242,0.00033190873,0.0052356604,0.052548148
7253.2983,3.760638,-0.0037857383,38676,1334.1512824145261,91.87521189669894,6240.4536,2.9846127,1936.0187,1.1692466,7253.2983,3.760638,0,,,,,1334.1512824145261,0.00033903425,91.87521189669894,0.00033185483,0.0055413735,0.05212599
7258.7,3.7599666,-0.0037853587,38677,1334.1508616654428,91.87632914868128,6244.504,2.98408,1937.3334,1.1677909,7258.7,3.7599666,0,,,,,1334.1508616654428,0.00033872886,91.87632914868128,0.00033166792,0.005350758,0.05391945
7250.996,3.7628942,-0.0037849792,38678,1334.1509117652934,91.87693661968842,6237.8564,2.9864032,1942.2015,1.1693178,7250.996,3.7628942,0,,,,,1334.1509117652934,0.00033932802,91.87693661968842,0.00033224348,0.005005663,0.055094764
7254.0967,3.7624848,-0.0037845992,38679,1334.1496151812705,91.87393153359656,6240.1685,2.9860785,1942.9023,1.1700411,7254.0967,3.7624848,0,,,,,1334.1496151812705,0.0003392901,91.87393153359656,0.0003320736,0.004280839,0.050703194
7256.954,3.7636583,-0.0037842188,38680,1334.1492047327142,91.87511575814837,6242.6577,2.9870098,1943.1165,1.169969,7256.954,3.7636583,0,,,,,1334.1492047327142,0.0003393006,91.87511575814837,0.00033214933,0.0037827697,0.051987164
7255.196,3.7629972,-0.0037838381,38681,1334.152140705076,91.8772776197245,6239.1113,2.9864852,1942.0253,1.1679648,7255.196,3.7629972,0,,,,,1334.152140705076,0.00033974726,91.8772776197245,0.00033235864,0.0071260445,0.055121146
7248.617,3.7590635,-0.0037834572,38682,1334.1502962564364,91.87584109728188,6236.604,2.9833632,1938.0406,1.168595,7248.617,3.7590635,0,,,,,1334.1502962564364,0.0003390329,91.87584109728188,0.00033187962,0.0049127457,0.053211614
7249.744,3.7580538,-0.0037830758,38683,1334.1497628988113,91.87450301235326,6235.745,2.9825616,1930.2313,1.1678228,7249.744,3.7580538,0,,,,,1334.1497628988113,0.00033903623,91.87450301235326,0.00033204793,0.0029265534,0.050701577
7257.229,3.7602694,-0.0037826942,38684,1334.151233561244,91.87500132221788,6242.408,2.9843202,1922.7936,1.1666734,7257.229,3.7602694,0,,,,,1334.151233561244,0.00033912424,91.87500132221788,0.00033195113,0.004687855,0.0525063
7251.8843,3.7562532,-0.0037823122,38685,1334.1517284740917,91.87703217791804,6238.0044,2.9811327,1913.3462,1.1648631,7251.8843,3.7562532,0,,,,,1334.1517284740917,0.0003385406,91.87703217791804,0.00033174557,0.0062935487,0.054975502
7245.042,3.7534118,-0.0037819298,38686,1334.1506386351382,91.87571856003713,6236.0747,2.9788775,1904.6389,1.1645805,7245.042,3.7534118,0,,,,,1334.1506386351382,0.0003383899,91.87571856003713,0.0003314432,0.00450641,0.053183563
7251.3047,3.7517016,-0.003781547,38687,1334.1497959439307,91.8742404870035,6234.089,2.9775202,1893.1371,1.1621461,7251.3047,3.7517016,0,,,,,1334.1497959439307,0.00033836716,91.8742404870035,0.0003317145,0.0037816842,0.05020387
7250.326,3.7492578,-0.003781164,38688,1334.1503148032164,91.87608088339573,6236.8022,2.975581,1883.7054,1.1610256,7250.326,3.7492578,0,,,,,1334.1503148032164,0.00033821337,91.87608088339573,0.00033111832,0.004673376,0.052896604
7254.262,3.748023,-0.0037807806,38689,1334.1509362190181,91.87751558701527,6240.683,2.974601,1877.2595,1.1601048,7254.262,3.748023,0,,,,,1334.1509362190181,0.0003380648,91.87751558701527,0.00033078087,0.005784886,0.055722084
7248.127,3.748628,-0.003780397,38690,1334.1501395944251,91.87368178433813,6234.454,2.975081,1869.6907,1.1599965,7248.127,3.748628,0,,,,,1334.1501395944251,0.00033815223,91.87368178433813,0.0003313478,0.0038987019,0.049926504
7248.48,3.7455328,-0.0037800127,38691,1334.1510763837525,91.87585813239035,6236.26,2.9726245,1867.0537,1.1591138,7248.48,3.7455328,0,,,,,1334.1510763837525,0.00033806654,91.87585813239035,0.0003308225,0.0050340747,0.05233866
7254.8315,3.7440093,-0.0037796283,38692,1334.1504727315528,91.87549645236497,6240.0903,2.9714155,1867.4585,1.158407,7254.8315,3.7440093,0,,,,,1334.1504727315528,0.0003375171,91.87549645236497,0.00033048773,0.004268413,0.05268589
7254.5684,3.7463388,-0.0037792437,38693,1334.1512294349939,91.87688961891065,6239.344,2.9732642,1873.685,1.1594748,7254.5684,3.7463388,0,,,,,1334.1512294349939,0.00033776998,91.87688961891065,0.0003307248,0.005591409,0.05492351
7255.8047,3.7495859,-0.0037788586,38694,1334.149721082933,91.87468776101925,6242.7046,2.9758413,1883.8939,1.1631533,7255.8047,3.7495859,0,,,,,1334.149721082933,0.0003378281,91.87468776101925,0.00033072295,0.003962436,0.051919308
7250.1704,3.7518058,-0.0037784732,38695,1334.1509167846966,91.87486628842615,6236.9277,2.9776032,1898.827,1.1660312,7250.1704,3.7518058,0,,,,,1334.1509167846966,0.00033834315,91.87486628842615,0.00033127586,0.0053042,0.051323324
7251.674,3.754587,-0.0037780874,38696,1334.1510275919368,91.87533154458936,6238.691,2.9798102,1912.8816,1.1652429,7251.674,3.754587,0,,,,,1334.1510275919368,0.00033857135,91.87533154458936,0.00033149967,0.0048194192,0.052929647
7250.649,3.7608905,-0.0037777014,38697,1334.1518875656348,91.87661805768069,6237.432,2.984813,1931.846,1.1670003,7250.649,3.7608905,0,,,,,1334.1518875656348,0.00033894953,91.87661805768069,0.00033212473,0.006289974,0.05485293
7247.596,3.76343,-0.003777315,38698,1334.1500034790313,91.874254433667,6234.3687,2.9868286,1949.583,1.1710637,7247.596,3.76343,0,,,,,1334.1500034790313,0.0003396254,91.874254433667,0.00033255902,0.0043953243,0.050545152
7250.582,3.7683146,-0.0037769282,38699,1334.1503718206836,91.8751715906328,6238.017,2.9907053,1965.482,1.1734948,7250.582,3.7683146,0,,,,,1334.1503718206836,0.00034009133,91.8751715906328,0.00033277125,0.0046410337,0.052057106
7249.51,3.7696998,-0.003776541,38700,1334.1517491137245,91.87614541494591,6235.781,2.9918046,1981.499,1.1751316,7249.51,3.7696998,0,,,,,1334.1517491137245,0.00034006557,91.87614541494591,0.0003329917,0.006400596,0.054451425
7252.009,3.775135,-0.0037761535,38701,1334.1500600928873,91.87507249205642,6239.149,2.9961183,1992.39,1.1786718,7252.009,3.775135,0,,,,,1334.1500600928873,0.00034033635,91.87507249205642,0.00033326383,0.0041421605,0.05153182
7253.848,3.7749875,-0.0037757657,38702,1334.1496122932786,91.87513756442958,6238.49,2.996001,2000.123,1.178272,7253.848,3.7749875,0,,,,,1334.1496122932786,0.0003403083,91.87513756442958,0.00033344128,0.0037052883,0.051140755
7247.9414,3.777859,-0.0037753775,38703,1334.1509630452008,91.87547401008715,6235.1475,2.99828,2007.5109,1.1797574,7247.9414,3.777859,0,,,,,1334.1509630452008,0.00034076342,91.87547401008715,0.00033380347,0.0052376823,0.052448593
7250.551,3.7774973,-0.0037749892,38704,1334.151718569349,91.87698365906131,6236.6416,2.997993,2014.1172,1.179873,7250.551,3.7774973,0,,,,,1334.151718569349,0.00034069986,91.87698365906131,0.00033370696,0.006349751,0.05457741
7254.6694,3.7804751,-0.0037746003,38705,1334.1507072273916,91.8759989251929,6243.9717,3.0003564,2019.4221,1.1823833,7254.6694,3.7804751,0,,,,,1334.1507072273916,0.00034053478,91.8759989251929,0.00033339756,0.0044359616,0.052578483
7252.0586,3.782136,-0.003774211,38706,1334.1491026088681,91.87384457909415,6237.1724,3.0016744,2019.258,1.1810486,7252.0586,3.782136,0,,,,,1334.1491026088681,0.0003413953,91.87384457909415,0.00033423858,0.0031971813,0.049503252
7255.591,3.7812731,-0.0037738215,38707,1334.1505414637081,91.87547699389039,6241.586,3.0009897,2023.2001,1.1802531,7255.591,3.7812731,0,,,,,1334.1505414637081,0.00034084043,91.87547699389039,0.0003338982,0.005136638,0.05304821
7253.806,3.7819476,-0.0037734318,38708,1334.1519667241012,91.87684306348571,6237.7876,3.0015252,2024.7417,1.1812842,7253.806,3.7819476,0,,,,,1334.1519667241012,0.00034115333,91.87684306348571,0.00033403208,0.0061302143,0.054411
7252.754,3.782417,-0.0037730415,38709,1334.1495771097395,91.87467191355756,6238.6484,3.0018978,2022.4037,1.1802459,7252.754,3.782417,0,,,,,1334.1495771097395,0.00034084488,91.87467191355756,0.0003341142,0.003979704,0.05089283
7256.4546,3.7840438,-0.003772651,38710,1334.1500260531643,91.8753557397531,6241.8257,3.0031886,2024.4966,1.181573,7256.4546,3.7840438,0,,,,,1334.1500260531643,0.0003411055,91.8753557397531,0.00033408537,0.0043409183,0.05188106
7252.5366,3.7808826,-0.0037722602,38711,1334.1505586216715,91.87480450370661,6240.7505,3.0006797,2025.7924,1.1814648,7252.5366,3.7808826,0,,,,,1334.1505586216715,0.00034072445,91.87480450370661,0.000333803,0.004575439,0.051941063
7259.367,3.7832103,-0.003771869,38712,1334.1516628078173,91.87729100669364,6242.522,3.0025272,2023.7086,1.1825994,7259.367,3.7832103,0,,,,,1334.1516628078173,0.00034099154,91.87729100669364,0.0003338778,0.0065775285,0.0555155
7252.1245,3.7795324,-0.0037714774,38713,1334.1507954665337,91.87559863740921,6241.862,2.9996083,2016.9539,1.1820577,7252.1245,3.7795324,0,,,,,1334.1507954665337,0.0003405485,91.87559863740921,0.0003334673,0.00533342,0.051750273
7249.789,3.7778354,-0.0037710855,38714,1334.1498647245498,91.87335578222883,6236.532,2.9982612,2009.556,1.1795506,7249.789,3.7778354,0,,,,,1334.1498647245498,0.0003409591,91.87335578222883,0.0003337921,0.003487442,0.04990593
7249.3237,3.7760568,-0.0037706932,38715,1334.1498599962845,91.8757576055726,6237.3813,2.9968498,1999.6185,1.1786294,7249.3237,3.7760568,0,,,,,1334.1498599962845,0.00034075562,91.8757576055726,0.00033352172,0.004460559,0.052838854
7244.6904,3.7702496,-0.0037703007,38716,1334.1524272163101,91.87726544094696,6229.441,2.992241,1988.4177,1.1754819,7244.6904,3.7702496,0,,,,,1334.1524272163101,0.00034051857,91.87726544094696,0.0003333446,0.0073800567,0.055540223
7247.505,3.767436,-0.0037699079,38717,1334.150669261708,91.87567550940891,6236.0317,2.990008,1971.5243,1.1725888,7247.505,3.767436,0,,,,,1334.150669261708,0.00033993594,91.87567550940891,0.0003328742,0.004960979,0.05264459
7248.3774,3.7676988,-0.0037695144,38718,1334.1496479332989,91.87424042971573,6230.7627,2.9902165,1957.8073,1.1718079,7248.3774,3.7676988,0,,,,,1334.1496479332989,0.00034031252,91.87424042971573,0.00033331345,0.003687483,0.049962375
7250.416,3.7639453,-0.003769121,38719,1334.1511700499193,91.87621188399223,6238.715,2.9872377,1945.3125,1.171398,7250.416,3.7639453,0,,,,,1334.1511700499193,0.00033937165,91.87621188399223,0.0003322366,0.0055884128,0.05291515
7252.982,3.7604928,-0.0037687267,38720,1334.1509608533677,91.876898646079,6237.8022,2.9844975,1935.0835,1.1683996,7252.982,3.7604928,0,,,,,1334.1509608533677,0.0003392155,91.876898646079,0.00033208862,0.0053692716,0.053859413
7248.2695,3.7586312,-0.0037683325,38721,1334.1494839420784,91.87439907349587,6234.6304,2.98302,1928.1278,1.166453,7248.2695,3.7586312,0,,,,,1334.1494839420784,0.00033935896,91.87439907349587,0.00033211595,0.0036356861,0.050798684
7254.1343,3.7630675,-0.0037679377,38722,1334.1508721906407,91.87430701139797,6239.9033,2.986541,1925.6757,1.1674759,7254.1343,3.7630675,0,,,,,1334.1508721906407,0.00033953643,91.87430701139797,0.00033236455,0.0048359423,0.051701795
7248.0625,3.7569602,-0.0037675428,38723,1334.1524557107073,91.87706723854211,6233.528,2.9816937,1925.4459,1.1672966,7248.0625,3.7569602,0,,,,,1334.1524557107073,0.00033917322,91.87706723854211,0.00033202503,0.0072254813,0.05537456
7248.097,3.7581196,-0.0037671472,38724,1334.1506686133637,91.87542833863291,6238.179,2.982614,1924.9005,1.1661768,7248.097,3.7581196,0,,,,,1334.1506686133637,0.00033887743,91.87542833863291,0.0003318747,0.00427938,0.05268785
7253.715,3.7572427,-0.0037667514,38725,1334.1500261104188,91.87367349160996,6240.963,2.981918,1925.0138,1.1665477,7253.715,3.7572427,0,,,,,1334.1500261104188,0.000338687,91.87367349160996,0.0003316339,0.0036851142,0.04963156
7256.941,3.7589307,-0.0037663553,38726,1334.1495256137314,91.87543958571878,6241.9927,2.9832578,1928.3568,1.1684883,7256.941,3.7589307,0,,,,,1334.1495256137314,0.00033874885,91.87543958571878,0.00033175098,0.0040741693,0.05209887
7249.406,3.758231,-0.0037659586,38727,1334.1513516889381,91.87632808340952,6235.3647,2.9827025,1929.687,1.1673781,7249.406,3.758231,0,,,,,1334.1513516889381,0.00033898655,91.87632808340952,0.00033207107,0.005784692,0.054134946
7255.0913,3.7592008,-0.0037655619,38728,1334.1509684708585,91.87619822888549,6242.632,2.983472,1928.9827,1.1680869,7255.0913,3.7592008,0,,,,,1334.1509684708585,0.0003388103,91.87619822888549,0.000331597,0.00557168,0.05287867
7247.636,3.758009,-0.0037651644,38729,1334.148872587072,91.8739351483201,6236.2915,2.982526,1931.2563,1.1670235,7247.636,3.758009,0,,,,,1334.148872587072,0.00033891576,91.8739351483201,0.00033199866,0.002303356,0.049694803
7249.729,3.7564776,-0.0037647667,38730,1334.1510657783285,91.87546435214061,6233.382,2.9813108,1928.3544,1.1663592,7249.729,3.7564776,0,,,,,1334.1510657783285,0.00033902752,91.87546435214061,0.00033196897,0.0056887018,0.052347668
7251.581,3.7573268,-0.0037643686,38731,1334.1504956600547,91.87626409667658,6238.0483,2.9819849,1921.2993,1.167241,7251.581,3.7573268,0,,,,,1334.1504956600547,0.00033887598,91.87626409667658,0.00033174353,0.005227176,0.05409884
7258.327,3.758021,-0.0037639702,38732,1334.149356956943,91.87509545082206,6241.899,2.982536,1909.7366,1.1661329,7258.327,3.758021,0,,,,,1334.149356956943,0.00033902138,91.87509545082206,0.00033167616,0.0030524272,0.050842974
7244.9644,3.7510836,-0.0037635711,38733,1334.1498583498749,91.8747700895359,6233.4854,2.9770303,1895.1338,1.1632054,7244.9644,3.7510836,0,,,,,1334.1498583498749,0.0003386518,91.8747700895359,0.0003314938,0.0044929674,0.051680237
7251.5327,3.7469387,-0.0037631718,38734,1334.1505842977697,91.87511642764994,6239.0034,2.9737403,1878.1342,1.1598016,7251.5327,3.7469387,0,,,,,1334.1505842977697,0.0003379657,91.87511642764994,0.00033086553,0.00507496,0.05212112
7247.1157,3.744118,-0.0037627723,38735,1334.1511175796531,91.87614175876934,6234.613,2.9715018,1862.1575,1.1589714,7247.1157,3.744118,0,,,,,1334.1511175796531,0.00033775406,91.87614175876934,0.0003307012,0.005501921,0.054384366
7253.903,3.739817,-0.003762372,38736,1334.1497089367615,91.87501266205291,6238.645,2.9680884,1847.2396,1.1559418,7253.903,3.739817,0,,,,,1334.1497089367615,0.0003371885,91.87501266205291,0.0003301715,0.004528485,0.051463053
7247.7373,3.7362075,-0.0037619716,38737,1334.1497510549686,91.87429600836916,6237.323,2.9652236,1831.2188,1.1532001,7247.7373,3.7362075,0,,,,,1334.1497510549686,0.00033696624,91.87429600836916,0.00032992565,0.003426617,0.051059857
7248.49,3.7330773,-0.0037615704,38738,1334.1523308018395,91.87664811215322,6234.21,2.9627392,1818.5737,1.1536349,7248.49,3.7330773,0,,,,,1334.1523308018395,0.0003368534,91.87664811215322,0.000329629,0.0070813997,0.054739535
7244.916,3.7286077,-0.003761169,38739,1334.1506050566193,91.8755545823271,6233.4517,2.959192,1805.5771,1.1504531,7244.916,3.7286077,0,,,,,1334.1506050566193,0.00033643222,91.8755545823271,0.00032922928,0.0048366482,0.052715585
7254.344,3.726075,-0.0037607672,38740,1334.1484465804067,91.87443297981723,6242.5977,2.9571822,1790.5112,1.1472945,7254.344,3.726075,0,,,,,1334.1484465804067,0.00033567502,91.87443297981723,0.00032863923,0.0026005255,0.050272062
7250.773,3.7246537,-0.0037603646,38741,1334.1503637863318,91.8758339975935,6238.4077,2.956054,1777.4032,1.145307,7250.773,3.7246537,0,,,,,1334.1503637863318,0.0003360563,91.8758339975935,0.00032889174,0.0049394746,0.051788185
7249.43,3.720281,-0.0037599618,38742,1334.1518359756153,91.87680396043922,6235.5767,2.9525836,1767.4622,1.1442314,7249.43,3.720281,0,,,,,1334.1518359756153,0.00033575005,91.87680396043922,0.00032854106,0.0065947813,0.0551281
7246.674,3.7203038,-0.0037595585,38743,1334.1497714702618,91.87562354513649,6237.0,2.9526017,1756.3523,1.1423861,7246.674,3.7203038,0,,,,,1334.1497714702618,0.0003358854,91.87562354513649,0.00032846126,0.0042277733,0.052871533
7250.4805,3.7148962,-0.0037591546,38744,1334.1501503375603,91.8745641747603,6234.262,2.9483101,1742.8651,1.1409229,7250.4805,3.7148962,0,,,,,1334.1501503375603,0.0003352546,91.8745641747603,0.000328248,0.00496212,0.050849274
7245.448,3.7121534,-0.0037587502,38745,1334.1499507436083,91.87521914254884,6234.7456,2.9461331,1725.4944,1.1378403,7245.448,3.7121534,0,,,,,1334.1499507436083,0.00033497892,91.87521914254884,0.0003278982,0.0041555073,0.052223522
7246.9697,3.7067037,-0.003758345,38746,1334.151110161996,91.87652745373923,6234.5728,2.9418082,1704.368,1.134805,7246.9697,3.7067037,0,,,,,1334.151110161996,0.0003346777,91.87652745373923,0.0003273153,0.005326558,0.055092666
7242.5244,3.7011313,-0.0037579394,38747,1334.1507864379453,91.87632249013265,6232.507,2.9373858,1678.54,1.1328932,7242.5244,3.7011313,0,,,,,1334.1507864379453,0.00033396218,91.87632249013265,0.00032670744,0.0057766987,0.053490456
7251.3174,3.6939428,-0.0037575334,38748,1334.148728286713,91.87411022544968,6233.2583,2.9316807,1648.201,1.1281314,7251.3174,3.6939428,0,,,,,1334.148728286713,0.00033336465,91.87411022544968,0.00032639218,0.0027067545,0.050009273
7246.7124,3.6844122,-0.0037571266,38749,1334.151167828108,91.8754826551236,6235.7627,2.9241166,1609.355,1.1234475,7246.7124,3.6844122,0,,,,,1334.151167828108,0.00033230017,91.8754826551236,0.0003251748,0.005203615,0.05307635
7244.1245,3.6758533,-0.0037567192,38750,1334.151356799494,91.87724037371875,6233.4644,2.9173236,1568.4086,1.1153243,7244.1245,3.6758533,0,,,,,1334.151356799494,0.00033208626,91.87724037371875,0.0003245713,0.0063631204,0.05518948
7245.4536,3.6704345,-0.003756311,38751,1334.1506028934689,91.8761249359842,6236.2935,2.913023,1521.557,1.1075636,7245.4536,3.6704345,0,,,,,1334.1506028934689,0.00033166748,91.8761249359842,0.0003242156,0.0038897616,0.05318438
7249.007,3.6518142,-0.0037559022,38752,1334.1498253627428,91.87504638420484,6234.137,2.898245,1472.3569,1.1000847,7249.007,3.6518142,0,,,,,1334.1498253627428,0.00032966372,91.87504638420484,0.00032248275,0.0040164464,0.051157337
7247.521,3.6424665,-0.0037554926,38753,1334.150692133514,91.87548917657769,6235.4077,2.8908265,1426.3955,1.0936999,7247.521,3.6424665,0,,,,,1334.150692133514,0.0003289639,91.87548917657769,0.00032151266,0.005110888,0.052508388
7254.656,3.6328032,-0.0037550821,38754,1334.1508945175096,91.87722317340925,6242.486,2.8831573,1393.0708,1.0881015,7254.656,3.6328032,0,,,,,1334.1508945175096,0.0003274325,91.87722317340925,0.000320112,0.0058611734,0.055492003
7248.5566,3.6274886,-0.003754671,38755,1334.149706592428,91.87496948206274,6234.491,2.8789392,1371.9594,1.0850149,7248.5566,3.6274886,0,,,,,1334.149706592428,0.0003272622,91.87496948206274,0.00032026388,0.00428547,0.051389318
7254.591,3.6249056,-0.0037542589,38756,1334.150665888009,91.87626696995687,6242.707,2.8768895,1360.4216,1.082163,7254.591,3.6249056,0,,,,,1334.150665888009,0.0003266425,91.87626696995687,0.00031956236,0.004698945,0.053812087
7247.528,3.6241632,-0.0037538458,38757,1334.1509797658075,91.87798609896622,6235.9287,2.8763003,1359.8573,1.0816485,7247.528,3.6241632,0,,,,,1334.1509797658075,0.0003270385,91.87798609896622,0.00031982767,0.005722761,0.05597905
7249.256,3.6289384,-0.0037534316,38758,1334.1509875327984,91.87662755123105,6238.572,2.88009,1357.6947,1.0831302,7249.256,3.6289384,0,,,,,1334.1509875327984,0.0003278166,91.87662755123105,0.00032008594,0.0053590406,0.05436029
7252.028,3.6237829,-0.0037530165,38759,1334.14990786255,91.87524932941903,6241.072,2.8759985,1356.3862,1.0831833,7252.028,3.6237829,0,,,,,1334.14990786255,0.0003266393,91.87524932941903,0.00031935633,0.003659185,0.051835936
7256.3774,3.6324618,-0.0037526002,38760,1334.1499067530856,91.87684803162077,6245.9883,2.8828864,1354.2784,1.0836103,7256.3774,3.6324618,0,,,,,1334.1499067530856,0.00032777124,91.87684803162077,0.00032009862,0.004425776,0.054202326
7251.105,3.6228476,-0.0037521827,38761,1334.1502211660566,91.87757298815397,6237.6924,2.8752558,1354.287,1.0809507,7251.105,3.6228476,0,,,,,1334.1502211660566,0.0003267888,91.87757298815397,0.00031959216,0.0052487417,0.055883758
7257.416,3.6249306,-0.0037517638,38762,1334.150375429548,91.8771905987559,6241.154,2.8769093,1350.9657,1.0796361,7257.416,3.6249306,0,,,,,1334.150375429548,0.00032663756,91.8771905987559,0.00031961483,0.005773954,0.05383548
7249.495,3.6213832,-0.0037513436,38763,1334.1500840074004,91.87680355560481,6239.3267,2.8740938,1352.0126,1.0793054,7249.495,3.6213832,0,,,,,1334.1500840074004,0.00032656486,91.87680355560481,0.0003192799,0.0045856545,0.054225277
7249.6157,3.6238194,-0.0037509217,38764,1334.1493174321024,91.87556456749456,6236.3047,2.8760273,1351.1987,1.0817055,7249.6157,3.6238194,0,,,,,1334.1493174321024,0.0003267758,91.87556456749456,0.00031967572,0.003623252,0.05276182
7252.323,3.6271737,-0.0037504982,38765,1334.1504462336807,91.87666795402077,6239.481,2.8786895,1351.7943,1.0792099,7252.323,3.6271737,0,,,,,1334.1504462336807,0.0003272662,91.87666795402077,0.0003201137,0.0051754173,0.05395077
7249.0586,3.6225967,-0.003750073,38766,1334.1517064664033,91.87844207177031,6237.3154,2.875057,1352.4851,1.0801744,7249.0586,3.6225967,0,,,,,1334.1517064664033,0.0003268725,91.87844207177031,0.00031947033,0.0069622425,0.057431407
7250.0864,3.621098,-0.0037496458,38767,1334.148969462736,91.87776489601345,6237.6772,2.8738673,1351.751,1.0807446,7250.0864,3.621098,0,,,,,1334.148969462736,0.00032654032,91.87776489601345,0.00031927178,0.003954386,0.05508534
