flux,flux_err,timecorr,cadenceno,centroid_col,centroid_row,sap_flux,sap_flux_err,sap_bkg,sap_bkg_err,pdcsap_flux,pdcsap_flux_err,quality,psf_centr1,psf_centr1_err,psf_centr2,psf_centr2_err,mom_centr1,mom_centr1_err,mom_centr2,mom_centr2_err,pos_corr1,pos_corr2
7372.8867,5.649325,-0.003978976,218384,890.8988662603094,138.0242177523353,6789.9727,4.7637277,1793.3955,1.6346148,7372.8867,5.649325,0,,,,,890.8988662603094,0.0004786966,138.0242177523353,0.00059943256,-0.014306809,-0.020606754
7382.5195,5.6504474,-0.003979016,218385,890.8982640159675,138.02565663677095,6797.624,4.764674,1790.9305,1.6346426,7382.5195,5.6504474,0,,,,,890.8982640159675,0.00047821805,138.02565663677095,0.0005989831,-0.013666978,-0.020527015
7373.705,5.649263,-0.003979056,218386,890.8988280102847,138.0250800935938,6795.1455,4.7636757,1790.1581,1.6327115,7373.705,5.649263,0,,,,,890.8988280102847,0.00047823222,138.0250800935938,0.00059873535,-0.013488372,-0.019543525
7380.659,5.653437,-0.0039790953,218387,890.8990344279576,138.02567780435442,6796.2,4.7671957,1795.4572,1.6360055,7380.659,5.653437,0,,,,,890.8990344279576,0.00047869497,138.02567780435442,0.00059947575,-0.0127874715,-0.018647483
7376.5703,5.6500216,-0.0039791344,218388,890.8976865976298,138.02483382509473,6796.1035,4.764315,1790.2925,1.6339697,7376.5703,5.6500216,0,,,,,890.8976865976298,0.000478222,138.02483382509473,0.0005988374,-0.014060275,-0.020813223
7379.0024,5.6502795,-0.003979173,218389,890.8981459270427,138.02515542040186,6798.352,4.7645326,1789.5665,1.6340812,7379.0024,5.6502795,0,,,,,890.8981459270427,0.00047811,138.02515542040186,0.0005985369,-0.015434507,-0.019783378
7383.0347,5.65198,-0.003979211,218390,890.8980935031743,138.02640574390594,6803.3926,4.7659664,1789.1311,1.6335948,7383.0347,5.65198,0,,,,,890.8980935031743,0.00047784974,138.02640574390594,0.0005983484,-0.01329703,-0.019531293
7386.4854,5.6509175,-0.0039792494,218391,890.89814803998,138.02543114164538,6805.31,4.7650704,1788.5005,1.6324799,7386.4854,5.6509175,0,,,,,890.89814803998,0.00047762383,138.02543114164538,0.00059829577,-0.01336927,-0.019693412
7379.849,5.6512704,-0.0039792866,218392,890.898523109611,138.02502418546206,6800.034,4.765368,1791.3551,1.6333454,7379.849,5.6512704,0,,,,,890.898523109611,0.00047796665,138.02502418546206,0.00059833075,-0.012660816,-0.01854936
7386.5645,5.6530347,-0.003979324,218393,890.897543980469,138.02606354557287,6805.959,4.766856,1788.7227,1.6333833,7386.5645,5.6530347,0,,,,,890.897543980469,0.00047755247,138.02606354557287,0.00059815665,-0.013463308,-0.019950159
7381.6562,5.6497173,-0.0039793607,218394,890.8985704695747,138.02579000695573,6800.4224,4.7640586,1789.0405,1.6323872,7381.6562,5.6497173,0,,,,,890.8985704695747,0.000477783,138.02579000695573,0.0005985178,-0.011522761,-0.01780644
7386.252,5.651585,-0.0039793975,218395,890.8993872349655,138.02551476174173,6801.6084,4.7656336,1791.2449,1.6334302,7386.252,5.651585,0,,,,,890.8993872349655,0.00047789133,138.02551476174173,0.00059848645,-0.011936977,-0.01905196
7384.1895,5.651324,-0.0039794333,218396,890.8984937034663,138.02658548657848,6800.286,4.7654133,1790.4545,1.6332829,7384.1895,5.651324,0,,,,,890.8984937034663,0.00047795003,138.02658548657848,0.0005984961,-0.013180269,-0.01804974
7375.559,5.6511297,-0.003979469,218397,890.8996516910004,138.02632687905103,6793.13,4.7652493,1792.0015,1.6333853,7375.559,5.6511297,0,,,,,890.8996516910004,0.00047839014,138.02632687905103,0.000599273,-0.010970939,-0.01823342
7381.846,5.6516323,-0.0039795046,218398,890.8989902923097,138.02541391812903,6798.069,4.7656736,1791.7091,1.6343905,7381.846,5.6516323,0,,,,,890.8989902923097,0.0004783765,138.02541391812903,0.00059863605,-0.0120736845,-0.018349161
7377.567,5.6503606,-0.0039795395,218399,890.8969801421649,138.02471891211175,6790.1826,4.764601,1792.1711,1.633987,7377.567,5.6503606,0,,,,,890.8969801421649,0.0004785127,138.02471891211175,0.00059962185,-0.0143253775,-0.020352816
7397.1313,5.6544814,-0.0039795744,218400,890.8986008916851,138.02727070275424,6808.96,4.7680755,1791.2229,1.633682,7397.1313,5.6544814,0,,,,,890.8986008916851,0.00047764007,138.02727070275424,0.000598154,-0.011588765,-0.01738281
7384.7812,5.6505322,-0.0039796084,218401,890.8976554700066,138.02368345539253,6798.9897,4.764745,1789.5908,1.6342106,7384.7812,5.6505322,0,,,,,890.8976554700066,0.00047787133,138.02368345539253,0.00059863727,-0.014775957,-0.021040618
7387.0103,5.6514945,-0.0039796424,218402,890.8991903288189,138.0266724866665,6799.9487,4.7655573,1791.3933,1.6333867,7387.0103,5.6514945,0,,,,,890.8991903288189,0.00047802305,138.0266724866665,0.0005985195,-0.011999736,-0.017505156
7383.3022,5.6528797,-0.003979676,218403,890.8970101936427,138.02549083691096,6797.0054,4.7667255,1794.7031,1.6355379,7383.3022,5.6528797,0,,,,,890.8970101936427,0.00047822032,138.02549083691096,0.00059886,-0.014630531,-0.018310152
7388.1333,5.65077,-0.0039797095,218404,890.8984932708047,138.02350018737224,6800.5947,4.764947,1788.19,1.6327895,7388.1333,5.65077,0,,,,,890.8984932708047,0.00047819852,138.02350018737224,0.0005980844,-0.013067165,-0.020343712
7395.542,5.655703,-0.003979742,218405,890.8971808504728,138.0269822962161,6807.8877,4.7691064,1790.9702,1.6343182,7395.542,5.655703,0,,,,,890.8971808504728,0.00047752055,138.0269822962161,0.00059825374,-0.012968878,-0.01728915
7390.552,5.6525035,-0.0039797747,218406,890.8983242587468,138.02593150538684,6801.533,4.766408,1792.517,1.6339655,7390.552,5.6525035,0,,,,,890.8983242587468,0.0004778518,138.02593150538684,0.0005984392,-0.011945389,-0.018630061
7384.988,5.650551,-0.003979807,218407,890.8982536900235,138.0257629381823,6797.965,4.764762,1790.7589,1.6336443,7384.988,5.650551,0,,,,,890.8982536900235,0.00047802573,138.0257629381823,0.0005984465,-0.013253602,-0.018962732
7399.688,5.6528373,-0.0039798385,218408,890.8998836202459,138.0279794623732,6808.395,4.7666893,1790.5978,1.6336088,7399.688,5.6528373,0,,,,,890.8998836202459,0.0004776844,138.0279794623732,0.0005978551,-0.0108796265,-0.016128466
7393.9956,5.651849,-0.0039798697,218409,890.8984903889152,138.0276034325277,6801.2925,4.7658563,1791.5188,1.6354467,7393.9956,5.651849,0,,,,,890.8984903889152,0.00047784564,138.0276034325277,0.00059849257,-0.012811626,-0.018288264
7387.2534,5.6514797,-0.003979901,218410,890.8978188127683,138.02412175086826,6798.131,4.765545,1791.2412,1.6365095,7387.2534,5.6514797,0,,,,,890.8978188127683,0.00047795623,138.02412175086826,0.00059863203,-0.013596142,-0.021161407
7400.0967,5.6544757,-0.0039799316,218411,890.8995004416023,138.0273669561398,6808.3257,4.768071,1792.6377,1.6337657,7400.0967,5.6544757,0,,,,,890.8995004416023,0.00047774735,138.0273669561398,0.0005978892,-0.011266283,-0.015759198
7389.776,5.65374,-0.003979962,218412,890.8996957904363,138.0273210300658,6796.336,4.767451,1795.0736,1.6357555,7389.776,5.65374,0,,,,,890.8996957904363,0.0004785153,138.0273210300658,0.0005993579,-0.011631931,-0.017003719
7381.7183,5.6505704,-0.0039799917,218413,890.9000010360324,138.02527820487379,6791.8574,4.764778,1796.2948,1.6345774,7381.7183,5.6505704,0,,,,,890.9000010360324,0.00047862023,138.02527820487379,0.0005992483,-0.0116569605,-0.018825546
7402.396,5.6562266,-0.0039800215,218414,890.8985574154962,138.0253480452102,6808.353,4.7695475,1794.2759,1.6365066,7402.396,5.6562266,0,,,,,890.8985574154962,0.00047752642,138.0253480452102,0.0005984127,-0.0119811185,-0.018763559
7397.865,5.6538215,-0.003980051,218415,890.8986815636425,138.0277307963884,6803.893,4.76752,1795.1787,1.6343932,7397.865,5.6538215,0,,,,,890.8986815636425,0.00047803862,138.0277307963884,0.00059862755,-0.012378196,-0.017614866
7393.6426,5.652198,-0.0039800797,218416,890.898011934505,138.02515476238642,6799.379,4.76615,1794.8643,1.6347084,7393.6426,5.652198,0,,,,,890.898011934505,0.00047809532,138.02515476238642,0.0005987928,-0.012519965,-0.019333716
7387.786,5.6507998,-0.003980108,218417,890.8993297555648,138.0258148275482,6793.2583,4.7649713,1796.1934,1.6350626,7387.786,5.6507998,0,,,,,890.8993297555648,0.00047849593,138.0258148275482,0.00059912604,-0.011024496,-0.017726101
7391.292,5.652597,-0.003980136,218418,890.8989246188421,138.0262237922203,6798.977,4.7664866,1795.397,1.6348566,7391.292,5.652597,0,,,,,890.8989246188421,0.00047820128,138.0262237922203,0.00059875206,-0.012130026,-0.0183421
7401.067,5.654411,-0.003980164,218419,890.8990446955804,138.02721943796826,6805.3716,4.7680163,1792.5417,1.636337,7401.067,5.654411,0,,,,,890.8990446955804,0.00047788513,138.02721943796826,0.0005985096,-0.011501752,-0.017865697
7392.6377,5.6534348,-0.0039801914,218420,890.8982613177255,138.0274186584771,6800.3174,4.7671933,1796.9258,1.6349056,7392.6377,5.6534348,0,,,,,890.8982613177255,0.0004782294,138.0274186584771,0.0005986558,-0.012043387,-0.016925849
7400.651,5.6565995,-0.003980219,218421,890.8980479775787,138.02714702151033,6807.2495,4.769862,1796.0343,1.6365051,7400.651,5.6565995,0,,,,,890.8980479775787,0.00047777517,138.02714702151033,0.0005982485,-0.012207805,-0.018673819
7400.762,5.654542,-0.0039802454,218422,890.8986364553772,138.02740749107497,6805.282,4.768127,1796.2174,1.6357434,7400.762,5.654542,0,,,,,890.8986364553772,0.00047791787,138.02740749107497,0.00059826876,-0.011690336,-0.017312434
7392.4614,5.656147,-0.003980272,218423,890.8981886266292,138.02637616603897,6799.735,4.76948,1796.04,1.6361351,7392.4614,5.656147,0,,,,,890.8981886266292,0.0004781512,138.02637616603897,0.00059936964,-0.012392887,-0.019271975
7396.284,5.6572213,-0.003980298,218424,890.8987884166457,138.0266867789282,6803.414,4.770386,1799.9677,1.6369133,7396.284,5.6572213,0,,,,,890.8987884166457,0.0004784269,138.0266867789282,0.00059872115,-0.012431849,-0.018010797
7404.665,5.6599293,-0.003980324,218425,890.8986393806562,138.02725546699492,6808.674,4.77267,1802.1642,1.6393335,7404.665,5.6599293,0,,,,,890.8986393806562,0.00047801537,138.02725546699492,0.00059846713,-0.012071715,-0.017480873
7396.4814,5.65983,-0.0039803493,218426,890.8995313580591,138.02638802952643,6800.298,4.772586,1808.673,1.6405824,7396.4814,5.65983,0,,,,,890.8995313580591,0.0004789389,138.02638802952643,0.0005994224,-0.011048446,-0.01769472
7387.72,5.6617527,-0.0039803744,218427,890.8988879375244,138.02717623494115,6794.831,4.7742076,1817.4727,1.6433895,7387.72,5.6617527,0,,,,,890.8988879375244,0.00047923875,138.02717623494115,0.000600262,-0.010678795,-0.016710268
7403.8354,5.6700993,-0.0039803996,218428,890.8986082392348,138.0266488878447,6808.363,4.7812457,1824.3612,1.6455492,7403.8354,5.6700993,0,,,,,890.8986082392348,0.00047901314,138.0266488878447,0.0006002195,-0.010222146,-0.017138105
7392.2964,5.6675572,-0.003980424,218429,890.8990395452482,138.02517636998857,6798.972,4.779102,1828.2352,1.6465223,7392.2964,5.6675572,0,,,,,890.8990395452482,0.00047917652,138.02517636998857,0.0006006911,-0.012500194,-0.020016763
7401.4624,5.6740456,-0.003980448,218430,890.8991466219985,138.0276246561307,6806.4756,4.784573,1839.2117,1.6503975,7401.4624,5.6740456,0,,,,,890.8991466219985,0.0004793968,138.0276246561307,0.00060076546,-0.010378394,-0.016600318
7404.7915,5.678931,-0.003980472,218431,890.8981116333014,138.02648079511755,6809.2637,4.788693,1849.6127,1.6543224,7404.7915,5.678931,0,,,,,890.8981116333014,0.00047943144,138.02648079511755,0.0006011093,-0.011372773,-0.018572666
7402.044,5.6849775,-0.0039804955,218432,890.898366074232,138.02482577222887,6806.5815,4.7937913,1866.1694,1.6604279,7402.044,5.6849775,0,,,,,890.898366074232,0.0004801435,138.02482577222887,0.0006019923,-0.011987778,-0.018497344
7389.768,5.690795,-0.003980519,218433,890.8994155943816,138.02782234505995,6796.9023,4.798697,1884.5233,1.6650486,7389.768,5.690795,0,,,,,890.8994155943816,0.00048158597,138.02782234505995,0.0006035155,-0.009863697,-0.016019244
7389.046,5.697188,-0.0039805416,218434,890.8983629898892,138.02566923009613,6796.4395,4.804088,1902.966,1.6720524,7389.046,5.697188,0,,,,,890.8983629898892,0.00048179834,138.02566923009613,0.00060430204,-0.012493091,-0.018499821
7401.492,5.70916,-0.0039805644,218435,890.8987239979845,138.02586442972125,6807.3066,4.8141828,1923.7307,1.6792377,7401.492,5.70916,0,,,,,890.8987239979845,0.00048199832,138.02586442972125,0.00060457014,-0.0115319425,-0.016827412
7405.5894,5.720388,-0.003980587,218436,890.9000217802071,138.0277537514454,6810.4062,4.823651,1943.4585,1.6862943,7405.5894,5.720388,0,,,,,890.9000217802071,0.0004827413,138.0277537514454,0.0006061867,-0.010734978,-0.017355593
7396.5757,5.7290034,-0.0039806087,218437,890.8984076881801,138.02700919988013,6804.2393,4.8309155,1968.7891,1.695231,7396.5757,5.7290034,0,,,,,890.8984076881801,0.00048367443,138.02700919988013,0.00060771,-0.011686057,-0.017456284
7402.9053,5.74149,-0.0039806305,218438,890.8987723899147,138.0269537193074,6807.7007,4.841445,1998.5475,1.7046347,7402.9053,5.74149,0,,,,,890.8987723899147,0.00048469237,138.0269537193074,0.0006089604,-0.011158448,-0.018415945
7397.5854,5.7499566,-0.003980652,218439,890.8989263190292,138.0265441656895,6803.058,4.8485847,2023.4008,1.71227,7397.5854,5.7499566,0,,,,,890.8989263190292,0.00048556787,138.0265441656895,0.00061061594,-0.011244065,-0.017457755
7395.498,5.758139,-0.003980673,218440,890.8985026688,138.0284171180822,6800.818,4.8554845,2042.536,1.7198186,7395.498,5.758139,0,,,,,890.8985026688,0.00048638674,138.0284171180822,0.0006122313,-0.011443778,-0.017466301
7410.6387,5.7712936,-0.003980694,218441,890.8989339877431,138.0267409348511,6813.092,4.8665767,2066.978,1.7277931,7410.6387,5.7712936,0,,,,,890.8989339877431,0.00048659428,138.0267409348511,0.0006122525,-0.009990114,-0.017800052
7400.2266,5.7794905,-0.0039807144,218442,890.8987841942,138.02731204756284,6804.7993,4.8734884,2091.197,1.7357688,7400.2266,5.7794905,0,,,,,890.8987841942,0.00048791186,138.02731204756284,0.00061448955,-0.010435209,-0.018012324
7406.125,5.787964,-0.003980735,218443,890.8986589916387,138.02614162828172,6810.2603,4.880634,2106.2952,1.7416096,7406.125,5.787964,0,,,,,890.8986589916387,0.00048821664,138.02614162828172,0.0006146389,-0.011303035,-0.01717491
7401.6016,5.795124,-0.003980755,218444,890.8982264805057,138.02614985568755,6807.1685,4.8866715,2128.1367,1.7471696,7401.6016,5.795124,0,,,,,890.8982264805057,0.00048897753,138.02614985568755,0.00061572227,-0.011783909,-0.01739781
7392.8066,5.802692,-0.0039807744,218445,890.898888698561,138.027415220987,6797.455,4.893053,2151.6,1.7555625,7392.8066,5.802692,0,,,,,890.898888698561,0.00049053127,138.027415220987,0.00061743165,-0.009796106,-0.015277144
7407.389,5.8157954,-0.003980794,218446,890.8981107082992,138.02572554969763,6811.6396,4.9041023,2172.4443,1.7612066,7407.389,5.8157954,0,,,,,890.8981107082992,0.00049049815,138.02572554969763,0.000618058,-0.010835332,-0.01815248
7401.604,5.8214684,-0.003980813,218447,890.8990296985337,138.0275287714317,6806.534,4.908886,2192.4377,1.7684609,7401.604,5.8214684,0,,,,,890.8990296985337,0.0004910156,138.0275287714317,0.00061928557,-0.010082012,-0.017485926
7403.9604,5.8322577,-0.0039808317,218448,890.8977277537616,138.02624374077803,6809.8228,4.9179835,2217.0322,1.7765142,7403.9604,5.8322577,0,,,,,890.8977277537616,0.0004915549,138.02624374077803,0.0006203072,-0.011361487,-0.017479146
7403.5093,5.844937,-0.0039808503,218449,890.8987024610515,138.02701584643873,6808.145,4.928675,2244.2727,1.7855278,7403.5093,5.844937,0,,,,,890.8987024610515,0.0004932818,138.02701584643873,0.0006220236,-0.010605824,-0.017814532
7407.08,5.857722,-0.003980869,218450,890.8983963845262,138.02640646513936,6811.8823,4.939456,2274.7388,1.794995,7407.08,5.857722,0,,,,,890.8983963845262,0.00049376464,138.02640646513936,0.0006228959,-0.010907089,-0.01743437
7405.2314,5.8709984,-0.0039808867,218451,890.8988367791817,138.02623074320914,6810.046,4.9506516,2308.532,1.8057524,7405.2314,5.8709984,0,,,,,890.8988367791817,0.0004949262,138.02623074320914,0.0006247745,-0.009947465,-0.01673731
7389.4146,5.882414,-0.003980905,218452,890.898542899926,138.02557613436684,6797.4146,4.960277,2344.6663,1.8174756,7389.4146,5.882414,0,,,,,890.898542899926,0.00049640285,138.02557613436684,0.0006274348,-0.010151131,-0.017729545
7395.7495,5.899332,-0.003980922,218453,890.89708623738,138.02713790623218,6803.1504,4.9745436,2378.7065,1.828386,7395.7495,5.899332,0,,,,,890.89708623738,0.0004976315,138.02713790623218,0.0006291194,-0.011526362,-0.016731404
7399.405,5.9114943,-0.0039809397,218454,890.8988488428865,138.02579698554482,6806.8325,4.9847994,2409.3643,1.8376874,7399.405,5.9114943,0,,,,,890.8988488428865,0.0004983837,138.02579698554482,0.0006305133,-0.009979565,-0.017705612
7400.0186,5.9279265,-0.0039809565,218455,890.898161413053,138.02668434715895,6805.229,4.9986553,2444.0754,1.8493156,7400.0186,5.9279265,0,,,,,890.898161413053,0.00049968134,138.02668434715895,0.0006326839,-0.010548865,-0.016983101
7401.3174,5.939505,-0.0039809733,218456,890.8988324255522,138.02696148903354,6807.7173,5.008419,2474.7256,1.8586941,7401.3174,5.939505,0,,,,,890.8988324255522,0.00050035544,138.02696148903354,0.00063420273,-0.010556768,-0.017458748
7395.806,5.9543505,-0.00398099,218457,890.8974139873428,138.02640980497497,6803.4736,5.020937,2511.078,1.871887,7395.806,5.9543505,0,,,,,890.8974139873428,0.0005017778,138.02640980497497,0.00063606823,-0.01035546,-0.017624915
7392.4434,5.968614,-0.0039810063,218458,890.8979914277845,138.0269443468421,6799.698,5.0329647,2545.1685,1.8809943,7392.4434,5.968614,0,,,,,890.8979914277845,0.00050377974,138.0269443468421,0.0006386644,-0.01011089,-0.017843155
7403.8115,5.982029,-0.003981022,218459,890.8980321284223,138.02699997282275,6809.658,5.0442767,2574.9421,1.8899285,7403.8115,5.982029,0,,,,,890.8980321284223,0.0005038396,138.02699997282275,0.0006391526,-0.010677946,-0.017672636
7394.14,5.9935746,-0.003981038,218460,890.8980140958656,138.02637439997326,6802.521,5.0540123,2608.3179,1.900477,7394.14,5.9935746,0,,,,,890.8980140958656,0.0005052087,138.02637439997326,0.00064124085,-0.010753808,-0.017598048
7393.336,6.007762,-0.003981054,218461,890.8971269768201,138.02747136356265,6802.9575,5.0659757,2644.2097,1.9109294,7393.336,6.007762,0,,,,,890.8971269768201,0.0005060514,138.02747136356265,0.00064296153,-0.010769943,-0.016167833
7393.228,6.0253825,-0.003981069,218462,890.8973694930272,138.02671942486901,6801.613,5.080834,2682.735,1.923288,7393.228,6.0253825,0,,,,,890.8973694930272,0.00050773856,138.02671942486901,0.00064540876,-0.010481885,-0.017528227
7399.251,6.040679,-0.003981084,218463,890.8981146723273,138.02724682162216,6807.101,5.093733,2716.6917,1.9340267,7399.251,6.040679,0,,,,,890.8981146723273,0.0005088977,138.02724682162216,0.00064680196,-0.009528887,-0.01831668
7401.7397,6.056162,-0.003981099,218464,890.8967428147514,138.02860265619432,6810.59,5.1067886,2753.2546,1.9465055,7401.7397,6.056162,0,,,,,890.8967428147514,0.00050935656,138.02860265619432,0.00064789975,-0.011291722,-0.0156665
7396.804,6.0636544,-0.003981114,218465,890.8981329613947,138.02593415512032,6805.7554,5.1131063,2779.2603,1.9515985,7396.804,6.0636544,0,,,,,890.8981329613947,0.00051071035,138.02593415512032,0.0006499031,-0.009214532,-0.01752414
7398.014,6.0673923,-0.0039811283,218466,890.8971137842699,138.0265068237159,6807.5024,5.116258,2784.8752,1.9544783,7398.014,6.0673923,0,,,,,890.8971137842699,0.00051072525,138.0265068237159,0.0006498974,-0.010595986,-0.018317688
7391.7456,6.0726414,-0.0039811423,218467,890.8976426257202,138.02781341548786,6801.827,5.1206846,2803.1846,1.9593852,7391.7456,6.0726414,0,,,,,890.8976426257202,0.0005114921,138.02781341548786,0.00065186847,-0.009698682,-0.016119866
7384.237,6.0768237,-0.0039811563,218468,890.8982990755366,138.02697877343647,6795.6714,5.1242113,2819.346,1.9638897,7384.237,6.0768237,0,,,,,890.8982990755366,0.00051230914,138.02697877343647,0.00065259525,-0.010145334,-0.01731801
7401.372,6.087919,-0.0039811702,218469,890.8974591271891,138.02851305005782,6810.7593,5.1335673,2835.1436,1.9689945,7401.372,6.087919,0,,,,,890.8974591271891,0.0005122242,138.02851305005782,0.0006522785,-0.010382896,-0.017280513
7393.2227,6.097028,-0.0039811837,218470,890.8980404095824,138.02840877730924,6803.621,5.141248,2857.7698,1.9749755,7393.2227,6.097028,0,,,,,890.8980404095824,0.000513781,138.02840877730924,0.00065409055,-0.008790882,-0.017187485
7398.0347,6.10718,-0.003981197,218471,890.8975901819357,138.02666459065063,6808.137,5.149809,2876.8481,1.9816748,7398.0347,6.10718,0,,,,,890.8975901819357,0.0005134883,138.02666459065063,0.00065505435,-0.010215133,-0.017387198
7393.6978,6.1137695,-0.0039812103,218472,890.8978990784399,138.02688998453553,6804.0366,5.1553655,2901.2703,1.9891431,7393.6978,6.1137695,0,,,,,890.8978990784399,0.0005146608,138.02688998453553,0.00065637124,-0.010460219,-0.017771924
7397.4043,6.1241703,-0.003981223,218473,890.8969398500192,138.02698499683285,6807.416,5.164136,2924.215,1.9952983,7397.4043,6.1241703,0,,,,,890.8969398500192,0.0005152661,138.02698499683285,0.0006571986,-0.010368903,-0.017730275
7401.168,6.1322665,-0.003981236,218474,890.8976811352319,138.02813902217622,6810.911,5.170963,2945.9224,2.0018158,7401.168,6.1322665,0,,,,,890.8976811352319,0.0005157268,138.02813902217622,0.00065777346,-0.009866051,-0.01639047
7385.6465,6.1389523,-0.003981248,218475,890.8980622710495,138.02737781484532,6797.6196,5.176601,2970.0088,2.0083466,7385.6465,6.1389523,0,,,,,890.8980622710495,0.00051722775,138.02737781484532,0.00065988215,-0.009857467,-0.017516503
7395.47,6.148942,-0.0039812606,218476,890.8978912004517,138.02672263692648,6806.2134,5.1850243,2989.2954,2.014638,7395.47,6.148942,0,,,,,890.8978912004517,0.00051714556,138.02672263692648,0.00066027173,-0.009516843,-0.017005598
7388.9907,6.155749,-0.0039812727,218477,890.8972892520806,138.0271712266546,6801.235,5.190764,3009.4824,2.0200136,7388.9907,6.155749,0,,,,,890.8972892520806,0.00051818334,138.0271712266546,0.00066165073,-0.009680834,-0.017714437
7399.5806,6.1629186,-0.0039812843,218478,890.8975199639639,138.0274997822128,6810.049,5.19681,3020.5637,2.0241737,7399.5806,6.1629186,0,,,,,890.8975199639639,0.0005181165,138.0274997822128,0.00066146377,-0.010248521,-0.01658577
7398.4976,6.1685243,-0.003981296,218479,890.897980162899,138.02702407921376,6809.5835,5.2015367,3034.3955,2.0271645,7398.4976,6.1685243,0,,,,,890.897980162899,0.0005189097,138.02702407921376,0.0006620849,-0.009667586,-0.017374326
7386.5215,6.1728296,-0.0039813076,218480,890.896640917447,138.02736376392022,6799.402,5.205167,3051.814,2.0329149,7386.5215,6.1728296,0,,,,,890.896640917447,0.0005196775,138.02736376392022,0.0006638791,-0.010196839,-0.017190207
7391.192,6.1779237,-0.003981319,218481,890.8968426538931,138.0277526326118,6803.5757,5.2094626,3062.531,2.0350044,7391.192,6.1779237,0,,,,,890.8968426538931,0.00051993044,138.0277526326118,0.0006641765,-0.010787208,-0.016638082
7390.1235,6.183961,-0.00398133,218482,890.8976485947593,138.0265343878669,6802.6787,5.2145534,3077.52,2.039302,7390.1235,6.183961,0,,,,,890.8976485947593,0.00052025367,138.0265343878669,0.0006651611,-0.010231245,-0.017035007
7397.602,6.1909013,-0.0039813407,218483,890.8973400101764,138.02764435036835,6809.235,5.2204056,3088.7244,2.0434053,7397.602,6.1909013,0,,,,,890.8973400101764,0.0005203508,138.02764435036835,0.0006653447,-0.009772635,-0.016533364
7384.824,6.196624,-0.0039813514,218484,890.8973206118102,138.0276407748447,6798.494,5.2252316,3111.4917,2.0497913,7384.824,6.196624,0,,,,,890.8973206118102,0.00052166416,138.0276407748447,0.0006669098,-0.009367694,-0.017835982
7388.376,6.206636,-0.003981362,218485,890.8972128515595,138.02746778697988,6801.5166,5.2336736,3131.8425,2.0553696,7388.376,6.206636,0,,,,,890.8972128515595,0.00052205805,138.02746778697988,0.00066792726,-0.008938185,-0.016026024
7398.3228,6.2209563,-0.0039813723,218486,890.8963892030556,138.0269220218281,6810.1387,5.245749,3158.124,2.0642526,7398.3228,6.2209563,0,,,,,890.8963892030556,0.00052288,138.0269220218281,0.00066870154,-0.010038112,-0.017662449
7395.367,6.2270365,-0.0039813826,218487,890.8971570832196,138.02839176418033,6807.699,5.250876,3184.9578,2.0699835,7395.367,6.2270365,0,,,,,890.8971570832196,0.0005232436,138.02839176418033,0.0006697295,-0.009184433,-0.016849268
7394.98,6.239797,-0.0039813924,218488,890.8965803562431,138.02806796814593,6807.44,5.2616367,3215.6274,2.0789726,7394.98,6.239797,0,,,,,890.8965803562431,0.0005246361,138.02806796814593,0.0006715103,-0.010217113,-0.016583333
7387.838,6.2514896,-0.003981402,218489,890.897329792035,138.02698915587285,6801.7104,5.271496,3246.4802,2.0883029,7387.838,6.2514896,0,,,,,890.897329792035,0.00052565284,138.02698915587285,0.0006735092,-0.0094380705,-0.016332144
7392.481,6.2638144,-0.003981412,218490,890.8973802029725,138.02758589002494,6805.829,5.281889,3276.4087,2.0958807,7392.481,6.2638144,0,,,,,890.8973802029725,0.0005267706,138.02758589002494,0.0006748247,-0.009771286,-0.017206762
7391.693,6.27523,-0.0039814212,218491,890.8964115847293,138.0272292755315,6805.112,5.291515,3308.104,2.1046255,7391.693,6.27523,0,,,,,890.8964115847293,0.00052739563,138.0272292755315,0.00067600963,-0.008960726,-0.01636478
7408.975,6.2884293,-0.0039814305,218492,890.8965485198207,138.02870846438776,6819.7686,5.302645,3331.45,2.110985,7408.975,6.2884293,0,,,,,890.8965485198207,0.0005273837,138.02870846438776,0.00067659083,-0.010383692,-0.016451571
7396.4214,6.2957473,-0.0039814394,218493,890.8971771408527,138.02902040634223,6809.301,5.308816,3356.7014,2.1179702,7396.4214,6.2957473,0,,,,,890.8971771408527,0.0005289006,138.02902040634223,0.0006782007,-0.00747783,-0.014883764
7386.031,6.303989,-0.0039814482,218494,890.895313101324,138.02645693234788,6800.4634,5.3157654,3379.6807,2.1267872,7386.031,6.303989,0,,,,,890.895313101324,0.00053000095,138.02645693234788,0.00068023975,-0.010838756,-0.01815099
7384.1665,6.311272,-0.003981457,218495,890.8967638395349,138.0269131742966,6799.187,5.321907,3401.013,2.13104,7384.1665,6.311272,0,,,,,890.8967638395349,0.00053091295,138.0269131742966,0.0006812654,-0.009850546,-0.017810682
7393.328,6.3221755,-0.003981466,218496,890.8967483747979,138.02836885402976,6806.9717,5.3311014,3426.6272,2.1372278,7393.328,6.3221755,0,,,,,890.8967483747979,0.0005310163,138.02836885402976,0.0006815035,-0.008710258,-0.016172051
7388.6597,6.3276577,-0.0039814743,218497,890.8971761317239,138.02740963435886,6803.1226,5.335724,3442.712,2.1412444,7388.6597,6.3276577,0,,,,,890.8971761317239,0.00053195865,138.02740963435886,0.0006827924,-0.008807688,-0.016908726
7387.8423,6.3354106,-0.0039814822,218498,890.8960728265175,138.02764689241968,6802.57,5.342262,3462.798,2.1471467,7387.8423,6.3354106,0,,,,,890.8960728265175,0.0005324391,138.02764689241968,0.00068382226,-0.009740839,-0.015973426
7385.8945,6.340667,-0.0039814906,218499,890.8964458772178,138.02785174269317,6800.796,5.346694,3477.5234,2.150997,7385.8945,6.340667,0,,,,,890.8964458772178,0.00053310586,138.02785174269317,0.00068460277,-0.009968584,-0.016498545
7390.4565,6.348869,-0.003981498,218500,890.8968936393393,138.02839004344747,6804.8867,5.35361,3496.56,2.1553297,7390.4565,6.348869,0,,,,,890.8968936393393,0.00053338974,138.02839004344747,0.0006856951,-0.008797657,-0.01703173
7401.7046,6.3574343,-0.003981506,218501,890.8974208022853,138.02876509155482,6814.2114,5.3608327,3512.2527,2.1606956,7401.7046,6.3574343,0,,,,,890.8974208022853,0.0005334578,138.02876509155482,0.00068541477,-0.009190246,-0.01632021
7401.6577,6.367291,-0.0039815134,218502,890.8957179962483,138.02892753909822,6814.267,5.369144,3536.6985,2.1677213,7401.6577,6.367291,0,,,,,890.8957179962483,0.0005342673,138.02892753909822,0.00068629626,-0.009504086,-0.015852459
7396.3354,6.3741293,-0.003981521,218503,890.8960035700966,138.02974415369707,6809.87,5.374911,3559.714,2.17309,7396.3354,6.3741293,0,,,,,890.8960035700966,0.00053499185,138.02974415369707,0.00068802945,-0.009066976,-0.016387891
7391.687,6.3824368,-0.0039815283,218504,890.8970384886992,138.02904385331667,6805.964,5.3819156,3579.5005,2.1790752,7391.687,6.3824368,0,,,,,890.8970384886992,0.00053604174,138.02904385331667,0.0006897396,-0.008585862,-0.01642546
7388.15,6.388448,-0.0039815353,218505,890.8969335013057,138.02814709232374,6803.064,5.386985,3600.0195,2.1840885,7388.15,6.388448,0,,,,,890.8969335013057,0.0005366451,138.02814709232374,0.00069058733,-0.008723582,-0.016854405
7390.726,6.392862,-0.0039815423,218506,890.8961907868055,138.02889750983445,6805.3306,5.3907065,3610.7664,2.186276,7390.726,6.392862,0,,,,,890.8961907868055,0.0005370591,138.02889750983445,0.00069075654,-0.008773235,-0.016051164
7391.1826,6.3997216,-0.0039815493,218507,890.8958713984376,138.02894229466222,6805.7554,5.396491,3626.0854,2.190951,7391.1826,6.3997216,0,,,,,890.8958713984376,0.00053738157,138.02894229466222,0.0006914046,-0.009638613,-0.01601027
7401.6416,6.404974,-0.003981556,218508,890.896580000679,138.02755276686034,6814.5796,5.40092,3637.5864,2.1933765,7401.6416,6.404974,0,,,,,890.896580000679,0.0005371101,138.02755276686034,0.00069157913,-0.008823526,-0.017834105
7404.1016,6.4097433,-0.0039815623,218509,890.8966698415102,138.02903725234574,6816.5415,5.4049416,3648.2908,2.1965258,7404.1016,6.4097433,0,,,,,890.8966698415102,0.00053728255,138.02903725234574,0.00069155835,-0.008784014,-0.015614775
7393.269,6.4119296,-0.0039815684,218510,890.8950276258524,138.02953861449342,6807.4214,5.4067855,3659.569,2.2004657,7393.269,6.4119296,0,,,,,890.8950276258524,0.0005380875,138.02953861449342,0.0006929018,-0.008844985,-0.014834647
7391.987,6.415132,-0.003981575,218511,890.8955026429788,138.0277519952422,6806.4106,5.409486,3668.4202,2.20163,7391.987,6.415132,0,,,,,890.8955026429788,0.00053854,138.0277519952422,0.0006934957,-0.009293024,-0.01629626
7385.6514,6.417832,-0.003981581,218512,890.8973566131743,138.02849454410594,6800.973,5.411762,3679.6929,2.2047327,7385.6514,6.417832,0,,,,,890.8973566131743,0.00053934794,138.02849454410594,0.0006944867,-0.0068430216,-0.016590256
7403.079,6.4242816,-0.0039815865,218513,890.8954507298978,138.02929792060493,6816.139,5.417201,3683.5078,2.2061381,7403.079,6.4242816,0,,,,,890.8954507298978,0.0005387188,138.02929792060493,0.0006935919,-0.009250462,-0.016386323
7395.5117,6.4256897,-0.0039815926,218514,890.8964094199126,138.02932937821234,6809.541,5.4183884,3695.025,2.208895,7395.5117,6.4256897,0,,,,,890.8964094199126,0.00053920917,138.02932937821234,0.00069412135,-0.00866403,-0.015691819
7401.0566,6.4286056,-0.003981598,218515,890.8961408412841,138.0286675258341,6814.1094,5.420847,3698.8914,2.210339,7401.0566,6.4286056,0,,,,,890.8961408412841,0.00053893565,138.0286675258341,0.0006942443,-0.008696163,-0.016721057
7396.704,6.4296207,-0.0039816033,218516,890.8955353145338,138.02838779228125,6810.5933,5.421703,3704.9756,2.2111142,7396.704,6.4296207,0,,,,,890.8955353145338,0.0005395034,138.02838779228125,0.00069501303,-0.009471522,-0.01638544
7399.8286,6.430283,-0.003981609,218517,890.895614056597,138.0291268516288,6813.0146,5.4222617,3708.2922,2.2117386,7399.8286,6.430283,0,,,,,890.895614056597,0.00053932914,138.0291268516288,0.0006946189,-0.008916662,-0.015210295
7398.3,6.4327884,-0.003981614,218518,890.8962964029432,138.02793292662253,6811.9956,5.424374,3711.3755,2.214704,7398.3,6.4327884,0,,,,,890.8962964029432,0.00053948705,138.02793292662253,0.00069471716,-0.00853695,-0.01499967
7408.525,6.4356375,-0.003981619,218519,890.896505215347,138.02901855939243,6820.5396,5.4267764,3716.4456,2.213596,7408.525,6.4356375,0,,,,,890.896505215347,0.000539279,138.02901855939243,0.00069435633,-0.008613055,-0.01545422
7398.816,6.434012,-0.003981624,218520,890.896791679032,138.0291574192066,6812.366,5.425406,3716.2344,2.2144265,7398.816,6.434012,0,,,,,890.896791679032,0.0005395467,138.0291574192066,0.0006952664,-0.008317469,-0.017072644
7383.5425,6.435185,-0.003981629,218521,890.8965451919801,138.0286567663439,6799.3228,5.4263954,3726.011,2.2177153,7383.5425,6.435185,0,,,,,890.8965451919801,0.0005405628,138.0286567663439,0.0006968473,-0.009710186,-0.016279837
7388.4824,6.43593,-0.0039816336,218522,890.8970993775002,138.02793720696664,6803.607,5.427023,3728.545,2.2168074,7388.4824,6.43593,0,,,,,890.8970993775002,0.0005406429,138.02793720696664,0.00069647597,-0.0077413595,-0.016486214
7384.52,6.4388995,-0.003981638,218523,890.8957277420488,138.02883151325506,6800.2544,5.4295278,3734.7102,2.218788,7384.52,6.4388995,0,,,,,890.8957277420488,0.0005405232,138.02883151325506,0.00069721,-0.008312655,-0.015963985
7394.3364,6.44358,-0.0039816424,218524,890.8961972042223,138.02837133182402,6808.6553,5.4334745,3741.777,2.2213683,7394.3364,6.44358,0,,,,,890.8961972042223,0.00054075976,138.02837133182402,0.00069679355,-0.008739603,-0.015320994
7382.7427,6.445883,-0.0039816466,218525,890.8964856532856,138.0289960939339,6798.876,5.4354157,3755.4429,2.2240782,7382.7427,6.445883,0,,,,,890.8964856532856,0.0005417588,138.0289960939339,0.00069795875,-0.008259526,-0.015960965
7392.6313,6.4543447,-0.003981651,218526,890.8957618586971,138.0293529577258,6807.2197,5.4425516,3772.8352,2.2285335,7392.6313,6.4543447,0,,,,,890.8957618586971,0.0005417232,138.0293529577258,0.00069809315,-0.008739382,-0.015476971
7380.079,6.4608216,-0.0039816545,218527,890.8966815790207,138.02771902379422,6796.527,5.448013,3794.8752,2.2344136,7380.079,6.4608216,0,,,,,890.8966815790207,0.00054267724,138.02771902379422,0.0006998455,-0.008811184,-0.015847154
7402.1196,6.4719367,-0.0039816583,218528,890.8959930667329,138.0300092326332,6815.2188,5.4573855,3811.9614,2.2387912,7402.1196,6.4719367,0,,,,,890.8959930667329,0.0005424887,138.0300092326332,0.000699692,-0.008169093,-0.015730463
7392.0713,6.47957,-0.003981662,218529,890.8964854873898,138.02967887916395,6806.483,5.463822,3840.588,2.2478588,7392.0713,6.47957,0,,,,,890.8964854873898,0.0005435496,138.02967887916395,0.0007014485,-0.008581665,-0.014485529
7399.0845,6.4897923,-0.0039816657,218530,890.8956872604607,138.02797561142276,6812.6504,5.4724417,3864.9556,2.2518792,7399.0845,6.4897923,0,,,,,890.8956872604607,0.00054408674,138.02797561142276,0.0007018677,-0.008027603,-0.015961653
7397.6904,6.4992285,-0.003981669,218531,890.8951660551163,138.02786084167548,6811.313,5.480399,3893.7625,2.2590864,7397.6904,6.4992285,0,,,,,890.8951660551163,0.0005447675,138.02786084167548,0.0007034811,-0.008661793,-0.016421314
7397.3247,6.5106835,-0.0039816727,218532,890.8969291597599,138.02903420228276,6811.0273,5.4900584,3920.4043,2.2666075,7397.3247,6.5106835,0,,,,,890.8969291597599,0.0005460198,138.02903420228276,0.00070483837,-0.008231923,-0.015670212
7396.4814,6.5173874,-0.003981676,218533,890.8955452269261,138.02976881483661,6810.151,5.4957113,3938.8682,2.2710187,7396.4814,6.5173874,0,,,,,890.8955452269261,0.0005464087,138.02976881483661,0.0007057584,-0.008013746,-0.015422805
7390.018,6.5221796,-0.0039816787,218534,890.8964562902537,138.02848628698726,6804.9106,5.4997525,3958.1965,2.2750027,7390.018,6.5221796,0,,,,,890.8964562902537,0.0005474592,138.02848628698726,0.00070676586,-0.008860323,-0.015381292
7390.949,6.5295067,-0.003981682,218535,890.8965105521984,138.02803158702866,6805.4966,5.5059304,3975.62,2.280087,7390.949,6.5295067,0,,,,,890.8965105521984,0.00054799713,138.02803158702866,0.0007079074,-0.007536027,-0.016048068
7401.599,6.53725,-0.003981685,218536,890.8965677448637,138.02979264295027,6814.499,5.5124607,3990.1626,2.2839124,7401.599,6.53725,0,,,,,890.8965677448637,0.0005479081,138.02979264295027,0.0007079879,-0.00811014,-0.0150629
7393.615,6.5417614,-0.0039816876,218537,890.8963121873413,138.02795321051903,6807.72,5.5162644,4004.3313,2.2874057,7393.615,6.5417614,0,,,,,890.8963121873413,0.00054885744,138.02795321051903,0.00070912007,-0.00805703,-0.01643371
7394.8115,6.5483274,-0.00398169,218538,890.8955972415886,138.03000350683666,6808.734,5.5218015,4019.0115,2.291631,7394.8115,6.5483274,0,,,,,890.8955972415886,0.00054921716,138.03000350683666,0.00070974254,-0.007864687,-0.014928894
7394.9336,6.5499706,-0.0039816923,218539,890.8946840421911,138.0281450408325,6808.902,5.5231867,4031.8613,2.2939644,7394.9336,6.5499706,0,,,,,890.8946840421911,0.00054915046,138.0281450408325,0.0007098349,-0.009464304,-0.01664997
7394.529,6.553748,-0.003981695,218540,890.8968360254883,138.02829655281948,6808.5923,5.5263724,4042.4734,2.296651,7394.529,6.553748,0,,,,,890.8968360254883,0.00054956175,138.02829655281948,0.0007100629,-0.0070828744,-0.015595186
7403.997,6.5583396,-0.003981697,218541,890.8962662119467,138.0288888656647,6816.447,5.530244,4050.7334,2.2983437,7403.997,6.5583396,0,,,,,890.8962662119467,0.0005492387,138.0288888656647,0.00071032747,-0.008429978,-0.015759762
7400.89,6.559145,-0.0039816992,218542,890.8956863063371,138.02831882750723,6813.815,5.5309234,4054.5347,2.2995486,7400.89,6.559145,0,,,,,890.8956863063371,0.0005495901,138.02831882750723,0.0007105733,-0.007844259,-0.015534973
7395.6724,6.5593085,-0.003981701,218543,890.8962738987133,138.02980981678974,6809.339,5.5310607,4054.198,2.2999227,7395.6724,6.5593085,0,,,,,890.8962738987133,0.0005501992,138.02980981678974,0.0007108478,-0.007816296,-0.015068762
7401.0234,6.562926,-0.003981703,218544,890.8961166777682,138.02896972991027,6813.8804,5.534111,4062.6248,2.3032193,7401.0234,6.562926,0,,,,,890.8961166777682,0.000549685,138.02896972991027,0.00071110605,-0.0075877532,-0.015079715
7388.728,6.5630307,-0.003981705,218545,890.8963934465266,138.0276349760187,6803.524,5.534199,4069.245,2.3030593,7388.728,6.5630307,0,,,,,890.8963934465266,0.00055070495,138.0276349760187,0.0007116744,-0.008072934,-0.016321342
7392.8765,6.56379,-0.0039817067,218546,890.8965395171839,138.02957080909027,6806.971,5.53484,4071.2832,2.3033588,7392.8765,6.56379,0,,,,,890.8965395171839,0.00055056764,138.02957080909027,0.00071184593,-0.007884247,-0.015014503
7404.768,6.5671372,-0.003981708,218547,890.8957173109889,138.02822783249425,6816.9985,5.537662,4072.3462,2.3040197,7404.768,6.5671372,0,,,,,890.8957173109889,0.0005496591,138.02822783249425,0.0007107828,-0.007892917,-0.014699713
7398.7456,6.5654464,-0.0039817095,218548,890.8952638539563,138.02854774681512,6811.889,5.5362363,4072.7324,2.3034642,7398.7456,6.5654464,0,,,,,890.8952638539563,0.00055012776,138.02854774681512,0.0007114634,-0.008199715,-0.015519065
7394.938,6.5602856,-0.003981711,218549,890.8952314630352,138.02859284694424,6808.6187,5.531885,4061.7039,2.3012097,7394.938,6.5602856,0,,,,,890.8952314630352,0.0005500537,138.02859284694424,0.00071101345,-0.007989246,-0.0147897275
7394.566,6.5586295,-0.0039817123,218550,890.8964505142573,138.0276800097714,6808.4873,5.530488,4056.1345,2.3001628,7394.566,6.5586295,0,,,,,890.8964505142573,0.000549864,138.0276800097714,0.00071099744,-0.0078152595,-0.014616143
7394.4473,6.556527,-0.003981713,218551,890.8969236777552,138.0285081881417,6808.2793,5.5287156,4042.4058,2.2968042,7394.4473,6.556527,0,,,,,890.8969236777552,0.0005500875,138.0285081881417,0.00071077514,-0.007959473,-0.015161111
7402.61,6.549001,-0.003981714,218552,890.8959315529431,138.03035419445956,6815.062,5.5223694,4021.4778,2.2914212,7402.61,6.549001,0,,,,,890.8959315529431,0.00054864143,138.03035419445956,0.0007092778,-0.008357827,-0.014466702
7395.7974,6.539475,-0.003981715,218553,890.8963171071744,138.02843289170625,6809.3735,5.5143366,4003.0127,2.2862415,7395.7974,6.539475,0,,,,,890.8963171071744,0.0005484181,138.02843289170625,0.00070829684,-0.007831219,-0.014624792
7390.5522,6.5278077,-0.003981716,218554,890.8961894131743,138.0282295664143,6805.0435,5.504498,3974.6528,2.278983,7390.5522,6.5278077,0,,,,,890.8961894131743,0.0005477183,138.0282295664143,0.00070738554,-0.008171274,-0.0143350875
7395.637,6.518614,-0.0039817165,218555,890.897099252852,138.02849719270662,6809.19,5.4967456,3947.371,2.2726042,7395.637,6.518614,0,,,,,890.897099252852,0.00054680946,138.02849719270662,0.0007058507,-0.007446637,-0.016027661
7391.0845,6.5077305,-0.0039817174,218556,890.8963734586646,138.02843994680185,6805.277,5.487569,3921.076,2.2657723,7391.0845,6.5077305,0,,,,,890.8963734586646,0.00054622086,138.02843994680185,0.00070527307,-0.007369781,-0.014828477
7394.4907,6.4974294,-0.003981718,218557,890.8962283631546,138.02925807680597,6808.253,5.478882,3892.9326,2.2581832,7394.4907,6.4974294,0,,,,,890.8962283631546,0.0005451896,138.02925807680597,0.00070353923,-0.008543372,-0.014711266
7388.627,6.4854803,-0.003981718,218558,890.8968754630279,138.02860027279388,6803.2334,5.468806,3864.3323,2.2510443,7388.627,6.4854803,0,,,,,890.8968754630279,0.0005446339,138.02860027279388,0.00070212473,-0.0070160185,-0.014274088
7399.5645,6.4758596,-0.0039817183,218559,890.8964693491951,138.03033196538902,6812.627,5.460694,3831.462,2.2428105,7399.5645,6.4758596,0,,,,,890.8964693491951,0.0005429934,138.03033196538902,0.0007003779,-0.0073317825,-0.01507786
7396.667,6.4657784,-0.0039817183,218560,890.8964006384051,138.03074693496697,6810.1865,5.4521923,3805.4255,2.2362115,7396.667,6.4657784,0,,,,,890.8964006384051,0.00054251973,138.03074693496697,0.0006992061,-0.007875299,-0.014456932
7398.9043,6.4556904,-0.0039817183,218561,890.8971685790891,138.02879306032244,6812.058,5.443686,3777.9614,2.228828,7398.9043,6.4556904,0,,,,,890.8971685790891,0.0005416025,138.02879306032244,0.0006976364,-0.007317559,-0.015071861
7401.225,6.4484,-0.0039817183,218562,890.8969855022775,138.03046193069838,6813.9688,5.4375386,3752.871,2.2222402,7401.225,6.4484,0,,,,,890.8969855022775,0.0005409616,138.03046193069838,0.0006968966,-0.007688375,-0.014414768
7398.362,6.4360356,-0.0039817183,218563,890.896832907584,138.02993631460706,6811.4517,5.4271126,3728.4924,2.2163107,7398.362,6.4360356,0,,,,,890.896832907584,0.0005397978,138.02993631460706,0.00069574703,-0.0075623756,-0.014093966
7399.11,6.4297,-0.003981718,218564,890.8970834923213,138.02817570094743,6811.9604,5.42177,3711.336,2.2110188,7399.11,6.4297,0,,,,,890.8970834923213,0.0005395254,138.02817570094743,0.0006945987,-0.0076415315,-0.01545203
7397.7114,6.420873,-0.003981718,218565,890.8970296439431,138.0305114797916,6810.903,5.414327,3687.8035,2.2056282,7397.7114,6.420873,0,,,,,890.8970296439431,0.00053878146,138.0305114797916,0.0006935362,-0.0066972817,-0.014237165
7401.2314,6.4157567,-0.0039817174,218566,890.8972895769953,138.0283064546257,6813.834,5.4100122,3672.9136,2.201251,7401.2314,6.4157567,0,,,,,890.8972895769953,0.0005380171,138.0283064546257,0.0006923954,-0.007849722,-0.015042516
7402.83,6.412318,-0.0039817165,218567,890.8965932376619,138.03072976051732,6815.314,5.4071126,3660.4116,2.1986675,7402.83,6.412318,0,,,,,890.8965932376619,0.00053764414,138.03072976051732,0.00069217617,-0.007983129,-0.012756281
7391.4272,6.4064846,-0.003981716,218568,890.897016923215,138.02902993218132,6805.685,5.402194,3651.455,2.197178,7391.4272,6.4064846,0,,,,,890.897016923215,0.0005379079,138.02902993218132,0.0006924472,-0.0075187245,-0.01488297
7402.2554,6.4026866,-0.003981715,218569,890.8963218388276,138.02969875842464,6814.9297,5.398991,3637.6748,2.1920204,7402.2554,6.4026866,0,,,,,890.8963218388276,0.0005369596,138.02969875842464,0.00069097395,-0.008074073,-0.014706477
7400.9956,6.399283,-0.0039817146,218570,890.8971218808188,138.02922252029148,6813.782,5.396121,3630.4316,2.1892612,7400.9956,6.399283,0,,,,,890.8971218808188,0.0005369447,138.02922252029148,0.0006906158,-0.0063072816,-0.014746978
7399.557,6.399179,-0.0039817137,218571,890.896822290851,138.02926511531194,6812.6406,5.3960333,3625.903,2.18909,7399.557,6.399179,0,,,,,890.896822290851,0.0005370212,138.02926511531194,0.00069080107,-0.008126214,-0.014554675
7399.7744,6.398113,-0.0039817123,218572,890.8962872150266,138.02862955818853,6812.8477,5.395135,3621.5557,2.187491,7399.7744,6.398113,0,,,,,890.8962872150266,0.00053684035,138.02862955818853,0.0006905927,-0.0076356987,-0.014656689
7401.3423,6.395189,-0.0039817113,218573,890.8962746343127,138.0308165166102,6814.07,5.3926687,3617.948,2.186469,7401.3423,6.395189,0,,,,,890.8962746343127,0.00053671177,138.0308165166102,0.0006903567,-0.0074699214,-0.013707448
7406.7773,6.3935986,-0.00398171,218574,890.8973742694271,138.02968648235267,6818.812,5.391328,3612.5269,2.1844184,7406.7773,6.3935986,0,,,,,890.8973742694271,0.0005359057,138.02968648235267,0.00068944023,-0.006640554,-0.0145558035
7392.294,6.3918757,-0.0039817085,218575,890.8962383379048,138.0297168884385,6806.534,5.3898754,3608.4373,2.184081,7392.294,6.3918757,0,,,,,890.8962383379048,0.000536433,138.0297168884385,0.00069075957,-0.008244392,-0.013776518
7400.7476,6.3908033,-0.003981707,218576,890.8971572279797,138.02918397057485,6813.862,5.388971,3604.7896,2.183165,7400.7476,6.3908033,0,,,,,890.8971572279797,0.0005362318,138.02918397057485,0.00068959146,-0.007415139,-0.014129151
7397.7593,6.3881836,-0.0039817058,218577,890.8980431588806,138.0294075711999,6811.243,5.3867617,3602.5461,2.1827967,7397.7593,6.3881836,0,,,,,890.8980431588806,0.0005360462,138.0294075711999,0.00068962266,-0.007584602,-0.01426119
7397.699,6.3888474,-0.0039817044,218578,890.8966305387956,138.02921736043862,6811.251,5.3873215,3602.3865,2.1828063,7397.699,6.3888474,0,,,,,890.8966305387956,0.00053630135,138.02921736043862,0.000689449,-0.007906631,-0.014157048
7406.485,6.3890934,-0.0039817025,218579,890.8982995663993,138.03012773379348,6818.5483,5.387529,3601.5002,2.1815343,7406.485,6.3890934,0,,,,,890.8982995663993,0.00053564116,138.03012773379348,0.0006886106,-0.00737605,-0.013625867
7407.439,6.3893113,-0.0039817006,218580,890.8979660424316,138.0288067338115,6819.311,5.3877125,3599.8018,2.182565,7407.439,6.3893113,0,,,,,890.8979660424316,0.00053563307,138.0288067338115,0.00068887684,-0.007131657,-0.014029905
7393.378,6.3870635,-0.003981699,218581,890.898573149083,138.02864552142614,6807.763,5.385817,3602.3826,2.181578,7393.378,6.3870635,0,,,,,890.898573149083,0.0005363243,138.02864552142614,0.0006898724,-0.0066410447,-0.014521913
7388.4604,6.385042,-0.003981697,218582,890.8977625160545,138.03046961582396,6803.4453,5.384113,3599.3362,2.181226,7388.4604,6.385042,0,,,,,890.8977625160545,0.00053642044,138.03046961582396,0.0006900442,-0.006775052,-0.013388799
7383.1494,6.3896914,-0.0039816946,218583,890.8977825555185,138.02865879642792,6799.0264,5.388033,3603.502,2.1843402,7383.1494,6.3896914,0,,,,,890.8977825555185,0.00053681375,138.02865879642792,0.0006912293,-0.0069006644,-0.015039799
7400.4243,6.3894863,-0.0039816927,218584,890.8965097699848,138.030591805669,6813.6006,5.3878603,3601.973,2.1826634,7400.4243,6.3894863,0,,,,,890.8965097699848,0.00053604983,138.030591805669,0.00068940327,-0.008175197,-0.013787633
7406.88,6.3935914,-0.0039816904,218585,890.897731535719,138.03017614729876,6819.0835,5.3913217,3612.6057,2.1844416,7406.88,6.3935914,0,,,,,890.897731535719,0.00053587835,138.03017614729876,0.00068942714,-0.0061722393,-0.014109862
7401.201,6.3945537,-0.003981688,218586,890.8973217948953,138.03070875037506,6814.35,5.392133,3619.2295,2.1860998,7401.201,6.3945537,0,,,,,890.8973217948953,0.000536304,138.03070875037506,0.000690064,-0.007901735,-0.0129080415
7395.0664,6.396598,-0.0039816853,218587,890.8977128376509,138.03051559821787,6809.2866,5.393857,3626.949,2.1886415,7395.0664,6.396598,0,,,,,890.8977128376509,0.0005368823,138.03051559821787,0.00069084234,-0.006568152,-0.012919687
7387.51,6.397938,-0.003981683,218588,890.8983196203982,138.0296819316693,6802.874,5.3949866,3634.5686,2.1901913,7387.51,6.397938,0,,,,,890.8983196203982,0.0005375448,138.0296819316693,0.0006916703,-0.0065639634,-0.0135732535
7389.0093,6.403784,-0.00398168,218589,890.8985427820567,138.0289693133898,6804.115,5.3999166,3647.1475,2.193633,7389.0093,6.403784,0,,,,,890.8985427820567,0.0005378684,138.0289693133898,0.00069224107,-0.0064442814,-0.013662583
7394.0635,6.4074907,-0.003981678,218590,890.8975948741703,138.02946761463926,6808.5093,5.4030423,3659.491,2.1964493,7394.0635,6.4074907,0,,,,,890.8975948741703,0.0005378774,138.02946761463926,0.00069205626,-0.007465876,-0.013514785
7399.3867,6.41058,-0.003981675,218591,890.8970433238297,138.03003143619358,6812.9907,5.4056473,3664.743,2.1977198,7399.3867,6.41058,0,,,,,890.8970433238297,0.0005379723,138.03003143619358,0.0006920171,-0.006851893,-0.013214534
7398.4707,6.4207945,-0.0039816718,218592,890.8980288284988,138.03014651758951,6812.2437,5.414261,3680.8367,2.2030838,7398.4707,6.4207945,0,,,,,890.8980288284988,0.0005387172,138.03014651758951,0.0006935272,-0.006352586,-0.013480053
7405.131,6.421182,-0.003981669,218593,890.8972131836813,138.03021448682685,6817.84,5.4145875,3687.8745,2.2042713,7405.131,6.421182,0,,,,,890.8972131836813,0.00053827366,138.03021448682685,0.0006931991,-0.0069645247,-0.014038774
7394.834,6.4240866,-0.003981666,218594,890.8984546618051,138.02965062589232,6809.409,5.4170365,3702.3733,2.2084455,7394.834,6.4240866,0,,,,,890.8984546618051,0.0005390165,138.02965062589232,0.00069415604,-0.0060007265,-0.014256751
7391.9507,6.431678,-0.003981663,218595,890.8970272836712,138.03069250085025,6806.8643,5.4234376,3724.2134,2.213874,7391.9507,6.431678,0,,,,,890.8970272836712,0.00053977413,138.03069250085025,0.0006952988,-0.007460366,-0.012257298
7399.4155,6.440238,-0.0039816597,218596,890.8972044976209,138.03039626457578,6813.1973,5.430656,3742.6335,2.2179644,7399.4155,6.440238,0,,,,,890.8972044976209,0.00054031605,138.03039626457578,0.0006955262,-0.006415601,-0.013786484
7403.545,6.4495273,-0.0039816564,218597,890.8978797221707,138.03007075616588,6816.68,5.4384894,3764.549,2.2233775,7403.545,6.4495273,0,,,,,890.8978797221707,0.0005407873,138.03007075616588,0.0006964421,-0.0062696235,-0.013024884
7401.865,6.459749,-0.003981653,218598,890.896784302302,138.02970460917675,6815.4434,5.4471087,3790.1562,2.2310288,7401.865,6.459749,0,,,,,890.896784302302,0.0005417059,138.02970460917675,0.0006977524,-0.0066988226,-0.013337571
7395.0864,6.4694743,-0.0039816494,218599,890.8978704976994,138.0286517734826,6809.6646,5.4553094,3817.7173,2.2379758,7395.0864,6.4694743,0,,,,,890.8978704976994,0.00054278836,138.0286517734826,0.00069941103,-0.006683289,-0.013073495
7392.5747,6.478272,-0.0039816457,218600,890.8967330311008,138.03071514487917,6807.6836,5.4627275,3845.0403,2.2447608,7392.5747,6.478272,0,,,,,890.8967330311008,0.00054361305,138.03071514487917,0.0007009668,-0.006850068,-0.013474508
7409.174,6.4885473,-0.0039816424,218601,890.897360819272,138.0315436210341,6821.412,5.471392,3863.6738,2.2492418,7409.174,6.4885473,0,,,,,890.897360819272,0.0005434502,138.0315436210341,0.00070090796,-0.006856329,-0.0137084415
7398.2295,6.49668,-0.0039816387,218602,890.895726633873,138.02916810962682,6812.353,5.47825,3890.8293,2.2564468,7398.2295,6.49668,0,,,,,890.895726633873,0.0005446512,138.02916810962682,0.0007027732,-0.0067946548,-0.013637076
7393.624,6.507904,-0.0039816345,218603,890.898329393505,138.02937263460018,6808.5005,5.487715,3924.5603,2.2647305,7393.624,6.507904,0,,,,,890.898329393505,0.000545946,138.02937263460018,0.00070433726,-0.0063800556,-0.013329051
7390.439,6.5177035,-0.003981631,218604,890.8960387988536,138.03118785802346,6805.845,5.495978,3953.5498,2.271991,7390.439,6.5177035,0,,,,,890.8960387988536,0.00054678146,138.03118785802346,0.0007060873,-0.007376778,-0.012437921
7402.647,6.531617,-0.0039816266,218605,890.8977565246562,138.03027294052683,6816.204,5.5077105,3984.4158,2.2800107,7402.647,6.531617,0,,,,,890.8977565246562,0.0005472413,138.03027294052683,0.0007067928,-0.005750711,-0.012896659
7400.155,6.5443826,-0.003981623,218606,890.8961458113229,138.0299910411286,6814.1724,5.5184746,4020.7996,2.2888048,7400.155,6.5443826,0,,,,,890.8961458113229,0.00054823514,138.0299910411286,0.0007083087,-0.0073405774,-0.01248279
7391.1865,6.553337,-0.0039816187,218607,890.8978309359766,138.02978463076266,6806.569,5.5260253,4050.364,2.2978358,7391.1865,6.553337,0,,,,,890.8978309359766,0.0005496159,138.02978463076266,0.00071035285,-0.005376211,-0.014262646
7408.9424,6.564995,-0.0039816145,218608,890.8983108521155,138.03013989395072,6821.584,5.535856,4070.797,2.3032053,7408.9424,6.564995,0,,,,,890.8983108521155,0.00054945366,138.03013989395072,0.00070992945,-0.006258556,-0.0122371735
7396.6084,6.5771484,-0.0039816103,218609,890.8967457430738,138.02912120978624,6811.3203,5.5461044,4103.6772,2.3098016,7396.6084,6.5771484,0,,,,,890.8967457430738,0.0005515785,138.02912120978624,0.000712562,-0.00709593,-0.013604448
7399.9917,6.5841713,-0.0039816056,218610,890.8969553279356,138.03080053821736,6814.2725,5.552026,4125.795,2.3153844,7399.9917,6.5841713,0,,,,,890.8969553279356,0.0005517632,138.03080053821736,0.00071296917,-0.005907053,-0.012253826
7392.8677,6.5913787,-0.0039816014,218611,890.8958478305984,138.03003645435163,6808.0645,5.558104,4149.812,2.3225057,7392.8677,6.5913787,0,,,,,890.8958478305984,0.0005525729,138.03003645435163,0.0007150316,-0.006360756,-0.0132029485
7394.852,6.5950546,-0.003981597,218612,890.896722671393,138.03180708990104,6809.755,5.5612035,4160.082,2.3246176,7394.852,6.5950546,0,,,,,890.896722671393,0.00055284955,138.03180708990104,0.00071501645,-0.006249216,-0.012923607
7390.6567,6.597646,-0.003981592,218613,890.8974026587853,138.02972647336298,6806.4927,5.5633883,4169.311,2.3262515,7390.6567,6.597646,0,,,,,890.8974026587853,0.00055335945,138.02972647336298,0.0007154264,-0.00572826,-0.012872278
7403.939,6.602171,-0.0039815875,218614,890.896581830975,138.02961342334623,6817.7495,5.567204,4171.27,2.327125,7403.939,6.602171,0,,,,,890.896581830975,0.000552914,138.02961342334623,0.0007151888,-0.005757639,-0.013568587
7403.9595,6.605221,-0.003981583,218615,890.8967253193752,138.03041417826978,6817.6333,5.569776,4183.359,2.3293743,7403.9595,6.605221,0,,,,,890.8967253193752,0.00055311923,138.03041417826978,0.00071552186,-0.0065412256,-0.0135827325
7393.6035,6.6074333,-0.0039815777,218616,890.8968293603835,138.02976134110014,6808.872,5.5716414,4191.809,2.3319433,7393.6035,6.6074333,0,,,,,890.8968293603835,0.00055381324,138.02976134110014,0.0007168428,-0.006261604,-0.01233046
7388.9453,6.607175,-0.003981573,218617,890.8967154559251,138.03035380373043,6805.113,5.5714235,4196.7573,2.3328993,7388.9453,6.607175,0,,,,,890.8967154559251,0.00055407314,138.03035380373043,0.000717212,-0.005877564,-0.012829214
7412.2437,6.609577,-0.003981568,218618,890.8986528554846,138.0292437489425,6824.877,5.5734496,4189.858,2.3310354,7412.2437,6.609577,0,,,,,890.8986528554846,0.00055275526,138.0292437489425,0.000715275,-0.005234098,-0.013338855
7401.631,6.605111,-0.003981563,218619,890.8966720598838,138.03030278646173,6815.8247,5.5696836,4183.6323,2.3304017,7401.631,6.605111,0,,,,,890.8966720598838,0.00055297243,138.03030278646173,0.0007156417,-0.006992512,-0.012904283
7395.7183,6.602426,-0.0039815577,218620,890.8973499776262,138.02864814966014,6810.774,5.5674195,4176.5645,2.329156,7395.7183,6.602426,0,,,,,890.8973499776262,0.00055320543,138.02864814966014,0.0007160434,-0.0052341977,-0.014118864
7398.51,6.6022205,-0.003981552,218621,890.897015641263,138.03062061000128,6813.279,5.5672464,4170.989,2.328722,7398.51,6.6022205,0,,,,,890.897015641263,0.00055318966,138.03062061000128,0.00071552413,-0.0059586037,-0.011417478
7403.6616,6.5996857,-0.003981547,218622,890.8973754313956,138.0305723499637,6817.58,5.5651083,4165.0254,2.3256977,7403.6616,6.5996857,0,,,,,890.8973754313956,0.0005527349,138.0305723499637,0.00071451906,-0.0054035336,-0.013129365
7405.8394,6.593866,-0.0039815414,218623,890.8964407658467,138.03235941005883,6819.4478,5.560201,4152.111,2.3217041,7405.8394,6.593866,0,,,,,890.8964407658467,0.0005519151,138.03235941005883,0.0007141958,-0.0063302396,-0.011478072
7389.965,6.5912867,-0.0039815363,218624,890.8976531079333,138.02930291579833,6806.103,5.5580263,4153.067,2.3217156,7389.965,6.5912867,0,,,,,890.8976531079333,0.00055278256,138.02930291579833,0.0007149806,-0.005874227,-0.013443712
7403.1855,6.589474,-0.0039815307,218625,890.8973119914924,138.03011606974954,6817.334,5.5564976,4142.0854,2.3192408,7403.1855,6.589474,0,,,,,890.8973119914924,0.00055177644,138.03011606974954,0.0007133307,-0.0067065004,-0.011737233
7401.221,6.584978,-0.003981525,218626,890.8975850970335,138.0303754925237,6815.744,5.5527067,4129.586,2.316097,7401.221,6.584978,0,,,,,890.8975850970335,0.00055164425,138.0303754925237,0.0007135172,-0.0058017476,-0.012272591
7403.257,6.5846915,-0.003981519,218627,890.8973762152201,138.031088161152,6817.424,5.552465,4127.119,2.3161137,7403.257,6.5846915,0,,,,,890.8973762152201,0.0005514825,138.031088161152,0.0007131178,-0.006023784,-0.012022939
7386.4385,6.5785103,-0.0039815134,218628,890.8964882728638,138.03046559991333,6803.213,5.5472527,4118.3613,2.3133457,7386.4385,6.5785103,0,,,,,890.8964882728638,0.0005520212,138.03046559991333,0.00071375223,-0.0059556514,-0.012659257
7396.4365,6.5780435,-0.0039815074,218629,890.896885536009,138.03018752489018,6811.801,5.5468593,4110.9434,2.3117769,7396.4365,6.5780435,0,,,,,890.896885536009,0.00055124494,138.03018752489018,0.0007127891,-0.0054650097,-0.01185971
7385.693,6.5725083,-0.003981502,218630,890.8978134464843,138.02948290886198,6802.648,5.5421915,4106.186,2.310203,7385.693,6.5725083,0,,,,,890.8978134464843,0.00055172946,138.02948290886198,0.0007131842,-0.0059233266,-0.012969038
7393.786,6.5753226,-0.0039814957,218631,890.8970974884807,138.0306641181038,6809.476,5.5445647,4105.982,2.310364,7393.786,6.5753226,0,,,,,890.8970974884807,0.00055121834,138.0306641181038,0.00071288634,-0.0057880105,-0.0126467245
7406.7935,6.5756373,-0.0039814897,218632,890.897437893704,138.0297278029368,6820.469,5.5448303,4101.0723,2.3087974,7406.7935,6.5756373,0,,,,,890.897437893704,0.0005505012,138.0297278029368,0.00071132666,-0.0054777465,-0.011548458
7395.0396,6.5697446,-0.0039814836,218633,890.897516337341,138.02968345861788,6810.636,5.539861,4090.422,2.3071127,7395.0396,6.5697446,0,,,,,890.897516337341,0.0005507689,138.02968345861788,0.0007118837,-0.0059433836,-0.011982306
7390.6675,6.567526,-0.003981477,218634,890.8972932451916,138.03004183808974,6806.9854,5.53799,4091.0752,2.3057168,7390.6675,6.567526,0,,,,,890.8972932451916,0.0005508078,138.03004183808974,0.0007121305,-0.006258364,-0.013285979
7394.211,6.567172,-0.003981471,218635,890.8971029205451,138.03127194910613,6809.9507,5.537692,4085.1072,2.3059125,7394.211,6.567172,0,,,,,890.8971029205451,0.00055048487,138.03127194910613,0.0007114914,-0.006035314,-0.012239615
7393.773,6.5673394,-0.0039814645,218636,890.8970056778383,138.0313128418262,6809.609,5.537833,4086.6836,2.3055387,7393.773,6.5673394,0,,,,,890.8970056778383,0.0005506661,138.0313128418262,0.0007119911,-0.0057449406,-0.012367995
7398.7983,6.5663676,-0.003981458,218637,890.8980508248757,138.03039518966915,6813.6523,5.5370135,4082.569,2.3042352,7398.7983,6.5663676,0,,,,,890.8980508248757,0.00055017136,138.03039518966915,0.00071084313,-0.0058211894,-0.011765866
7395.8345,6.568595,-0.0039814515,218638,890.8978963275372,138.0302083190597,6811.2476,5.538892,4083.8335,2.3065515,7395.8345,6.568595,0,,,,,890.8978963275372,0.0005504037,138.0302083190597,0.0007116008,-0.0058250423,-0.013571819
7401.432,6.5665984,-0.003981445,218639,890.8973404611946,138.03062210821054,6816.054,5.537208,4082.634,2.304349,7401.432,6.5665984,0,,,,,890.8973404611946,0.0005500262,138.03062210821054,0.000710909,-0.0051961904,-0.011630531
7392.541,6.5646353,-0.0039814385,218640,890.8971705259831,138.0313120514616,6808.575,5.5355525,4082.6094,2.3043392,7392.541,6.5646353,0,,,,,890.8971705259831,0.00055034785,138.0313120514616,0.0007113931,-0.0058026672,-0.011812305
7395.424,6.5628877,-0.0039814315,218641,890.8972739245925,138.0314045499818,6810.9946,5.534079,4076.0413,2.3026354,7395.424,6.5628877,0,,,,,890.8972739245925,0.0005502777,138.0314045499818,0.0007111438,-0.0049635493,-0.012510315
7400.2007,6.56501,-0.003981425,218642,890.8973129015986,138.02928061686572,6815.053,5.5358686,4079.2742,2.304046,7400.2007,6.56501,0,,,,,890.8973129015986,0.0005498787,138.02928061686572,0.0007110876,-0.005943217,-0.0127496505
7396.1704,6.565383,-0.003981418,218643,890.896858834345,138.0317900449678,6811.6025,5.536183,4080.0515,2.303434,7396.1704,6.565383,0,,,,,890.896858834345,0.00055029494,138.0317900449678,0.0007111656,-0.005849867,-0.012046877
7396.625,6.567102,-0.003981411,218644,890.8973630778381,138.03069762489417,6811.8945,5.5376325,4079.2935,2.3032792,7396.625,6.567102,0,,,,,890.8973630778381,0.0005506372,138.03069762489417,0.00071154156,-0.0054018116,-0.011725643
7390.599,6.5678034,-0.003981404,218645,890.8974867817516,138.03204285642428,6807.1694,5.538224,4084.0576,2.304162,7390.599,6.5678034,0,,,,,890.8974867817516,0.00055090775,138.03204285642428,0.0007120556,-0.0059059933,-0.011731911
7399.8184,6.5668564,-0.003981397,218646,890.8975205183662,138.0317255511048,6814.7554,5.5374255,4081.9607,2.304219,7399.8184,6.5668564,0,,,,,890.8975205183662,0.0005503834,138.0317255511048,0.00071126537,-0.0052962154,-0.012109648
7400.0776,6.5688744,-0.0039813896,218647,890.8961884156813,138.0303251537251,6815.1006,5.539127,4091.9705,2.3053114,7400.0776,6.5688744,0,,,,,890.8961884156813,0.00055025885,138.0303251537251,0.00071109727,-0.0057656844,-0.011410597
7405.2036,6.5712733,-0.0039813826,218648,890.8969339873873,138.030008715742,6819.148,5.54115,4093.0767,2.3060853,7405.2036,6.5712733,0,,,,,890.8969339873873,0.00055039703,138.030008715742,0.0007112479,-0.005474283,-0.0118550155
7406.127,6.5767617,-0.003981375,218649,890.8975656231423,138.03125337872027,6820.0693,5.5457783,4099.223,2.3092732,7406.127,6.5767617,0,,,,,890.8975656231423,0.0005505886,138.03125337872027,0.0007117811,-0.005548531,-0.011238479
7401.985,6.5712123,-0.0039813677,218650,890.8974295315039,138.02925332037725,6816.6523,5.5410986,4096.6206,2.3072317,7401.985,6.5712123,0,,,,,890.8974295315039,0.00055049785,138.02925332037725,0.0007114739,-0.0045828936,-0.013284747
7394.9844,6.573955,-0.0039813602,218651,890.8983970423532,138.02992187929075,6810.6787,5.5434113,4104.095,2.309417,7394.9844,6.573955,0,,,,,890.8983970423532,0.0005513389,138.02992187929075,0.00071273907,-0.0051431647,-0.011243371
7407.526,6.576321,-0.003981353,218652,890.8964092306476,138.03149642845165,6821.337,5.545407,4105.885,2.3092642,7407.526,6.576321,0,,,,,890.8964092306476,0.0005504034,138.03149642845165,0.00071147433,-0.005784775,-0.010509753
7390.325,6.5735655,-0.0039813453,218653,890.8974393052099,138.03107139600016,6806.827,5.5430827,4106.078,2.3099775,7390.325,6.5735655,0,,,,,890.8974393052099,0.0005513986,138.03107139600016,0.0007127529,-0.0054370007,-0.01177545
7397.22,6.576246,-0.003981338,218654,890.8984991968015,138.03089487799195,6812.683,5.545343,4107.181,2.310084,7397.22,6.576246,0,,,,,890.8984991968015,0.0005510962,138.03089487799195,0.00071260147,-0.0048984373,-0.012628466
7406.5664,6.5778766,-0.00398133,218655,890.8970218667342,138.0312419197166,6820.5493,5.546718,4108.5444,2.3100536,7406.5664,6.5778766,0,,,,,890.8970218667342,0.00055072474,138.0312419197166,0.0007121412,-0.0055662096,-0.012133412
7403.201,6.5745096,-0.003981322,218656,890.8981424786695,138.03034032751404,6817.5854,5.543879,4102.6387,2.3086402,7403.201,6.5745096,0,,,,,890.8981424786695,0.00055082777,138.03034032751404,0.0007114677,-0.0044917855,-0.011528105
7413.3926,6.5772223,-0.003981314,218657,890.8980348577445,138.031709597183,6826.314,5.5461664,4102.4272,2.3085945,7413.3926,6.5772223,0,,,,,890.8980348577445,0.0005501489,138.031709597183,0.0007110484,-0.0055331197,-0.011563141
7393.3716,6.571845,-0.003981306,218658,890.8978286759816,138.03086346158085,6809.408,5.541632,4098.2637,2.3086002,7393.3716,6.571845,0,,,,,890.8978286759816,0.00055097096,138.03086346158085,0.00071224343,-0.005217919,-0.011631219
7407.5244,6.569504,-0.0039812983,218659,890.8980967418142,138.03105694628167,6821.179,5.5396576,4088.736,2.3051107,7407.5244,6.569504,0,,,,,890.8980967418142,0.00055001926,138.03105694628167,0.00071051304,-0.0059460383,-0.011542913
7393.424,6.564909,-0.0039812904,218660,890.8972840935725,138.02964009253475,6809.251,5.5357833,4085.6597,2.3039649,7393.424,6.564909,0,,,,,890.8972840935725,0.0005504197,138.02964009253475,0.00071155996,-0.0052160434,-0.011770018
7407.876,6.5620613,-0.0039812825,218661,890.8975383428217,138.03038926901777,6821.686,5.533382,4070.4783,2.3000782,7407.876,6.5620613,0,,,,,890.8975383428217,0.00054936245,138.03038926901777,0.00070984283,-0.005094364,-0.011293377
7395.7617,6.5574255,-0.003981274,218662,890.8975854330007,138.02959377532355,6811.4155,5.5294733,4062.2937,2.2989137,7395.7617,6.5574255,0,,,,,890.8975854330007,0.00054956175,138.02959377532355,0.00071024575,-0.0055553773,-0.012235304
7405.2896,6.554939,-0.0039812657,218663,890.8974603580906,138.03149226021267,6819.5034,5.527376,4052.3416,2.2957861,7405.2896,6.554939,0,,,,,890.8974603580906,0.0005488377,138.03149226021267,0.00070907,-0.005560495,-0.010533893
7406.745,6.5501323,-0.0039812573,218664,890.8982129492814,138.0303273216375,6820.779,5.523323,4037.1106,2.291675,7406.745,6.5501323,0,,,,,890.8982129492814,0.0005484307,138.0303273216375,0.00070844305,-0.005206211,-0.011728949
7404.186,6.5478544,-0.003981249,218665,890.8971859474373,138.0312450697233,6818.448,5.5214024,4027.439,2.291086,7404.186,6.5478544,0,,,,,890.8971859474373,0.0005483375,138.0312450697233,0.0007083428,-0.0053416314,-0.010924431
7397.739,6.543785,-0.0039812406,218666,890.8970134851742,138.03124558911114,6812.9204,5.517971,4018.8865,2.289459,7397.739,6.543785,0,,,,,890.8970134851742,0.0005485542,138.03124558911114,0.0007083536,-0.0053768023,-0.011015065
7405.4707,6.538006,-0.003981232,218667,890.8974033364211,138.03138279426582,6819.653,5.513098,4007.2097,2.2837827,7405.4707,6.538006,0,,,,,890.8974033364211,0.000547467,138.03138279426582,0.0007069597,-0.0051464234,-0.012186534
7396.1284,6.531046,-0.003981224,218668,890.8977096711004,138.0315267378942,6811.742,5.507229,3992.5283,2.280433,7396.1284,6.531046,0,,,,,890.8977096711004,0.0005475292,138.0315267378942,0.0007070653,-0.005616349,-0.010278286
7396.3877,6.5248876,-0.003981215,218669,890.8983167262453,138.0306177258928,6811.578,5.5020356,3976.1882,2.276362,7396.3877,6.5248876,0,,,,,890.8983167262453,0.00054729026,138.0306177258928,0.00070644554,-0.004479046,-0.011274759
7397.528,6.52244,-0.003981206,218670,890.8968354181966,138.03011442233404,6812.768,5.499972,3964.131,2.2735715,7397.528,6.52244,0,,,,,890.8968354181966,0.0005468616,138.03011442233404,0.00070567365,-0.0067754765,-0.0106369965
7398.266,6.5146937,-0.0039811973,218671,890.8984169099944,138.03082297237455,6813.341,5.49344,3946.4663,2.2687442,7398.266,6.5146937,0,,,,,890.8984169099944,0.00054596487,138.03082297237455,0.0007047519,-0.0047981758,-0.010395074
7393.056,6.5083723,-0.0039811884,218672,890.8988919583545,138.03075111014272,6808.9937,5.4881096,3932.453,2.265423,7393.056,6.5083723,0,,,,,890.8988919583545,0.00054598926,138.03075111014272,0.00070448883,-0.0046588634,-0.011242978
7397.9424,6.507586,-0.0039811796,218673,890.8963172354203,138.03046932846152,6812.853,5.4874463,3928.066,2.2643373,7397.9424,6.507586,0,,,,,890.8963172354203,0.00054537185,138.03046932846152,0.00070383673,-0.0061917007,-0.011747751
7401.6396,6.502938,-0.0039811707,218674,890.8985973336812,138.0313844215271,6816.345,5.4835267,3912.9097,2.2602384,7401.6396,6.502938,0,,,,,890.8985973336812,0.00054503605,138.0313844215271,0.00070305064,-0.004025794,-0.012028986
7394.4854,6.4962525,-0.0039811614,218675,890.8979345943328,138.03190580218967,6810.124,5.47789,3899.07,2.2566707,7394.4854,6.4962525,0,,,,,890.8979345943328,0.0005450199,138.03190580218967,0.0007026554,-0.005531752,-0.011207702
7408.557,6.4930696,-0.0039811525,218676,890.8989477001527,138.03022022342503,6822.068,5.4752054,3883.1719,2.2523873,7408.557,6.4930696,0,,,,,890.8989477001527,0.0005438197,138.03022022342503,0.0007012832,-0.0046206275,-0.012767828
7388.686,6.4852767,-0.0039811432,218677,890.8977601272343,138.03190169474678,6804.932,5.4686346,3876.3135,2.250151,7388.686,6.4852767,0,,,,,890.8977601272343,0.0005445099,138.03190169474678,0.0007018165,-0.00513399,-0.010176025
7383.9385,6.4817753,-0.003981134,218678,890.8979364631042,138.03123382180794,6801.0684,5.465682,3866.2588,2.248419,7383.9385,6.4817753,0,,,,,890.8979364631042,0.0005444203,138.03123382180794,0.0007021473,-0.004308651,-0.012141987
7399.835,6.4795384,-0.0039811246,218679,890.8973824357017,138.03216700484668,6814.563,5.4637957,3854.4924,2.2455873,7399.835,6.4795384,0,,,,,890.8973824357017,0.0005430405,138.03216700484668,0.0007000259,-0.00497636,-0.01043601
7393.5986,6.4744587,-0.0039811153,218680,890.8975241153149,138.03192187464103,6809.3584,5.4595127,3842.9685,2.2419057,7393.5986,6.4744587,0,,,,,890.8975241153149,0.0005430383,138.03192187464103,0.00069989485,-0.0055351686,-0.009628786
7400.5947,6.4757395,-0.003981106,218681,890.8991544580756,138.03096351031493,6815.373,5.4605923,3840.974,2.2414427,7400.5947,6.4757395,0,,,,,890.8991544580756,0.0005429814,138.03096351031493,0.00069936365,-0.0042146845,-0.011296162
7395.4443,6.469718,-0.0039810967,218682,890.8978674703096,138.03077008645064,6810.852,5.4555144,3830.2922,2.2386434,7395.4443,6.469718,0,,,,,890.8978674703096,0.0005425918,138.03077008645064,0.0006992326,-0.004871743,-0.010099095
7397.0337,6.468574,-0.003981087,218683,890.8984259118319,138.03115577777922,6812.2207,5.4545503,3824.1045,2.2372334,7397.0337,6.468574,0,,,,,890.8984259118319,0.00054289564,138.03115577777922,0.0006987636,-0.004456079,-0.010233658
7402.346,6.46717,-0.003981077,218684,890.8986831794432,138.0321444091998,6816.7554,5.453366,3818.0054,2.2370415,7402.346,6.46717,0,,,,,890.8986831794432,0.0005418823,138.0321444091998,0.0006983201,-0.004852398,-0.011320185
7399.4746,6.4656944,-0.003981068,218685,890.8986739081048,138.0317226768082,6813.979,5.452122,3816.8308,2.2357123,7399.4746,6.4656944,0,,,,,890.8986739081048,0.00054195296,138.0317226768082,0.0006983775,-0.0042967405,-0.010412099
7401.3784,6.468281,-0.003981058,218686,890.8976542185972,138.03153367838576,6815.878,5.454303,3815.8145,2.2364123,7401.3784,6.468281,0,,,,,890.8976542185972,0.00054207485,138.03153367838576,0.00069889525,-0.0047703166,-0.010805522
7407.3613,6.465713,-0.0039810482,218687,890.8977472913465,138.03149337633926,6820.8906,5.4521375,3809.541,2.2338643,7407.3613,6.465713,0,,,,,890.8977472913465,0.00054187,138.03149337633926,0.0006981431,-0.004849488,-0.010661355
7406.3467,6.463922,-0.003981038,218688,890.8982224190792,138.03104821007673,6819.9614,5.4506273,3807.7349,2.2333093,7406.3467,6.463922,0,,,,,890.8982224190792,0.0005415843,138.03104821007673,0.00069803244,-0.004592376,-0.011706087
7401.3716,6.464399,-0.003981028,218689,890.8979631117978,138.0318663060758,6815.886,5.4510293,3809.51,2.234426,7401.3716,6.464399,0,,,,,890.8979631117978,0.0005418881,138.0318663060758,0.00069813663,-0.0041321637,-0.01001571
7395.444,6.4643183,-0.0039810184,218690,890.8977151842751,138.02931235532935,6810.973,5.4509616,3811.6262,2.2352438,7395.444,6.4643183,0,,,,,890.8977151842751,0.0005421051,138.02931235532935,0.00069895893,-0.0050616353,-0.0111406995
7409.2217,6.4650426,-0.003981008,218691,890.8986791771287,138.03321555634585,6822.325,5.4515724,3810.4187,2.2336113,7409.2217,6.4650426,0,,,,,890.8986791771287,0.00054166873,138.03321555634585,0.00069760147,-0.0046295812,-0.008935342
7399.753,6.463719,-0.003980998,218692,890.8986992494638,138.0305300507406,6814.6396,5.4504566,3811.3,2.233821,7399.753,6.463719,0,,,,,890.8986992494638,0.0005418042,138.0305300507406,0.00069828355,-0.0042221635,-0.01044101
7396.069,6.460629,-0.0039809877,218693,890.8983101736396,138.03117544503456,6811.3545,5.4478507,3805.777,2.2327147,7396.069,6.460629,0,,,,,890.8983101736396,0.00054200256,138.03117544503456,0.00069826643,-0.0053570564,-0.011149615
7405.337,6.460884,-0.0039809775,218694,890.8988381259092,138.03053353114726,6819.182,5.4480658,3800.4517,2.2310126,7405.337,6.460884,0,,,,,890.8988381259092,0.00054126827,138.03053353114726,0.0006975666,-0.004440271,-0.011428399
7395.9785,6.4571543,-0.003980967,218695,890.8980048585405,138.03275382733898,6811.285,5.4449205,3798.9102,2.2305286,7395.9785,6.4571543,0,,,,,890.8980048585405,0.0005418148,138.03275382733898,0.0006977756,-0.004446244,-0.009930996
7408.4717,6.4570155,-0.003980957,218696,890.8991955951869,138.03130773707338,6821.74,5.444803,3791.44,2.228422,7408.4717,6.4570155,0,,,,,890.8991955951869,0.0005410259,138.03130773707338,0.0006964981,-0.0042370292,-0.010641113
7400.731,6.453165,-0.0039809463,218697,890.8980976376154,138.03266181763362,6815.2866,5.4415565,3783.6187,2.2262313,7400.731,6.453165,0,,,,,890.8980976376154,0.0005411673,138.03266181763362,0.0006966864,-0.004614158,-0.010278575
7401.492,6.451869,-0.003980936,218698,890.8982399441558,138.03081753464838,6815.5703,5.4404635,3778.0054,2.2259595,7401.492,6.451869,0,,,,,890.8982399441558,0.00054092985,138.03081753464838,0.00069673394,-0.0038265877,-0.0100478735
7399.9937,6.44699,-0.0039809253,218699,890.8982928062992,138.03124218470788,6814.4434,5.4363494,3767.4097,2.2222567,7399.9937,6.44699,0,,,,,890.8982928062992,0.0005407455,138.03124218470788,0.00069629506,-0.0051952903,-0.010495319
7398.927,6.441605,-0.0039809146,218700,890.8983737668283,138.0319168097285,6813.81,5.431809,3749.562,2.2180011,7398.927,6.441605,0,,,,,890.8983737668283,0.00054019503,138.0319168097285,0.00069602864,-0.0043675737,-0.011291296
7399.714,6.4339495,-0.003980904,218701,890.8976622001383,138.0329466417631,6813.94,5.4253535,3734.821,2.2131479,7399.714,6.4339495,0,,,,,890.8976622001383,0.000539689,138.0329466417631,0.000694782,-0.0049212202,-0.009468983
7394.1963,6.4282207,-0.003980893,218702,890.8990970258287,138.03091083518734,6809.838,5.4205227,3718.05,2.210183,7394.1963,6.4282207,0,,,,,890.8990970258287,0.00053968426,138.03091083518734,0.00069481233,-0.003767762,-0.010403043
7397.5312,6.4172335,-0.0039808825,218703,890.8987656550914,138.03177175726955,6812.3184,5.4112577,3690.3052,2.2019868,7397.5312,6.4172335,0,,,,,890.8987656550914,0.00053845294,138.03177175726955,0.0006925989,-0.0056613716,-0.0096631255
7394.3696,6.407393,-0.0039808718,218704,890.9000705577096,138.031246703668,6809.577,5.40296,3668.6453,2.1961067,7394.3696,6.407393,0,,,,,890.9000705577096,0.0005379183,138.031246703668,0.00069189526,-0.004519741,-0.010616758
7414.0835,6.401936,-0.0039808606,218705,890.9004744032467,138.03266267247668,6826.2983,5.3983583,3642.8237,2.1894937,7414.0835,6.401936,0,,,,,890.9004744032467,0.00053633633,138.03266267247668,0.0006897815,-0.004564585,-0.0098374495
7395.6606,6.3890085,-0.00398085,218706,890.8987767972624,138.03190979314488,6810.7446,5.387458,3617.451,2.1824872,7395.6606,6.3890085,0,,,,,890.8987767972624,0.0005363424,138.03190979314488,0.0006894871,-0.0048100804,-0.009396669
7405.012,6.381104,-0.0039808387,218707,890.8991703354257,138.0308923719298,6819.0444,5.380792,3589.5308,2.1758666,7405.012,6.381104,0,,,,,890.8991703354257,0.00053490367,138.0308923719298,0.0006877006,-0.004447723,-0.010829022
7399.2227,6.3677645,-0.0039808275,218708,890.8993969021886,138.03115404195017,6813.686,5.3695436,3557.231,2.169343,7399.2227,6.3677645,0,,,,,890.8993969021886,0.0005341631,138.03115404195017,0.0006865501,-0.0048559513,-0.010442982
7398.364,6.3581567,-0.0039808163,218709,890.8984144080006,138.0308115678578,6813.023,5.3614416,3534.315,2.1608796,7398.364,6.3581567,0,,,,,890.8984144080006,0.00053344516,138.0308115678578,0.0006854081,-0.0046663773,-0.009813892
7392.0166,6.3444743,-0.003980805,218710,890.898716770971,138.0317783301656,6807.606,5.3499045,3502.819,2.1530712,7392.0166,6.3444743,0,,,,,890.898716770971,0.0005329375,138.0317783301656,0.000684121,-0.004939848,-0.009573783
7404.313,6.3357105,-0.003980794,218711,890.8994138202922,138.03191075686175,6817.7305,5.3425145,3473.9595,2.1454515,7404.313,6.3357105,0,,,,,890.8994138202922,0.0005313373,138.03191075686175,0.000682042,-0.0042081927,-0.010222542
7404.756,6.3243065,-0.0039807823,218712,890.8992761958134,138.03014643443623,6817.6333,5.3328986,3444.8655,2.1369607,7404.756,6.3243065,0,,,,,890.8992761958134,0.000530581,138.03014643443623,0.00068075105,-0.004301427,-0.011019878
7410.1113,6.31457,-0.003980771,218713,890.9002892783717,138.0321192861372,6821.97,5.324688,3416.7378,2.1295145,7410.1113,6.31457,0,,,,,890.9002892783717,0.00052956404,138.0321192861372,0.0006791422,-0.0038124444,-0.010468435
7397.6216,6.303138,-0.0039807595,218714,890.8995810298936,138.0314100699748,6812.2803,5.3150477,3394.5977,2.1226811,7397.6216,6.303138,0,,,,,890.8995810298936,0.00052947237,138.0314100699748,0.0006784929,-0.0049271854,-0.009021206
7397.665,6.2957273,-0.003980748,218715,890.900187068425,138.03197207221876,6812.083,5.308799,3373.3103,2.1173065,7397.665,6.2957273,0,,,,,890.900187068425,0.00052877853,138.03197207221876,0.00067733956,-0.0043223295,-0.009425982
7405.16,6.2870727,-0.0039807367,218716,890.9001077333064,138.030438791309,6818.488,5.3015013,3347.3271,2.1102464,7405.16,6.2870727,0,,,,,890.9001077333064,0.00052758283,138.030438791309,0.0006757255,-0.004952226,-0.010626385
7400.86,6.2775745,-0.003980725,218717,890.8979586358261,138.0317745800086,6814.0283,5.2934923,3323.443,2.1051326,7400.86,6.2775745,0,,,,,890.8979586358261,0.0005268879,138.0317745800086,0.0006752749,-0.0044315523,-0.010014391
7397.5806,6.2697153,-0.003980713,218718,890.8977183816487,138.03225889835744,6812.317,5.2868648,3306.2932,2.0993683,7397.5806,6.2697153,0,,,,,890.8977183816487,0.0005267015,138.03225889835744,0.0006743137,-0.0051174713,-0.008573356
7394.8506,6.2618723,-0.0039807013,218719,890.8997330805211,138.0306798143093,6809.777,5.280251,3287.433,2.094064,7394.8506,6.2618723,0,,,,,890.8997330805211,0.0005261857,138.0306798143093,0.00067363965,-0.0051867147,-0.010444195
7401.9614,6.257513,-0.0039806897,218720,890.8988839578105,138.03159163938616,6816.0815,5.2765756,3273.557,2.0906968,7401.9614,6.257513,0,,,,,890.8988839578105,0.00052524486,138.03159163938616,0.0006726312,-0.004484122,-0.0102344435
7396.884,6.250313,-0.0039806776,218721,890.8998053480648,138.03111671586603,6811.8726,5.270504,3255.1924,2.0868886,7396.884,6.250313,0,,,,,890.8998053480648,0.00052501436,138.03111671586603,0.00067225506,-0.0034078362,-0.009843621
7392.1562,6.2447777,-0.003980666,218722,890.8998631712673,138.03085526319444,6807.623,5.2658362,3244.816,2.082547,7392.1562,6.2447777,0,,,,,890.8998631712673,0.00052495906,138.03085526319444,0.000671954,-0.0044761323,-0.01021084
7403.2124,6.243835,-0.003980654,218723,890.9008133530264,138.03194310465838,6816.8936,5.2650414,3228.671,2.0795603,7403.2124,6.243835,0,,,,,890.9008133530264,0.00052442274,138.03194310465838,0.0006705402,-0.00485204,-0.009034232
7410.5503,6.2441463,-0.0039806417,218724,890.8994563742816,138.03241960706782,6823.707,5.265304,3224.768,2.0786662,7410.5503,6.2441463,0,,,,,890.8994563742816,0.0005237976,138.03241960706782,0.0006702947,-0.0042710393,-0.009313069
7391.778,6.2339535,-0.0039806296,218725,890.8997913950276,138.0313153277882,6807.197,5.2567096,3217.6304,2.0748627,7391.778,6.2339535,0,,,,,890.8997913950276,0.0005241895,138.0313153277882,0.00067049457,-0.004621754,-0.009282818
7398.2817,6.2334304,-0.0039806175,218726,890.8992026406381,138.03027727038335,6812.959,5.256268,3210.762,2.0731168,7398.2817,6.2334304,0,,,,,890.8992026406381,0.0005236809,138.03027727038335,0.000669785,-0.0040798793,-0.010352773
7395.5503,6.231941,-0.003980605,218727,890.8998912355888,138.0311821530269,6809.964,5.2550125,3212.767,2.0732691,7395.5503,6.231941,0,,,,,890.8998912355888,0.0005238074,138.0311821530269,0.00066995306,-0.0041627847,-0.009918387
7400.263,6.233807,-0.003980593,218728,890.8988607880761,138.03310810024342,6814.55,5.2565856,3212.0916,2.0735283,7400.263,6.233807,0,,,,,890.8988607880761,0.00052363775,138.03310810024342,0.00066970027,-0.004672392,-0.008854723
7405.1577,6.2365346,-0.0039805803,218729,890.8989089336694,138.03144463881813,6818.147,5.258886,3215.3782,2.0741754,7405.1577,6.2365346,0,,,,,890.8989089336694,0.0005234123,138.03144463881813,0.0006701307,-0.0049928967,-0.00954525
7397.2803,6.2350273,-0.003980568,218730,890.9010525749242,138.030922160016,6812.0522,5.2576146,3215.0176,2.0746188,7397.2803,6.2350273,0,,,,,890.9010525749242,0.0005238713,138.030922160016,0.00066994055,-0.0035449858,-0.009686224
7409.9883,6.2384553,-0.0039805556,218731,890.900227985286,138.03219685230883,6821.9688,5.260505,3220.8323,2.0750349,7409.9883,6.2384553,0,,,,,890.900227985286,0.00052353856,138.03219685230883,0.0006696653,-0.0047446294,-0.009067344
7402.8784,6.2410755,-0.003980543,218732,890.8996419402192,138.0306250690346,6816.648,5.262715,3228.5872,2.0796945,7402.8784,6.2410755,0,,,,,890.8996419402192,0.00052399683,138.0306250690346,0.0006703103,-0.0038747983,-0.008995947
7383.103,6.2402387,-0.0039805304,218733,890.900193618892,138.0303483743595,6799.736,5.2620087,3238.1113,2.0807414,7383.103,6.2402387,0,,,,,890.900193618892,0.00052523473,138.0303483743595,0.00067195995,-0.0036546534,-0.009869474
7402.4263,6.247311,-0.003980518,218734,890.8999576807033,138.03092192331673,6816.4004,5.2679725,3246.4116,2.083183,7402.4263,6.247311,0,,,,,890.8999576807033,0.00052448217,138.03092192331673,0.00067122927,-0.0039633703,-0.009497321
7401.5146,6.252671,-0.0039805053,218735,890.9008788974702,138.0311929660027,6815.313,5.2724924,3262.4653,2.0865238,7401.5146,6.252671,0,,,,,890.9008788974702,0.0005253212,138.0311929660027,0.000671875,-0.0039000078,-0.009244339
7389.8174,6.2578907,-0.0039804922,218736,890.9011466545716,138.03032833281895,6804.9077,5.276894,3277.5403,2.093253,7389.8174,6.2578907,0,,,,,890.9011466545716,0.00052627124,138.03032833281895,0.00067360187,-0.0039054274,-0.009914045
7399.6646,6.264119,-0.0039804797,218737,890.8993791894701,138.0315477477449,6814.1367,5.282146,3293.4604,2.0949812,7399.6646,6.264119,0,,,,,890.8993791894701,0.0005259878,138.0315477477449,0.0006732978,-0.004337196,-0.009457881
7396.0986,6.2705855,-0.0039804666,218738,890.900163342488,138.03174373229552,6811.308,5.2875986,3310.9368,2.0999532,7396.0986,6.2705855,0,,,,,890.900163342488,0.00052671856,138.03174373229552,0.00067499623,-0.0034264682,-0.009602911
7410.8086,6.279038,-0.0039804536,218739,890.8998473655236,138.03096914167313,6823.357,5.294726,3324.3323,2.1038659,7410.8086,6.279038,0,,,,,890.8998473655236,0.0005266092,138.03096914167313,0.0006743582,-0.00421908,-0.010336346
7408.8657,6.2882414,-0.0039804406,218740,890.8997795814428,138.03070287609305,6821.3584,5.302487,3346.224,2.1105936,7408.8657,6.2882414,0,,,,,890.8997795814428,0.0005274349,138.03070287609305,0.00067568436,-0.0040411307,-0.00889678
7397.735,6.2955537,-0.0039804275,218741,890.8995278693985,138.03260165421366,6812.4805,5.308653,3366.6394,2.1158323,7397.735,6.2955537,0,,,,,890.8995278693985,0.0005291578,138.03260165421366,0.0006777394,-0.0031729972,-0.009135844
7391.0986,6.300279,-0.0039804145,218742,890.9003203884691,138.03209635868734,6805.9634,5.3126373,3389.2856,2.1223912,7391.0986,6.300279,0,,,,,890.9003203884691,0.00052962813,138.03209635868734,0.000678837,-0.0035127823,-0.009733858
7399.934,6.3092303,-0.0039804014,218743,890.8999981123496,138.0316910779504,6813.898,5.320185,3409.576,2.1270134,7399.934,6.3092303,0,,,,,890.8999981123496,0.00052972464,138.0316910779504,0.0006791303,-0.0045615025,-0.009372722
7400.011,6.3205113,-0.0039803884,218744,890.8991617853211,138.03228940242573,6813.8525,5.329698,3435.1636,2.134232,7400.011,6.3205113,0,,,,,890.8991617853211,0.0005306786,138.03228940242573,0.0006806398,-0.00427054,-0.0093992865
7400.193,6.3284345,-0.003980375,218745,890.8995150486813,138.03048294356384,6814.4775,5.3363786,3456.424,2.1415377,7400.193,6.3284345,0,,,,,890.8995150486813,0.0005312994,138.03048294356384,0.0006812068,-0.003485952,-0.009062929
7395.737,6.3365335,-0.0039803614,218746,890.8995209743947,138.03085745434873,6811.214,5.343209,3482.013,2.1465654,7395.737,6.3365335,0,,,,,890.8995209743947,0.00053214235,138.03085745434873,0.00068299606,-0.004281079,-0.009979655
7393.193,6.3461256,-0.0039803484,218747,890.899427854868,138.03226088587846,6808.805,5.351297,3507.174,2.1533911,7393.193,6.3461256,0,,,,,890.899427854868,0.0005329204,138.03226088587846,0.0006843003,-0.0033451219,-0.009373839
7408.732,6.357142,-0.003980335,218748,890.8989342125045,138.03232996695778,6822.4385,5.360586,3530.3157,2.158942,7408.732,6.357142,0,,,,,890.8989342125045,0.0005328205,138.03232996695778,0.00068439805,-0.004540782,-0.009361172
7407.2783,6.365947,-0.0039803213,218749,890.8994165313046,138.0315597895354,6821.085,5.3680105,3553.6929,2.1655993,7407.2783,6.365947,0,,,,,890.8994165313046,0.00053370255,138.0315597895354,0.0006852155,-0.0043394873,-0.008837714
7410.461,6.3795204,-0.003980308,218750,890.8985686258196,138.03324065831967,6823.221,5.379457,3585.9385,2.175228,7410.461,6.3795204,0,,,,,890.8985686258196,0.00053450366,138.03324065831967,0.000687028,-0.004297333,-0.007950653
7394.2637,6.388127,-0.0039802943,218751,890.9001920374253,138.031572966739,6809.576,5.3867145,3612.6584,2.1817474,7394.2637,6.388127,0,,,,,890.9001920374253,0.0005364806,138.031572966739,0.00068957696,-0.0038998509,-0.011380808
7406.2056,6.39681,-0.0039802804,218752,890.8988360526594,138.0330352211106,6819.519,5.394036,3634.28,2.1869166,7406.2056,6.39681,0,,,,,890.8988360526594,0.0005362989,138.0330352211106,0.00068945624,-0.0040746676,-0.009164012
7407.7466,6.4073257,-0.003980267,218753,890.8987344449591,138.0318555537258,6820.959,5.4029036,3660.6304,2.194719,7407.7466,6.4073257,0,,,,,890.8987344449591,0.00053696963,138.0318555537258,0.00069047895,-0.0037840346,-0.009130277
7403.078,6.416077,-0.003980253,218754,890.8997823039771,138.032141317435,6816.46,5.4102826,3686.662,2.20141,7403.078,6.416077,0,,,,,890.8997823039771,0.0005381446,138.032141317435,0.00069202797,-0.003373609,-0.009089401
7392.839,6.422498,-0.003980239,218755,890.900177302835,138.0316919075352,6808.1235,5.415697,3705.4077,2.205571,7392.839,6.422498,0,,,,,890.900177302835,0.0005389304,138.0316919075352,0.000694082,-0.0020383338,-0.010671154
7399.833,6.4277296,-0.0039802254,218756,890.8987289206934,138.03199599629534,6813.9395,5.4201083,3720.423,2.209812,7399.833,6.4277296,0,,,,,890.8987289206934,0.0005391729,138.03199599629534,0.0006940556,-0.004013741,-0.009730176
7402.1685,6.4343905,-0.0039802114,218757,890.8997353172605,138.03211821730832,6816.42,5.4257255,3734.8687,2.2130406,7402.1685,6.4343905,0,,,,,890.8997353172605,0.0005397127,138.03211821730832,0.0006943246,-0.0038052555,-0.008783895
7405.0195,6.4396353,-0.0039801975,218758,890.8987096917806,138.03221527130376,6819.192,5.4301476,3750.26,2.2167165,7405.0195,6.4396353,0,,,,,890.8987096917806,0.0005398894,138.03221527130376,0.00069477,-0.0040441244,-0.009703577
7401.3193,6.4437413,-0.003980183,218759,890.9000600620618,138.03216866547697,6815.648,5.43361,3758.9397,2.2191243,7401.3193,6.4437413,0,,,,,890.9000600620618,0.00054021686,138.03216866547697,0.0006958072,-0.002489011,-0.010248447
7399.9907,6.4457197,-0.003980169,218760,890.898930176875,138.0309678370285,6814.204,5.435279,3768.6553,2.222203,7399.9907,6.4457197,0,,,,,890.898930176875,0.00054057286,138.0309678370285,0.00069584127,-0.004096283,-0.008595915
7403.117,6.4488835,-0.003980155,218761,890.899356646313,138.03061289238002,6817.296,5.4379463,3776.743,2.2231941,7403.117,6.4488835,0,,,,,890.899356646313,0.0005406662,138.03061289238002,0.0006961689,-0.0030348098,-0.010302449
7391.0103,6.453703,-0.0039801407,218762,890.8977727258324,138.0328041909075,6806.955,5.44201,3788.314,2.2290735,7391.0103,6.453703,0,,,,,890.8977727258324,0.00054158317,138.0328041909075,0.00069757184,-0.0040362766,-0.0071402206
7386.6157,6.45129,-0.003980126,218763,890.8986036174216,138.03206354858966,6803.3604,5.4399757,3789.2734,2.227455,7386.6157,6.45129,0,,,,,890.8986036174216,0.0005420257,138.03206354858966,0.0006976966,-0.0046111667,-0.009043223
7391.886,6.45302,-0.0039801123,218764,890.8991037864693,138.03257649960403,6807.7104,5.4414344,3792.161,2.2277908,7391.886,6.45302,0,,,,,890.8991037864693,0.00054170203,138.03257649960403,0.0006977882,-0.003273896,-0.009352727
7393.2896,6.454006,-0.003980098,218765,890.8987447358137,138.03114255204852,6808.748,5.442266,3797.609,2.2285082,7393.2896,6.454006,0,,,,,890.8987447358137,0.00054149627,138.03114255204852,0.000697662,-0.0041893655,-0.0102353105
7392.933,6.4551406,-0.0039800834,218766,890.8985283958157,138.0306844184543,6808.8647,5.4432225,3797.7646,2.2292316,7392.933,6.4551406,0,,,,,890.8985283958157,0.00054162485,138.0306844184543,0.0006978019,-0.003890552,-0.0099480655
7401.624,6.4585595,-0.003980069,218767,890.8990236485948,138.033728183346,6815.2495,5.4461055,3798.439,2.2289543,7401.624,6.4585595,0,,,,,890.8990236485948,0.0005416698,138.033728183346,0.0006975215,-0.0038347908,-0.008176321
7389.322,6.4522476,-0.003980054,218768,890.8996545782942,138.03168911704597,6805.5625,5.440783,3791.9138,2.2287307,7389.322,6.4522476,0,,,,,890.8996545782942,0.00054184796,138.03168911704597,0.0006977899,-0.002792665,-0.009961066
7401.3423,6.4528794,-0.0039800396,218769,890.8995973977703,138.03362435791246,6815.8076,5.4413157,3784.5066,2.2273896,7401.3423,6.4528794,0,,,,,890.8995973977703,0.0005410162,138.03362435791246,0.0006967864,-0.004124574,-0.008001721
7411.9717,6.453431,-0.003980025,218770,890.8984639011229,138.03248074886866,6824.698,5.441781,3782.319,2.225268,7411.9717,6.453431,0,,,,,890.8984639011229,0.00054041576,138.03248074886866,0.00069580105,-0.0039196503,-0.008108132
7396.4717,6.447594,-0.0039800103,218771,890.898881544172,138.03167926043216,6811.3433,5.436859,3776.3738,2.224034,7396.4717,6.447594,0,,,,,890.898881544172,0.0005409321,138.03167926043216,0.000696645,-0.0027936003,-0.009677824
7400.96,6.447262,-0.0039799954,218772,890.8992331801095,138.03181440190883,6815.7725,5.4365788,3770.103,2.221736,7400.96,6.447262,0,,,,,890.8992331801095,0.00054064207,138.03181440190883,0.0006959943,-0.0037873331,-0.008485654
7395.056,6.4442058,-0.0039799805,218773,890.8994428386495,138.03189841126058,6810.3384,5.434002,3766.635,2.221379,7395.056,6.4442058,0,,,,,890.8994428386495,0.00054077344,138.03189841126058,0.0006961832,-0.004189481,-0.0086122425
7405.741,6.442434,-0.0039799656,218774,890.9003412707217,138.03185435854968,6819.5366,5.4325075,3755.8943,2.2186217,7405.741,6.442434,0,,,,,890.9003412707217,0.00053994736,138.03185435854968,0.00069523364,-0.0032420452,-0.009272062
7397.153,6.43899,-0.0039799507,218775,890.8990028248852,138.0331512290641,6812.373,5.4296036,3753.8623,2.217258,7397.153,6.43899,0,,,,,890.8990028248852,0.0005402458,138.0331512290641,0.00069537916,-0.0033576738,-0.008915762
7394.9814,6.438759,-0.003979936,218776,890.8993090204071,138.03233257347108,6810.706,5.429409,3749.496,2.2172594,7394.9814,6.438759,0,,,,,890.8993090204071,0.0005404554,138.03233257347108,0.0006956361,-0.0036267005,-0.008664992
7403.293,6.439361,-0.003979921,218777,890.8997175012562,138.03228418223753,6817.5938,5.429917,3749.0828,2.2169197,7403.293,6.439361,0,,,,,890.8997175012562,0.0005396469,138.03228418223753,0.00069479,-0.0031912874,-0.009204213
7403.639,6.4378233,-0.0039799055,218778,890.899557186068,138.03259633935656,6817.8086,5.42862,3746.9707,2.2155204,7403.639,6.4378233,0,,,,,890.899557186068,0.0005397862,138.03259633935656,0.00069424877,-0.0036952028,-0.007234993
7404.671,6.4365687,-0.0039798906,218779,890.8989261485298,138.03174157857833,6818.636,5.427562,3743.0505,2.215085,7404.671,6.4365687,0,,,,,890.8989261485298,0.00053956086,138.03174157857833,0.0006945717,-0.0033408357,-0.009629614
7397.1655,6.436909,-0.0039798752,218780,890.8998611044904,138.032770781622,6812.151,5.4278493,3746.8533,2.216098,7397.1655,6.436909,0,,,,,890.8998611044904,0.00054004096,138.032770781622,0.00069485453,-0.003508197,-0.007790766
7399.008,6.4365826,-0.00397986,218781,890.899267985989,138.03240406933577,6813.2124,5.4275737,3745.1045,2.2153478,7399.008,6.4365826,0,,,,,890.899267985989,0.00054004806,138.03240406933577,0.00069508515,-0.0038128602,-0.007872836
7396.9956,6.436541,-0.003979845,218782,890.9001501691225,138.03341212309894,6812.2607,5.4275384,3741.9714,2.2170856,7396.9956,6.436541,0,,,,,890.9001501691225,0.00053987507,138.03341212309894,0.00069495925,-0.0030746867,-0.009062385
7403.145,6.4347568,-0.0039798296,218783,890.8981262903646,138.03353496076062,6817.987,5.426034,3738.6523,2.2134218,7403.145,6.4347568,0,,,,,890.8981262903646,0.0005395717,138.03353496076062,0.00069414865,-0.003824011,-0.0071202163
7400.9263,6.4355063,-0.003979814,218784,890.8993286404577,138.03285606274795,6815.3423,5.4266663,3739.5464,2.2136137,7400.9263,6.4355063,0,,,,,890.8993286404577,0.00053981895,138.03285606274795,0.00069472817,-0.002692483,-0.009199411
7407.056,6.436644,-0.0039797984,218785,890.9000537322097,138.03174606959223,6820.039,5.4276257,3739.4653,2.2136579,7407.056,6.436644,0,,,,,890.9000537322097,0.0005394659,138.03174606959223,0.0006945187,-0.0034033642,-0.008718969
7396.7236,6.433059,-0.003979783,218786,890.8987201753795,138.03266827860753,6811.087,5.424603,3739.1738,2.2139902,7396.7236,6.433059,0,,,,,890.8987201753795,0.00053982623,138.03266827860753,0.0006948267,-0.0036629776,-0.008318134
7398.78,6.435665,-0.003979767,218787,890.8989857225968,138.03157780649258,6814.59,5.4268003,3736.8127,2.2138295,7398.78,6.435665,0,,,,,890.8989857225968,0.0005399138,138.03157780649258,0.00069468736,-0.0042496235,-0.00896003
7406.1836,6.4331374,-0.003979752,218788,890.899429792867,138.0315939626322,6819.81,5.4246683,3733.8457,2.2122667,7406.1836,6.4331374,0,,,,,890.899429792867,0.0005391751,138.0315939626322,0.0006939429,-0.003562722,-0.0079846345
7400.877,6.4304624,-0.003979736,218789,890.9005676884914,138.03170691050894,6815.29,5.4224124,3728.824,2.2110884,7400.877,6.4304624,0,,,,,890.9005676884914,0.00053931767,138.03170691050894,0.0006942489,-0.0030095528,-0.009694387
7405.748,6.4295573,-0.00397972,218790,890.9007545081389,138.0325836735558,6818.808,5.4216495,3724.47,2.2099433,7405.748,6.4295573,0,,,,,890.9007545081389,0.00053906324,138.0325836735558,0.0006932916,-0.0025803968,-0.009178226
7403.47,6.4289684,-0.0039797043,218791,890.8982686253278,138.03270559529926,6818.0625,5.4211535,3721.9497,2.2090507,7403.47,6.4289684,0,,,,,890.8982686253278,0.00053877605,138.03270559529926,0.00069354265,-0.004190174,-0.007408794
7391.9746,6.4221897,-0.0039796885,218792,890.8994877826616,138.03169453602735,6808.164,5.4154367,3712.087,2.206776,7391.9746,6.4221897,0,,,,,890.8994877826616,0.0005390771,138.03169453602735,0.0006938916,-0.0026254193,-0.009729021
7394.7324,6.423315,-0.0039796727,218793,890.8983290222292,138.03294884840375,6810.727,5.416386,3708.7568,2.207187,7394.7324,6.423315,0,,,,,890.8983290222292,0.00053883775,138.03294884840375,0.000693453,-0.0039883438,-0.0075183664
7398.0635,6.42013,-0.003979657,218794,890.8988059397128,138.03418521245501,6813.2524,5.4137,3701.6487,2.204042,7398.0635,6.42013,0,,,,,890.8988059397128,0.00053861114,138.03418521245501,0.0006931502,-0.0025363185,-0.007125307
7398.493,6.4164786,-0.003979641,218795,890.8989060632186,138.03234392629827,6814.1055,5.410621,3694.1858,2.2015607,7398.493,6.4164786,0,,,,,890.8989060632186,0.00053831795,138.03234392629827,0.00069253385,-0.0037157517,-0.008809714
7392.447,6.416105,-0.0039796247,218796,890.8989625002014,138.03268631866962,6808.916,5.4103065,3690.3086,2.2007987,7392.447,6.416105,0,,,,,890.8989625002014,0.0005390613,138.03268631866962,0.0006925306,-0.0034111144,-0.007669772
7403.2744,6.420018,-0.003979609,218797,890.8993933754311,138.03278084156474,6817.597,5.413606,3681.4883,2.2015648,7403.2744,6.420018,0,,,,,890.8993933754311,0.0005384714,138.03278084156474,0.0006925852,-0.0038167415,-0.0083008325
7395.089,6.4115944,-0.0039795926,218798,890.9004504493838,138.03224187255648,6810.4067,5.4065022,3678.9497,2.1992154,7395.089,6.4115944,0,,,,,890.9004504493838,0.00053841015,138.03224187255648,0.0006918609,-0.0023655402,-0.008499531
7403.41,6.4079466,-0.0039795763,218799,890.8989826686878,138.03308575395414,6817.4346,5.4034266,3669.124,2.1950748,7403.41,6.4079466,0,,,,,890.8989826686878,0.0005372947,138.03308575395414,0.00069098204,-0.004275771,-0.007814649
7408.4956,6.4049683,-0.00397956,218800,890.9002057049479,138.031394897156,6821.922,5.400915,3656.3577,2.1919947,7408.4956,6.4049683,0,,,,,890.9002057049479,0.00053692184,138.031394897156,0.000690121,-0.0024807877,-0.009235057
7390.8726,6.399861,-0.0039795437,218801,890.89886082424,138.03330300063672,6806.519,5.3966084,3652.9233,2.1909566,7390.8726,6.399861,0,,,,,890.89886082424,0.00053736224,138.03330300063672,0.00069114583,-0.0039744135,-0.006840485
7398.333,6.39759,-0.0039795274,218802,890.9000742798764,138.03386940928812,6813.183,5.3946934,3640.6294,2.1884356,7398.333,6.39759,0,,,,,890.9000742798764,0.0005368905,138.03386940928812,0.0006903566,-0.0029730184,-0.008089324
7388.404,6.3939195,-0.003979511,218803,890.900414178049,138.03265474105595,6804.7236,5.3915987,3631.4397,2.1879065,7388.404,6.3939195,0,,,,,890.900414178049,0.00053730624,138.03265474105595,0.0006905974,-0.002676663,-0.008470642
7369.435,6.384033,-0.0039794943,218804,890.8992969104544,138.03167631860111,6789.095,5.383262,3623.4966,2.1829906,7369.435,6.384033,0,,,,,890.8992969104544,0.00053753966,138.03167631860111,0.00069096615,-0.0039140056,-0.00848564
7352.107,6.3738704,-0.003979478,218805,890.899040805099,138.03209077156336,6775.2466,5.3746924,3606.875,2.1791859,7352.107,6.3738704,0,,,,,890.899040805099,0.00053793367,138.03209077156336,0.00069118605,-0.003524236,-0.008209264
7358.564,6.3712826,-0.0039794613,218806,890.900356437993,138.03203537691485,6779.489,5.3725104,3596.4387,2.176854,7358.564,6.3712826,0,,,,,890.900356437993,0.0005371816,138.03203537691485,0.00069063593,-0.0034014953,-0.0089922575
7357.9326,6.3635426,-0.0039794445,218807,890.8998716554588,138.0327196864884,6779.1704,5.3659835,3578.767,2.1709113,7357.9326,6.3635426,0,,,,,890.8998716554588,0.00053671876,138.0327196864884,0.00068953173,-0.0034206654,-0.009183815
7350.924,6.3592057,-0.0039794277,218808,890.9001777356926,138.03238215556814,6773.6387,5.362326,3568.898,2.1688015,7350.924,6.3592057,0,,,,,890.9001777356926,0.00053669565,138.03238215556814,0.0006894243,-0.003232943,-0.007830444
7348.193,6.3550973,-0.003979411,218809,890.8998038316869,138.032942857912,6770.723,5.358862,3557.6917,2.166251,7348.193,6.3550973,0,,,,,890.8998038316869,0.0005368116,138.032942857912,0.00068976625,-0.0026234956,-0.007201322
7352.2207,6.349587,-0.003979394,218810,890.9003057553267,138.03285917566987,6772.9536,5.3542156,3545.231,2.162519,7352.2207,6.349587,0,,,,,890.9003057553267,0.00053601875,138.03285917566987,0.0006887497,-0.0037922484,-0.00847135
7338.596,6.3427773,-0.0039793774,218811,890.9000401142921,138.03067591129897,6762.5854,5.348473,3532.8757,2.1589124,7338.596,6.3427773,0,,,,,890.9000401142921,0.0005362208,138.03067591129897,0.0006886554,-0.0028920078,-0.008796732
7354.073,6.3420334,-0.0039793607,218812,890.8987569615033,138.03289986825155,6774.8296,5.3478465,3524.7126,2.1568592,7354.073,6.3420334,0,,,,,890.8987569615033,0.0005352306,138.03289986825155,0.000687595,-0.0040461477,-0.008647969
7329.8696,6.333982,-0.0039793435,218813,890.9000865324832,138.03202212382527,6756.423,5.341057,3512.3384,2.1545012,7329.8696,6.333982,0,,,,,890.9000865324832,0.0005360808,138.03202212382527,0.0006884364,-0.0027476891,-0.008359575
7340.792,6.33386,-0.0039793267,218814,890.8999204652409,138.03201576141353,6764.554,5.3409543,3505.1423,2.1521301,7340.792,6.33386,0,,,,,890.8999204652409,0.00053554215,138.03201576141353,0.00068775687,-0.0031139194,-0.007470734
7339.8184,6.3304286,-0.0039793095,218815,890.8999032911397,138.0318946177431,6763.589,5.338061,3494.3713,2.1500537,7339.8184,6.3304286,0,,,,,890.8999032911397,0.0005351284,138.0318946177431,0.0006872865,-0.0030692755,-0.0073458217
7348.1396,6.3261657,-0.0039792927,218816,890.8999338788947,138.03087683461632,6770.443,5.334466,3483.0608,2.1463196,7348.1396,6.3261657,0,,,,,890.8999338788947,0.0005345879,138.03087683461632,0.0006861553,-0.0028861512,-0.009194897
7349.259,6.323846,-0.0039792755,218817,890.8998381318388,138.03096040902537,6771.7725,5.3325095,3477.5635,2.1443627,7349.259,6.323846,0,,,,,890.8998381318388,0.0005343093,138.03096040902537,0.0006854108,-0.0031654462,-0.007912306
7340.1865,6.319848,-0.0039792582,218818,890.8998227402296,138.0321052690041,6764.001,5.3291388,3471.9578,2.142704,7340.1865,6.319848,0,,,,,890.8998227402296,0.00053464156,138.0321052690041,0.00068589114,-0.0028849798,-0.008830664
7345.5654,6.318004,-0.003979241,218819,890.9005180591732,138.03169933108484,6768.4297,5.3275843,3464.4434,2.1410174,7345.5654,6.318004,0,,,,,890.9005180591732,0.0005339486,138.03169933108484,0.00068513246,-0.0031537546,-0.008365923
7356.4033,6.319007,-0.003979224,218820,890.9000579035355,138.0313494797705,6777.8354,5.328429,3457.2285,2.141262,7356.4033,6.319007,0,,,,,890.9000579035355,0.0005333062,138.0313494797705,0.0006839452,-0.0032183242,-0.008236352
7368.7646,6.3181095,-0.003979206,218821,890.8997367881381,138.03284704790138,6786.857,5.327673,3452.7007,2.1375382,7368.7646,6.3181095,0,,,,,890.8997367881381,0.00053239684,138.03284704790138,0.000683538,-0.003936191,-0.008522652
7390.174,6.3193374,-0.003979189,218822,890.9001994136954,138.0328700892559,6806.1533,5.328708,3442.6575,2.1354,7390.174,6.3193374,0,,,,,890.9001994136954,0.0005311882,138.0328700892559,0.00068110635,-0.0020715212,-0.0081432
7401.1157,6.320088,-0.003979171,218823,890.900457205995,138.03353096533678,6815.4214,5.3293405,3439.9753,2.1344686,7401.1157,6.320088,0,,,,,890.900457205995,0.000530454,138.03353096533678,0.0006803812,-0.0029100385,-0.0075462796
7401.9014,6.3188567,-0.003979154,218824,890.9008855748763,138.03328950846608,6816.7983,5.328303,3436.0762,2.133645,7401.9014,6.3188567,0,,,,,890.9008855748763,0.00053055,138.03328950846608,0.00067988614,-0.0033135817,-0.0075935214
7409.2734,6.31877,-0.0039791362,218825,890.900902254561,138.03226722811428,6820.42,5.3282294,3432.6921,2.1326692,7409.2734,6.31877,0,,,,,890.900902254561,0.0005301954,138.03226722811428,0.0006797309,-0.0024451627,-0.007440767
7404.464,6.3159575,-0.0039791185,218826,890.9001117068867,138.03300871781846,6819.3154,5.3258576,3426.142,2.1305614,7404.464,6.3159575,0,,,,,890.9001117068867,0.000529682,138.03300871781846,0.0006793309,-0.003053916,-0.0073924134
7404.0874,6.316985,-0.003979101,218827,890.9004366568425,138.03241119117578,6816.756,5.3267245,3431.3142,2.1318192,7404.0874,6.316985,0,,,,,890.9004366568425,0.00053020666,138.03241119117578,0.0006797262,-0.0031377461,-0.0077478755
7405.4355,6.317569,-0.003979083,218828,890.8994666920134,138.0322088594504,6818.7085,5.3272166,3425.7214,2.1306214,7405.4355,6.317569,0,,,,,890.8994666920134,0.00052991486,138.0322088594504,0.0006796074,-0.0040176706,-0.008157167
7397.391,6.313733,-0.0039790655,218829,890.9005381076888,138.03258469903022,6811.7046,5.3239822,3424.9558,2.1300044,7397.391,6.313733,0,,,,,890.9005381076888,0.000530099,138.03258469903022,0.00067985494,-0.0023055137,-0.006751776
7399.415,6.315808,-0.0039790478,218830,890.901447507353,138.03055285092984,6813.6226,5.3257318,3429.454,2.1310472,7399.415,6.315808,0,,,,,890.901447507353,0.00053046644,138.03055285092984,0.0006801877,-0.0023612916,-0.011330753
7391.1387,6.3160634,-0.0039790296,218831,890.9002414378111,138.034801729268,6807.0522,5.3259473,3431.846,2.1329832,7391.1387,6.3160634,0,,,,,890.9002414378111,0.0005305306,138.034801729268,0.00068067765,-0.0034365947,-0.0065219007
7401.704,6.3167605,-0.003979012,218832,890.900007402654,138.03245376961414,6813.2524,5.326535,3431.8276,2.1324444,7401.704,6.3167605,0,,,,,890.900007402654,0.00053027755,138.03245376961414,0.00068017584,-0.002482144,-0.009268875
7392.102,6.3156953,-0.0039789937,218833,890.9005471238758,138.03349930025703,6807.6313,5.325637,3433.2578,2.1330872,7392.102,6.3156953,0,,,,,890.9005471238758,0.00053080043,138.03349930025703,0.000680412,-0.002564169,-0.0057388996
7395.6504,6.31652,-0.0039789756,218834,890.9001484274793,138.03254159677374,6810.288,5.3263326,3435.52,2.132872,7395.6504,6.31652,0,,,,,890.9001484274793,0.0005307596,138.03254159677374,0.0006801011,-0.0032285824,-0.0077458303
7396.6416,6.318298,-0.0039789574,218835,890.9009905312078,138.03261392089996,6812.197,5.3278313,3439.072,2.133917,7396.6416,6.318298,0,,,,,890.9009905312078,0.0005308029,138.03261392089996,0.0006800147,-0.0025993572,-0.006524037
7394.1235,6.320427,-0.0039789397,218836,890.8994135421218,138.03225990294882,6809.73,5.329627,3443.6184,2.134918,7394.1235,6.320427,0,,,,,890.8994135421218,0.0005308264,138.03225990294882,0.00068078435,-0.00420955,-0.008032354
7400.982,6.322274,-0.003978921,218837,890.9006672222013,138.03215102830833,6815.657,5.3311844,3443.9504,2.135027,7400.982,6.322274,0,,,,,890.9006672222013,0.0005309616,138.03215102830833,0.0006805374,-0.0023390779,-0.008311496
7402.274,6.3222632,-0.003978903,218838,890.9004022093426,138.03281347588805,6816.284,5.3311753,3446.1758,2.1360123,7402.274,6.3222632,0,,,,,890.9004022093426,0.0005305993,138.03281347588805,0.00068044,-0.002899455,-0.0070258607
7399.9673,6.3218307,-0.003978885,218839,890.9000112833705,138.03335553181927,6814.1904,5.3308105,3446.3025,2.1355915,7399.9673,6.3218307,0,,,,,890.9000112833705,0.00053078745,138.03335553181927,0.0006807735,-0.0026320713,-0.0076169106
7400.2197,6.3208327,-0.0039788666,218840,890.8992816364705,138.0333172295985,6812.256,5.329969,3444.735,2.1356132,7400.2197,6.3208327,0,,,,,890.8992816364705,0.00053071964,138.0333172295985,0.00068085414,-0.002953591,-0.008284611
7393.348,6.319074,-0.003978848,218841,890.9000185521362,138.03305216036281,6807.615,5.328486,3442.5457,2.13487,7393.348,6.319074,0,,,,,890.9000185521362,0.00053115503,138.03305216036281,0.0006809335,-0.0031860762,-0.0060262126
7400.6553,6.320632,-0.00397883,218842,890.8999102511226,138.03257175205002,6813.989,5.3297997,3442.9404,2.135324,7400.6553,6.320632,0,,,,,890.8999102511226,0.00053054927,138.03257175205002,0.0006806421,-0.003079494,-0.008679913
7390.9795,6.3175607,-0.003978811,218843,890.9020600854518,138.0326171671099,6804.4717,5.3272095,3438.1265,2.1339774,7390.9795,6.3175607,0,,,,,890.9020600854518,0.0005313497,138.0326171671099,0.00068126427,-0.0011688697,-0.008758509
7402.5024,6.316151,-0.0039787926,218844,890.899702177263,138.0330938147325,6816.6694,5.326021,3428.9631,2.1311538,7402.5024,6.316151,0,,,,,890.899702177263,0.0005300222,138.0330938147325,0.0006794685,-0.003133417,-0.0069213156
7403.4897,6.3130407,-0.003978774,218845,890.9002584889384,138.03293691536987,6816.4004,5.3233986,3418.8643,2.131142,7403.4897,6.3130407,0,,,,,890.9002584889384,0.0005296882,138.03293691536987,0.0006794085,-0.002725042,-0.007765596
7402.1274,6.3078084,-0.0039787553,218846,890.9008498859413,138.03335229300984,6816.5215,5.3189864,3407.0208,2.1262236,7402.1274,6.3078084,0,,,,,890.9008498859413,0.0005295081,138.03335229300984,0.0006783833,-0.0025653236,-0.006450341
7405.2373,6.3040166,-0.0039787367,218847,890.9008105006197,138.03282195548678,6819.1353,5.315789,3395.3533,2.1230547,7405.2373,6.3040166,0,,,,,890.9008105006197,0.00052902946,138.03282195548678,0.00067786337,-0.002248119,-0.0073464965
7403.3667,6.3019085,-0.003978718,218848,890.9003439508133,138.03362451532203,6817.692,5.3140116,3387.0884,2.1211762,7403.3667,6.3019085,0,,,,,890.9003439508133,0.000528757,138.03362451532203,0.00067775376,-0.0029044684,-0.007577513
7401.395,6.2948947,-0.003978699,218849,890.8998702468128,138.03415878272028,6816.1934,5.308097,3372.3293,2.1165388,7401.395,6.2948947,0,,,,,890.8998702468128,0.0005283909,138.03415878272028,0.0006768794,-0.0024893845,-0.006316695
7399.3594,6.285839,-0.0039786804,218850,890.9003767877457,138.0317498622217,6811.701,5.300461,3353.923,2.1109798,7399.3594,6.285839,0,,,,,890.9003767877457,0.00052811665,138.0317498622217,0.00067640084,-0.002054853,-0.008547824
7394.2417,6.2799907,-0.0039786613,218851,890.9004577555423,138.0323669772035,6806.9473,5.2955294,3334.6318,2.1061926,7394.2417,6.2799907,0,,,,,890.9004577555423,0.0005281481,138.0323669772035,0.0006765756,-0.002302229,-0.00805165
7390.3286,6.2697563,-0.003978642,218852,890.8991736546925,138.03393255701758,6806.652,5.286899,3314.4763,2.1002748,7390.3286,6.2697563,0,,,,,890.8991736546925,0.0005271183,138.03393255701758,0.00067460316,-0.0034772705,-0.0061678747
7400.2246,6.2624893,-0.0039786235,218853,890.9009150554764,138.0333359182701,6814.496,5.2807713,3288.4438,2.0942948,7400.2246,6.2624893,0,,,,,890.9009150554764,0.0005260466,138.0333359182701,0.0006732924,-0.0023888738,-0.0074662035
7387.6987,6.25199,-0.0039786045,218854,890.9007589321361,138.032761283871,6804.0513,5.271918,3270.8535,2.0880225,7387.6987,6.25199,0,,,,,890.9007589321361,0.0005260661,138.032761283871,0.0006729742,-0.002245829,-0.006819516
7396.1714,6.245536,-0.0039785854,218855,890.900619255195,138.03205113992092,6810.4683,5.266476,3248.4248,2.0831206,7396.1714,6.245536,0,,,,,890.900619255195,0.0005247191,138.03205113992092,0.00067169603,-0.002738248,-0.008945599
7405.8545,6.2383704,-0.0039785663,218856,890.9002202610961,138.0330666316084,6818.666,5.2604337,3223.397,2.0762887,7405.8545,6.2383704,0,,,,,890.9002202610961,0.00052381685,138.0330666316084,0.00066972664,-0.002885769,-0.0062207957
7401.905,6.2290096,-0.0039785467,218857,890.90170854274,138.0325269431949,6815.2554,5.25254,3203.6257,2.069955,7401.905,6.2290096,0,,,,,890.90170854274,0.0005233658,138.0325269431949,0.0006687864,-0.0031701096,-0.007010315
7400.227,6.218421,-0.0039785276,218858,890.9014868247746,138.0343596873981,6814.2295,5.2436113,3176.7761,2.0632946,7400.227,6.218421,0,,,,,890.9014868247746,0.00052252563,138.0343596873981,0.00066766515,-0.0023258948,-0.0061568976
7402.0146,6.2104836,-0.0039785085,218859,890.9011102619808,138.0320371923932,6815.7026,5.236918,3155.2075,2.0564396,7402.0146,6.2104836,0,,,,,890.9011102619808,0.00052188407,138.0320371923932,0.00066659914,-0.0021077713,-0.0075201583
7397.7983,6.202138,-0.003978489,218860,890.9015810028933,138.03209774748308,6811.6934,5.229881,3133.5125,2.0514011,7397.7983,6.202138,0,,,,,890.9015810028933,0.00052154594,138.03209774748308,0.0006658446,-0.0025267396,-0.0078795105
7398.6406,6.1941795,-0.0039784694,218861,890.9013042869052,138.03317494175678,6812.2256,5.2231703,3117.5525,2.0460193,7398.6406,6.1941795,0,,,,,890.9013042869052,0.00052074227,138.03317494175678,0.00066488987,-0.002695233,-0.0069341213
7398.0747,6.1865973,-0.0039784503,218862,890.900378738455,138.03100721680613,6812.239,5.2167764,3098.7864,2.039632,7398.0747,6.1865973,0,,,,,890.900378738455,0.00052016677,138.03100721680613,0.00066439505,-0.0023366127,-0.008802123
7396.787,6.1805086,-0.0039784308,218863,890.9019828745695,138.03349668187374,6810.181,5.2116423,3078.7168,2.0347743,7396.787,6.1805086,0,,,,,890.9019828745695,0.0005200762,138.03349668187374,0.0006636843,-0.0019922808,-0.007707121
7400.4556,6.1735477,-0.003978411,218864,890.9022679661192,138.03355763505294,6814.76,5.205773,3063.7368,2.0302403,7400.4556,6.1735477,0,,,,,890.9022679661192,0.0005189187,138.03355763505294,0.00066191866,-0.0027427627,-0.0069913734
7400.46,6.1677666,-0.0039783916,218865,890.9003912720704,138.03277936958617,6812.9395,5.2008977,3049.8337,2.026359,7400.46,6.1677666,0,,,,,890.9003912720704,0.0005184396,138.03277936958617,0.0006616204,-0.002325235,-0.0075503676
7397.054,6.1635275,-0.003978372,218866,890.9017499529091,138.03226007726673,6811.182,5.197323,3034.841,2.0251844,7397.054,6.1635275,0,,,,,890.9017499529091,0.00051824667,138.03226007726673,0.00066083623,-0.0021019836,-0.0074026934
7394.83,6.1563425,-0.003978352,218867,890.900349310531,138.0345309109355,6808.476,5.1912646,3020.6262,2.0180044,7394.83,6.1563425,0,,,,,890.900349310531,0.0005182499,138.0345309109355,0.0006606496,-0.003334804,-0.0062086806
7398.2656,6.154331,-0.0039783325,218868,890.9017114476318,138.0331944503578,6812.977,5.189568,3014.0452,2.016706,7398.2656,6.154331,0,,,,,890.9017114476318,0.00051740085,138.0331944503578,0.00065978116,-0.0022688748,-0.006389939
7397.513,6.1502295,-0.0039783125,218869,890.9016887912056,138.03336582756933,6812.0015,5.18611,3003.342,2.0135248,7397.513,6.1502295,0,,,,,890.9016887912056,0.00051713566,138.03336582756933,0.00065951736,-0.0021130622,-0.007733072
7402.3354,6.150923,-0.003978293,218870,890.9007722365162,138.0334492510673,6815.406,5.186694,2994.6292,2.0115907,7402.3354,6.150923,0,,,,,890.9007722365162,0.00051747,138.0334492510673,0.0006591508,-0.0024912802,-0.0070345057
7399.3726,6.143695,-0.003978273,218871,890.9022745599309,138.0342153754155,6814.316,5.1805997,2986.8906,2.0082986,7399.3726,6.143695,0,,,,,890.9022745599309,0.0005165066,138.0342153754155,0.0006584412,-0.0023538806,-0.007254533
7397.8574,6.142626,-0.003978253,218872,890.9012043659656,138.03267228013036,6813.2886,5.179698,2982.7288,2.007488,7397.8574,6.142626,0,,,,,890.9012043659656,0.00051663583,138.03267228013036,0.0006583458,-0.0025060936,-0.006848499
7400.741,6.14045,-0.003978233,218873,890.9004229737782,138.03512649210413,6815.036,5.1778636,2977.5115,2.0068996,7400.741,6.14045,0,,,,,890.9004229737782,0.00051622535,138.03512649210413,0.00065740367,-0.0034395212,-0.0041647875
7393.7812,6.1372757,-0.003978213,218874,890.9007280491495,138.03266167930343,6807.955,5.175186,2974.6743,2.0052702,7393.7812,6.1372757,0,,,,,890.9007280491495,0.0005165298,138.03266167930343,0.00065847585,-0.0024273805,-0.007701306
7400.817,6.1414356,-0.003978193,218875,890.9015698683282,138.0331227681522,6812.5737,5.1786942,2979.6323,2.00687,7400.817,6.1414356,0,,,,,890.9015698683282,0.0005165341,138.0331227681522,0.000658593,-0.0020883752,-0.007428816
7402.4087,6.1399846,-0.003978173,218876,890.9014808749731,138.03429433871824,6815.2983,5.177471,2977.8076,2.005698,7402.4087,6.1399846,0,,,,,890.9014808749731,0.00051627686,138.03429433871824,0.0006579502,-0.002213596,-0.0069533037
7388.675,6.13962,-0.0039781523,218877,890.9012069882847,138.0344862322163,6805.108,5.177163,2982.8044,2.007435,7388.675,6.13962,0,,,,,890.9012069882847,0.000517028,138.0344862322163,0.000658776,-0.003047714,-0.0050313645
7392.219,6.1411376,-0.0039781323,218878,890.9008876869734,138.03415024982976,6805.4624,5.178443,2986.8884,2.00857,7392.219,6.1411376,0,,,,,890.9008876869734,0.0005172044,138.03415024982976,0.0006591679,-0.0019900992,-0.005799758
7395.237,6.144534,-0.003978112,218879,890.9013461530072,138.03313675221526,6805.984,5.1813073,2992.723,2.0111337,7395.237,6.144534,0,,,,,890.9013461530072,0.0005172034,138.03313675221526,0.0006599423,-0.0019270189,-0.0080301985
7406.1694,6.148647,-0.0039780918,218880,890.9023185194568,138.03333915738904,6818.0166,5.1847754,2994.9675,2.0110784,7406.1694,6.148647,0,,,,,890.9023185194568,0.0005167309,138.03333915738904,0.00065863604,-0.0011671985,-0.0084049925
7394.4106,6.151596,-0.0039780713,218881,890.9013649733146,138.03228923992734,6810.521,5.1872625,3009.9146,2.0157318,7394.4106,6.151596,0,,,,,890.9013649733146,0.0005172543,138.03228923992734,0.0006594365,-0.0024824878,-0.006683165
7399.468,6.156646,-0.003978051,218882,890.9013691277115,138.03328287686065,6814.203,5.19152,3018.9595,2.0184872,7399.468,6.156646,0,,,,,890.9013691277115,0.00051752117,138.03328287686065,0.0006601507,-0.0025835908,-0.0066726278
7388.471,6.1577487,-0.0039780303,218883,890.9013058999193,138.03345776860758,6801.604,5.1924505,3030.7805,2.0210261,7388.471,6.1577487,0,,,,,890.9013058999193,0.00051852764,138.03345776860758,0.00066163833,-0.0013036793,-0.0065223137
7393.0664,6.164678,-0.00397801,218884,890.9015625357816,138.03366175042407,6806.8164,5.198293,3044.3389,2.0248227,7393.0664,6.164678,0,,,,,890.9015625357816,0.00051864784,138.03366175042407,0.0006619411,-0.0027785625,-0.0070526623
7401.5015,6.171597,-0.0039779893,218885,890.9019560879004,138.03148496345247,6813.042,5.204128,3057.1875,2.0302246,7401.5015,6.171597,0,,,,,890.9019560879004,0.0005185586,138.03148496345247,0.0006619285,-0.0015839963,-0.0079870485
7402.6465,6.1788187,-0.0039779684,218886,890.9008692359242,138.03305946211503,6818.559,5.2102175,3074.9531,2.033373,7402.6465,6.1788187,0,,,,,890.9008692359242,0.0005187686,138.03305946211503,0.00066230766,-0.0031747913,-0.0059302524
7388.16,6.1823287,-0.003977948,218887,890.90326406631,138.03238180787272,6805.3877,5.213177,3091.9211,2.0383558,7388.16,6.1823287,0,,,,,890.90326406631,0.0005203179,138.03238180787272,0.000663759,-0.00140064,-0.0061790044
7396.6733,6.1896534,-0.003977927,218888,890.9014821419195,138.03343545536552,6810.9014,5.2193537,3108.257,2.0426915,7396.6733,6.1896534,0,,,,,890.9014821419195,0.0005205804,138.03343545536552,0.0006642461,-0.0019100112,-0.0063938205
7397.248,6.198665,-0.0039779064,218889,890.9014420477614,138.03286796375463,6812.5156,5.2269526,3124.195,2.0484424,7397.248,6.198665,0,,,,,890.9014420477614,0.00052108057,138.03286796375463,0.00066533993,-0.0025205093,-0.0077105276
7391.8955,6.2047687,-0.0039778855,218890,890.9012922076573,138.0329777384764,6807.3545,5.2320995,3143.5544,2.0533984,7391.8955,6.2047687,0,,,,,890.9012922076573,0.00052196835,138.0329777384764,0.000666633,-0.0031136314,-0.00592546
7389.2207,6.210955,-0.0039778645,218891,890.9014817903001,138.0344152987018,6806.32,5.2373157,3164.2427,2.0581074,7389.2207,6.210955,0,,,,,890.9014817903001,0.0005225902,138.0344152987018,0.0006678505,-0.0022246821,-0.005247642
7390.0615,6.2187934,-0.0039778436,218892,890.9010961414003,138.03316906016724,6806.6914,5.2439256,3183.5613,2.0641053,7390.0615,6.2187934,0,,,,,890.9010961414003,0.00052309723,138.03316906016724,0.0006684734,-0.002260659,-0.006615774
7393.3135,6.2276206,-0.0039778226,218893,890.9002981789378,138.0335709535831,6809.9155,5.251369,3206.448,2.0698826,7393.3135,6.2276206,0,,,,,890.9002981789378,0.00052357244,138.0335709535831,0.0006693282,-0.0025469288,-0.0062779533
7399.3735,6.23509,-0.0039778017,218894,890.9011235347042,138.03347791325874,6815.692,5.257667,3221.2961,2.0739717,7399.3735,6.23509,0,,,,,890.9011235347042,0.0005236339,138.03347791325874,0.00066961616,-0.0019853802,-0.0068070446
7400.5635,6.2426667,-0.0039777807,218895,890.9016319015839,138.03236381987983,6814.027,5.264056,3243.325,2.080522,7400.5635,6.2426667,0,,,,,890.9016319015839,0.0005243154,138.03236381987983,0.00067081704,-0.00217846,-0.0077427085
7395.9805,6.252378,-0.0039777593,218896,890.900725829208,138.0349830389387,6812.218,5.2722454,3269.0498,2.087571,7395.9805,6.252378,0,,,,,890.900725829208,0.0005253589,138.0349830389387,0.00067172863,-0.0024878522,-0.0041592508
7396.5684,6.259244,-0.0039777383,218897,890.9013084034593,138.03233860629172,6813.821,5.278035,3285.766,2.091491,7396.5684,6.259244,0,,,,,890.9013084034593,0.00052576355,138.03233860629172,0.0006725496,-0.0017388714,-0.007050354
7398.0044,6.26828,-0.003977717,218898,890.9015636633151,138.03345698782542,6813.5723,5.285655,3307.5122,2.0987067,7398.0044,6.26828,0,,,,,890.9015636633151,0.00052630575,138.03345698782542,0.000673853,-0.0022986997,-0.006157315
7396.3735,6.2749,-0.003977696,218899,890.9009282366025,138.03375899632096,6810.785,5.291237,3326.078,2.1028771,7396.3735,6.2749,0,,,,,890.9009282366025,0.00052725256,138.03375899632096,0.0006752227,-0.0027515984,-0.0066515566
7397.547,6.2822223,-0.0039776745,218900,890.9011998235588,138.03227052870582,6813.7656,5.2974114,3342.1565,2.1078777,7397.547,6.2822223,0,,,,,890.9011998235588,0.00052780163,138.03227052870582,0.00067566644,-0.002118272,-0.007816833
7394.666,6.2860203,-0.003977653,218901,890.9007574654643,138.03454133426635,6812.2026,5.300614,3354.6804,2.1106198,7394.666,6.2860203,0,,,,,890.9007574654643,0.00052805996,138.03454133426635,0.0006762339,-0.0019252157,-0.0058006993
7397.654,6.2902446,-0.0039776317,218902,890.9022441220441,138.03365669403084,6814.572,5.304176,3361.974,2.1136749,7397.654,6.2902446,0,,,,,890.9022441220441,0.0005282072,138.03365669403084,0.0006763145,-0.0019438389,-0.0056921784
7402.7656,6.295283,-0.0039776103,218903,890.9021845293921,138.03320784331794,6816.078,5.3084245,3376.748,2.1167312,7402.7656,6.295283,0,,,,,890.9021845293921,0.0005287041,138.03320784331794,0.00067702826,-0.001479754,-0.0062334356
7390.6123,6.296245,-0.003977589,218904,890.9004155101793,138.03244147299333,6807.615,5.3092356,3385.2244,2.1189115,7390.6123,6.296245,0,,,,,890.9004155101793,0.0005292084,138.03244147299333,0.00067818974,-0.0018354594,-0.0065702545
7393.0903,6.2995033,-0.0039775674,218905,890.9003874414174,138.03333430480257,6809.364,5.311983,3392.6926,2.1210086,7393.0903,6.2995033,0,,,,,890.9003874414174,0.00052945025,138.03333430480257,0.0006786351,-0.002322307,-0.007113482
7405.568,6.304182,-0.0039775455,218906,890.9004948541307,138.03415689686548,6821.382,5.3159285,3399.0037,2.1225147,7405.568,6.304182,0,,,,,890.9004948541307,0.0005286897,138.03415689686548,0.0006779596,-0.0020731008,-0.0062237335
7394.2217,6.3034983,-0.003977524,218907,890.9014619128649,138.0338878172929,6810.816,5.315352,3400.2043,2.1239967,7394.2217,6.3034983,0,,,,,890.9014619128649,0.000529486,138.0338878172929,0.0006786805,-0.0014116443,-0.0075393636
7403.7036,6.3063188,-0.003977502,218908,890.8999989185745,138.03460901473983,6819.044,5.31773,3404.1829,2.1238508,7403.7036,6.3063188,0,,,,,890.8999989185745,0.00052907446,138.03460901473983,0.00067809527,-0.0020068875,-0.005890669
7397.56,6.307967,-0.0039774803,218909,890.9014967333542,138.03360859904734,6813.299,5.31912,3412.0818,2.1265116,7397.56,6.307967,0,,,,,890.9014967333542,0.00052959786,138.03360859904734,0.00067883194,-0.0021756028,-0.0056089745
7404.803,6.3092394,-0.0039774585,218910,890.9011697607261,138.03311225253418,6819.9253,5.3201933,3412.7078,2.1258574,7404.803,6.3092394,0,,,,,890.9011697607261,0.00052924635,138.03311225253418,0.0006784365,-0.0016349837,-0.0069529368
7399.7935,6.3138413,-0.003977437,218911,890.9003375646549,138.03377218905126,6815.5522,5.324074,3420.4382,2.129078,7399.7935,6.3138413,0,,,,,890.9003375646549,0.0005299011,138.03377218905126,0.0006794266,-0.0017611012,-0.0062667853
7392.488,6.311508,-0.003977415,218912,890.9015374497693,138.03432038923873,6809.953,5.3221064,3420.2288,2.1285107,7392.488,6.311508,0,,,,,890.9015374497693,0.00053038285,138.03432038923873,0.0006799173,-0.0013807758,-0.0064609144
7394.686,6.3108783,-0.003977393,218913,890.9007693951281,138.03545477312056,6810.671,5.321575,3420.4465,2.129443,7394.686,6.3108783,0,,,,,890.9007693951281,0.0005302896,138.03545477312056,0.0006793164,-0.002804102,-0.0049081016
7395.8257,6.3138323,-0.003977371,218914,890.901309649742,138.03229697500748,6810.7114,5.3240657,3424.7083,2.1305492,7395.8257,6.3138323,0,,,,,890.901309649742,0.0005307183,138.03229697500748,0.00067997875,-0.0008770508,-0.008086789
7399.1455,6.312022,-0.003977349,218915,890.9000945763153,138.03363107492058,6815.4214,5.3225393,3421.794,2.12877,7399.1455,6.312022,0,,,,,890.9000945763153,0.00052985817,138.03363107492058,0.00067918625,-0.003071919,-0.0057118027
7397.863,6.3153024,-0.0039773267,218916,890.9013801436466,138.03399173168734,6814.36,5.3253055,3428.5188,2.1307058,7397.863,6.3153024,0,,,,,890.9013801436466,0.0005301755,138.03399173168734,0.0006796026,-0.0013162696,-0.006622917
7406.5415,6.3157196,-0.003977305,218917,890.9005934789328,138.0342468812489,6821.4937,5.3256574,3423.0447,2.132053,7406.5415,6.3157196,0,,,,,890.9005934789328,0.0005294549,138.0342468812489,0.0006785778,-0.0021380747,-0.0051971837
7412.4985,6.3145494,-0.0039772824,218918,890.9000159639788,138.0329108821886,6826.14,5.324671,3421.1768,2.129067,7412.4985,6.3145494,0,,,,,890.9000159639788,0.00052922795,138.0329108821886,0.00067828124,-0.0019984932,-0.0068226205
7402.588,6.3121114,-0.00397726,218919,890.9012946212432,138.03179949841234,6818.8096,5.322615,3420.1733,2.1277986,7402.588,6.3121114,0,,,,,890.9012946212432,0.0005296985,138.03179949841234,0.0006790335,-0.0015704783,-0.007297742
7396.4497,6.309947,-0.003977238,218920,890.9009436190148,138.03321798590642,6812.211,5.32079,3417.93,2.1278439,7396.4497,6.309947,0,,,,,890.9009436190148,0.0005300515,138.03321798590642,0.00067931623,-0.0013870121,-0.0058193062
7400.231,6.312455,-0.003977216,218921,890.899724988499,138.03385776535285,6816.351,5.3229046,3420.788,2.1290286,7400.231,6.312455,0,,,,,890.899724988499,0.0005297164,138.03385776535285,0.0006790716,-0.002723282,-0.0058325473
7403.4023,6.31181,-0.0039771935,218922,890.9007135357457,138.0339894428115,6816.13,5.3223605,3419.5112,2.1285176,7403.4023,6.31181,0,,,,,890.9007135357457,0.00052998005,138.0339894428115,0.0006795402,-0.0017485005,-0.0076899347
7399.292,6.312019,-0.0039771707,218923,890.9009512285228,138.03371059454588,6814.7188,5.322537,3423.389,2.1290743,7399.292,6.312019,0,,,,,890.9009512285228,0.0005297484,138.03371059454588,0.00067912106,-0.0020268995,-0.0052888626
7401.928,6.3133726,-0.0039771483,218924,890.9010047979594,138.03356080018827,6817.266,5.3236785,3423.9126,2.129494,7401.928,6.3133726,0,,,,,890.9010047979594,0.0005298238,138.03356080018827,0.00067908096,-0.002089698,-0.0060800747
7399.3076,6.316282,-0.003977126,218925,890.9013574870097,138.03322867553254,6814.826,5.3261313,3428.0142,2.1314993,7399.3076,6.316282,0,,,,,890.9013574870097,0.0005302889,138.03322867553254,0.000679834,-0.0013429684,-0.006124401
7399.726,6.317549,-0.003977103,218926,890.8999334242609,138.03376309126568,6816.8057,5.3272004,3431.2617,2.131285,7399.726,6.317549,0,,,,,890.8999334242609,0.0005305296,138.03376309126568,0.00067942165,-0.0025019152,-0.005243627
7396.585,6.3163033,-0.003977081,218927,890.9012131783286,138.03252711024712,6812.233,5.3261495,3435.7107,2.1323552,7396.585,6.3163033,0,,,,,890.9012131783286,0.00053061824,138.03252711024712,0.00068017154,-0.0013618106,-0.007503117
7397.3306,6.3170137,-0.003977058,218928,890.9018641242425,138.0321266404071,6814.133,5.326749,3433.8992,2.132103,7397.3306,6.3170137,0,,,,,890.9018641242425,0.0005304403,138.0321266404071,0.0006798666,-0.001413331,-0.00776046
7411.6763,6.320713,-0.003977035,218929,890.9001377999595,138.03549575692193,6826.323,5.329868,3439.4744,2.1333241,7411.6763,6.320713,0,,,,,890.9001377999595,0.00052969845,138.03549575692193,0.0006788849,-0.0014855196,-0.00460568
7398.946,6.321395,-0.0039770124,218930,890.9010651979186,138.03467400051693,6815.4595,5.330443,3442.5999,2.1342342,7398.946,6.321395,0,,,,,890.9010651979186,0.00053092017,138.03467400051693,0.0006805565,-0.0013471544,-0.0067860587
7395.021,6.317783,-0.0039769895,218931,890.9005010406757,138.03329350640067,6811.697,5.327397,3441.2832,2.1342597,7395.021,6.317783,0,,,,,890.9005010406757,0.00053061364,138.03329350640067,0.0006802521,-0.0021247594,-0.005960396
7403.662,6.319579,-0.0039769667,218932,890.9013096246834,138.0339826278613,6817.168,5.328912,3441.201,2.1341963,7403.662,6.319579,0,,,,,890.9013096246834,0.0005303852,138.0339826278613,0.0006797959,-0.002358892,-0.004665169
7395.212,6.319154,-0.003976944,218933,890.900557218695,138.03349136203033,6810.439,5.328553,3447.2139,2.1346195,7395.212,6.319154,0,,,,,890.900557218695,0.0005307821,138.03349136203033,0.000680775,-0.0011997302,-0.005279894
7401.003,6.3193464,-0.003976921,218934,890.9020830647887,138.03267953378304,6816.7793,5.3287153,3441.8225,2.1333416,7401.003,6.3193464,0,,,,,890.9020830647887,0.0005304295,138.03267953378304,0.00068007014,-0.001481851,-0.006851119
7391.991,6.3177767,-0.003976898,218935,890.9012840471333,138.03263277404426,6807.4683,5.327392,3443.409,2.1340537,7391.991,6.3177767,0,,,,,890.9012840471333,0.0005311801,138.03263277404426,0.0006806604,-0.0013225434,-0.006238305
7403.1196,6.3176665,-0.003976875,218936,890.9014570762741,138.03331559214726,6818.735,5.327299,3433.9749,2.1317961,7403.1196,6.3176665,0,,,,,890.9014570762741,0.00053036475,138.03331559214726,0.00067964353,-0.0011833436,-0.0077628116
7399.648,6.3164873,-0.0039768517,218937,890.9004354792525,138.03407932350575,6816.4224,5.326305,3432.9856,2.1321733,7399.648,6.3164873,0,,,,,890.9004354792525,0.00053002447,138.03407932350575,0.00067956554,-0.0023109145,-0.0055718324
7401.532,6.315458,-0.003976829,218938,890.9013176706984,138.0339066497574,6816.998,5.3254366,3430.6448,2.1309898,7401.532,6.315458,0,,,,,890.9013176706984,0.00053007563,138.0339066497574,0.0006797254,-0.0014741184,-0.0076243887
7406.3906,6.313425,-0.0039768056,218939,890.9010992239383,138.03345639946468,6820.834,5.323723,3425.8574,2.1289375,7406.3906,6.313425,0,,,,,890.9010992239383,0.0005297986,138.03345639946468,0.000678693,-0.002248133,-0.005727509
7399.148,6.3103437,-0.0039767823,218940,890.9012830406593,138.0335610526413,6814.3115,5.321124,3418.9482,2.1282086,7399.148,6.3103437,0,,,,,890.9012830406593,0.0005299271,138.0335610526413,0.0006791823,-0.0008042732,-0.0076715136
7392.26,6.3075924,-0.003976759,218941,890.9014259017359,138.03314714346337,6809.387,5.3188043,3415.945,2.126828,7392.26,6.3075924,0,,,,,890.9014259017359,0.0005300047,138.03314714346337,0.0006791829,-0.0014620377,-0.0058850558
7401.6353,6.309184,-0.0039767358,218942,890.9003102435098,138.03368045136236,6817.4575,5.3201466,3407.9368,2.1265388,7401.6353,6.309184,0,,,,,890.9003102435098,0.00052956445,138.03368045136236,0.0006785524,-0.0021843717,-0.0048376247
7394.6885,6.305032,-0.0039767125,218943,890.9011020212484,138.0344987664344,6811.1577,5.316645,3406.2495,2.124012,7394.6885,6.305032,0,,,,,890.9011020212484,0.00052957743,138.0344987664344,0.00067900197,-0.0015551506,-0.0058533307
7394.6465,6.3014064,-0.0039766887,218944,890.9015847662162,138.03103899547645,6809.27,5.3135877,3401.2595,2.12264,7394.6465,6.3014064,0,,,,,890.9015847662162,0.0005295009,138.03103899547645,0.000678728,-0.000422117,-0.009239164
7398.016,6.2996244,-0.0039766654,218945,890.9008512763969,138.03440385086716,6814.3076,5.3120856,3390.6768,2.1202762,7398.016,6.2996244,0,,,,,890.9008512763969,0.0005288832,138.03440385086716,0.00067795534,-0.002030341,-0.0058107516
7408.2715,6.2980475,-0.0039766417,218946,890.9017832756346,138.03327312047665,6822.6787,5.3107557,3380.516,2.118766,7408.2715,6.2980475,0,,,,,890.9017832756346,0.0005282822,138.03327312047665,0.000676841,-0.001011917,-0.0049111703
7391.8496,6.2921157,-0.0039766184,218947,890.900377966946,138.03320903865753,6808.5176,5.3057537,3376.277,2.115737,7391.8496,6.2921157,0,,,,,890.900377966946,0.00052878173,138.03320903865753,0.00067738845,-0.001618367,-0.006923786
7396.249,6.28973,-0.0039765947,218948,890.9015943404296,138.03256287882857,6811.2617,5.303742,3368.206,2.1135683,7396.249,6.28973,0,,,,,890.9015943404296,0.00052840856,138.03256287882857,0.00067701854,-0.0005111945,-0.008775942
7396.819,6.2888875,-0.003976571,218949,890.9015458131761,138.03421543354338,6813.309,5.3030314,3361.0576,2.1120589,7396.819,6.2888875,0,,,,,890.9015458131761,0.000528255,138.03421543354338,0.0006764263,-0.001951163,-0.0053740744
7395.4136,6.2840824,-0.003976547,218950,890.9011321179125,138.0329226659259,6811.924,5.2989798,3351.8345,2.1092215,7395.4136,6.2840824,0,,,,,890.9011321179125,0.0005279516,138.0329226659259,0.000675559,-0.001596071,-0.0056006075
7401.151,6.280264,-0.0039765234,218951,890.9016271882165,138.03369620348008,6815.7964,5.2957597,3338.618,2.1062744,7401.151,6.280264,0,,,,,890.9016271882165,0.0005275696,138.03369620348008,0.00067521294,-0.0011025064,-0.00564149
7397.3076,6.2764893,-0.0039764997,218952,890.9014532518654,138.03488675723955,6813.383,5.292577,3331.341,2.103801,7397.3076,6.2764893,0,,,,,890.9014532518654,0.0005273031,138.03488675723955,0.0006748281,-0.002503944,-0.005884117
7394.341,6.2734327,-0.003976476,218953,890.9013078987939,138.03472654127654,6810.622,5.2899995,3325.3071,2.1018934,7394.341,6.2734327,0,,,,,890.9013078987939,0.0005274112,138.03472654127654,0.00067483267,-0.0015644102,-0.005899668
7384.4956,6.2691054,-0.003976452,218954,890.9009649117407,138.0334636653003,6803.7407,5.2863503,3319.3838,2.1007729,7384.4956,6.2691054,0,,,,,890.9009649117407,0.0005274006,138.0334636653003,0.00067498453,-0.0017895517,-0.0059799077
7396.812,6.267506,-0.003976428,218955,890.901188697154,138.0333095755018,6812.533,5.2850018,3306.279,2.0972028,7396.812,6.267506,0,,,,,890.901188697154,0.0005265415,138.0333095755018,0.0006740829,-0.0014569336,-0.0065965955
7399.9756,6.266058,-0.003976404,218956,890.9020933011271,138.03361544861937,6816.3228,5.283781,3298.5557,2.0953376,7399.9756,6.266058,0,,,,,890.9020933011271,0.000526027,138.03361544861937,0.000673521,-0.00084688066,-0.006347774
7408.4116,6.2613144,-0.00397638,218957,890.9007934953112,138.03326207476627,6820.81,5.279781,3287.8994,2.0924366,7408.4116,6.2613144,0,,,,,890.9007934953112,0.0005255392,138.03326207476627,0.0006723813,-0.0020654108,-0.005294701
7397.272,6.258707,-0.003976356,218958,890.9001765333702,138.03478704205253,6813.2354,5.2775826,3281.2922,2.0904844,7397.272,6.258707,0,,,,,890.9001765333702,0.00052547286,138.03478704205253,0.0006729538,-0.0019661353,-0.0050047543
7381.648,6.2503576,-0.0039763316,218959,890.9015747484518,138.03308995248705,6799.0483,5.270541,3275.0308,2.0884557,7381.648,6.2503576,0,,,,,890.9015747484518,0.00052609,138.03308995248705,0.0006736713,-0.0009872933,-0.0069025625
7395.658,6.250277,-0.003976308,218960,890.9019805079095,138.0325209806159,6812.942,5.2704735,3265.649,2.085957,7395.658,6.250277,0,,,,,890.9019805079095,0.0005252422,138.0325209806159,0.0006717842,-0.00115807,-0.0063935393
7403.668,6.250135,-0.0039762836,218961,890.9018608846465,138.0346978223453,6818.649,5.270354,3259.4402,2.0839899,7403.668,6.250135,0,,,,,890.9018608846465,0.00052477635,138.0346978223453,0.00067127286,-0.0015370755,-0.0054787663
7404.6694,6.2465043,-0.003976259,218962,890.9008322968502,138.0334009070058,6819.0615,5.2672925,3251.5464,2.0819852,7404.6694,6.2465043,0,,,,,890.9008322968502,0.00052445097,138.0334009070058,0.000670616,-0.0023259409,-0.0048573324
7401.083,6.242637,-0.0039762347,218963,890.9015202278734,138.03362473953098,6815.402,5.2640314,3244.1555,2.0794353,7401.083,6.242637,0,,,,,890.9015202278734,0.00052443426,138.03362473953098,0.0006710257,-0.0008752662,-0.006935945
7397.813,6.240773,-0.0039762105,218964,890.9021862080666,138.0345949278911,6812.8467,5.2624598,3241.382,2.0790052,7397.813,6.240773,0,,,,,890.9021862080666,0.00052434753,138.0345949278911,0.0006705031,-0.0010431601,-0.00521604
7390.2437,6.237916,-0.003976186,218965,890.8995726772255,138.03436813107825,6807.1665,5.2600503,3237.2012,2.0777712,7390.2437,6.237916,0,,,,,890.8995726772255,0.0005245245,138.03436813107825,0.0006708424,-0.0026883036,-0.0055135447
7399.022,6.239149,-0.0039761616,218966,890.9008518520079,138.0347044271036,6812.615,5.2610903,3235.2407,2.077563,7399.022,6.239149,0,,,,,890.9008518520079,0.000524212,138.0347044271036,0.0006706771,-0.00093578023,-0.005309387
7388.0923,6.2358255,-0.003976137,218967,890.9020071057237,138.03503518440127,6807.369,5.2582874,3230.7866,2.0769107,7388.0923,6.2358255,0,,,,,890.9020071057237,0.00052439596,138.03503518440127,0.00067043497,-0.0016229427,-0.004032931
7400.229,6.235436,-0.003976112,218968,890.9024789499115,138.03253872056914,6813.914,5.257959,3224.4624,2.0756547,7400.229,6.235436,0,,,,,890.9024789499115,0.0005239522,138.03253872056914,0.00067016215,-0.0011933522,-0.007648752
7391.978,6.2345366,-0.003976088,218969,890.9012995558336,138.03377267669518,6808.728,5.257201,3227.6453,2.0753207,7391.978,6.2345366,0,,,,,890.9012995558336,0.00052399986,138.03377267669518,0.0006703115,-0.0009536531,-0.005886087
7410.8945,6.2363153,-0.0039760633,218970,890.9021263608751,138.03395028163328,6825.3213,5.258701,3219.2798,2.074292,7410.8945,6.2363153,0,,,,,890.9021263608751,0.0005232724,138.03395028163328,0.0006685623,-0.0021559577,-0.0051075276
7390.8335,6.2328844,-0.0039760387,218971,890.9010250174008,138.03385936510443,6807.231,5.255808,3223.071,2.074295,7390.8335,6.2328844,0,,,,,890.9010250174008,0.000524262,138.03385936510443,0.00067026244,-0.001391444,-0.0043408913
7393.557,6.2332435,-0.003976014,218972,890.9021756625034,138.03332523598775,6809.1235,5.25611,3218.1807,2.073878,7393.557,6.2332435,0,,,,,890.9021756625034,0.0005240394,138.03332523598775,0.00067013426,-0.0013094808,-0.005724973
7392.2275,6.233153,-0.003975989,218973,890.9015392268004,138.03287446597508,6809.313,5.256034,3221.6062,2.073462,7392.2275,6.233153,0,,,,,890.9015392268004,0.00052408787,138.03287446597508,0.0006699993,-0.0015731701,-0.0061036437
7407.316,6.233722,-0.003975964,218974,890.9011960955937,138.03380965486195,6820.086,5.256514,3219.059,2.0725899,7407.316,6.233722,0,,,,,890.9011960955937,0.000523419,138.03380965486195,0.00066917884,-0.001067564,-0.00621428
7400.895,6.232939,-0.0039759395,218975,890.9012760052333,138.03478347915987,6815.44,5.2558537,3219.2937,2.072828,7400.895,6.232939,0,,,,,890.9012760052333,0.0005235714,138.03478347915987,0.0006696823,-0.0019151305,-0.003988188
7395.2227,6.2316937,-0.0039759143,218976,890.9017511741849,138.0324853560955,6811.6206,5.254803,3218.0432,2.0725112,7395.2227,6.2316937,0,,,,,890.9017511741849,0.00052371,138.0324853560955,0.00066947617,-0.0006798147,-0.006910678
7401.234,6.232537,-0.003975889,218977,890.9013336497798,138.03343484084374,6815.9453,5.255514,3216.535,2.0730734,7401.234,6.232537,0,,,,,890.9013336497798,0.00052343565,138.03343484084374,0.00066913787,-0.0024224138,-0.0048337406
7390.1304,6.229607,-0.0039758645,218978,890.9029923474001,138.0327084579008,6804.9688,5.253044,3217.1235,2.0723672,7390.1304,6.229607,0,,,,,890.9029923474001,0.0005242376,138.0327084579008,0.0006698742,-0.00021909598,-0.0059394543
7405.5513,6.2365637,-0.0039758394,218979,890.9001752945961,138.03348154613712,6819.173,5.2589097,3216.7532,2.0736048,7405.5513,6.2365637,0,,,,,890.9001752945961,0.0005238227,138.03348154613712,0.00066969247,-0.0015408032,-0.0046459935
7388.241,6.230279,-0.003975814,218980,890.9021367330915,138.0326120988206,6805.8784,5.2536106,3214.2424,2.0722842,7388.241,6.230279,0,,,,,890.9021367330915,0.00052415807,138.0326120988206,0.00066979893,-0.0010736495,-0.006128374
7403.7188,6.231609,-0.003975789,218981,890.9014406488621,138.03370343008118,6817.4634,5.2547317,3209.7915,2.0717335,7403.7188,6.231609,0,,,,,890.9014406488621,0.00052318914,138.03370343008118,0.0006688048,-0.0016591811,-0.0053423475
7387.7656,6.2298546,-0.003975764,218982,890.900386853874,138.03363387089797,6803.88,5.2532525,3215.3738,2.072225,7387.7656,6.2298546,0,,,,,890.900386853874,0.00052420713,138.03363387089797,0.0006703947,-0.0016672747,-0.0047623967
7406.616,6.2315063,-0.0039757383,218983,890.9022227410384,138.03403856227195,6820.6836,5.2546453,3210.8574,2.0705817,7406.616,6.2315063,0,,,,,890.9022227410384,0.0005232768,138.03403856227195,0.0006687101,-0.0012957314,-0.006549814
7396.3916,6.229113,-0.003975713,218984,890.9027380070488,138.03251689510404,6812.06,5.2526274,3211.9878,2.0706904,7396.3916,6.229113,0,,,,,890.9027380070488,0.0005236479,138.03251689510404,0.0006690323,0.00024687484,-0.006321101
7395.915,6.2285466,-0.003975688,218985,890.90169039827,138.031532409802,6811.596,5.2521496,3204.3481,2.0702498,7395.915,6.2285466,0,,,,,890.90169039827,0.00052346376,138.031532409802,0.0006687752,-0.001616571,-0.006706026
7398.387,6.2272377,-0.0039756624,218986,890.9008014000188,138.03416718544403,6811.87,5.251046,3202.9067,2.0702574,7398.387,6.2272377,0,,,,,890.9008014000188,0.0005235473,138.03416718544403,0.00066906255,-0.001878318,-0.004515188
7388.159,6.2259717,-0.003975637,218987,890.901913337863,138.0330988751585,6805.165,5.2499785,3203.2522,2.0706663,7388.159,6.2259717,0,,,,,890.901913337863,0.00052379374,138.0330988751585,0.00066916033,-0.0016808865,-0.0054696077
7408.7207,6.229106,-0.0039756116,218988,890.901013097206,138.03479877693627,6822.391,5.252621,3194.386,2.0667553,7408.7207,6.229106,0,,,,,890.901013097206,0.00052287866,138.03479877693627,0.0006684526,-0.0019477857,-0.004679401
7393.449,6.2199907,-0.003975586,218989,890.9013279552494,138.03414157382028,6810.6943,5.244935,3188.2983,2.0643408,7393.449,6.2199907,0,,,,,890.9013279552494,0.00052287243,138.03414157382028,0.00066820375,-0.0010436962,-0.0059996475
7397.9805,6.218942,-0.0039755604,218990,890.9024123717129,138.03273348532448,6813.704,5.2440505,3184.5237,2.0631752,7397.9805,6.218942,0,,,,,890.9024123717129,0.00052269676,138.03273348532448,0.0006675061,-0.000506414,-0.0049388926
7402.7314,6.215017,-0.003975535,218991,890.9021683237314,138.03296598515925,6814.4917,5.2407413,3172.4583,2.0599544,7402.7314,6.215017,0,,,,,890.9021683237314,0.00052235887,138.03296598515925,0.0006676568,-0.0011907485,-0.0063015306
7402.5444,6.213801,-0.003975509,218992,890.9017075643292,138.0335925274387,6814.96,5.2397156,3166.636,2.059045,7402.5444,6.213801,0,,,,,890.9017075643292,0.0005223,138.0335925274387,0.00066688884,-0.0009837257,-0.0054800906
7395.2754,6.2074184,-0.0039754836,218993,890.9017320537035,138.0357899770316,6809.277,5.2343335,3156.4683,2.0551095,7395.2754,6.2074184,0,,,,,890.9017320537035,0.0005221717,138.0357899770316,0.0006667632,-0.0012308045,-0.0027111198
7400.455,6.2059107,-0.0039754575,218994,890.9021381416757,138.03251938427942,6814.6235,5.2330623,3147.1592,2.053527,7400.455,6.2059107,0,,,,,890.9021381416757,0.00052162126,138.03251938427942,0.0006659892,-0.0003022864,-0.0067307465
7412.1187,6.2026234,-0.003975432,218995,890.9014333600855,138.03509458039738,6825.2373,5.23029,3134.0696,2.0491846,7412.1187,6.2026234,0,,,,,890.9014333600855,0.0005203646,138.03509458039738,0.00066447107,-0.0010022676,-0.0032722866
7405.949,6.196666,-0.003975406,218996,890.9018152172456,138.0335137092145,6819.4004,5.2252665,3122.4036,2.0467024,7405.949,6.196666,0,,,,,890.9018152172456,0.0005205379,138.0335137092145,0.0006645253,-0.0015064348,-0.006294031
7400.298,6.1909475,-0.00397538,218997,890.9023517029593,138.0338979210424,6814.8667,5.2204447,3109.7344,2.0429502,7400.298,6.1909475,0,,,,,890.9023517029593,0.00052013464,138.0338979210424,0.0006642712,-0.0011491112,-0.0054984973
7398.307,6.1875753,-0.003975354,218998,890.9027781025089,138.0339284219586,6813.159,5.2176013,3094.9958,2.0387175,7398.307,6.1875753,0,,,,,890.9027781025089,0.00052022724,138.0339284219586,0.0006641721,-0.000830049,-0.0062759877
7395.617,6.1779766,-0.003975328,218999,890.9019047553317,138.03221879898993,6811.544,5.2095075,3078.7617,2.0343022,7395.617,6.1779766,0,,,,,890.9019047553317,0.0005195648,138.03221879898993,0.0006626933,-0.0011022346,-0.0052685468
7399.2573,6.1727686,-0.003975302,219000,890.9018799168402,138.0349045362732,6814.686,5.205116,3062.1843,2.029318,7399.2573,6.1727686,0,,,,,890.9018799168402,0.00051906065,138.0349045362732,0.0006618159,-0.0015176709,-0.004313751
7400.0,6.1664677,-0.003975276,219001,890.9025779757519,138.0337847114174,6813.0654,5.1998024,3049.6963,2.0255058,7400.0,6.1664677,0,,,,,890.9025779757519,0.0005185374,138.0337847114174,0.0006613639,-0.0012195813,-0.0058401106
7405.029,6.162493,-0.00397525,219002,890.9014108430886,138.03400798633797,6817.7026,5.196451,3034.5386,2.0212364,7405.029,6.162493,0,,,,,890.9014108430886,0.0005176022,138.03400798633797,0.0006603178,-0.0013531474,-0.005558941
7397.9863,6.157812,-0.0039752237,219003,890.9031644741851,138.03393261375606,6811.084,5.192504,3022.5486,2.0201108,7397.9863,6.157812,0,,,,,890.9031644741851,0.00051789545,138.03393261375606,0.00066038006,-0.00071142125,-0.0053944495
7403.8345,6.154223,-0.0039751977,219004,890.9021053059561,138.03355020230262,6816.839,5.189477,3011.419,2.014297,7403.8345,6.154223,0,,,,,890.9021053059561,0.00051757565,138.03355020230262,0.000659339,-0.0010134875,-0.005647279
7398.591,6.1470838,-0.003975171,219005,890.9017941226778,138.03391449259672,6813.722,5.1834574,2996.7104,2.0107112,7398.591,6.1470838,0,,,,,890.9017941226778,0.0005169765,138.03391449259672,0.0006589015,-0.0009522261,-0.0047532055
7400.7754,6.1408215,-0.003975145,219006,890.9016246456423,138.0339926497103,6814.934,5.1781764,2982.818,2.0066473,7400.7754,6.1408215,0,,,,,890.9016246456423,0.0005163812,138.0339926497103,0.000658019,-0.0022868467,-0.004227145
7415.557,6.1401296,-0.0039751185,219007,890.9016444343789,138.0355633164967,6826.676,5.177593,2970.7583,2.0034852,7415.557,6.1401296,0,,,,,890.9016444343789,0.000515328,138.0355633164967,0.0006572272,-0.0010559096,-0.0046602753
7396.093,6.1281486,-0.003975092,219008,890.9027686918101,138.03432389785107,6812.001,5.16749,2953.004,1.998171,7396.093,6.1281486,0,,,,,890.9027686918101,0.0005154353,138.03432389785107,0.0006565658,-0.0008722923,-0.0048213205
7400.643,6.1270113,-0.0039750654,219009,890.902950836791,138.0350525585877,6813.039,5.166531,2944.1887,1.9969896,7400.643,6.1270113,0,,,,,890.902950836791,0.0005152866,138.0350525585877,0.000656377,-0.0011781022,-0.00414101
7404.6494,6.1227536,-0.0039750393,219010,890.9024021491862,138.03351661829407,6817.6606,5.162941,2932.8257,1.9932108,7404.6494,6.1227536,0,,,,,890.9024021491862,0.00051465054,138.03351661829407,0.00065549556,-0.0013804045,-0.005416443
7403.338,6.1185164,-0.003975013,219011,890.902034533687,138.03413728807237,6815.817,5.159368,2925.5989,1.9902725,7403.338,6.1185164,0,,,,,890.902034533687,0.00051439396,138.03413728807237,0.0006550098,-0.00049667014,-0.0055733384
7390.6035,6.1133657,-0.003974986,219012,890.9021851189267,138.03381879366697,6805.731,5.1550245,2918.5488,1.9884651,7390.6035,6.1133657,0,,,,,890.9021851189267,0.00051480206,138.03381879366697,0.00065537833,-0.0018424409,-0.004149059
7410.322,6.113707,-0.0039749593,219013,890.9032305724282,138.03286164412455,6822.328,5.155313,2906.704,1.9858794,7410.322,6.113707,0,,,,,890.9032305724282,0.0005138014,138.03286164412455,0.0006538375,-0.0005438917,-0.006026028
7402.255,6.1106324,-0.0039749327,219014,890.902717418239,138.03407927314805,6815.1406,5.15272,2896.3743,1.9825225,7402.255,6.1106324,0,,,,,890.902717418239,0.0005141521,138.03407927314805,0.0006542378,-0.0005901986,-0.0044734925
7391.9497,6.1031013,-0.0039749057,219015,890.9011941016645,138.0343145561264,6804.172,5.1463695,2893.5703,1.9807262,7391.9497,6.1031013,0,,,,,890.9011941016645,0.0005140234,138.0343145561264,0.00065464,-0.0021793207,-0.0041491063
7401.9614,6.1020684,-0.003974879,219016,890.9027889210975,138.03351785889242,6816.3096,5.1454983,2885.1003,1.9783565,7401.9614,6.1020684,0,,,,,890.9027889210975,0.00051309384,138.03351785889242,0.00065290835,-0.0007753715,-0.005861756
7401.2095,6.101638,-0.003974852,219017,890.9028229083151,138.03461471836857,6814.098,5.1451354,2880.8286,1.9797782,7401.2095,6.101638,0,,,,,890.9028229083151,0.0005134072,138.03461471836857,0.0006531245,-0.00064198097,-0.005228637
7391.529,6.09626,-0.0039748256,219018,890.9026724913948,138.03315167305172,6806.655,5.1406007,2875.324,1.9753225,7391.529,6.09626,0,,,,,890.9026724913948,0.0005133847,138.03315167305172,0.000653189,-0.0005492147,-0.006082561
7402.2363,6.0990486,-0.0039747986,219019,890.9028428181442,138.03354260193356,6814.4243,5.142952,2874.6223,1.976023,7402.2363,6.0990486,0,,,,,890.9028428181442,0.00051328714,138.03354260193356,0.0006527309,-0.0014773875,-0.004237809
7409.058,6.0959225,-0.0039747716,219020,890.9032049779029,138.03491140561238,6820.845,5.140316,2865.133,1.9726679,7409.058,6.0959225,0,,,,,890.9032049779029,0.00051255024,138.03491140561238,0.00065175217,-0.0006494474,-0.0043091606
7399.55,6.094375,-0.0039747446,219021,890.9027241562633,138.0342646952729,6814.223,5.1390114,2866.6055,1.9725513,7399.55,6.094375,0,,,,,890.9027241562633,0.00051271456,138.0342646952729,0.0006525661,-0.0011022562,-0.005719079
7405.39,6.0938563,-0.0039747176,219022,890.9029289770291,138.03494539365474,6816.141,5.138574,2863.0713,1.971857,7405.39,6.0938563,0,,,,,890.9029289770291,0.00051268796,138.03494539365474,0.0006521119,-0.00024860434,-0.005253067
7396.698,6.092246,-0.0039746906,219023,890.9022799385536,138.03483713519776,6812.4307,5.137216,2859.9622,1.9709314,7396.698,6.092246,0,,,,,890.9022799385536,0.00051268114,138.03483713519776,0.0006523171,-0.0014597919,-0.0043901824
7401.873,6.0966635,-0.003974663,219024,890.902780228136,138.03434940851855,6817.8013,5.1409407,2867.544,1.9732548,7401.873,6.0966635,0,,,,,890.902780228136,0.0005125097,138.03434940851855,0.0006522946,-0.00019239042,-0.005221691
7402.195,6.0976024,-0.003974636,219025,890.903578168708,138.0329181578877,6814.454,5.1417327,2868.3467,1.9736748,7402.195,6.0976024,0,,,,,890.903578168708,0.0005130941,138.0329181578877,0.0006525464,-0.0007371904,-0.005394399
7390.671,6.09606,-0.003974609,219026,890.9031897053003,138.03264255581036,6804.626,5.140432,2875.718,1.9753251,7390.671,6.09606,0,,,,,890.9031897053003,0.0005137293,138.03264255581036,0.0006532378,-1.817903e-05,-0.004920534
7400.716,6.101016,-0.0039745816,219027,890.9029113097516,138.03475187177204,6814.6396,5.1446114,2881.9236,1.9777964,7400.716,6.101016,0,,,,,890.9029113097516,0.0005132684,138.03475187177204,0.000652649,-0.0016051865,-0.00391637
7407.4,6.1046805,-0.003974554,219028,890.9013263474728,138.03435329550894,6820.367,5.147701,2888.234,1.9799284,7407.4,6.1046805,0,,,,,890.9013263474728,0.0005128468,138.03435329550894,0.00065272575,-0.00096557307,-0.003459551
7403.077,6.1071873,-0.003974527,219029,890.9017010236239,138.03476272103663,6816.3,5.149815,2896.5864,1.981797,7403.077,6.1071873,0,,,,,890.9017010236239,0.0005136101,138.03476272103663,0.0006534769,-0.0008386764,-0.0044055483
7406.501,6.1109324,-0.0039744996,219030,890.902709227164,138.03382371672905,6819.636,5.1529727,2904.4521,1.9838454,7406.501,6.1109324,0,,,,,890.902709227164,0.00051361305,138.03382371672905,0.00065373187,-0.00029699743,-0.00462622
7403.7026,6.1146564,-0.003974472,219031,890.9031944284884,138.03345575520459,6817.442,5.156113,2916.28,1.9875748,7403.7026,6.1146564,0,,,,,890.9031944284884,0.00051423075,138.03345575520459,0.00065441866,-0.00065039366,-0.0057783243
7389.9053,6.117299,-0.0039744447,219032,890.9021447133904,138.03361612084575,6804.4224,5.1583414,2926.6812,1.9915463,7389.9053,6.117299,0,,,,,890.9021447133904,0.00051523634,138.03361612084575,0.0006559786,-0.000533737,-0.005049536
7397.6636,6.1262918,-0.0039744168,219033,890.9021219692436,138.03478304295186,6810.8843,5.1659245,2941.219,1.9957536,7397.6636,6.1262918,0,,,,,890.9021219692436,0.00051510514,138.03478304295186,0.000657019,-0.0012362415,-0.005923498
7400.584,6.1305785,-0.0039743893,219034,890.9015491414577,138.0345484994778,6813.9023,5.1695395,2955.9,1.9994997,7400.584,6.1305785,0,,,,,890.9015491414577,0.0005155356,138.0345484994778,0.00065665244,-0.0008464781,-0.0032006833
7405.859,6.1353936,-0.003974362,219035,890.9025759745397,138.0333845977873,6819.0806,5.1735997,2966.4976,2.0018706,7405.859,6.1353936,0,,,,,890.9025759745397,0.0005155566,138.0333845977873,0.0006569848,-0.0014446288,-0.006491246
7396.242,6.140058,-0.003974334,219036,890.9026996667772,138.03458594705614,6810.1973,5.1775327,2984.7563,2.0069745,7396.242,6.140058,0,,,,,890.9026996667772,0.00051659934,138.03458594705614,0.0006582606,-0.0011932307,-0.004369125
7395.163,6.144178,-0.0039743064,219037,890.9029654015692,138.03416744651548,6809.4756,5.181007,2996.0703,2.0098057,7395.163,6.144178,0,,,,,890.9029654015692,0.0005170312,138.03416744651548,0.0006589962,-0.00034911302,-0.0068762046
7391.3223,6.1492333,-0.0039742785,219038,890.9016705458075,138.03411696426903,6805.1523,5.18527,3010.759,2.0144463,7391.3223,6.1492333,0,,,,,890.9016705458075,0.00051781983,138.03411696426903,0.0006600369,-0.0014360407,-0.004012784
7395.5317,6.157279,-0.0039742505,219039,890.902814718153,138.03450393964366,6810.3716,5.1920543,3027.8037,2.0193455,7395.5317,6.157279,0,,,,,890.902814718153,0.0005180098,138.03450393964366,0.00066063885,-0.00016575103,-0.005448162
7407.62,6.1641316,-0.003974223,219040,890.9022699352271,138.0334265117804,6820.784,5.1978326,3040.3118,2.0224884,7407.62,6.1641316,0,,,,,890.9022699352271,0.0005179704,138.0334265117804,0.00066026306,-3.5568462e-06,-0.004329168
7396.8745,6.1680527,-0.003974195,219041,890.9018201542184,138.03428655521876,6810.7764,5.201139,3056.2185,2.0270164,7396.8745,6.1680527,0,,,,,890.9018201542184,0.0005186969,138.03428655521876,0.00066170836,-0.0012595654,-0.0040986156
7397.584,6.1735134,-0.003974167,219042,890.9032877616771,138.03400494504996,6811.978,5.2057433,3063.382,2.0297048,7397.584,6.1735134,0,,,,,890.9032877616771,0.00051912805,138.03400494504996,0.00066273846,-0.00025851157,-0.0069795237
7405.196,6.178441,-0.0039741388,219043,890.9022213716064,138.0356701529481,6817.4453,5.209899,3075.7915,2.032587,7405.196,6.178441,0,,,,,890.9022213716064,0.000519413,138.0356701529481,0.00066243927,-0.00082478696,-0.004272276
7397.0864,6.183249,-0.003974111,219044,890.90273669523,138.03402687190865,6812.417,5.2139535,3092.1604,2.0375736,7397.0864,6.183249,0,,,,,890.90273669523,0.00051989756,138.03402687190865,0.0006636685,-0.0006365636,-0.0052430783
7388.3516,6.1856074,-0.003974083,219045,890.9019124720749,138.03381322990933,6805.379,5.2159414,3100.8481,2.0393867,7388.3516,6.1856074,0,,,,,890.9019124720749,0.0005205233,138.03381322990933,0.0006647083,-0.001167433,-0.005732887
7403.8,6.187974,-0.0039740545,219046,890.901615657898,138.03458584906247,6815.4507,5.217937,3103.457,2.0402534,7403.8,6.187974,0,,,,,890.901615657898,0.00052019063,138.03458584906247,0.0006638224,-0.0013452306,-0.0051531135
7391.4116,6.190731,-0.0039740265,219047,890.9019442803589,138.03397356297125,6807.9263,5.2202625,3115.7495,2.0432696,7391.4116,6.190731,0,,,,,890.9019442803589,0.00052078883,138.03397356297125,0.0006648196,-0.00068044197,-0.004526733
7400.212,6.1939316,-0.003973998,219048,890.9022254499405,138.03410010766257,6814.3804,5.2229605,3118.4092,2.0454047,7400.212,6.1939316,0,,,,,890.9022254499405,0.0005206386,138.03410010766257,0.00066467695,-0.00059852574,-0.0054896735
7395.963,6.195295,-0.00397397,219049,890.9026991443524,138.03444728369527,6811.763,5.2241106,3121.5935,2.0463457,7395.963,6.195295,0,,,,,890.9026991443524,0.0005211654,138.03444728369527,0.00066480925,1.534361e-05,-0.0037346764
7394.9243,6.19697,-0.003973942,219050,890.902010095751,138.03382689848664,6811.2305,5.225523,3126.9753,2.0470986,7394.9243,6.19697,0,,,,,890.902010095751,0.00052120007,138.03382689848664,0.00066544133,-0.001138009,-0.004539161
7402.3555,6.1964827,-0.0039739134,219051,890.9029729548536,138.03384048792688,6815.463,5.2251124,3123.2766,2.046553,7402.3555,6.1964827,0,,,,,890.9029729548536,0.0005209446,138.03384048792688,0.0006647151,0.00024178348,-0.005303118
7392.998,6.1957874,-0.003973885,219052,890.9011201359308,138.0354013165601,6808.348,5.224526,3126.4128,2.0470526,7392.998,6.1957874,0,,,,,890.9011201359308,0.00052118633,138.0354013165601,0.000665426,-0.0020194724,-0.0027545504
7408.5493,6.200899,-0.0039738566,219053,890.9019135084098,138.0335396934963,6824.055,5.228836,3133.0247,2.0483859,7408.5493,6.200899,0,,,,,890.9019135084098,0.0005204842,138.0335396934963,0.00066437543,-0.0005801901,-0.0053285887
7394.6216,6.199929,-0.003973828,219054,890.9032490429702,138.03308367648955,6812.079,5.2280183,3138.4368,2.0499184,7394.6216,6.199929,0,,,,,890.9032490429702,0.00052132853,138.03308367648955,0.00066552765,0.00069980684,-0.007496662
7388.72,6.2002187,-0.0039737993,219055,890.901440226316,138.03506855311113,6804.735,5.228263,3140.3105,2.0511403,7388.72,6.2002187,0,,,,,890.901440226316,0.000521666,138.03506855311113,0.0006664524,-0.00085846166,-0.004109193
7392.3486,6.200175,-0.003973771,219056,890.9016080471513,138.03323031667676,6807.4604,5.228225,3139.081,2.0514052,7392.3486,6.200175,0,,,,,890.9016080471513,0.0005217357,138.03323031667676,0.0006660947,0.00017193951,-0.005368667
7402.7124,6.201438,-0.003973742,219057,890.9024686451324,138.03349865260245,6816.7334,5.229291,3138.577,2.050017,7402.7124,6.201438,0,,,,,890.9024686451324,0.0005211015,138.03349865260245,0.0006654943,-0.0007254289,-0.0065434254
7400.1406,6.20331,-0.0039737136,219058,890.9020314288719,138.03395874338523,6814.2593,5.23087,3144.7725,2.0519066,7400.1406,6.20331,0,,,,,890.9020314288719,0.0005211858,138.03395874338523,0.00066581153,-0.00065107335,-0.0049816477
7399.5,6.2046304,-0.0039736847,219059,890.9025264883112,138.03501229582412,6814.632,5.2319827,3146.4973,2.0523727,7399.5,6.2046304,0,,,,,890.9025264883112,0.00052162266,138.03501229582412,0.00066575146,-0.00029762395,-0.0030425184
7394.0103,6.203197,-0.003973656,219060,890.9016878583326,138.03246424063738,6810.336,5.230774,3147.1746,2.0523913,7394.0103,6.203197,0,,,,,890.9016878583326,0.0005216473,138.03246424063738,0.0006660893,-0.000923754,-0.005738471
7399.213,6.204561,-0.003973627,219061,890.9014871333217,138.03421411151493,6813.612,5.2319245,3144.3254,2.0525222,7399.213,6.204561,0,,,,,890.9014871333217,0.00052131916,138.03421411151493,0.0006662563,-0.0007938596,-0.0037853257
7393.4624,6.204457,-0.003973598,219062,890.9029065606484,138.0336842775244,6810.5273,5.2318363,3147.6155,2.0525682,7393.4624,6.204457,0,,,,,890.9029065606484,0.0005218008,138.0336842775244,0.00066634914,-0.0004013558,-0.0054810178
7396.1143,6.2043633,-0.0039735693,219063,890.9026522194564,138.03338353539223,6812.153,5.231757,3148.2551,2.0524323,7396.1143,6.2043633,0,,,,,890.9026522194564,0.0005217578,138.03338353539223,0.00066596095,-0.00047150705,-0.0043810345
7395.284,6.203978,-0.0039735404,219064,890.9018501876662,138.03485021860874,6810.8467,5.2314324,3148.6384,2.0532784,7395.284,6.203978,0,,,,,890.9018501876662,0.0005217302,138.03485021860874,0.0006659734,-0.0009796529,-0.0033196975
7396.5923,6.205948,-0.0039735115,219065,890.9028336050983,138.03470547529534,6810.2246,5.2330937,3150.9917,2.0540042,7396.5923,6.205948,0,,,,,890.9028336050983,0.00052190205,138.03470547529534,0.00066677603,-0.00052509294,-0.0051684603
7405.1685,6.208288,-0.0039734826,219066,890.9017694661877,138.03372915650232,6816.5396,5.235067,3152.3062,2.055311,7405.1685,6.208288,0,,,,,890.9017694661877,0.0005215199,138.03372915650232,0.0006665484,-0.0006329837,-0.004371864
7402.5933,6.2079787,-0.0039734533,219067,890.9014636961456,138.0358422095352,6816.266,5.234806,3153.9548,2.0551655,7402.5933,6.2079787,0,,,,,890.9014636961456,0.0005216424,138.0358422095352,0.0006660627,-0.0013189318,-0.0031135092
7402.5864,6.2112513,-0.0039734244,219068,890.9024605868874,138.03534334436273,6818.1025,5.237566,3157.0066,2.0566947,7402.5864,6.2112513,0,,,,,890.9024605868874,0.00052182015,138.03534334436273,0.0006662941,-0.00017560928,-0.0037100853
7402.0566,6.2080927,-0.003973395,219069,890.9022840584252,138.03448246110963,6817.761,5.234902,3153.2253,2.0559056,7402.0566,6.2080927,0,,,,,890.9022840584252,0.0005215595,138.03448246110963,0.0006661476,3.6844554e-05,-0.0060094036
7392.416,6.212043,-0.0039733658,219070,890.9007527571515,138.03478491471768,6808.651,5.238233,3163.3093,2.0580714,7392.416,6.212043,0,,,,,890.9007527571515,0.0005225611,138.03478491471768,0.00066744257,-0.0014000622,-0.0033484884
7416.132,6.2140203,-0.0039733364,219071,890.9033551337113,138.03355721184354,6828.092,5.2399006,3161.1936,2.0570397,7416.132,6.2140203,0,,,,,890.9033551337113,0.000521234,138.03355721184354,0.00066552527,0.00030034085,-0.005521557
7403.9736,6.2149143,-0.003973307,219072,890.9028448697759,138.0329546816227,6816.9404,5.240655,3168.5981,2.0590563,7403.9736,6.2149143,0,,,,,890.9028448697759,0.00052240497,138.0329546816227,0.000666932,-0.0009017098,-0.0058987127
7396.4644,6.213402,-0.0039732778,219073,890.9019491531092,138.03433527129445,6812.2666,5.239379,3171.7415,2.0586925,7396.4644,6.213402,0,,,,,890.9019491531092,0.00052250654,138.03433527129445,0.000667041,-0.0010148222,-0.004785555
7400.333,6.2165704,-0.0039732484,219074,890.9022576568523,138.03465425193792,6814.1553,5.242051,3176.402,2.060775,7400.333,6.2165704,0,,,,,890.9022576568523,0.0005223687,138.03465425193792,0.00066771416,0.0003752557,-0.0042597204
7402.8735,6.2176056,-0.003973219,219075,890.9021443319916,138.03523562588197,6815.758,5.242924,3175.6902,2.0607293,7402.8735,6.2176056,0,,,,,890.9021443319916,0.0005226142,138.03523562588197,0.0006676693,0.0004636297,-0.004936521
7391.698,6.216577,-0.0039731897,219076,890.9015757663564,138.03610829084832,6805.889,5.242057,3182.9917,2.0627317,7391.698,6.216577,0,,,,,890.9015757663564,0.00052302284,138.03610829084832,0.0006684397,-0.0016195254,-0.0022574316
7388.147,6.217843,-0.00397316,219077,890.9014926525632,138.03632701950127,6806.28,5.243124,3186.6921,2.0636046,7388.147,6.217843,0,,,,,890.9014926525632,0.0005230121,138.03632701950127,0.0006683247,-0.000911007,-0.003827202
7399.124,6.221275,-0.0039731306,219078,890.9028422207289,138.03382805224336,6815.8247,5.246018,3180.4373,2.0628855,7399.124,6.221275,0,,,,,890.9028422207289,0.00052265107,138.03382805224336,0.00066804246,0.00053173705,-0.005142202
7403.1436,6.220429,-0.003973101,219079,890.9016414437167,138.0335821934113,6817.457,5.245304,3184.383,2.0632293,7403.1436,6.220429,0,,,,,890.9016414437167,0.0005226387,138.0335821934113,0.00066764286,-0.0004346269,-0.006252794
7393.1514,6.220192,-0.003973071,219080,890.9020792181556,138.03429351511505,6809.4966,5.245105,3186.022,2.0638137,7393.1514,6.220192,0,,,,,890.9020792181556,0.0005233194,138.03429351511505,0.0006686347,0.0003718575,-0.0054709734
7395.3193,6.2186155,-0.0039730417,219081,890.9023354750022,138.0338662411842,6812.2485,5.243776,3186.1184,2.0632534,7395.3193,6.2186155,0,,,,,890.9023354750022,0.00052268966,138.0338662411842,0.0006679566,-0.00063254195,-0.004434107
7399.2866,6.21745,-0.003973012,219082,890.9020994071795,138.03513900274206,6813.46,5.2427926,3181.5803,2.0625434,7399.2866,6.21745,0,,,,,890.9020994071795,0.00052241795,138.03513900274206,0.00066757615,-0.00016699584,-0.0027781304
7404.8857,6.2183986,-0.003972982,219083,890.9015364323615,138.03410989739277,6817.7007,5.2435923,3179.2258,2.0621011,7404.8857,6.2183986,0,,,,,890.9015364323615,0.00052228,138.03410989739277,0.00066755695,-0.00023143813,-0.0061877174
7399.7407,6.2169,-0.0039729523,219084,890.9021168861279,138.03550721277128,6811.416,5.2423286,3182.0422,2.0615556,7399.7407,6.2169,0,,,,,890.9021168861279,0.0005226039,138.03550721277128,0.00066848315,0.00059319776,-0.004762243
7406.348,6.215376,-0.003972922,219085,890.9029396748397,138.0346277412972,6818.267,5.2410436,3172.9612,2.0596259,7406.348,6.215376,0,,,,,890.9029396748397,0.00052214536,138.0346277412972,0.0006670375,0.0002035867,-0.004531988
7395.5303,6.211805,-0.003972892,219086,890.9015524563806,138.0333697961333,6811.462,5.2380323,3167.9133,2.0582836,7395.5303,6.211805,0,,,,,890.9015524563806,0.00052217057,138.0333697961333,0.0006669987,-0.0013025728,-0.005907739
7397.572,6.210917,-0.0039728624,219087,890.901775980952,138.0350745854918,6813.294,5.2372837,3165.1099,2.0573335,7397.572,6.210917,0,,,,,890.901775980952,0.00052191684,138.0350745854918,0.000667014,-0.0006573962,-0.0033418336
7394.2,6.2081175,-0.003972832,219088,890.9032206197083,138.03399882031462,6810.144,5.2349234,3157.7197,2.0554786,7394.2,6.2081175,0,,,,,890.9032206197083,0.0005222742,138.03399882031462,0.00066692755,0.00012019472,-0.0058508
7410.053,6.209067,-0.0039728023,219089,890.9034118707665,138.03411679950818,6822.994,5.2357235,3152.6113,2.0549235,7410.053,6.209067,0,,,,,890.9034118707665,0.00052133267,138.03411679950818,0.0006657017,-6.2519684e-06,-0.0051279273
7401.442,6.207011,-0.003972772,219090,890.9033277165781,138.03277414044337,6816.3267,5.23399,3147.1108,2.0521536,7401.442,6.207011,0,,,,,890.9033277165781,0.00052107126,138.03277414044337,0.00066659256,0.00048605085,-0.0076496704
7399.2056,6.2026725,-0.003972742,219091,890.9028294115839,138.0346729423466,6811.195,5.230332,3143.265,2.0518615,7399.2056,6.2026725,0,,,,,890.9028294115839,0.00052186986,138.0346729423466,0.00066623144,-0.000118349286,-0.004585069
7395.9653,6.200917,-0.003972712,219092,890.9023150726459,138.0350406969788,6810.5986,5.228851,3136.02,2.0509615,7395.9653,6.200917,0,,,,,890.9023150726459,0.00052155805,138.0350406969788,0.00066600455,-0.0005525947,-0.005334126
7407.4556,6.201123,-0.0039726817,219093,890.9028568705501,138.03525239954618,6822.1157,5.2290254,3126.9941,2.0472848,7407.4556,6.201123,0,,,,,890.9028568705501,0.00052052044,138.03525239954618,0.0006648309,-0.00033244342,-0.0038681424
7401.212,6.1952915,-0.0039726514,219094,890.9020734301802,138.03405336215673,6814.376,5.2241073,3123.4849,2.0454454,7401.212,6.1952915,0,,,,,890.9020734301802,0.0005208999,138.03405336215673,0.00066497235,0.000117570155,-0.0058548427
7404.767,6.191318,-0.0039726207,219095,890.9022123912674,138.03635095849822,6819.572,5.220757,3110.3772,2.0419564,7404.767,6.191318,0,,,,,890.9022123912674,0.00051996234,138.03635095849822,0.0006636767,-0.00089347956,-0.0031498196
7396.52,6.1882987,-0.0039725904,219096,890.9026586430668,138.03530517753418,6811.398,5.218211,3106.8071,2.0417318,7396.52,6.1882987,0,,,,,890.9026586430668,0.000520222,138.03530517753418,0.00066448835,0.0002730738,-0.004426484
7397.564,6.187617,-0.00397256,219097,890.9038532103119,138.03360095219128,6813.5557,5.217636,3100.8596,2.039624,7397.564,6.187617,0,,,,,890.9038532103119,0.0005199635,138.03360095219128,0.0006640357,0.00010073602,-0.005425603
7396.4873,6.1833797,-0.0039725294,219098,890.9020351863796,138.03578613754493,6813.6885,5.214063,3094.0452,2.03752,7396.4873,6.1833797,0,,,,,890.9020351863796,0.00051970244,138.03578613754493,0.0006632887,-0.0011226041,-0.003579605
7391.9004,6.1806436,-0.003972499,219099,890.9028795994467,138.0330137909225,6802.2324,5.211756,3088.3425,2.0363166,7391.9004,6.1806436,0,,,,,890.9028795994467,0.00052041997,138.0330137909225,0.000664335,0.00045120722,-0.005681752
7404.6484,6.1790066,-0.0039724684,219100,890.903029014056,138.0335657532612,6816.716,5.2103753,3081.0186,2.0346909,7404.6484,6.1790066,0,,,,,890.903029014056,0.00051926,138.0335657532612,0.0006625488,0.00042305997,-0.005520989
7391.7593,6.177511,-0.003972438,219101,890.9017758982191,138.03544045544066,6807.391,5.2091146,3074.0767,2.0327597,7391.7593,6.177511,0,,,,,890.9017758982191,0.0005194106,138.03544045544066,0.00066318666,-0.0009157876,-0.002257932
7398.861,6.171684,-0.0039724074,219102,890.9038260819923,138.03335588861617,6813.9634,5.204201,3062.938,2.028348,7398.861,6.171684,0,,,,,890.9038260819923,0.0005189379,138.03335588861617,0.0006620307,0.0005221673,-0.005811266
7380.604,6.167081,-0.0039723767,219103,890.9020775914579,138.03575096798394,6797.8853,5.20032,3061.5076,2.0280406,7380.604,6.167081,0,,,,,890.9020775914579,0.0005196889,138.03575096798394,0.0006628458,-0.0010781805,-0.0027104043
7398.3257,6.1675997,-0.003972346,219104,890.9026428218266,138.03460195724548,6811.066,5.200757,3054.7483,2.027195,7398.3257,6.1675997,0,,,,,890.9026428218266,0.0005188037,138.03460195724548,0.00066185015,0.00018191148,-0.0055607897
7391.4917,6.163637,-0.003972315,219105,890.9024717294217,138.034065355614,6807.3955,5.197416,3047.7148,2.0243633,7391.4917,6.163637,0,,,,,890.9024717294217,0.0005186811,138.034065355614,0.00066150055,-0.00023060027,-0.0041438746
7400.2974,6.164018,-0.0039722845,219106,890.9031386389325,138.0337118518547,6814.993,5.1977367,3045.2974,2.02309,7400.2974,6.164018,0,,,,,890.9031386389325,0.0005182403,138.0337118518547,0.00066076743,-0.00022479192,-0.005019959
7405.932,6.163129,-0.0039722533,219107,890.9024381219966,138.03504921501812,6819.8975,5.1969867,3038.5269,2.0221558,7405.932,6.163129,0,,,,,890.9024381219966,0.0005179344,138.03504921501812,0.00066026795,-0.00018270899,-0.0036536676
7401.3564,6.159813,-0.0039722226,219108,890.9021873613926,138.03482694144114,6813.1304,5.194191,3034.04,2.0200741,7401.3564,6.159813,0,,,,,890.9021873613926,0.0005179066,138.03482694144114,0.0006607089,-2.6731977e-05,-0.0042841653
7395.796,6.157094,-0.003972192,219109,890.9033655139003,138.0353548036494,6809.765,5.191898,3028.7317,2.0197954,7395.796,6.157094,0,,,,,890.9033655139003,0.0005182067,138.0353548036494,0.0006605272,0.0007668769,-0.003403683
7405.97,6.1596937,-0.0039721606,219110,890.9025747027869,138.0333771604417,6818.4023,5.1940904,3027.7568,2.0185313,7405.97,6.1596937,0,,,,,890.9025747027869,0.00051752717,138.0333771604417,0.00066018826,-0.00027719408,-0.0059075495
7386.3125,6.152336,-0.0039721294,219111,890.9033901335638,138.0352378291821,6802.59,5.187886,3023.1003,2.0176024,7386.3125,6.152336,0,,,,,890.9033901335638,0.00051814876,138.0352378291821,0.00066082564,-8.5930886e-05,-0.004154554
7398.9976,6.155644,-0.0039720987,219112,890.902173469363,138.0348663448442,6814.184,5.1906757,3021.324,2.0176368,7398.9976,6.155644,0,,,,,890.902173469363,0.00051753677,138.0348663448442,0.00065957865,-0.00085285597,-0.0027513613
7403.7783,6.156808,-0.0039720675,219113,890.9034091721785,138.03413819369007,6817.1484,5.191657,3017.324,2.0164878,7403.7783,6.156808,0,,,,,890.9034091721785,0.00051761756,138.03413819369007,0.0006598938,0.0019004401,-0.0054218015
7398.6016,6.1530485,-0.0039720363,219114,890.9038955766151,138.0352814072712,6812.3955,5.188487,3017.7314,2.015581,7398.6016,6.1530485,0,,,,,890.9038955766151,0.000517475,138.0352814072712,0.0006599326,0.000142472,-0.0051026195
7404.883,6.1537156,-0.003972005,219115,890.9028119084297,138.03592798039415,6819.791,5.1890492,3013.8315,2.0155518,7404.883,6.1537156,0,,,,,890.9028119084297,0.000516987,138.03592798039415,0.00065845414,-0.0010263225,-0.0020771206
7395.4634,6.151105,-0.003971974,219116,890.9021732786063,138.03451753686818,6810.9326,5.186848,3011.8074,2.014796,7395.4634,6.151105,0,,,,,890.9021732786063,0.00051736576,138.03451753686818,0.0006597597,-0.0009823676,-0.005151562
7396.9023,6.15053,-0.0039719427,219117,890.9025230461083,138.0341202218974,6815.2026,5.1863627,3010.8071,2.013715,7396.9023,6.15053,0,,,,,890.9025230461083,0.000517103,138.0341202218974,0.0006586943,-1.3335831e-05,-0.0048164595
7391.9453,6.151177,-0.003971911,219118,890.9028853981175,138.0351635549278,6809.75,5.1869087,3011.4404,2.0142837,7391.9453,6.151177,0,,,,,890.9028853981175,0.00051758694,138.0351635549278,0.0006596127,-0.0002962804,-0.0030128504
7394.2544,6.1489544,-0.00397188,219119,890.9025396472879,138.03567347299565,6811.73,5.1850348,3004.814,2.0128095,7394.2544,6.1489544,0,,,,,890.9025396472879,0.0005172447,138.03567347299565,0.0006586452,-0.00090696977,-0.0029257927
7404.642,6.1497207,-0.003971848,219120,890.9034640534226,138.0347110188843,6818.8945,5.1856804,3004.8203,2.0116751,7404.642,6.1497207,0,,,,,890.9034640534226,0.00051695126,138.0347110188843,0.0006582602,0.00033086672,-0.0035275545
7393.117,6.1495767,-0.003971817,219121,890.9029466574101,138.0343831610814,6810.147,5.1855593,3007.167,2.0140362,7393.117,6.1495767,0,,,,,890.9029466574101,0.00051744183,138.0343831610814,0.00065910403,-0.001339292,-0.0034137466
7390.899,6.1464195,-0.0039717853,219122,890.9033988887332,138.03459317006758,6809.6377,5.182897,3003.9185,2.0114863,7390.899,6.1464195,0,,,,,890.9033988887332,0.00051713566,138.03459317006758,0.00065863394,-0.0010140211,-0.0027035677
7388.2876,6.147352,-0.0039717536,219123,890.9042341940175,138.0336744738977,6806.201,5.1836834,3002.1572,2.0115054,7388.2876,6.147352,0,,,,,890.9042341940175,0.0005180712,138.0336744738977,0.0006594683,0.0012106416,-0.005187307
7396.48,6.146565,-0.003971722,219124,890.902201549119,138.03461438410972,6812.885,5.1830196,2997.742,2.0105438,7396.48,6.146565,0,,,,,890.902201549119,0.000517058,138.03461438410972,0.00065871025,0.000147799,-0.0041818796
7388.358,6.144212,-0.0039716903,219125,890.9021076303877,138.0343731193749,6807.24,5.1810355,2998.0083,2.0100749,7388.358,6.144212,0,,,,,890.9021076303877,0.0005171708,138.0343731193749,0.00065891084,-0.0011804351,-0.0053330325
7405.5146,6.1470194,-0.0039716586,219126,890.9024545642851,138.0358160050558,6821.581,5.183403,2992.275,2.0099046,7405.5146,6.1470194,0,,,,,890.9024545642851,0.0005162783,138.0358160050558,0.00065782916,-0.00010598737,-0.0027197727
7412.947,6.146507,-0.003971627,219127,890.9029698909318,138.0347884184393,6825.7153,5.182971,2993.0696,2.0085294,7412.947,6.146507,0,,,,,890.9029698909318,0.0005162288,138.0347884184393,0.0006573386,0.00020351562,-0.0038244226
7397.8735,6.142936,-0.0039715953,219128,890.9034688951328,138.03449059993034,6812.9243,5.17996,2991.3313,2.0092168,7397.8735,6.142936,0,,,,,890.9034688951328,0.00051695405,138.03449059993034,0.0006585523,0.0007798078,-0.0037318214
7406.595,6.1427193,-0.0039715637,219129,890.9031240276868,138.0342547180268,6820.443,5.1797767,2987.4177,2.007298,7406.595,6.1427193,0,,,,,890.9031240276868,0.00051621057,138.0342547180268,0.0006577182,-0.00023285886,-0.0038069263
7403.81,6.141774,-0.0039715315,219130,890.9022643741588,138.03417270103313,6816.3477,5.17898,2987.9866,2.0065203,7403.81,6.141774,0,,,,,890.9022643741588,0.0005164658,138.03417270103313,0.00065778504,-0.0013712599,-0.0038438262
7392.91,6.1388235,-0.0039715,219131,890.9030742150406,138.03287755405285,6808.202,5.1764917,2984.6602,2.0061297,7392.91,6.1388235,0,,,,,890.9030742150406,0.0005166326,138.03287755405285,0.00065837573,0.00017212324,-0.0044741784
7395.1763,6.138598,-0.0039714677,219132,890.9023575344027,138.03588528511,6809.403,5.1763015,2983.3381,2.0063918,7395.1763,6.138598,0,,,,,890.9023575344027,0.0005166613,138.03588528511,0.00065822294,-0.0008662222,-0.0024992444
7397.5264,6.1386957,-0.0039714356,219133,890.9036748706275,138.03363783062287,6812.5327,5.176384,2979.8838,2.006086,7397.5264,6.1386957,0,,,,,890.9036748706275,0.0005163448,138.03363783062287,0.00065793283,0.000498369,-0.0049775545
7402.9263,6.1381135,-0.0039714035,219134,890.9032532982086,138.03272256240814,6816.272,5.1758933,2978.899,2.0046968,7402.9263,6.1381135,0,,,,,890.9032532982086,0.00051597465,138.03272256240814,0.0006579009,-0.00088997575,-0.0050905757
7409.519,6.139028,-0.003971372,219135,890.903508054899,138.03595716019493,6823.1157,5.1766644,2974.9175,2.0035303,7409.519,6.139028,0,,,,,890.903508054899,0.000515492,138.03595716019493,0.0006568613,-0.00012558581,-0.0018557216
7398.2754,6.1340423,-0.0039713397,219136,890.9046067445953,138.03367304922867,6814.035,5.17246,2969.993,2.0022376,7398.2754,6.1340423,0,,,,,890.9046067445953,0.00051611906,138.03367304922867,0.00065739994,0.0008725883,-0.005738867
7406.028,6.1358933,-0.003971307,219137,890.9029117654234,138.0351830698114,6819.9766,5.1740212,2968.8257,2.0014367,7406.028,6.1358933,0,,,,,890.9029117654234,0.0005156055,138.0351830698114,0.00065670215,-0.0005901482,-0.0036798518
7402.7427,6.1343718,-0.003971275,219138,890.9036958570059,138.0355175610545,6817.3506,5.1727376,2962.1545,2.0003004,7402.7427,6.1343718,0,,,,,890.9036958570059,0.00051588705,138.0355175610545,0.00065654283,-1.0441852e-07,-0.0026739356
7390.7837,6.130018,-0.003971243,219139,890.9029039607092,138.0336382712695,6806.254,5.169067,2962.1462,1.9999721,7390.7837,6.130018,0,,,,,890.9029039607092,0.000516251,138.0336382712695,0.0006577032,-0.0005902086,-0.004533896
7395.1934,6.127656,-0.0039712107,219140,890.9032364394246,138.03497218561807,6810.1157,5.167075,2954.352,1.9983296,7395.1934,6.127656,0,,,,,890.9032364394246,0.00051560934,138.03497218561807,0.00065688,0.00017866127,-0.0040933867
7403.0005,6.125091,-0.003971178,219141,890.9035849024051,138.03417768565907,6815.1504,5.164912,2947.2705,1.9956493,7403.0005,6.125091,0,,,,,890.9035849024051,0.00051498465,138.03417768565907,0.0006561865,0.0005235257,-0.0050599403
7395.28,6.1211076,-0.003971146,219142,890.9021124631598,138.03557714291097,6809.799,5.161553,2939.1511,1.993191,7395.28,6.1211076,0,,,,,890.9021124631598,0.0005149537,138.03557714291097,0.00065608474,-0.00060547073,-0.0030181543
7391.708,6.1176686,-0.0039711134,219143,890.90293378966,138.03450093105047,6806.7256,5.1586533,2929.8765,1.9910822,7391.708,6.1176686,0,,,,,890.90293378966,0.0005152626,138.03450093105047,0.00065600645,-0.00056481,-0.0037504379
7397.1265,6.115374,-0.0039710808,219144,890.9031000408867,138.03479196089305,6809.1973,5.1567187,2923.187,1.9892046,7397.1265,6.115374,0,,,,,890.9031000408867,0.00051481376,138.03479196089305,0.0006554341,-4.072575e-05,-0.0045103235
7391.035,6.1140046,-0.003971048,219145,890.9029472675506,138.03405456430184,6808.0444,5.155564,2916.1257,1.9867013,7391.035,6.1140046,0,,,,,890.9029472675506,0.00051486114,138.03405456430184,0.00065522984,0.00027810174,-0.0049193036
7403.0723,6.1084847,-0.0039710156,219146,890.9028872309916,138.03509670072015,6813.3325,5.150909,2901.816,1.9830613,7403.0723,6.1084847,0,,,,,890.9028872309916,0.00051379035,138.03509670072015,0.00065442553,3.687209e-05,-0.0044660904
7391.881,6.104219,-0.003970983,219147,890.9029219541295,138.0345573409218,6805.603,5.147312,2896.0227,1.9812095,7391.881,6.104219,0,,,,,890.9029219541295,0.00051422697,138.0345573409218,0.0006546426,0.00022100743,-0.0056366324
7402.681,6.1017084,-0.0039709504,219148,890.903248774112,138.03416476402458,6811.877,5.145195,2887.3132,1.9786946,7402.681,6.1017084,0,,,,,890.903248774112,0.00051359966,138.03416476402458,0.00065367075,-0.0003024511,-0.0043316404
7389.9766,6.0978436,-0.003970918,219149,890.902809942943,138.0351131154314,6802.7505,5.141936,2883.1511,1.9786774,7389.9766,6.0978436,0,,,,,890.902809942943,0.0005138751,138.0351131154314,0.0006540859,0.0006686084,-0.0032549181
7399.831,6.094948,-0.003970885,219150,890.9034839472538,138.03505562518774,6812.29,5.139494,2870.5662,1.9732647,7399.831,6.094948,0,,,,,890.9034839472538,0.00051291403,138.03505562518774,0.00065263733,0.00046753982,-0.0033532376
7396.1655,6.0928817,-0.003970852,219151,890.9014855026714,138.03638954499243,6810.262,5.137752,2865.9543,1.9724963,7396.1655,6.0928817,0,,,,,890.9014855026714,0.00051284384,138.03638954499243,0.0006526581,-0.001545282,-0.001788039
7404.7295,6.090296,-0.0039708195,219152,890.9028645375347,138.03455306649778,6818.3906,5.1355715,2853.045,1.9689293,7404.7295,6.090296,0,,,,,890.9028645375347,0.0005121246,138.03455306649778,0.0006514983,7.655838e-05,-0.0042861393
7397.796,6.0882974,-0.0039707865,219153,890.9030072065685,138.0357934093333,6812.7305,5.1338863,2849.904,1.9689854,7397.796,6.0882974,0,,,,,890.9030072065685,0.00051237695,138.0357934093333,0.00065178465,-0.0002112908,-0.003923399
7391.829,6.087336,-0.003970754,219154,890.9031597899373,138.03384504163418,6805.9463,5.1330757,2844.9868,1.9668645,7391.829,6.087336,0,,,,,890.9031597899373,0.0005124155,138.03384504163418,0.0006529883,-4.3378997e-05,-0.0047159498
7406.4683,6.0844197,-0.003970721,219155,890.9039133025578,138.03442120361882,6818.201,5.130616,2838.7136,1.9651558,7406.4683,6.0844197,0,,,,,890.9039133025578,0.0005116152,138.03442120361882,0.0006510265,0.0009896785,-0.005520568
7403.467,6.0825186,-0.0039706877,219156,890.9043233831027,138.0344835504533,6817.496,5.1290135,2833.7097,1.9628955,7403.467,6.0825186,0,,,,,890.9043233831027,0.0005116172,138.0344835504533,0.0006505969,0.00053539436,-0.0055285855
7396.979,6.078336,-0.0039706547,219157,890.9031363762396,138.03485096067374,6806.224,5.125486,2831.5586,1.9626158,7396.979,6.078336,0,,,,,890.9031363762396,0.0005122981,138.03485096067374,0.0006515751,-7.876974e-05,-0.0052384003
7392.1626,6.077854,-0.0039706216,219158,890.9040322413113,138.03476715722,6808.3667,5.12508,2829.457,1.9616948,7392.1626,6.077854,0,,,,,890.9040322413113,0.00051183644,138.03476715722,0.0006508426,0.00096191466,-0.0042436314
7392.373,6.0777864,-0.0039705886,219159,890.9032968767062,138.03382606621298,6807.435,5.125023,2823.8845,1.9607545,7392.373,6.0777864,0,,,,,890.9032968767062,0.0005122892,138.03382606621298,0.0006509285,6.2718456e-05,-0.004082065
7385.735,6.0773277,-0.0039705555,219160,890.9018269490347,138.03410996286235,6801.0693,5.124636,2819.4187,1.9596355,7385.735,6.0773277,0,,,,,890.9018269490347,0.0005127711,138.03410996286235,0.0006516758,-0.0012027991,-0.0037994594
7395.9297,6.0757194,-0.003970522,219161,890.9044186786194,138.03507630457162,6809.4023,5.12328,2822.7842,1.9598932,7395.9297,6.0757194,0,,,,,890.9044186786194,0.0005118092,138.03507630457162,0.00065071497,0.001206914,-0.004722616
7397.8325,6.075178,-0.003970489,219162,890.9025182430054,138.03563119087707,6812.591,5.1228237,2820.6897,1.958997,7397.8325,6.075178,0,,,,,890.9025182430054,0.0005112902,138.03563119087707,0.0006500408,-0.0008693113,-0.0034616177
7398.525,6.0748267,-0.0039704554,219163,890.9036678395998,138.03505064040147,6813.2393,5.122527,2818.7844,1.9584653,7398.525,6.0748267,0,,,,,890.9036678395998,0.0005112308,138.03505064040147,0.00064997684,0.00023976638,-0.0040542567
7405.196,6.0772877,-0.0039704223,219164,890.9028821200416,138.03416060777587,6818.2246,5.1246023,2820.151,1.9593747,7405.196,6.0772877,0,,,,,890.9028821200416,0.00051115453,138.03416060777587,0.0006496569,0.0006713031,-0.0036109798
7394.7324,6.0771985,-0.003970389,219165,890.9019710794674,138.03493984828035,6807.2705,5.124527,2823.9805,1.9611527,7394.7324,6.0771985,0,,,,,890.9019710794674,0.0005118477,138.03493984828035,0.0006511473,-0.001008087,-0.004335494
7395.7695,6.0796213,-0.0039703553,219166,890.9032923580455,138.03598065186338,6810.645,5.12657,2829.998,1.9640424,7395.7695,6.0796213,0,,,,,890.9032923580455,0.0005118866,138.03598065186338,0.0006508181,-8.5547275e-05,-0.0045301057
7393.8027,6.0805025,-0.0039703217,219167,890.9019460777943,138.0348821599793,6807.708,5.127313,2836.0098,1.9637687,7393.8027,6.0805025,0,,,,,890.9019460777943,0.00051200483,138.0348821599793,0.00065155356,0.00024742773,-0.0053293016
7402.7407,6.0833077,-0.003970288,219168,890.9023877445381,138.03754751231273,6816.27,5.1296787,2839.2915,1.9645977,7402.7407,6.0833077,0,,,,,890.9023877445381,0.0005118487,138.03754751231273,0.0006509422,-0.0008446278,-0.001719253
7394.258,6.085345,-0.0039702547,219169,890.9033621415708,138.0355801206526,6805.273,5.131397,2845.5671,1.9666522,7394.258,6.085345,0,,,,,890.9033621415708,0.00051302405,138.0355801206526,0.0006525061,0.00089159963,-0.0024366311
7401.8677,6.0908575,-0.003970221,219170,890.9024446782605,138.0349630328921,6811.414,5.136045,2852.5195,1.9689763,7401.8677,6.0908575,0,,,,,890.9024446782605,0.000512474,138.0349630328921,0.00065317913,-8.156663e-05,-0.0048988275
7395.7783,6.0909243,-0.0039701876,219171,890.9029654822687,138.03523502577764,6811.715,5.1361012,2859.7434,1.9707974,7395.7783,6.0909243,0,,,,,890.9029654822687,0.0005126746,138.03523502577764,0.00065218203,-0.000118267664,-0.003381974
7396.371,6.093706,-0.003970154,219172,890.9036012631544,138.03301680798836,6812.328,5.1384473,2866.5955,1.9723483,7396.371,6.093706,0,,,,,890.9036012631544,0.0005129203,138.03301680798836,0.0006527415,0.0012507228,-0.007318717
7397.842,6.100606,-0.00397012,219173,890.9032313506119,138.03565854573804,6814.5947,5.1442657,2876.0842,1.9758142,7397.842,6.100606,0,,,,,890.9032313506119,0.00051307335,138.03565854573804,0.000653446,0.0004743805,-0.0035283368
7407.3535,6.1031303,-0.0039700866,219174,890.9022441278985,138.0365138379448,6819.44,5.146394,2886.7322,1.9782658,7407.3535,6.1031303,0,,,,,890.9022441278985,0.0005130158,138.0365138379448,0.00065315625,0.00038288033,-0.0029092266
7392.981,6.1043634,-0.0039700526,219175,890.9037118175823,138.03195042959706,6806.741,5.1474338,2894.7212,1.9808381,7392.981,6.1043634,0,,,,,890.9037118175823,0.00051428896,138.03195042959706,0.0006549583,0.0013553585,-0.007746292
7395.6978,6.107866,-0.0039700186,219176,890.9017715888946,138.03594285870787,6811.538,5.150387,2903.9817,1.9830018,7395.6978,6.107866,0,,,,,890.9017715888946,0.0005139152,138.03594285870787,0.00065450964,-0.00040852313,-0.0033108757
7387.1113,6.11187,-0.0039699846,219177,890.9032343313667,138.03425612154635,6804.4766,5.1537633,2918.9395,1.9879191,7387.1113,6.11187,0,,,,,890.9032343313667,0.0005148352,138.03425612154635,0.00065541477,0.0005268223,-0.003544504
7392.033,6.116419,-0.003969951,219178,890.9043017781196,138.03314975132568,6809.3745,5.157599,2926.8435,1.9912199,7392.033,6.116419,0,,,,,890.9043017781196,0.000514971,138.03314975132568,0.0006553683,0.001273857,-0.0053257933
7404.5117,6.1226306,-0.003969917,219179,890.9030881335269,138.03594287627342,6819.6143,5.1628375,2935.6226,1.9925635,7404.5117,6.1226306,0,,,,,890.9030881335269,0.00051456946,138.03594287627342,0.00065538206,-0.00021939364,-0.0025808597
7403.625,6.1267467,-0.0039698826,219180,890.9029345816865,138.03428340955966,6817.16,5.166308,2947.7273,1.9958243,7403.625,6.1267467,0,,,,,890.9029345816865,0.00051531254,138.03428340955966,0.0006564074,0.00016327969,-0.0044053816
7378.6816,6.1265073,-0.0039698486,219181,890.9028131545465,138.03417579581338,6798.3716,5.166106,2960.2893,1.9989152,7378.6816,6.1265073,0,,,,,890.9028131545465,0.0005165369,138.03417579581338,0.0006579377,0.00034160446,-0.0034548964
7390.342,6.134336,-0.0039698146,219182,890.9031588002074,138.03455093088158,6811.062,5.1727076,2971.5435,2.002282,7390.342,6.134336,0,,,,,890.9031588002074,0.0005160294,138.03455093088158,0.0006570966,6.0612547e-05,-0.0024172072
7391.7603,6.139944,-0.0039697806,219183,890.9040367449743,138.03423150203557,6808.512,5.177437,2986.2742,2.0073812,7391.7603,6.139944,0,,,,,890.9040367449743,0.0005168782,138.03423150203557,0.0006585274,0.002141325,-0.005370854
7399.393,6.144145,-0.003969746,219184,890.9024680350299,138.0361841828158,6814.5283,5.180979,2992.9033,2.0091755,7399.393,6.144145,0,,,,,890.9024680350299,0.0005167005,138.0361841828158,0.00065861456,-0.0010973348,-0.0020407066
7391.7793,6.1464067,-0.003969712,219185,890.9033732518586,138.03392369546486,6807.185,5.182886,3005.0476,2.011351,7391.7793,6.1464067,0,,,,,890.9033732518586,0.00051751704,138.03392369546486,0.00065970985,0.0010116291,-0.00593689
7407.2393,6.1541862,-0.0039696777,219186,890.9023887643448,138.03665895487302,6821.0596,5.1894464,3016.5046,2.0150099,7407.2393,6.1541862,0,,,,,890.9023887643448,0.00051712024,138.03665895487302,0.0006594763,-4.8894784e-05,-0.0029882714
7401.8604,6.155457,-0.0039696433,219187,890.9041108557567,138.03422488149332,6816.472,5.190518,3021.2327,2.0172043,7401.8604,6.155457,0,,,,,890.9041108557567,0.0005175055,138.03422488149332,0.000660117,0.0012947962,-0.006816435
7392.372,6.159931,-0.0039696093,219188,890.9029235346451,138.03443414476504,6807.3823,5.1942906,3038.2507,2.022048,7392.372,6.159931,0,,,,,890.9029235346451,0.00051857263,138.03443414476504,0.00066162716,0.0013049314,-0.004986902
7407.8516,6.1645083,-0.003969575,219189,890.9028903184101,138.03475743842372,6820.375,5.19815,3042.4229,2.0227258,7407.8516,6.1645083,0,,,,,890.9028903184101,0.00051799184,138.03475743842372,0.0006606251,0.0005882227,-0.0046813954
7390.8696,6.166192,-0.0039695404,219190,890.9024490664741,138.0351124750149,6810.3423,5.19957,3052.884,2.0259035,7390.8696,6.166192,0,,,,,890.9024490664741,0.0005187638,138.0351124750149,0.0006616953,-0.00027423326,-0.0036087087
7402.4365,6.1703205,-0.003969506,219191,890.904159527749,138.03456035672303,6818.5366,5.203051,3056.2773,2.0274084,7402.4365,6.1703205,0,,,,,890.904159527749,0.00051848573,138.03456035672303,0.00066146057,0.0013509063,-0.005665597
7387.5776,6.169011,-0.003969471,219192,890.9025152945015,138.03531671880503,6802.7295,5.201947,3066.653,2.0292842,7387.5776,6.169011,0,,,,,890.9025152945015,0.0005193838,138.03531671880503,0.000663336,-0.000108265434,-0.003706089
7392.7705,6.171441,-0.0039694365,219193,890.9029518917793,138.03539733707794,6807.9883,5.203996,3070.2812,2.030003,7392.7705,6.171441,0,,,,,890.9029518917793,0.0005193454,138.03539733707794,0.000662903,0.0002792085,-0.00495262
7399.199,6.1746016,-0.003969402,219194,890.9035464448027,138.0343884179636,6812.595,5.206661,3071.9458,2.0319207,7399.199,6.1746016,0,,,,,890.9035464448027,0.0005192421,138.0343884179636,0.0006628366,0.0004272439,-0.00534394
7395.8945,6.1765003,-0.003969367,219195,890.9019305713709,138.0352683008163,6814.835,5.2082624,3077.5461,2.0324569,7395.8945,6.1765003,0,,,,,890.9019305713709,0.00051916786,138.0352683008163,0.00066219695,-0.0003040031,-0.0031727923
7393.055,6.1777,-0.0039693327,219196,890.903279941038,138.03554050910887,6806.2754,5.209274,3083.3115,2.0332072,7393.055,6.1777,0,,,,,890.903279941038,0.0005202209,138.03554050910887,0.00066415436,0.0015915193,-0.004461076
7389.503,6.1804194,-0.0039692977,219197,890.901924928829,138.03497562702051,6808.6904,5.211567,3092.1133,2.036995,7389.503,6.1804194,0,,,,,890.901924928829,0.0005197232,138.03497562702051,0.00066357595,-2.2500946e-05,-0.0032138748
7398.686,6.1822853,-0.003969263,219198,890.9026444878729,138.03450381789392,6815.877,5.2131405,3089.593,2.0358138,7398.686,6.1822853,0,,,,,890.9026444878729,0.0005197339,138.03450381789392,0.00066323177,0.00070757495,-0.0047915145
7388.0923,6.1825857,-0.003969228,219199,890.9038917029108,138.0342072256388,6808.1587,5.2133937,3094.6885,2.0374491,7388.0923,6.1825857,0,,,,,890.9038917029108,0.0005201678,138.0342072256388,0.000663939,0.0012761257,-0.005270557
7391.494,6.181496,-0.0039691934,219200,890.9003522669168,138.03587870165754,6803.554,5.2124753,3099.0627,2.0378516,7391.494,6.181496,0,,,,,890.9003522669168,0.00052037387,138.03587870165754,0.00066483143,-0.0005627813,-0.002243786
7397.0166,6.1852374,-0.0039691585,219201,890.9023907960341,138.03649152753724,6813.0522,5.2156296,3097.4827,2.037497,7397.0166,6.1852374,0,,,,,890.9023907960341,0.0005202869,138.03649152753724,0.00066388294,-0.00042021138,-0.00302465
7386.03,6.1860123,-0.003969123,219202,890.9030012132481,138.0353161359862,6804.8306,5.2162833,3106.0564,2.0402102,7386.03,6.1860123,0,,,,,890.9030012132481,0.000520904,138.0353161359862,0.0006646123,0.0006210447,-0.0035822683
7390.063,6.1851163,-0.003969088,219203,890.9025918272573,138.0339133677065,6805.38,5.2155275,3107.9644,2.04025,7390.063,6.1851163,0,,,,,890.9025918272573,0.0005206555,138.0339133677065,0.00066502916,0.0010861235,-0.0051952256
7381.6655,6.186897,-0.0039690533,219204,890.9033010643894,138.03269756334353,6800.0537,5.217029,3113.5847,2.0426898,7381.6655,6.186897,0,,,,,890.9033010643894,0.0005212329,138.03269756334353,0.0006656988,0.0012700527,-0.005748549
7395.3696,6.1905003,-0.0039690183,219205,890.9012891492013,138.03703934166668,6811.0127,5.2200675,3116.1472,2.0424676,7395.3696,6.1905003,0,,,,,890.9012891492013,0.00052056613,138.03703934166668,0.0006648828,-0.0007651563,-0.0019560112
7384.502,6.192933,-0.003968983,219206,890.9012279423928,138.03340103721254,6805.3984,5.2221193,3121.1638,2.0443568,7384.502,6.192933,0,,,,,890.9012279423928,0.0005207977,138.03340103721254,0.0006656832,0.0009677926,-0.0034833984
7385.069,6.190999,-0.003968948,219207,890.9023522131769,138.03464414708026,6804.383,5.220488,3122.4036,2.044228,7385.069,6.190999,0,,,,,890.9023522131769,0.0005212936,138.03464414708026,0.0006656837,-0.0002890344,-0.0048766746
7391.3066,6.196214,-0.0039689126,219208,890.9025089473336,138.03679038902297,6809.1265,5.224886,3128.253,2.0462384,7391.3066,6.196214,0,,,,,890.9025089473336,0.00052148977,138.03679038902297,0.0006652603,-2.5510597e-05,-0.0003001973
7393.1465,6.197296,-0.0039688773,219209,890.9035558029284,138.03501254901823,6808.873,5.225798,3134.5251,2.0482233,7393.1465,6.197296,0,,,,,890.9035558029284,0.00052155287,138.03501254901823,0.00066578493,0.001482751,-0.004514076
7403.4985,6.199208,-0.003968842,219210,890.9032943576734,138.0342376159187,6815.814,5.22741,3136.0063,2.0485713,7403.4985,6.199208,0,,,,,890.9032943576734,0.00052085164,138.0342376159187,0.000665925,0.0008461364,-0.004646923
7396.691,6.2018156,-0.003968807,219211,890.9023573478669,138.03555786810443,6813.6714,5.2296095,3141.483,2.0500062,7396.691,6.2018156,0,,,,,890.9023573478669,0.0005213002,138.03555786810443,0.0006660352,-3.7468317e-06,-0.0024979843
7397.6196,6.2034407,-0.0039687715,219212,890.9025031260852,138.0355500043236,6814.9004,5.2309794,3147.4038,2.0514274,7397.6196,6.2034407,0,,,,,890.9025031260852,0.00052132434,138.0355500043236,0.0006662617,0.00025312745,-0.0031571325
7394.667,6.2065067,-0.0039687357,219213,890.9036887033641,138.03429434473978,6812.325,5.233565,3157.7754,2.0541523,7394.667,6.2065067,0,,,,,890.9036887033641,0.00052196044,138.03429434473978,0.00066668075,0.0008805179,-0.005468478
7388.929,6.2090926,-0.0039687003,219214,890.9020412406511,138.03569508642846,6807.0835,5.2357454,3168.0176,2.0573418,7388.929,6.2090926,0,,,,,890.9020412406511,0.00052222895,138.03569508642846,0.00066729274,-0.000132468,-0.0024196797
7390.6587,6.211204,-0.003968665,219215,890.9027323815717,138.03562065194478,6809.224,5.237526,3169.7432,2.0587873,7390.6587,6.211204,0,,,,,890.9027323815717,0.0005221961,138.03562065194478,0.000667802,-0.00043194686,-0.0031271433
7392.6396,6.213041,-0.0039686295,219216,890.9029250922082,138.03594888267503,6810.5903,5.2390747,3176.4731,2.0592644,7392.6396,6.213041,0,,,,,890.9029250922082,0.00052251684,138.03594888267503,0.000667531,0.0013086745,-0.0028903775
7388.189,6.215646,-0.0039685937,219217,890.902511151973,138.03306659266912,6807.632,5.241271,3184.669,2.0614152,7388.189,6.215646,0,,,,,890.902511151973,0.00052302936,138.03306659266912,0.0006682213,0.0005501676,-0.0048872326
7402.2285,6.220513,-0.0039685583,219218,890.9021303300998,138.0356910595332,6817.8154,5.2453756,3191.9224,2.063493,7402.2285,6.220513,0,,,,,890.9021303300998,0.0005226421,138.0356910595332,0.00066745776,0.00023580724,-0.0024308648
7398.201,6.224449,-0.0039685224,219219,890.9010508897125,138.0371951661532,6814.6494,5.2486944,3201.784,2.0664396,7398.201,6.224449,0,,,,,890.9010508897125,0.0005230333,138.0371951661532,0.0006685367,-0.00031789925,-0.0020369468
7396.643,6.225577,-0.0039684866,219220,890.9030320315915,138.03325724952077,6812.801,5.2496457,3204.3284,2.0675058,7396.643,6.225577,0,,,,,890.9030320315915,0.00052345166,138.03325724952077,0.0006690744,0.0018686102,-0.006005837
7402.1035,6.2277102,-0.0039684507,219221,890.9016209498973,138.03694966055303,6819.072,5.251445,3209.4238,2.0684407,7402.1035,6.2277102,0,,,,,890.9016209498973,0.0005229773,138.03694966055303,0.00066818,-9.716093e-06,-0.0020369922
7396.9697,6.231265,-0.0039684153,219222,890.9031489132967,138.03496293977634,6814.7754,5.254442,3214.5789,2.0702717,7396.9697,6.231265,0,,,,,890.9031489132967,0.00052386103,138.03496293977634,0.00066942803,-0.0007374028,-0.003807985
7389.2466,6.230662,-0.0039683795,219223,890.9024190133524,138.0338158530566,6807.174,5.2539334,3217.5625,2.0716462,7389.2466,6.230662,0,,,,,890.9024190133524,0.0005240019,138.0338158530566,0.0006704497,0.00065031287,-0.0044120387
7384.963,6.2300353,-0.003968343,219224,890.9013903713994,138.03541977959208,6805.507,5.2534046,3224.3977,2.0724757,7384.963,6.2300353,0,,,,,890.9013903713994,0.0005241732,138.03541977959208,0.0006701489,8.923005e-05,-0.0017840218
7400.5464,6.2325764,-0.0039683073,219225,890.9037381956593,138.03225159319268,6810.922,5.2555475,3226.706,2.0734427,7400.5464,6.2325764,0,,,,,890.9037381956593,0.0005242407,138.03225159319268,0.0006702081,0.002447971,-0.007168125
7401.72,6.237924,-0.0039682714,219226,890.9022409270306,138.03605220921904,6818.9565,5.260057,3229.244,2.0744774,7401.72,6.237924,0,,,,,890.9022409270306,0.0005238806,138.03605220921904,0.0006701011,0.00043043683,-0.0039769365
7397.9634,6.2357655,-0.0039682356,219227,890.9036566365565,138.03592873924254,6813.6597,5.2582374,3233.9087,2.0758135,7397.9634,6.2357655,0,,,,,890.9036566365565,0.0005241728,138.03592873924254,0.00067001616,0.00016651726,-0.003375279
7394.8643,6.2379146,-0.0039681992,219228,890.9034009492066,138.03524477243,6809.8213,5.2600493,3234.5732,2.0766778,7394.8643,6.2379146,0,,,,,890.9034009492066,0.00052452815,138.03524477243,0.00067104126,0.0009481225,-0.003676074
7390.0845,6.236268,-0.0039681634,219229,890.902840869821,138.03337043609272,6806.2295,5.258661,3238.75,2.077552,7390.0845,6.236268,0,,,,,890.902840869821,0.00052468857,138.03337043609272,0.00067138945,0.0010176868,-0.0072464463
7389.9307,6.234623,-0.003968127,219230,890.9025609777409,138.03413607187375,6807.3438,5.2572737,3234.2812,2.0761988,7389.9307,6.234623,0,,,,,890.9025609777409,0.0005243834,138.03413607187375,0.0006707441,0.0009847614,-0.0040609525
7402.251,6.2383876,-0.0039680908,219231,890.9018596932393,138.0352876641567,6817.0317,5.260448,3238.1814,2.0764332,7402.251,6.2383876,0,,,,,890.9018596932393,0.0005241912,138.0352876641567,0.0006702069,-0.00021090686,-0.002701981
7396.054,6.236137,-0.0039680544,219232,890.902722383745,138.03393148810446,6812.732,5.25855,3233.255,2.0752301,7396.054,6.236137,0,,,,,890.902722383745,0.00052402884,138.03393148810446,0.00067083206,0.0014915288,-0.0052726753
7396.52,6.2350664,-0.0039680186,219233,890.9025763193005,138.03505467968245,6812.3975,5.2576475,3229.2605,2.0757315,7396.52,6.2350664,0,,,,,890.9025763193005,0.00052420195,138.03505467968245,0.000670008,-0.00041450633,-0.0025017576
7388.3105,6.231813,-0.0039679823,219234,890.9040873379777,138.03184106649897,6804.8467,5.254904,3229.248,2.0741894,7388.3105,6.231813,0,,,,,890.9040873379777,0.00052446517,138.03184106649897,0.0006703638,0.0012650475,-0.0049261167
7395.81,6.2335763,-0.0039679455,219235,890.9027158612452,138.0355936841401,6813.1733,5.2563915,3225.3896,2.07397,7395.81,6.2335763,0,,,,,890.9027158612452,0.0005238406,138.0355936841401,0.00066980807,-7.279135e-05,-0.0015097763
7403.5845,6.2313666,-0.003967909,219236,890.9031889859916,138.03497752460027,6815.8774,5.254528,3217.3936,2.0717847,7403.5845,6.2313666,0,,,,,890.9031889859916,0.00052375725,138.03497752460027,0.000669826,0.0021406221,-0.0045740292
7410.5503,6.2309666,-0.003967873,219237,890.9032452095444,138.03439378941837,6822.5347,5.2541904,3213.7559,2.0703177,7410.5503,6.2309666,0,,,,,890.9032452095444,0.0005230826,138.03439378941837,0.00066873146,0.00046470802,-0.0036974289
7406.16,6.227775,-0.0039678365,219238,890.9024496440423,138.03377018831003,6820.1587,5.251499,3207.955,2.0684428,7406.16,6.227775,0,,,,,890.9024496440423,0.00052300934,138.03377018831003,0.0006685649,0.0011998054,-0.0064816535
7398.584,6.2226467,-0.0039677997,219239,890.9022113016941,138.0365061120697,6813.2603,5.2471747,3200.611,2.065833,7398.584,6.2226467,0,,,,,890.9022113016941,0.000523149,138.0365061120697,0.00066850905,0.0009165653,-0.0023034408
7396.638,6.2211084,-0.0039677634,219240,890.9038677391623,138.0335804215873,6813.127,5.2458777,3195.1826,2.0645018,7396.638,6.2211084,0,,,,,890.9038677391623,0.00052312965,138.0335804215873,0.0006683378,0.0011763631,-0.0054730144
7397.6753,6.219734,-0.0039677266,219241,890.9024076218421,138.03555934977945,6811.2686,5.2447186,3190.171,2.0644157,7397.6753,6.219734,0,,,,,890.9024076218421,0.00052304607,138.03555934977945,0.00066853303,0.00080323045,-0.0038361126
7403.2085,6.2174373,-0.00396769,219242,890.9031504971178,138.03483410906705,6820.3447,5.2427816,3181.189,2.0606034,7403.2085,6.2174373,0,,,,,890.9031504971178,0.00052215037,138.03483410906705,0.0006668444,0.0008134388,-0.003400816
7407.097,6.217379,-0.0039676535,219243,890.902471070672,138.03613159603572,6823.807,5.242733,3174.943,2.0600896,7407.097,6.217379,0,,,,,890.902471070672,0.00052201474,138.03613159603572,0.0006665948,-0.00023155514,-0.0029677672
7390.421,6.2098207,-0.0039676167,219244,890.9027831123348,138.03474644179525,6805.0166,5.236359,3168.8376,2.0576515,7390.421,6.2098207,0,,,,,890.9027831123348,0.00052275154,138.03474644179525,0.00066816644,0.0010603166,-0.004973004
7405.6006,6.209153,-0.00396758,219245,890.9032812590962,138.03411830137168,6818.7607,5.2357965,3160.4595,2.0550208,7405.6006,6.209153,0,,,,,890.9032812590962,0.0005215037,138.03411830137168,0.0006665266,0.0013076009,-0.005167415
7400.1333,6.207847,-0.003967543,219246,890.902234369704,138.03537890481877,6816.1904,5.234695,3158.4717,2.0545735,7400.1333,6.207847,0,,,,,890.902234369704,0.00052153855,138.03537890481877,0.00066656363,0.0002815932,-0.0017019974
7381.9663,6.1948476,-0.0039673583,219251,890.9026382947804,138.03407908456984,6807.767,5.2237334,3130.8103,2.0473437,7381.9663,6.1948476,0,,,,,890.9026382947804,0.0005210571,138.03407908456984,0.00066505466,-0.0001799357,-0.0025880912
7400.6816,6.193933,-0.003967321,219252,890.9028820208977,138.03500243551304,6822.9834,5.2229624,3118.4128,2.0436072,7400.6816,6.193933,0,,,,,890.9028820208977,0.00051995914,138.03500243551304,0.0006635995,0.00057670625,-0.0034028653
7382.4653,6.1940374,-0.003967284,219253,890.9040632098448,138.0348047188293,6807.439,5.22305,3122.433,2.0456774,7382.4653,6.1940374,0,,,,,890.9040632098448,0.00052125007,138.0348047188293,0.00066501484,0.00020333857,-0.0029936952
7399.5044,6.1930704,-0.003967247,219254,890.9041113679496,138.03434444180652,6821.3315,5.2222347,3117.6475,2.0429916,7399.5044,6.1930704,0,,,,,890.9041113679496,0.0005200673,138.03434444180652,0.0006633849,0.00088702864,-0.0029416434
7392.8086,6.190557,-0.0039672097,219255,890.9030886564999,138.03517871054567,6816.2524,5.2201157,3113.1133,2.0420911,7392.8086,6.190557,0,,,,,890.9030886564999,0.0005204477,138.03517871054567,0.0006636441,0.0006112586,-0.0026557704
7385.7173,6.189679,-0.0039671725,219256,890.9034666037256,138.035636944585,6810.6455,5.219375,3114.0288,2.0423508,7385.7173,6.189679,0,,,,,890.9034666037256,0.000520648,138.035636944585,0.0006642817,0.00040760028,-0.0026113007
7395.9487,6.188712,-0.003967135,219257,890.903385620694,138.0339122698698,6817.446,5.2185597,3110.6655,2.041251,7395.9487,6.188712,0,,,,,890.903385620694,0.00051993417,138.0339122698698,0.00066298223,0.00077801314,-0.0032370668
7403.5576,6.192123,-0.003967098,219258,890.9036174632216,138.0350938336597,6824.263,5.221436,3109.8271,2.041243,7403.5576,6.192123,0,,,,,890.9036174632216,0.000519985,138.0350938336597,0.0006630121,0.0009751667,-0.002843318
7408.6504,6.1920776,-0.0039670607,219259,890.9030971756227,138.0355623913502,6828.7363,5.221398,3109.2258,2.0418084,7408.6504,6.1920776,0,,,,,890.9030971756227,0.00051942363,138.0355623913502,0.00066248403,-0.00041625628,-0.002341193
7396.3584,6.1900578,-0.003967023,219260,890.9033447148098,138.03439493967937,6817.519,5.219694,3111.9448,2.0415986,7396.3584,6.1900578,0,,,,,890.9033447148098,0.00052016776,138.03439493967937,0.00066314085,0.00092692266,-0.0023376094
7395.168,6.189325,-0.0039669857,219261,890.9034104475193,138.0354065699554,6817.0845,5.2190766,3107.8071,2.040296,7395.168,6.189325,0,,,,,890.9034104475193,0.0005200974,138.0354065699554,0.00066349417,0.00050012337,-0.0032313212
7405.4824,6.191053,-0.003966948,219262,890.904112637285,138.03598177986265,6825.794,5.220534,3110.0754,2.0410361,7405.4824,6.191053,0,,,,,890.904112637285,0.00051965273,138.03598177986265,0.0006627355,0.0010474352,-0.0020469725
7389.1626,6.1887836,-0.0039669108,219263,890.9022014431965,138.0341845608582,6812.668,5.21862,3113.0886,2.0414379,7389.1626,6.1887836,0,,,,,890.9022014431965,0.00052033225,138.0341845608582,0.00066366204,0.0001666278,-0.0025115618
7390.9873,6.18751,-0.003966873,219264,890.9038676402231,138.03361597399135,6813.3916,5.217546,3107.2031,2.0401125,7390.9873,6.18751,0,,,,,890.9038676402231,0.0005203131,138.03361597399135,0.0006635641,0.0013146723,-0.0027761594
7398.9336,6.1893854,-0.0039668353,219265,890.9026484918315,138.03603924773878,6820.1274,5.2191277,3109.2698,2.0404913,7398.9336,6.1893854,0,,,,,890.9026484918315,0.0005197849,138.03603924773878,0.0006631056,0.00015547778,-0.0025955227
7402.705,6.1885324,-0.003966798,219266,890.9035087014155,138.03550254945907,6822.1675,5.218408,3108.0457,2.0395691,7402.705,6.1885324,0,,,,,890.9035087014155,0.000519765,138.03550254945907,0.0006627796,0.00090958056,-0.0026780255
7391.8457,6.190061,-0.0039667604,219267,890.9040005140495,138.0349955569304,6814.585,5.2196975,3107.217,2.0407174,7391.8457,6.190061,0,,,,,890.9040005140495,0.0005201865,138.0349955569304,0.0006639109,0.00041948675,-0.003690045
7392.9556,6.1886625,-0.0039667226,219268,890.9030174960088,138.03395913314344,6814.4,5.2185183,3111.6946,2.0410907,7392.9556,6.1886625,0,,,,,890.9030174960088,0.0005202833,138.03395913314344,0.0006634431,-0.00021719393,-0.0030074145
7393.4604,6.1889358,-0.0039666845,219269,890.9044334645093,138.0360818903459,6814.634,5.2187486,3109.8838,2.0408914,7393.4604,6.1889358,0,,,,,890.9044334645093,0.0005203178,138.0360818903459,0.0006635283,0.00069730286,-0.0023884275
7390.2637,6.189659,-0.0039666467,219270,890.9036157358862,138.0361918147264,6811.9834,5.219358,3112.7444,2.042237,7390.2637,6.189659,0,,,,,890.9036157358862,0.0005204721,138.0361918147264,0.0006639541,0.00021257046,-0.0027345773
7397.978,6.190207,-0.003966609,219271,890.9041600657147,138.03505202025534,6818.3125,5.2198205,3110.9827,2.0430806,7397.978,6.190207,0,,,,,890.9041600657147,0.00052005216,138.03505202025534,0.00066322734,0.00084043236,-0.0029715248
7395.3955,6.189653,-0.0039665713,219272,890.9028086850894,138.0343869554238,6816.2144,5.219353,3112.1003,2.0414236,7395.3955,6.189653,0,,,,,890.9028086850894,0.0005202966,138.0343869554238,0.0006638045,0.00039787524,-0.0023683065
7398.213,6.18996,-0.003966533,219273,890.9028642752204,138.03469396601494,6818.0093,5.219612,3111.6863,2.0411153,7398.213,6.18996,0,,,,,890.9028642752204,0.00052007136,138.03469396601494,0.0006635625,0.0008165953,-0.0035709708
7392.053,6.191717,-0.0039664954,219274,890.9040170029109,138.03443911872625,6812.546,5.2210937,3116.806,2.044859,7392.053,6.191717,0,,,,,890.9040170029109,0.00052067277,138.03443911872625,0.00066407846,0.0014000444,-0.002177612
7409.6494,6.1923256,-0.003966457,219275,890.902394415309,138.03541820940254,6828.459,5.2216063,3110.729,2.0406814,7409.6494,6.1923256,0,,,,,890.902394415309,0.0005196888,138.03541820940254,0.0006625696,0.00044497434,-0.002933929
7390.74,6.1874456,-0.003966419,219276,890.9034901653284,138.0352590869088,6811.978,5.2174916,3109.565,2.040844,7390.74,6.1874456,0,,,,,890.9034901653284,0.0005203681,138.0352590869088,0.0006635438,0.0017049381,-0.0030602785
7395.722,6.191923,-0.003966381,219277,890.9032194614083,138.03489098060558,6817.308,5.221267,3110.1008,2.041613,7395.722,6.191923,0,,,,,890.9032194614083,0.00052049995,138.03489098060558,0.00066367944,0.000701699,-0.0023485008
7394.711,6.1888633,-0.0039663427,219278,890.9030006677947,138.03496529760315,6813.4795,5.218687,3112.078,2.0412128,7394.711,6.1888633,0,,,,,890.9030006677947,0.00052033516,138.03496529760315,0.000663479,0.00077720755,-0.0030149808
7393.833,6.1893053,-0.0039663045,219279,890.9031334080951,138.03509898533102,6814.965,5.2190604,3106.1182,2.041415,7393.833,6.1893053,0,,,,,890.9031334080951,0.00052025774,138.03509898533102,0.00066353485,-5.806168e-05,-0.0024476396
7404.2656,6.189232,-0.0039662663,219280,890.9040880332592,138.03571433720722,6822.9614,5.218998,3101.2974,2.039515,7404.2656,6.189232,0,,,,,890.9040880332592,0.00051977974,138.03571433720722,0.00066274166,0.0010553369,-0.002245747
7385.6973,6.1833467,-0.003966228,219281,890.9036857072653,138.03458907815866,6807.34,5.2140355,3100.772,2.0401547,7385.6973,6.1833467,0,,,,,890.9036857072653,0.00052011374,138.03458907815866,0.00066355465,0.0009613322,-0.0033499033
7402.051,6.18818,-0.00396619,219282,890.9033274761491,138.03612951612558,6820.3027,5.2181106,3094.9724,2.0389009,7402.051,6.18818,0,,,,,890.9033274761491,0.0005195685,138.03612951612558,0.0006630795,0.00038077697,-0.0021007527
7401.905,6.183634,-0.0039661517,219283,890.9044675876536,138.03582680329157,6821.7314,5.2142777,3092.909,2.035536,7401.905,6.183634,0,,,,,890.9044675876536,0.00051945244,138.03582680329157,0.00066178374,0.0006573038,-0.0026459533
7416.7993,6.1834917,-0.003966113,219284,890.902746874654,138.03571446192345,6834.28,5.214158,3083.35,2.0335066,7416.7993,6.1834917,0,,,,,890.902746874654,0.00051840657,138.03571446192345,0.00066057517,0.00023946802,-0.0020273107
7404.4604,6.1826777,-0.003966075,219285,890.903111158741,138.0356903285781,6823.8013,5.2134714,3082.8242,2.0337582,7404.4604,6.1826777,0,,,,,890.903111158741,0.0005188327,138.0356903285781,0.0006619556,0.000991173,-0.0028151665
7399.055,6.1804132,-0.0039660363,219286,890.9025332903725,138.03576471828512,6819.0063,5.2115617,3079.3406,2.0335746,7399.055,6.1804132,0,,,,,890.9025332903725,0.00051935593,138.03576471828512,0.0006620436,0.0011498779,-0.0017411913
7390.454,6.1733055,-0.0039659976,219287,890.9026906860009,138.03432782966013,6811.402,5.2055683,3072.384,2.031116,7390.454,6.1733055,0,,,,,890.9026906860009,0.000519219,138.03432782966013,0.0006618768,0.00031266917,-0.0028429935
7394.734,6.1721563,-0.0039659594,219288,890.903354853236,138.03405616996662,6814.66,5.2045994,3064.57,2.029543,7394.734,6.1721563,0,,,,,890.903354853236,0.00051889266,138.03405616996662,0.00066128443,0.00023388962,-0.00238944
7403.31,6.169829,-0.003965921,219289,890.903956383966,138.03421723096767,6821.33,5.2026367,3056.8645,2.0265331,7403.31,6.169829,0,,,,,890.903956383966,0.00051812176,138.03421723096767,0.00066033704,0.0008367956,-0.0024171057
7408.2354,6.1682224,-0.003965882,219290,890.9035433619127,138.03631779436355,6825.3174,5.2012825,3049.6643,2.0239537,7408.2354,6.1682224,0,,,,,890.9035433619127,0.0005177739,138.03631779436355,0.0006599428,0.00072033284,-0.0025269727
7403.977,6.1666923,-0.0039658435,219291,890.9043608619386,138.03392423363474,6821.816,5.1999917,3043.4976,2.0230424,7403.977,6.1666923,0,,,,,890.9043608619386,0.00051814853,138.03392423363474,0.00065983174,0.0005925066,-0.0029589054
7400.6533,6.1610518,-0.0039658044,219292,890.9033510531691,138.0353737447294,6819.435,5.1952353,3037.9407,2.0201464,7400.6533,6.1610518,0,,,,,890.9033510531691,0.0005176206,138.0353737447294,0.0006594335,-9.055546e-05,-0.0014493375
7418.286,6.1626773,-0.0039657657,219293,890.9036513091249,138.0348410987063,6832.696,5.196606,3030.4192,2.018782,7418.286,6.1626773,0,,,,,890.9036513091249,0.00051675976,138.0348410987063,0.00065858336,0.000567741,-0.0022358804
7402.8438,6.155506,-0.003965727,219294,890.9051661521341,138.03520295486595,6821.4805,5.1905594,3020.1794,2.0156786,7402.8438,6.155506,0,,,,,890.9051661521341,0.00051723066,138.03520295486595,0.0006586399,0.0007604819,-0.0022578125
7394.194,6.151026,-0.0039656884,219295,890.9043913437788,138.0370034240813,6813.647,5.1867814,3016.4978,2.0141392,7394.194,6.151026,0,,,,,890.9043913437788,0.0005172416,138.0370034240813,0.00065906276,0.00044985354,-0.0019778607
7403.4487,6.150669,-0.0039656493,219296,890.9033871559354,138.0350300359216,6822.557,5.1864805,3004.0364,2.0120769,7403.4487,6.150669,0,,,,,890.9033871559354,0.00051646034,138.0350300359216,0.0006580176,0.000107447595,-0.0031065089
7405.1064,6.1483426,-0.00396561,219297,890.9040194720734,138.0360912872909,6823.532,5.184519,3001.755,2.0102954,7405.1064,6.1483426,0,,,,,890.9040194720734,0.000516207,138.0360912872909,0.00065771287,0.0011971142,-0.0024041424
7396.476,6.1439486,-0.0039655715,219298,890.9023721230208,138.03711891123686,6816.119,5.180813,2993.4167,2.0085242,7396.476,6.1439486,0,,,,,890.9023721230208,0.0005163628,138.03711891123686,0.00065782183,-0.0006884244,-0.0020970805
7400.3735,6.14116,-0.0039655324,219299,890.9041094789628,138.03461917978194,6818.8643,5.178462,2987.2065,2.006023,7400.3735,6.14116,0,,,,,890.9041094789628,0.00051623496,138.03461917978194,0.0006572441,0.0015394073,-0.002728759
7387.995,6.139547,-0.0039654933,219300,890.9041254394949,138.0354921817153,6809.3223,5.1771016,2980.0957,2.004966,7387.995,6.139547,0,,,,,890.9041254394949,0.00051644363,138.0354921817153,0.0006577194,0.0004508124,-0.0017529574
7393.398,6.1372166,-0.003965454,219301,890.9037190503554,138.03422035851497,6813.0854,5.1751366,2979.8308,2.004057,7393.398,6.1372166,0,,,,,890.9037190503554,0.00051612745,138.03422035851497,0.00065729115,0.0013108882,-0.0030513087
7396.374,6.1365767,-0.003965415,219302,890.9024798485293,138.035655546046,6816.946,5.1745977,2973.6353,2.0024378,7396.374,6.1365767,0,,,,,890.9024798485293,0.00051585183,138.035655546046,0.000657016,0.00023107333,-0.002056734
7413.921,6.136922,-0.003965376,219303,890.9032032202141,138.03537125793352,6829.935,5.174888,2965.5518,2.0019593,7413.921,6.136922,0,,,,,890.9032032202141,0.00051482324,138.03537125793352,0.00065525726,-0.00010405644,-0.0024915286
7394.787,6.1334157,-0.003965337,219304,890.9034200499228,138.03529347443427,6815.7285,5.1719317,2967.6167,2.0004473,7394.787,6.1334157,0,,,,,890.9034200499228,0.0005158567,138.03529347443427,0.0006562967,0.00037710514,-0.002316369
7399.5767,6.131645,-0.0039652977,219305,890.903847673834,138.035291579937,6819.4907,5.170439,2961.8145,1.9989183,7399.5767,6.131645,0,,,,,890.903847673834,0.0005151713,138.035291579937,0.0006558397,0.00075015455,-0.0027801483
7403.323,6.1318297,-0.003965258,219306,890.9035216491125,138.0353140114361,6822.0693,5.170594,2957.9644,1.9989805,7403.323,6.1318297,0,,,,,890.9035216491125,0.00051500206,138.0353140114361,0.00065566873,0.000868433,-0.0024879507
7402.414,6.1329,-0.003965219,219307,890.9035957165823,138.03627813759624,6820.144,5.171497,2958.5293,1.9992478,7402.414,6.1329,0,,,,,890.9035957165823,0.0005156214,138.03627813759624,0.000655874,0.00063620287,-0.001858202
7403.099,6.1313972,-0.0039651794,219308,890.9034252133969,138.03553213919392,6821.91,5.1702294,2958.3481,1.9996501,7403.099,6.1313972,0,,,,,890.9034252133969,0.0005151524,138.03553213919392,0.0006558692,0.00095062086,-0.0018838493
7411.221,6.134297,-0.0039651403,219309,890.904813169684,138.03516890020023,6827.2607,5.1726747,2957.5957,1.9999013,7411.221,6.134297,0,,,,,890.904813169684,0.0005149829,138.03516890020023,0.0006554856,0.0012978372,-0.0021732287
7406.262,6.1331105,-0.0039651007,219310,890.9039228542715,138.0357604202926,6824.2183,5.1716743,2962.0142,1.9993681,7406.262,6.1331105,0,,,,,890.9039228542715,0.00051510957,138.0357604202926,0.00065542996,0.00049036153,-0.0017770352
7409.621,6.1339016,-0.003965061,219311,890.9039479481182,138.0340508564797,6827.11,5.172342,2961.3567,1.9993944,7409.621,6.1339016,0,,,,,890.9039479481182,0.00051511737,138.0340508564797,0.00065513764,0.0009486139,-0.0025971087
7394.902,6.1327653,-0.0039650216,219312,890.9034602053734,138.0354452966392,6815.5293,5.1713834,2966.5417,2.0003552,7394.902,6.1327653,0,,,,,890.9034602053734,0.00051563815,138.0354452966392,0.00065619976,0.0008047864,-0.0023381535
7405.209,6.1365337,-0.003964982,219313,890.9040011258012,138.03520177062342,6824.109,5.174561,2972.053,2.001522,7405.209,6.1365337,0,,,,,890.9040011258012,0.0005155981,138.03520177062342,0.0006561548,-2.7083222e-05,-0.001897497
7404.551,6.1500006,-0.0039649424,219314,890.9041182885696,138.03524545398218,6824.1914,5.185917,3004.709,2.0114229,7404.551,6.1500006,0,,,,,890.9041182885696,0.0005164408,138.03524545398218,0.00065778685,0.0011153114,-0.0019319998
7412.7812,6.1406875,-0.003964903,219315,890.903692949289,138.03440822247674,6829.599,5.1780634,2978.7576,2.0036182,7412.7812,6.1406875,0,,,,,890.903692949289,0.0005153094,138.03440822247674,0.0006557179,0.0009613706,-0.0025141127
7397.886,6.143043,-0.0039648633,219316,890.9037288386033,138.0343129021488,6817.7495,5.18005,2989.8804,2.0073237,7397.886,6.143043,0,,,,,890.9037288386033,0.00051624904,138.0343129021488,0.00065759086,0.0006041622,-0.0023429843
7402.1807,6.146477,-0.0039648237,219317,890.9035362164742,138.0352245420077,6820.8438,5.1829457,2997.4197,2.0091872,7402.1807,6.146477,0,,,,,890.9035362164742,0.0005162309,138.0352245420077,0.0006574844,0.0012195348,-0.0023956327
7402.743,6.148601,-0.0039647836,219318,890.9036578935966,138.0360759491925,6821.6157,5.1847367,3000.494,2.0120285,7402.743,6.148601,0,,,,,890.9036578935966,0.0005165064,138.0360759491925,0.00065776025,-0.0005957766,-0.0015449602
7400.2676,6.1523566,-0.003964744,219319,890.9033818500042,138.0356014516311,6818.6953,5.1879034,3011.5205,2.0131812,7400.2676,6.1523566,0,,,,,890.9033818500042,0.0005172491,138.0356014516311,0.0006585547,0.0011849427,-0.002837413
7390.404,6.1536145,-0.003964704,219320,890.9029588044564,138.03561822943357,6811.9673,5.188964,3020.9517,2.0164375,7390.404,6.1536145,0,,,,,890.9029588044564,0.0005176668,138.03561822943357,0.00065923587,0.00046130596,-0.0016640244
7393.592,6.1572514,-0.003964664,219321,890.9028665631274,138.03599480023263,6814.9443,5.1920304,3030.562,2.0181344,7393.592,6.1572514,0,,,,,890.9028665631274,0.0005176617,138.03599480023263,0.0006595491,0.00089478027,-0.0021970833
7390.8716,6.161948,-0.0039646244,219322,890.9035159839434,138.03532704091873,6812.2217,5.195991,3042.3938,2.0225532,7390.8716,6.161948,0,,,,,890.9035159839434,0.0005181731,138.03532704091873,0.00066057,0.00032060995,-0.001790196
7405.3447,6.1691985,-0.0039645843,219323,890.9039079788553,138.03562930237317,6824.671,5.202105,3053.2578,2.0253367,7405.3447,6.1691985,0,,,,,890.9039079788553,0.00051794015,138.03562930237317,0.0006601985,0.00068973174,-0.0031089105
7398.508,6.172016,-0.0039645443,219324,890.903190484921,138.03563655387666,6819.525,5.204481,3065.8477,2.0281794,7398.508,6.172016,0,,,,,890.903190484921,0.00051872706,138.03563655387666,0.0006606467,0.001063795,-0.0015302937
7400.243,6.179234,-0.003964504,219325,890.9022553951005,138.0363504794215,6819.8496,5.2105675,3081.314,2.0339093,7400.243,6.179234,0,,,,,890.9022553951005,0.000519051,138.0363504794215,0.0006619469,0.00020723428,-0.0016257291
7397.617,6.18332,-0.003964464,219326,890.9035428973524,138.0353805140682,6818.547,5.214013,3092.4932,2.036178,7397.617,6.18332,0,,,,,890.9035428973524,0.0005194962,138.0353805140682,0.0006625468,0.0009193739,-0.0030443494
7413.947,6.192088,-0.003964424,219327,890.9042914882174,138.03633814009262,6831.433,5.2214065,3103.819,2.0391324,7413.947,6.192088,0,,,,,890.9042914882174,0.0005194249,138.03633814009262,0.00066235487,0.00015617185,-0.0015373437
7392.5195,6.195047,-0.0039643836,219328,890.9040050684708,138.0360504026809,6813.478,5.2239013,3122.7888,2.0462892,7392.5195,6.195047,0,,,,,890.9040050684708,0.0005210816,138.0360504026809,0.00066432694,0.00048617777,-0.0020791835
7399.872,6.198823,-0.0039643436,219329,890.9044447502336,138.03506742954485,6819.8057,5.2270856,3136.0825,2.0478115,7399.872,6.198823,0,,,,,890.9044447502336,0.0005206164,138.03506742954485,0.00066440547,0.0014688224,-0.0025346847
7402.0264,6.2097416,-0.0039643035,219330,890.9046409097234,138.03561354542094,6822.1284,5.2362924,3152.9312,2.0542104,7402.0264,6.2097416,0,,,,,890.9046409097234,0.00052154146,138.03561354542094,0.0006654558,0.00070290535,-0.0021241736
7409.932,6.212133,-0.003964263,219331,890.9040120439386,138.034903153259,6828.996,5.2383094,3163.6323,2.0555224,7409.932,6.212133,0,,,,,890.9040120439386,0.0005212433,138.034903153259,0.00066483975,0.00058353215,-0.0016444123
7402.9155,6.218753,-0.0039642225,219332,890.9031707768379,138.03555516734926,6823.805,5.2438912,3180.5764,2.0602098,7402.9155,6.218753,0,,,,,890.9031707768379,0.0005217736,138.03555516734926,0.0006659914,0.0002666,-0.0018483497
7405.5117,6.2236185,-0.0039641825,219333,890.9033807130251,138.03558037347543,6825.8047,5.2479944,3195.1177,2.06421,7405.5117,6.2236185,0,,,,,890.9033807130251,0.0005222425,138.03558037347543,0.0006668098,0.0013441397,-0.0024898637
7391.419,6.22767,-0.003964142,219334,890.9031974555784,138.034951373679,6814.041,5.251411,3209.0388,2.0680609,7391.419,6.22767,0,,,,,890.9031974555784,0.00052359496,138.034951373679,0.0006682957,0.0014162053,-0.0020103236
7403.2197,6.2333426,-0.0039641014,219335,890.9033042393391,138.03476256937668,6823.744,5.256194,3222.3438,2.072207,7403.2197,6.2333426,0,,,,,890.9033042393391,0.00052303344,138.03476256937668,0.00066794135,4.7462574e-05,-0.0021301787
7402.4214,6.2392683,-0.003964061,219336,890.9041788116643,138.03440859335058,6822.824,5.261191,3233.4485,2.0753193,7402.4214,6.2392683,0,,,,,890.9041788116643,0.0005240217,138.03440859335058,0.00066879095,0.0010157186,-0.0026486488
7409.09,6.2422156,-0.0039640204,219337,890.9032775253967,138.03701203017874,6828.1987,5.263676,3241.0354,2.0769944,7409.09,6.2422156,0,,,,,890.9032775253967,0.0005236579,138.03701203017874,0.0006687861,-0.000118747266,-0.001456672
7414.9053,6.24896,-0.00396398,219338,890.9037932330416,138.03405229306065,6833.7944,5.2693634,3252.3723,2.0813181,7414.9053,6.24896,0,,,,,890.9037932330416,0.0005236061,138.03405229306065,0.00066904945,0.0014908833,-0.0016003319
7398.2383,6.2474327,-0.0039639394,219339,890.9036069912788,138.03505596889346,6819.2656,5.2680755,3261.4119,2.0823889,7398.2383,6.2474327,0,,,,,890.9036069912788,0.00052466337,138.03505596889346,0.00067008776,0.0016483951,-0.002537231
7405.4985,6.253548,-0.0039638984,219340,890.9026694960315,138.0347691703031,6825.7524,5.273232,3271.9338,2.0856287,7405.4985,6.253548,0,,,,,890.9026694960315,0.0005245584,138.0347691703031,0.00067028956,0.0006702315,-0.0020136216
7403.022,6.2549753,-0.003963858,219341,890.9033437779883,138.0358630446615,6824.2686,5.274435,3277.0254,2.0871367,7403.022,6.2549753,0,,,,,890.9033437779883,0.00052485394,138.0358630446615,0.0006705293,0.0009334419,-0.0018278799
7404.7446,6.258845,-0.0039638174,219342,890.9029745963965,138.03511087644105,6825.6655,5.2776985,3286.4158,2.0896847,7404.7446,6.258845,0,,,,,890.9029745963965,0.0005250106,138.03511087644105,0.0006711707,0.00031403184,-0.002169736
7401.5776,6.263429,-0.0039637764,219343,890.9036250513836,138.03576841320324,6822.2783,5.281564,3292.0505,2.0924034,7401.5776,6.263429,0,,,,,890.9036250513836,0.0005258699,138.03576841320324,0.00067202083,0.0014532139,-0.0019745775
7404.8867,6.2656255,-0.0039637354,219344,890.9033504593154,138.03503302928203,6825.4097,5.2834163,3295.7295,2.0922117,7404.8867,6.2656255,0,,,,,890.9033504593154,0.0005255985,138.03503302928203,0.0006720006,0.0015632157,-0.0022313998
7401.8354,6.267072,-0.003963695,219345,890.9036220820383,138.03499297039605,6822.842,5.284636,3307.1597,2.0962925,7401.8354,6.267072,0,,,,,890.9036220820383,0.0005259607,138.03499297039605,0.00067251123,0.00094856747,-0.002492192
7403.257,6.2645187,-0.003963654,219346,890.9025275306321,138.03475157194615,6824.1616,5.2824826,3305.0579,2.0935664,7403.257,6.2645187,0,,,,,890.9025275306321,0.0005255995,138.03475157194615,0.000672188,0.0010096044,-0.0016476717
7405.282,6.269563,-0.003963613,219347,890.9031430204187,138.035204892354,6825.3467,5.2867365,3315.7197,2.0967157,7405.282,6.269563,0,,,,,890.9031430204187,0.0005257939,138.035204892354,0.0006726112,0.00039150787,-0.0015785595
7396.8667,6.270465,-0.003963572,219348,890.9034051902238,138.03584557321977,6818.7607,5.2874966,3322.115,2.099277,7396.8667,6.270465,0,,,,,890.9034051902238,0.0005262929,138.03584557321977,0.00067311566,0.0017494281,-0.0018525543
7414.052,6.277659,-0.003963531,219349,890.902336415888,138.0362608001464,6833.7183,5.2935634,3328.258,2.1010828,7414.052,6.277659,0,,,,,890.902336415888,0.00052603113,138.0362608001464,0.00067265227,0.00023030849,-0.0009094992
7389.208,6.2730737,-0.00396349,219350,890.9031115521003,138.03542371843636,6812.527,5.2896967,3332.2346,2.1024823,7389.208,6.2730737,0,,,,,890.9031115521003,0.0005271293,138.03542371843636,0.0006743107,0.0010697489,-0.0031541882
7372.458,6.2717905,-0.003963449,219351,890.9020169834578,138.03465905329546,6799.1934,5.2886147,3340.4949,2.1028843,7372.458,6.2717905,0,,,,,890.9020169834578,0.0005279417,138.03465905329546,0.00067540933,0.0005014244,-0.0026540281
7356.607,6.2693057,-0.0039634076,219352,890.9038329744449,138.03441107976533,6785.492,5.2865195,3344.0703,2.1037362,7356.607,6.2693057,0,,,,,890.9038329744449,0.00052901113,138.03441107976533,0.000676461,0.0014170461,-0.0015582885
7347.9614,6.2701325,-0.0039633666,219353,890.9027710236126,138.03534151271782,6778.1567,5.2872167,3349.5308,2.1061072,7347.9614,6.2701325,0,,,,,890.9027710236126,0.00052951137,138.03534151271782,0.0006775171,0.00031288835,-0.0017463625
7354.0474,6.2737145,-0.003963325,219354,890.9034170039852,138.0350808168568,6783.309,5.290237,3352.298,2.107625,7354.0474,6.2737145,0,,,,,890.9034170039852,0.0005295801,138.0350808168568,0.000677358,0.0007785309,-0.0014322188
7352.999,6.2767286,-0.003963284,219355,890.9029080864656,138.03461144503632,6782.2817,5.2927785,3359.5764,2.1090431,7352.999,6.2767286,0,,,,,890.9029080864656,0.00052984135,138.03461144503632,0.00067802565,0.0009690736,-0.0019196587
7353.085,6.2780232,-0.0039632428,219356,890.9034418280937,138.03452762413696,6781.7964,5.2938704,3365.7112,2.1104867,7353.085,6.2780232,0,,,,,890.9034418280937,0.00053004123,138.03452762413696,0.00067788403,0.00010901207,-0.0031857272
7336.666,6.2772784,-0.0039632013,219357,890.9032857653469,138.03388786132973,6768.3584,5.293242,3374.354,2.1120534,7336.666,6.2772784,0,,,,,890.9032857653469,0.0005309651,138.03388786132973,0.0006791197,0.00083085784,-0.0015871858
7346.579,6.2791967,-0.0039631603,219358,890.9034820116303,138.03515585478797,6777.4844,5.29486,3375.0042,2.1130998,7346.579,6.2791967,0,,,,,890.9034820116303,0.0005302258,138.03515585478797,0.00067891844,0.0011568568,-0.0017420223
7339.742,6.2816873,-0.003963119,219359,890.9028602883578,138.0354995879345,6771.4536,5.2969604,3382.3235,2.1145396,7339.742,6.2816873,0,,,,,890.9028602883578,0.0005309913,138.0354995879345,0.0006796951,0.0008189488,-0.0015017261
7340.701,6.2858067,-0.0039630774,219360,890.9038805210658,138.03527226156874,6771.8125,5.3004336,3385.8533,2.1181264,7340.701,6.2858067,0,,,,,890.9038805210658,0.0005309136,138.03527226156874,0.0006802405,0.0012756198,-0.0019662257
7349.0234,6.28694,-0.003963036,219361,890.9023816956308,138.0356815362759,6778.8574,5.301389,3391.2432,2.1175702,7349.0234,6.28694,0,,,,,890.9023816956308,0.00053055753,138.0356815362759,0.0006796004,0.00088328787,-0.0024535458
7346.371,6.289071,-0.003962994,219362,890.9022404720542,138.03470273091952,6777.0684,5.3031864,3398.332,2.1187437,7346.371,6.289071,0,,,,,890.9022404720542,0.00053104473,138.03470273091952,0.0006801417,7.2120456e-05,-0.0020838084
7349.01,6.2910986,-0.0039629526,219363,890.9013082658696,138.03633363564464,6779.758,5.304896,3402.2659,2.1203327,7349.01,6.2910986,0,,,,,890.9013082658696,0.00053108035,138.03633363564464,0.000679957,0.0009162291,-0.0012723786
7341.3306,6.2919908,-0.003962911,219364,890.903851791665,138.03398522794407,6772.6177,5.3056483,3410.7373,2.1223743,7341.3306,6.2919908,0,,,,,890.903851791665,0.0005318596,138.03398522794407,0.0006809118,0.0011327971,-0.0023924264
7350.1157,6.295471,-0.0039628693,219365,890.9031855991042,138.03571003720532,6779.334,5.3085833,3414.4443,2.1231267,7350.1157,6.295471,0,,,,,890.9031855991042,0.0005317894,138.03571003720532,0.0006809915,0.0010473814,-0.0019032528
7353.3027,6.298124,-0.003962828,219366,890.902940579803,138.034596839162,6783.1797,5.31082,3417.4434,2.1254272,7353.3027,6.298124,0,,,,,890.902940579803,0.0005314176,138.034596839162,0.0006807661,0.0004955811,-0.0021427178
7350.724,6.2989883,-0.003962786,219367,890.9028333682297,138.03437006194258,6780.5557,5.311549,3422.0498,2.1250818,7350.724,6.2989883,0,,,,,890.9028333682297,0.0005318655,138.03437006194258,0.00068100897,0.0013907405,-0.0027320932
7350.2627,6.300625,-0.0039627445,219368,890.9030291836715,138.03576982912298,6780.94,5.312929,3427.9136,2.1264586,7350.2627,6.300625,0,,,,,890.9030291836715,0.00053153676,138.03576982912298,0.00068115117,0.0011029978,-0.0013084764
7371.03,6.3072176,-0.0039627026,219369,890.9030068921362,138.03555188832715,6798.3213,5.318488,3433.1667,2.128423,7371.03,6.3072176,0,,,,,890.9030068921362,0.0005308886,138.03555188832715,0.0006799186,0.0011070925,-0.0020466067
7390.8,6.3143816,-0.0039626607,219370,890.9032333047899,138.03527988627482,6815.048,5.324529,3434.1511,2.130273,7390.8,6.3143816,0,,,,,890.9032333047899,0.00052985776,138.03527988627482,0.00067930704,0.0012688655,-0.0021856877
7403.9937,6.31529,-0.0039626188,219371,890.9033374852552,138.03585617676384,6825.9004,5.3252954,3437.0696,2.1296425,7403.9937,6.31529,0,,,,,890.9033374852552,0.00052961207,138.03585617676384,0.000677668,0.0012731387,-0.0018299317
7405.3574,6.3146505,-0.003962577,219372,890.9029280525368,138.03570157660792,6826.8677,5.3247557,3433.4512,2.128756,7405.3574,6.3146505,0,,,,,890.9029280525368,0.0005293261,138.03570157660792,0.00067793694,0.0009742379,-0.0022805375
7410.7285,6.3172584,-0.003962535,219373,890.9023841190566,138.0364053960682,6831.652,5.326955,3435.9336,2.1303945,7410.7285,6.3172584,0,,,,,890.9023841190566,0.00052921986,138.0364053960682,0.00067763356,0.0010285971,-0.0014811812
7396.643,6.313445,-0.003962493,219374,890.9029185243195,138.03556015266614,6820.451,5.3237395,3434.3784,2.1286461,7396.643,6.313445,0,,,,,890.9029185243195,0.0005299101,138.03556015266614,0.00067854713,0.00081967504,-0.0010141172
7389.7734,6.3121567,-0.0039624507,219375,890.9032488545137,138.03354493297104,6814.191,5.322653,3432.2842,2.1285963,7389.7734,6.3121567,0,,,,,890.9032488545137,0.00053034705,138.03354493297104,0.000678896,0.0017662252,-0.0031029475
7405.7227,6.3103585,-0.0039624088,219376,890.9028001436438,138.035557671092,6827.795,5.321137,3422.54,2.126038,7405.7227,6.3103585,0,,,,,890.9028001436438,0.0005289133,138.035557671092,0.0006772068,0.00068576867,-0.0020284948
7413.3735,6.313219,-0.003962367,219377,890.9033758199681,138.0352387131517,6834.7866,5.323549,3418.8835,2.1263645,7413.3735,6.313219,0,,,,,890.9033758199681,0.0005283928,138.0352387131517,0.0006771061,0.0014779788,-0.0014002614
7395.593,6.3043895,-0.0039623245,219378,890.902518545194,138.03674293329647,6818.6553,5.3161035,3410.3374,2.122729,7395.593,6.3043895,0,,,,,890.902518545194,0.0005292507,138.03674293329647,0.00067766494,0.0006114728,-0.0017022708
7396.968,6.3021193,-0.0039622826,219379,890.9039122160032,138.0356739892823,6819.25,5.3141894,3407.0107,2.120705,7396.968,6.3021193,0,,,,,890.9039122160032,0.000529066,138.0356739892823,0.00067695713,0.000800967,-0.0015908865
7404.6646,6.301483,-0.00396224,219380,890.9037472382661,138.03593271291874,6827.186,5.313653,3400.5715,2.1192186,7404.6646,6.301483,0,,,,,890.9037472382661,0.0005284209,138.03593271291874,0.0006763011,0.0015499635,-0.0018303954
7404.373,6.29831,-0.003962198,219381,890.9025114725941,138.0345644101195,6826.3765,5.3109765,3392.5835,2.1173866,7404.373,6.29831,0,,,,,890.9025114725941,0.0005279794,138.0345644101195,0.0006758695,0.0012096849,-0.0014347013
7402.8213,6.2950463,-0.0039621554,219382,890.9023802729525,138.03608121502177,6825.119,5.308225,3383.4746,2.114975,7402.8213,6.2950463,0,,,,,890.9023802729525,0.0005280335,138.03608121502177,0.0006755532,0.0007017025,-0.0013582754
7395.7744,6.2901645,-0.003962113,219383,890.901671835189,138.03526190092126,6818.962,5.304108,3373.8352,2.1129513,7395.7744,6.2901645,0,,,,,890.901671835189,0.0005278532,138.03526190092126,0.000675796,0.0006039628,-0.0009676167
7391.229,6.286102,-0.0039620707,219384,890.9037673848305,138.03547990368864,6815.2104,5.3006825,3366.403,2.1102898,7391.229,6.286102,0,,,,,890.9037673848305,0.00052786316,138.03547990368864,0.00067559024,0.0012070469,-0.0019647572
7394.296,6.286535,-0.0039620283,219385,890.9042345432325,138.03520383266053,6817.8423,5.301048,3363.828,2.1102247,7394.296,6.286535,0,,,,,890.9042345432325,0.00052766065,138.03520383266053,0.00067536585,0.0014063431,-0.0018993199
7405.8213,6.283048,-0.003961986,219386,890.9025716174218,138.0357616907577,6828.211,5.298108,3350.877,2.105776,7405.8213,6.283048,0,,,,,890.9025716174218,0.00052671996,138.0357616907577,0.0006741957,0.0010192862,-0.0014829293
7395.5186,6.279228,-0.0039619436,219387,890.9031065849856,138.0357976218516,6820.115,5.294886,3342.564,2.1053295,7395.5186,6.279228,0,,,,,890.9031065849856,0.00052692665,138.0357976218516,0.0006740716,0.0012141775,-0.0012366073
7407.4785,6.2760863,-0.0039619007,219388,890.9021937049206,138.03508897220712,6829.7925,5.2922373,3331.76,2.100886,7407.4785,6.2760863,0,,,,,890.9021937049206,0.00052582246,138.03508897220712,0.00067282515,0.00023928251,-0.001607312
7403.8965,6.271013,-0.0039618583,219389,890.9040127399913,138.03606738306505,6826.8013,5.287959,3320.4832,2.0976846,7403.8965,6.271013,0,,,,,890.9040127399913,0.00052586006,138.03606738306505,0.0006724941,0.0017844972,-0.0018410742
7412.4497,6.2683144,-0.0039618155,219390,890.9030760957802,138.03613218213894,6833.178,5.285683,3307.7773,2.0954525,7412.4497,6.2683144,0,,,,,890.9030760957802,0.00052508974,138.03613218213894,0.00067148777,0.0009561052,-0.002021793
7397.8623,6.2631874,-0.003961773,219391,890.9034497654541,138.03600249558198,6821.573,5.28136,3303.8904,2.0934272,7397.8623,6.2631874,0,,,,,890.9034497654541,0.0005255381,138.03600249558198,0.0006720264,0.00091981457,-0.001656835
7405.292,6.26303,-0.0039617303,219392,890.9037696477059,138.03617507983287,6827.7456,5.2812276,3296.2693,2.0922651,7405.292,6.26303,0,,,,,890.9037696477059,0.0005252878,138.03617507983287,0.00067137054,0.0020357848,-0.0012911155
7401.629,6.2608,-0.0039616874,219393,890.9040301418269,138.03502365431797,6823.9985,5.279347,3293.3457,2.0906863,7401.629,6.2608,0,,,,,890.9040301418269,0.00052542373,138.03502365431797,0.00067151943,0.001194241,-0.0019669987
7398.3486,6.259162,-0.003961645,219394,890.9029251528875,138.03707908600515,6822.1274,5.277966,3287.8271,2.0895112,7398.3486,6.259162,0,,,,,890.9029251528875,0.000525471,138.03707908600515,0.0006711801,0.0009857444,-0.00014956253
7399.318,6.2558823,-0.003961602,219395,890.9031410970509,138.0347747668802,6821.988,5.2752004,3283.695,2.0876822,7399.318,6.2558823,0,,,,,890.9031410970509,0.0005251065,138.0347747668802,0.0006711641,0.0010791979,-0.0019387106
7392.321,6.254424,-0.0039615594,219396,890.9034075882748,138.03501120915146,6817.2275,5.2739706,3278.4783,2.0872505,7392.321,6.254424,0,,,,,890.9034075882748,0.0005251917,138.03501120915146,0.0006714157,0.0017992267,-0.0019218866
7402.358,6.2554708,-0.0039615165,219397,890.9029428896273,138.0356851545791,6825.943,5.2748528,3275.0293,2.0863917,7402.358,6.2554708,0,,,,,890.9029428896273,0.0005248122,138.0356851545791,0.0006704218,0.00075318315,-0.0011490247
7395.2314,6.2541385,-0.0039614732,219398,890.903732341901,138.03563410353487,6819.5825,5.27373,3273.6045,2.0865667,7395.2314,6.2541385,0,,,,,890.903732341901,0.0005248423,138.03563410353487,0.0006711438,0.0024102193,-0.0015069944
7404.5024,6.251218,-0.0039614304,219399,890.9033776024761,138.03629821860906,6827.006,5.271267,3267.4019,2.0834024,7404.5024,6.251218,0,,,,,890.9033776024761,0.00052447454,138.03629821860906,0.0006701422,0.001348818,-0.0011966929
7398.811,6.2508764,-0.0039613876,219400,890.9036748975893,138.03587374366452,6821.9155,5.270979,3264.1707,2.082631,7398.811,6.2508764,0,,,,,890.9036748975893,0.00052493677,138.03587374366452,0.00067027827,0.00039267715,-0.0010898683
7398.2905,6.2477303,-0.0039613442,219401,890.9030015428552,138.03545872099636,6821.9087,5.2683263,3260.7146,2.0822885,7398.2905,6.2477303,0,,,,,890.9030015428552,0.0005244384,138.03545872099636,0.00067012204,0.001072246,-0.0014814582
7397.4062,6.246881,-0.0039613014,219402,890.90304443845,138.03562242887517,6821.503,5.26761,3260.6672,2.0814977,7397.4062,6.246881,0,,,,,890.90304443845,0.00052416074,138.03562242887517,0.0006698604,0.00035935434,-0.0008003242
7392.6577,6.2493896,-0.003961258,219403,890.9040093835762,138.03487406868274,6817.3823,5.2697253,3260.5999,2.084464,7392.6577,6.2493896,0,,,,,890.9040093835762,0.00052474806,138.03487406868274,0.00067078456,0.0009820624,-0.0015078877
7404.1113,6.247888,-0.0039612153,219404,890.9033989798211,138.03540144594214,6827.8765,5.2684593,3258.5364,2.081091,7404.1113,6.247888,0,,,,,890.9033989798211,0.00052401476,138.03540144594214,0.0006690846,0.0011870824,-0.0015904513
7392.546,6.2462063,-0.003961172,219405,890.9036275524572,138.03476227318697,6817.155,5.267041,3261.1814,2.0811863,7392.546,6.2462063,0,,,,,890.9036275524572,0.00052473927,138.03476227318697,0.0006700092,0.0015696657,-0.0021739525
7400.8193,6.248243,-0.0039611286,219406,890.9025315365953,138.03619902153125,6825.0996,5.268759,3261.9758,2.0822167,7400.8193,6.248243,0,,,,,890.9025315365953,0.00052402273,138.03619902153125,0.0006697053,0.00058976025,-0.0004387335
7405.9385,6.2495947,-0.0039610853,219407,890.903594459092,138.03574445115817,6827.7363,5.2698984,3264.2854,2.0822978,7405.9385,6.2495947,0,,,,,890.903594459092,0.0005241923,138.03574445115817,0.00066949317,0.0008810666,-0.0015034557
7390.8174,6.2487564,-0.003961042,219408,890.9047483496629,138.03408622217984,6815.132,5.2691913,3269.8428,2.0836232,7390.8174,6.2487564,0,,,,,890.9047483496629,0.000525098,138.03408622217984,0.00067061797,0.0019289125,-0.0018991351
7390.4727,6.250303,-0.0039609987,219409,890.9036716437582,138.03595836519736,6815.598,5.270495,3270.4148,2.084112,7390.4727,6.250303,0,,,,,890.9036716437582,0.0005253865,138.03595836519736,0.00067061314,0.000586689,-0.0006243713
7403.821,6.252194,-0.0039609554,219410,890.903655900256,138.03484003784928,6826.409,5.27209,3272.346,2.0846715,7403.821,6.252194,0,,,,,890.903655900256,0.00052462006,138.03484003784928,0.0006701345,0.0016953667,-0.002076547
7394.3286,6.2511325,-0.003960912,219411,890.9047375902437,138.03556594046648,6818.6978,5.271195,3272.8972,2.0846887,7394.3286,6.2511325,0,,,,,890.9047375902437,0.0005251252,138.03556594046648,0.0006710681,0.0020493902,-0.0012744296
7408.247,6.2559066,-0.0039608683,219412,890.9033874940432,138.03728403209448,6830.4014,5.275221,3278.6223,2.0862656,7408.247,6.2559066,0,,,,,890.9033874940432,0.0005247188,138.03728403209448,0.0006703087,0.0011452684,-0.00077963807
7402.437,6.257356,-0.003960825,219413,890.9023983943711,138.03607329857226,6825.9785,5.276443,3283.8894,2.0885441,7402.437,6.257356,0,,,,,890.9023983943711,0.0005245429,138.03607329857226,0.00067096937,0.0009330213,-0.0013428462
7399.83,6.257336,-0.0039607813,219414,890.9049369425069,138.03481294134573,6823.1167,5.276426,3285.602,2.08916,7399.83,6.257336,0,,,,,890.9049369425069,0.00052502396,138.03481294134573,0.00067088584,0.002455235,-0.0015761614
7392.6294,6.2588706,-0.003960738,219415,890.9039050305162,138.03490847641186,6816.802,5.2777205,3295.394,2.0906427,7392.6294,6.2588706,0,,,,,890.9039050305162,0.0005258614,138.03490847641186,0.00067184836,0.0006250966,-0.0004013948
7401.9385,6.2597857,-0.003960694,219416,890.9037389599663,138.03526412554416,6825.8164,5.278492,3291.7502,2.0896695,7401.9385,6.2597857,0,,,,,890.9037389599663,0.000525077,138.03526412554416,0.000671334,0.0009721664,-0.0017455135
7399.4136,6.2607656,-0.0039606504,219417,890.9038653467924,138.036585848196,6823.268,5.279318,3293.9153,2.0905533,7399.4136,6.2607656,0,,,,,890.9038653467924,0.0005253431,138.036585848196,0.00067158527,0.0016743022,-0.0010478277
7387.3286,6.2573323,-0.0039606066,219418,890.9035174250533,138.03721922363428,6813.8247,5.276423,3294.5696,2.09006,7387.3286,6.2573323,0,,,,,890.9035174250533,0.00052588404,138.03721922363428,0.0006719709,0.0015168423,-0.0009744895
7405.6973,6.262512,-0.0039605633,219419,890.9037836047982,138.03478319235026,6828.929,5.280791,3298.2415,2.0913253,7405.6973,6.262512,0,,,,,890.9037836047982,0.00052524096,138.03478319235026,0.00067099347,0.0010075128,-0.0024712456
7407.908,6.2649736,-0.0039605196,219420,890.9030312747669,138.03683600125504,6830.919,5.2828665,3300.4722,2.092659,7407.908,6.2649736,0,,,,,890.9030312747669,0.00052522944,138.03683600125504,0.00067110936,0.00029459767,0.00016751175
7401.731,6.2634416,-0.0039604753,219421,890.9039847210285,138.0352662958046,6824.962,5.2815747,3299.3916,2.0919735,7401.731,6.2634416,0,,,,,890.9039847210285,0.0005255857,138.0352662958046,0.00067138806,0.0019166748,-0.0021606856
7399.3896,6.265517,-0.0039604316,219422,890.9049683081481,138.03699612046796,6823.7354,5.2833247,3302.7952,2.0939367,7399.3896,6.265517,0,,,,,890.9049683081481,0.000525765,138.03699612046796,0.0006720618,0.001354805,-0.0016165063
7392.841,6.263488,-0.003960388,219423,890.9032568896796,138.03651665175943,6817.932,5.2816133,3307.8135,2.0938096,7392.841,6.263488,0,,,,,890.9032568896796,0.00052587123,138.03651665175943,0.0006727179,0.0013818273,-0.0012379754
7396.099,6.2693405,-0.003960344,219424,890.9029410796585,138.03659049879153,6820.9575,5.2865486,3306.1265,2.0947015,7396.099,6.2693405,0,,,,,890.9029410796585,0.000526157,138.03659049879153,0.00067308266,0.0012239005,1.9086543e-05
7393.4863,6.262282,-0.0039603,219425,890.9033662640954,138.03440794401862,6818.8535,5.2805967,3303.8335,2.0929904,7393.4863,6.262282,0,,,,,890.9033662640954,0.0005260505,138.03440794401862,0.0006720143,0.0011318156,-0.0024083278
7409.799,6.2646027,-0.003960256,219426,890.9038424564626,138.03652587616116,6832.013,5.2825537,3302.2058,2.0925357,7409.799,6.2646027,0,,,,,890.9038424564626,0.00052499695,138.03652587616116,0.00067093706,0.001120928,-0.0006205685
7400.93,6.26188,-0.0039602118,219427,890.9037201115606,138.03610873887501,6824.7354,5.2802577,3295.7998,2.090918,7400.93,6.26188,0,,,,,890.9037201115606,0.0005253757,138.03610873887501,0.0006715815,0.0013470936,-0.0010711809
7400.6953,6.2617645,-0.003960168,219428,890.9037385352782,138.03658852865638,6824.831,5.2801604,3299.1685,2.091617,7400.6953,6.2617645,0,,,,,890.9037385352782,0.0005255461,138.03658852865638,0.0006715221,0.0014274083,-0.0009983849
7394.8975,6.260895,-0.0039601238,219429,890.9041275619688,138.0347242835009,6819.889,5.279427,3293.407,2.0927162,7394.8975,6.260895,0,,,,,890.9041275619688,0.00052542327,138.0347242835009,0.0006716445,0.0012960017,-0.0016384
7393.7236,6.2586174,-0.0039600795,219430,890.9043043976496,138.03486556152913,6818.777,5.2775064,3292.1663,2.0914283,7393.7236,6.2586174,0,,,,,890.9043043976496,0.00052559294,138.03486556152913,0.0006716752,0.0012928683,-0.0012568489
7397.7974,6.258687,-0.0039600353,219431,890.9038991177496,138.0350650341794,6822.779,5.2775655,3289.0708,2.0901449,7397.7974,6.258687,0,,,,,890.9038991177496,0.0005252632,138.0350650341794,0.00067128404,0.0019920035,-0.0026217198
7399.8096,6.257244,-0.003959991,219432,890.9022880840571,138.03712620020687,6824.3525,5.2763486,3285.8462,2.0889568,7399.8096,6.257244,0,,,,,890.9022880840571,0.0005248591,138.03712620020687,0.0006709266,0.00061541994,0.00039072646
7400.2476,6.2548237,-0.003959947,219433,890.9043878864466,138.03625714946068,6825.414,5.2743077,3280.5337,2.086534,7400.2476,6.2548237,0,,,,,890.9043878864466,0.0005248634,138.03625714946068,0.00067065726,0.0020067992,-0.0016812873
7398.798,6.251533,-0.0039599026,219434,890.9031384901066,138.03569283597525,6823.6294,5.271533,3272.0986,2.0847156,7398.798,6.251533,0,,,,,890.9031384901066,0.0005245227,138.03569283597525,0.0006703993,0.0011815428,-0.00067218713
7401.388,6.24898,-0.0039598583,219435,890.9039983798154,138.03581089741027,6825.627,5.26938,3262.2375,2.081827,7401.388,6.24898,0,,,,,890.9039983798154,0.00052421406,138.03581089741027,0.0006697344,0.001768871,-0.0017411981
7393.5205,6.246894,-0.003959814,219436,890.9033640070476,138.03531783002,6819.0986,5.2676206,3257.8406,2.0807738,7393.5205,6.246894,0,,,,,890.9033640070476,0.0005247083,138.03531783002,0.00067039795,0.0008658008,-0.0014015409
7390.5234,6.2416925,-0.0039597694,219437,890.9039605384565,138.03538794615739,6816.2173,5.2632346,3249.7385,2.0788336,7390.5234,6.2416925,0,,,,,890.9039605384565,0.0005243624,138.03538794615739,0.0006698531,0.0016991592,-0.001693852
7398.6226,6.2392173,-0.003959725,219438,890.9046943325153,138.0349495751244,6823.066,5.261148,3237.006,2.075029,7398.6226,6.2392173,0,,,,,890.9046943325153,0.00052359316,138.0349495751244,0.00066852255,0.0015644662,-0.0022022978
7412.6094,6.2416697,-0.0039596804,219439,890.9031791448848,138.0372479350528,6835.135,5.2632155,3229.1987,2.0743344,7412.6094,6.2416697,0,,,,,890.9031791448848,0.00052282645,138.0372479350528,0.0006678122,0.00087242137,0.00086866727
7398.851,6.2317405,-0.003959636,219440,890.9040661558834,138.0360999769919,6824.2393,5.2548428,3219.6724,2.070329,7398.851,6.2317405,0,,,,,890.9040661558834,0.0005230106,138.0360999769919,0.00066804525,0.0017257083,-0.0017714322
7414.8716,6.2313514,-0.0039595915,219441,890.903565820189,138.03545134514076,6836.332,5.254515,3210.434,2.0675402,7414.8716,6.2313514,0,,,,,890.903565820189,0.0005220144,138.03545134514076,0.0006663931,0.0012209438,-0.0009911186
7400.484,6.226532,-0.003959547,219442,890.903588460808,138.03598484850312,6824.432,5.2504506,3206.713,2.0663455,7400.484,6.226532,0,,,,,890.903588460808,0.00052262924,138.03598484850312,0.00066700764,0.0014429104,-0.00012862665
7392.645,6.2217765,-0.003959502,219443,890.9041382805096,138.03560872499247,6818.3965,5.246441,3197.4778,2.0646229,7392.645,6.2217765,0,,,,,890.9041382805096,0.0005226347,138.03560872499247,0.00066737086,0.0024072966,-0.001421619
7404.11,6.219146,-0.0039594574,219444,890.9030745813427,138.0369543327278,6828.482,5.2442226,3184.2024,2.061292,7404.11,6.219146,0,,,,,890.9030745813427,0.0005216531,138.0369543327278,0.0006660168,0.0012855297,8.148691e-05
7396.522,6.2161603,-0.0039594127,219445,890.9040116459482,138.03549175391677,6821.4326,5.2417054,3175.8738,2.0588655,7396.522,6.2161603,0,,,,,890.9040116459482,0.00052221655,138.03549175391677,0.00066584506,0.0017571595,-0.0021083092
7390.4805,6.2109866,-0.003959368,219446,890.9033158149892,138.03548473925582,6816.3003,5.2373424,3171.6533,2.0570538,7390.4805,6.2109866,0,,,,,890.9033158149892,0.0005219028,138.03548473925582,0.0006660095,0.0013972211,5.345242e-05
7399.7646,6.209458,-0.0039593233,219447,890.9041690724569,138.0366032292471,6823.7515,5.2360535,3161.419,2.0542638,7399.7646,6.209458,0,,,,,890.9041690724569,0.000521327,138.0366032292471,0.00066472654,0.00087768416,-0.00010960915
7392.06,6.204713,-0.0039592786,219448,890.9035102913443,138.03665380845635,6817.62,5.2320523,3153.5789,2.051988,7392.06,6.204713,0,,,,,890.9035102913443,0.0005212364,138.03665380845635,0.00066489243,0.0011115819,-0.000113235445
7379.0405,6.201264,-0.003959234,219449,890.9035265231532,138.0358111711575,6806.643,5.2291436,3149.3967,2.051343,7379.0405,6.201264,0,,,,,890.9035265231532,0.00052184757,138.0358111711575,0.00066567963,0.0012167405,-0.00052381936
7405.306,6.2026134,-0.0039591887,219450,890.9053713219021,138.03563429881163,6828.856,5.230282,3141.8894,2.04867,7405.306,6.2026134,0,,,,,890.9053713219021,0.00052032125,138.03563429881163,0.00066374254,0.0020137508,-0.0010720129
7397.0205,6.2005167,-0.003959144,219451,890.9041693824671,138.0357047325264,6821.9663,5.228514,3137.9802,2.0480886,7397.0205,6.2005167,0,,,,,890.9041693824671,0.00052077544,138.0357047325264,0.0006642886,0.001337084,-0.0007750296
7395.428,6.199446,-0.003959099,219452,890.9037198746,138.03611381979908,6821.556,5.227611,3135.5981,2.0473769,7395.428,6.199446,0,,,,,890.9037198746,0.00052051095,138.03611381979908,0.00066389295,0.00078453013,5.272729e-05
7401.54,6.198397,-0.0039590537,219453,890.9044561319861,138.0348047501906,6825.8306,5.2267265,3131.7979,2.0476406,7401.54,6.198397,0,,,,,890.9044561319861,0.0005202594,138.0348047501906,0.0006635696,0.0021281529,-0.0011761207
7388.9126,6.1949425,-0.003959009,219454,890.9038179049294,138.0357929512705,6815.2734,5.2238135,3128.5913,2.0454617,7388.9126,6.1949425,0,,,,,890.9038179049294,0.00052079046,138.0357929512705,0.00066397013,0.001699067,-0.0007713693
7401.1885,6.1994553,-0.003958964,219455,890.9035620015101,138.03683554926815,6826.3193,5.227619,3127.4324,2.0456192,7401.1885,6.1994553,0,,,,,890.9035620015101,0.00051999587,138.03683554926815,0.0006638105,0.0015375783,1.6215641e-06
7387.924,6.19582,-0.0039589186,219456,890.9038363020757,138.03555217661258,6814.723,5.2245536,3130.8064,2.0456517,7387.924,6.19582,0,,,,,890.9038363020757,0.0005208865,138.03555217661258,0.00066424196,0.0010983455,-0.0020580878
7391.3384,6.1935897,-0.0039588735,219457,890.9037842943587,138.03613812183417,6817.0576,5.222673,3123.3088,2.0455189,7391.3384,6.1935897,0,,,,,890.9037842943587,0.00052047375,138.03613812183417,0.00066353666,0.0016203144,0.0011249781
7400.398,6.1961575,-0.0039588283,219458,890.9047044185205,138.03535994625682,6824.263,5.224838,3126.784,2.0445619,7400.398,6.1961575,0,,,,,890.9047044185205,0.0005201174,138.03535994625682,0.00066358224,0.0020794915,-0.0020426912
7392.8115,6.1965413,-0.003958783,219459,890.9028241770268,138.03611283913565,6819.1514,5.2251616,3131.1272,2.0461266,7392.8115,6.1965413,0,,,,,890.9028241770268,0.0005204565,138.03611283913565,0.0006637789,0.0010887024,0.000361533
7391.6216,6.1973777,-0.003958738,219460,890.9042133790307,138.03452942153444,6817.211,5.2258673,3134.2898,2.048204,7391.6216,6.1973777,0,,,,,890.9042133790307,0.00052067515,138.03452942153444,0.000664326,0.0019277233,-0.0031695138
7395.3145,6.1992636,-0.0039586923,219461,890.9025210342651,138.03699525573126,6820.9917,5.227457,3137.2869,2.0470576,7395.3145,6.1992636,0,,,,,890.9025210342651,0.00052051386,138.03699525573126,0.00066452095,0.0010978875,-0.00060201227
7400.509,6.2022257,-0.003958647,219462,890.9043266149928,138.03731703881022,6824.828,5.229955,3142.5413,2.0489445,7400.509,6.2022257,0,,,,,890.9043266149928,0.00052062597,138.03731703881022,0.0006640228,0.0020622278,0.00077039114
7409.731,6.2071533,-0.003958602,219463,890.9036053342206,138.03467685801067,6833.0527,5.23411,3150.391,2.051425,7409.731,6.2071533,0,,,,,890.9036053342206,0.0005205774,138.03467685801067,0.00066393276,0.001625667,-0.0015126717
7396.973,6.2104983,-0.0039585563,219464,890.9032823280203,138.03604664882712,6822.094,5.2369304,3159.3782,2.0545418,7396.973,6.2104983,0,,,,,890.9032823280203,0.0005214931,138.03604664882712,0.0006656838,0.0017016507,0.00013718898
7401.861,6.2107644,-0.0039585107,219465,890.9046908898985,138.03577156027515,6826.3433,5.237155,3162.9023,2.054797,7401.861,6.2107644,0,,,,,890.9046908898985,0.00052127737,138.03577156027515,0.00066507235,0.0014191112,-0.0017023355
7387.2393,6.2137747,-0.0039584655,219466,890.9036075658429,138.03666660813548,6815.083,5.2396936,3178.2756,2.059148,7387.2393,6.2137747,0,,,,,890.9036075658429,0.00052211405,138.03666660813548,0.0006661917,0.0005818439,0.0013852194
7393.1367,6.2194633,-0.00395842,219467,890.903737120519,138.0356946822918,6819.647,5.2444906,3187.1646,2.062204,7393.1367,6.2194633,0,,,,,890.903737120519,0.00052243634,138.0356946822918,0.0006670388,0.0014599486,-0.0020282085
7394.0273,6.2248306,-0.0039583743,219468,890.903881321693,138.03558943861987,6820.149,5.2490163,3203.53,2.0659366,7394.0273,6.2248306,0,,,,,890.903881321693,0.00052271585,138.03558943861987,0.00066752866,0.001443184,-0.0006768978
7397.292,6.22854,-0.0039583286,219469,890.9041474317169,138.0353021687904,6823.3228,5.252144,3210.9443,2.0678768,7397.292,6.22854,0,,,,,890.9041474317169,0.0005226614,138.0353021687904,0.00066756434,0.0015862256,-0.0013001806
7392.4346,6.234336,-0.003958283,219470,890.9037151907785,138.03544457940413,6817.0186,5.2570314,3225.3591,2.071785,7392.4346,6.234336,0,,,,,890.9037151907785,0.00052415195,138.03544457940413,0.0006686198,0.00097266934,-0.00092464586
7399.807,6.240615,-0.0039582374,219471,890.904552118259,138.03585034622586,6824.635,5.2623262,3239.9375,2.0767899,7399.807,6.240615,0,,,,,890.904552118259,0.000523715,138.03585034622586,0.00066863507,0.0018850808,-0.00088497216
7388.2295,6.2447486,-0.0039581917,219472,890.9052665009493,138.03538172653333,6815.1646,5.2658124,3252.1624,2.0814998,7388.2295,6.2447486,0,,,,,890.9052665009493,0.00052491575,138.03538172653333,0.0006702583,0.0014851297,-0.002102191
7385.8413,6.248914,-0.003958146,219473,890.9041018509589,138.03514870274086,6813.077,5.2693243,3272.301,2.084411,7385.8413,6.248914,0,,,,,890.9041018509589,0.00052519894,138.03514870274086,0.0006711794,0.0019948967,-0.0010284937
7393.1987,6.2576075,-0.0039581,219474,890.903056356551,138.03745027852875,6819.3135,5.2766547,3286.0454,2.0884032,7393.1987,6.2576075,0,,,,,890.903056356551,0.00052565616,138.03745027852875,0.0006713276,0.00031138802,0.0016562415
7388.592,6.2614026,-0.0039580544,219475,890.9039046617863,138.0346856139027,6815.186,5.279855,3300.1697,2.0924852,7388.592,6.2614026,0,,,,,890.9039046617863,0.0005260466,138.0346856139027,0.0006723582,0.0023660576,-0.0016302108
7402.334,6.270927,-0.0039580087,219476,890.9036104829052,138.03591344286212,6827.471,5.2878866,3318.2986,2.097378,7402.334,6.270927,0,,,,,890.9036104829052,0.0005259837,138.03591344286212,0.0006722272,0.00089735957,-0.00058244285
7396.3677,6.27398,-0.0039579626,219477,890.9035504057363,138.0343791359421,6822.0635,5.290461,3333.2861,2.100798,7396.3677,6.27398,0,,,,,890.9035504057363,0.00052636134,138.0343791359421,0.00067307544,0.0019233132,-0.0008191934
7396.7856,6.28223,-0.0039579165,219478,890.9032434688163,138.03554918169618,6823.141,5.2974176,3351.1208,2.1071017,7396.7856,6.28223,0,,,,,890.9032434688163,0.00052705617,138.03554918169618,0.0006742542,0.0014036637,-0.00059682125
7392.045,6.286112,-0.003957871,219479,890.9031045096352,138.0369383390888,6819.4253,5.300691,3365.5251,2.109449,7392.045,6.286112,0,,,,,890.9031045096352,0.00052777654,138.0369383390888,0.00067531096,0.001129743,-0.0010374235
7401.832,6.297124,-0.003957825,219480,890.9030071031972,138.03728598598056,6827.4595,5.309977,3386.2634,2.1154113,7401.832,6.297124,0,,,,,890.9030071031972,0.00052802986,138.03728598598056,0.00067534205,0.0014230232,0.0007199019
7400.742,6.2994123,-0.0039577787,219481,890.9025906051693,138.0358958397054,6825.8374,5.311907,3396.4058,2.118479,7400.742,6.2994123,0,,,,,890.9025906051693,0.00052818976,138.0358958397054,0.00067602046,0.0010103789,-0.0010181613
7401.9487,6.306953,-0.0039577326,219482,890.9036590807322,138.03667009969837,6827.4653,5.318265,3414.9653,2.123626,7401.9487,6.306953,0,,,,,890.9036590807322,0.00052895915,138.03667009969837,0.0006765703,0.0015636052,-0.001081477
7403.3955,6.3116493,-0.0039576865,219483,890.9048548737227,138.0356935719671,6827.5005,5.322225,3425.4255,2.1255429,7403.3955,6.3116493,0,,,,,890.9048548737227,0.0005291309,138.0356935719671,0.0006774712,0.0029673255,-0.0009470491
7402.514,6.318422,-0.0039576404,219484,890.9026376532589,138.03659033058508,6828.329,5.327936,3442.008,2.1307156,7402.514,6.318422,0,,,,,890.9026376532589,0.00052960514,138.03659033058508,0.0006782418,0.0011620268,-0.00038758316
7389.122,6.3202114,-0.0039575943,219485,890.903270623364,138.03473692985588,6816.7896,5.329445,3456.022,2.1338387,7389.122,6.3202114,0,,,,,890.903270623364,0.0005305561,138.03473692985588,0.0006794024,0.0013772231,-0.0005078258
7393.8228,6.3251414,-0.003957548,219486,890.9044974144763,138.03636476949868,6819.67,5.3336024,3466.4697,2.136549,7393.8228,6.3251414,0,,,,,890.9044974144763,0.00053095026,138.03636476949868,0.0006795822,0.002060212,-0.00027969404
7398.1787,6.3303957,-0.0039575016,219487,890.9036896408477,138.0357531716744,6824.1973,5.338033,3479.765,2.1401966,7398.1787,6.3303957,0,,,,,890.9036896408477,0.0005309296,138.0357531716744,0.00068006583,0.0012579028,-0.0012927037
7409.25,6.3368244,-0.0039574555,219488,890.9044613127028,138.03513331409945,6833.9087,5.343454,3488.4133,2.1428525,7409.25,6.3368244,0,,,,,890.9044613127028,0.0005309908,138.03513331409945,0.000679707,0.0024436484,-0.0008713752
7395.037,6.3392944,-0.003957409,219489,890.9035637877001,138.03582154806074,6821.236,5.3455367,3503.5076,2.1459866,7395.037,6.3392944,0,,,,,890.9035637877001,0.0005318749,138.03582154806074,0.0006813153,0.001545923,-3.978404e-05
7399.907,6.343192,-0.003957363,219490,890.9042853868074,138.03490878018937,6824.77,5.348823,3511.0474,2.1483338,7399.907,6.343192,0,,,,,890.9042853868074,0.0005318343,138.03490878018937,0.0006816884,0.001414216,-0.0001588491
7397.5166,6.346838,-0.0039573163,219491,890.9038505008687,138.03513351375594,6823.703,5.3518972,3523.0942,2.1518018,7397.5166,6.346838,0,,,,,890.9038505008687,0.0005321221,138.03513351375594,0.00068226765,0.0016357611,-0.0011411577
7401.105,6.3492928,-0.00395727,219492,890.9038616475246,138.03676953279088,6827.5776,5.3539677,3527.9316,2.1524003,7401.105,6.3492928,0,,,,,890.9038616475246,0.0005321183,138.03676953279088,0.00068202615,0.001496596,-2.264992e-06
7400.648,6.351682,-0.0039572236,219493,890.9043153076324,138.0355911865606,6825.94,5.3559823,3535.0444,2.1545265,7400.648,6.351682,0,,,,,890.9043153076324,0.0005324311,138.0355911865606,0.000682546,0.0015754461,-0.0004431975
7409.4443,6.354136,-0.003957177,219494,890.9035778654674,138.03668960038002,6834.04,5.3580513,3536.4062,2.1546445,7409.4443,6.354136,0,,,,,890.9035778654674,0.0005320483,138.03668960038002,0.0006819762,0.0018863986,-0.00048419373
7395.347,6.3559885,-0.0039571305,219495,890.9027618844341,138.0354029492782,6822.375,5.359614,3548.4094,2.157887,7395.347,6.3559885,0,,,,,890.9027618844341,0.00053287105,138.0354029492782,0.0006832733,0.0010709618,0.00017303169
7404.0425,6.3594136,-0.003957084,219496,890.9033884795311,138.03595874730956,6828.454,5.362502,3552.5286,2.1597323,7404.0425,6.3594136,0,,,,,890.9033884795311,0.0005328704,138.03595874730956,0.0006834524,0.0021503072,-0.001089921
7405.196,6.362247,-0.0039570373,219497,890.9033509667157,138.03651543723046,6830.16,5.364891,3558.8337,2.1609976,7405.196,6.362247,0,,,,,890.9033509667157,0.0005329102,138.03651543723046,0.0006833748,0.0011654717,-0.000684151
7401.2866,6.364689,-0.003956991,219498,890.9031479778992,138.03622184035734,6826.875,5.36695,3565.0413,2.1642735,7401.2866,6.364689,0,,,,,890.9031479778992,0.0005333886,138.03622184035734,0.0006840756,0.002053551,-0.00048986176
7402.1465,6.365532,-0.0039569438,219499,890.9036786961469,138.03577796607607,6827.867,5.3676615,3570.737,2.1637123,7402.1465,6.365532,0,,,,,890.9036786961469,0.00053345424,138.03577796607607,0.0006839861,0.0019604294,-0.0010456503
7397.6006,6.3694634,-0.003956897,219500,890.9032103327588,138.0368711601922,6824.6187,5.370976,3578.8794,2.1661098,7397.6006,6.3694634,0,,,,,890.9032103327588,0.0005341895,138.0368711601922,0.00068490836,0.0019989768,-0.00017667198
7404.538,6.3704677,-0.0039568506,219501,890.9040667577858,138.03644996022865,6828.657,5.3718233,3580.2932,2.166552,7404.538,6.3704677,0,,,,,890.9040667577858,0.00053395214,138.03644996022865,0.0006844254,0.00202457,-0.00016937529
7399.152,6.369009,-0.0039568036,219502,890.902850003989,138.03664800120157,6825.7817,5.3705926,3582.4077,2.1672013,7399.152,6.369009,0,,,,,890.902850003989,0.0005337773,138.03664800120157,0.0006845932,0.0015129116,-0.00068756065
7398.377,6.373172,-0.003956757,219503,890.9041389384529,138.03667303092752,6825.1147,5.3741035,3592.4707,2.1696548,7398.377,6.373172,0,,,,,890.9041389384529,0.0005343294,138.03667303092752,0.0006850554,0.00220522,-6.981003e-05
7395.1396,6.3750653,-0.00395671,219504,890.9034623117485,138.03619115045183,6821.1616,5.3757,3598.662,2.1716986,7395.1396,6.3750653,0,,,,,890.9034623117485,0.0005347543,138.03619115045183,0.0006859316,0.0015640426,-0.00041500124
7403.1123,6.37786,-0.003956663,219505,890.9037154782002,138.03592249070138,6828.248,5.378056,3603.534,2.1724503,7403.1123,6.37786,0,,,,,890.9037154782002,0.0005345667,138.03592249070138,0.00068531063,0.0017540463,-0.0001838189
7409.04,6.3797803,-0.003956616,219506,890.9032014695742,138.03564533763338,6833.524,5.379676,3604.9426,2.17255,7409.04,6.3797803,0,,,,,890.9032014695742,0.0005343617,138.03564533763338,0.0006848845,0.0016781241,-0.0007574127
7400.5566,6.380772,-0.0039565694,219507,890.9042278945492,138.03766701337733,6825.855,5.380512,3612.3276,2.1745481,7400.5566,6.380772,0,,,,,890.9042278945492,0.0005348495,138.03766701337733,0.0006862259,0.002043292,-0.000737155
7392.967,6.384189,-0.0039565223,219508,890.9032900592545,138.0354887969075,6819.4253,5.3833933,3624.4883,2.179143,7392.967,6.384189,0,,,,,890.9032900592545,0.00053549034,138.0354887969075,0.00068705465,0.001687893,-0.00030488463
7406.9893,6.387133,-0.0039564753,219509,890.9028387725533,138.0374038347203,6832.7925,5.385876,3621.7478,2.1790895,7406.9893,6.387133,0,,,,,890.9028387725533,0.0005345247,138.0374038347203,0.0006858898,0.0019103917,0.0003651285
7404.887,6.3895493,-0.003956428,219510,890.9043960815638,138.03604197744005,6829.4604,5.387913,3632.556,2.1808698,7404.887,6.3895493,0,,,,,890.9043960815638,0.00053525,138.03604197744005,0.0006868611,0.0018289146,-0.0017008239
7406.9927,6.3916264,-0.0039563808,219511,890.9040576586603,138.03553548936017,6832.3657,5.3896646,3636.48,2.1810472,7406.9927,6.3916264,0,,,,,890.9040576586603,0.0005351245,138.03553548936017,0.00068677426,0.001707485,-0.00089205895
7386.204,6.388683,-0.0039563337,219512,890.9029039960324,138.0360447682517,6814.8706,5.3871827,3639.7974,2.1824594,7386.204,6.388683,0,,,,,890.9029039960324,0.0005362723,138.0360447682517,0.0006881118,0.001388404,-0.000100698446
7399.0537,6.393397,-0.0039562867,219513,890.9036192544465,138.03682085347478,6826.1543,5.3911576,3644.042,2.1847992,7399.0537,6.393397,0,,,,,890.9036192544465,0.0005357258,138.03682085347478,0.00068747957,0.0023732719,-0.00036490013
7403.6147,6.393557,-0.003956239,219514,890.9037155735982,138.0354381201395,6827.9604,5.391293,3644.0547,2.1837986,7403.6147,6.393557,0,,,,,890.9037155735982,0.0005356545,138.0354381201395,0.0006873508,0.0019146074,-0.00071515224
7396.3594,6.3945804,-0.003956192,219515,890.9034348828434,138.03602343121037,6823.4663,5.392156,3648.6692,2.1843634,7396.3594,6.3945804,0,,,,,890.9034348828434,0.0005360685,138.03602343121037,0.0006881825,0.0017084028,0.00022908096
7392.4375,6.3924246,-0.0039561447,219516,890.9030026067223,138.036460886254,6820.441,5.390338,3646.2952,2.183167,7392.4375,6.3924246,0,,,,,890.9030026067223,0.00053607713,138.036460886254,0.00068830996,0.0008715086,-0.00082937744
7405.563,6.3934546,-0.0039560976,219517,890.9039239356567,138.03588643183198,6830.752,5.3912067,3643.3796,2.1824594,7405.563,6.3934546,0,,,,,890.9039239356567,0.00053543394,138.03588643183198,0.0006873831,0.002138266,-0.000916793
7397.5615,6.3942866,-0.00395605,219518,890.9034331767039,138.0367216077398,6823.7065,5.3919077,3645.0884,2.1830657,7397.5615,6.3942866,0,,,,,890.9034331767039,0.0005363886,138.0367216077398,0.0006877054,0.0020689135,-2.1745038e-06
7413.2754,6.3930125,-0.0039560026,219519,890.9037170283207,138.03795691150813,6836.594,5.3908334,3639.1133,2.1814282,7413.2754,6.3930125,0,,,,,890.9037170283207,0.0005350726,138.03795691150813,0.00068652566,0.0016175116,0.00014100848
7409.706,6.393606,-0.003955955,219520,890.9024985471256,138.0367427856216,6834.8477,5.3913345,3635.2268,2.1810648,7409.706,6.393606,0,,,,,890.9024985471256,0.0005350955,138.0367427856216,0.0006869154,0.001935332,-0.00013832338
7404.056,6.3906846,-0.0039559077,219521,890.9028694100141,138.03649560395397,6829.5933,5.3888707,3634.007,2.181347,7404.056,6.3906846,0,,,,,890.9028694100141,0.0005355214,138.03649560395397,0.0006869765,0.00078197033,-0.00047815943
7396.358,6.385831,-0.00395586,219522,890.9037781654995,138.0361615431736,6822.8013,5.384778,3625.38,2.1794772,7396.358,6.385831,0,,,,,890.9037781654995,0.00053555117,138.0361615431736,0.00068720424,0.0025747214,-0.0007711281
7405.689,6.3837156,-0.0039558127,219523,890.902717361942,138.03671953048115,6831.4873,5.3829947,3615.6052,2.1766918,7405.689,6.3837156,0,,,,,890.902717361942,0.00053450157,138.03671953048115,0.00068595127,0.0020141788,2.1890617e-05
7403.2744,6.3797083,-0.003955765,219524,890.9034974713979,138.03657591955508,6829.091,5.379615,3608.8384,2.1737592,7403.2744,6.3797083,0,,,,,890.9034974713979,0.0005343571,138.03657591955508,0.00068552454,0.0013938613,0.000814508
7392.4463,6.377259,-0.0039557177,219525,890.9032756775106,138.03605933327077,6819.561,5.3775496,3602.8433,2.1748648,7392.4463,6.377259,0,,,,,890.9032756775106,0.00053494185,138.03605933327077,0.00068615924,0.0023293744,-0.001266133
7391.5,6.371474,-0.00395567,219526,890.9035399497253,138.03616280860942,6817.627,5.3726716,3590.3767,2.1690578,7391.5,6.371474,0,,,,,890.9035399497253,0.00053480366,138.03616280860942,0.00068562105,0.0011264858,-0.0006536413
7406.272,6.368414,-0.003955622,219527,890.9036548926293,138.03609829274825,6831.962,5.3700914,3574.9763,2.165021,7406.272,6.368414,0,,,,,890.9036548926293,0.0005333075,138.03609829274825,0.000684061,0.0023387708,-0.00072340027
7406.595,6.366616,-0.0039555747,219528,890.9043010596812,138.03664131560518,6831.4497,5.3685746,3570.545,2.1649992,7406.595,6.366616,0,,,,,890.9043010596812,0.00053321355,138.03664131560518,0.0006838252,0.0026351495,-0.001098743
7412.6953,6.364386,-0.0039555267,219529,890.9038672755186,138.03636690716894,6837.213,5.366695,3555.2935,2.160785,7412.6953,6.364386,0,,,,,890.9038672755186,0.0005326273,138.03636690716894,0.00068304566,0.0026029518,-0.00020267752
7400.8438,6.355048,-0.0039554792,219530,890.9029069201504,138.0382947910362,6827.499,5.358821,3544.373,2.1570017,7400.8438,6.355048,0,,,,,890.9029069201504,0.0005325106,138.0382947910362,0.0006829151,0.00087645196,0.00025886903
7393.2817,6.3534055,-0.0039554313,219531,890.9037334767602,138.03717263490964,6821.543,5.357435,3530.4507,2.154661,7393.2817,6.3534055,0,,,,,890.9037334767602,0.0005326878,138.03717263490964,0.00068337115,0.0020096335,7.670813e-05
7405.7,6.3495812,-0.0039553833,219532,890.9033891880964,138.03536048893804,6831.203,5.354211,3517.4353,2.151141,7405.7,6.3495812,0,,,,,890.9033891880964,0.00053205376,138.03536048893804,0.00068161957,0.0026286433,-0.0011460643
7400.948,6.3438253,-0.0039553354,219533,890.9039039577501,138.03546870768054,6827.377,5.349357,3506.7393,2.1472592,7400.948,6.3438253,0,,,,,890.9039039577501,0.0005319594,138.03546870768054,0.00068125053,0.0021323997,8.574416e-05
7399.3604,6.33731,-0.003955288,219534,890.9042026812242,138.03532483719306,6825.919,5.343863,3494.176,2.1446705,7399.3604,6.33731,0,,,,,890.9042026812242,0.0005311258,138.03532483719306,0.00068038417,0.002139197,-0.00015405852
7404.8506,6.3336453,-0.00395524,219535,890.9036636312068,138.03559002598988,6829.502,5.340773,3483.3674,2.1411808,7404.8506,6.3336453,0,,,,,890.9036636312068,0.0005308989,138.03559002598988,0.0006798203,0.0025366696,-0.0011089542
7395.62,6.3304143,-0.003955192,219536,890.9031317070592,138.03690161450606,6821.8745,5.3380485,3476.0027,2.1394904,7395.62,6.3304143,0,,,,,890.9031317070592,0.000531258,138.03690161450606,0.00068063044,0.0017433707,3.502841e-05
7396.076,6.327892,-0.0039551435,219537,890.9037561035025,138.0377755180025,6823.0376,5.3359213,3466.7622,2.1376488,7396.076,6.327892,0,,,,,890.9037561035025,0.0005305829,138.0377755180025,0.0006798997,0.0009801715,0.00052760245
7399.4795,6.322205,-0.0039550955,219538,890.9042510267392,138.03493833131623,6825.3335,5.331126,3454.398,2.133698,7399.4795,6.322205,0,,,,,890.9042510267392,0.0005302025,138.03493833131623,0.00067881105,0.0028874627,-0.000739197
7402.0684,6.3193336,-0.0039550476,219539,890.9038471514865,138.03571445153187,6828.32,5.328705,3446.5735,2.131562,7402.0684,6.3193336,0,,,,,890.9038471514865,0.00052942696,138.03571445153187,0.00067818724,0.001524303,-0.0006185925
7399.8984,6.3141093,-0.0039549996,219540,890.904131791346,138.03671314428692,6825.5767,5.3243,3434.223,2.1281595,7399.8984,6.3141093,0,,,,,890.904131791346,0.00052941206,138.03671314428692,0.00067800353,0.0020517816,9.0374815e-05
7396.406,6.3145227,-0.003954951,219541,890.9041347192469,138.03565108914114,6822.131,5.324648,3437.516,2.1289804,7396.406,6.3145227,0,,,,,890.9041347192469,0.00053001626,138.03565108914114,0.0006782477,0.0024962288,-0.00029201177
7392.669,6.3104506,-0.003954903,219542,890.9036601190309,138.03456453145077,6820.069,5.3212147,3428.597,2.1270049,7392.669,6.3104506,0,,,,,890.9036601190309,0.00052963797,138.03456453145077,0.00067800353,0.0020260636,-0.00065971207
7409.4917,6.311616,-0.003954855,219543,890.9034461243072,138.03619717286966,6834.1675,5.322197,3421.723,2.1252139,7409.4917,6.311616,0,,,,,890.9034461243072,0.0005286217,138.03619717286966,0.0006764743,0.0023180218,2.9206174e-05
7399.479,6.311331,-0.0039548064,219544,890.9042218998044,138.0365182357377,6825.715,5.321956,3420.3489,2.1249254,7399.479,6.311331,0,,,,,890.9042218998044,0.0005293834,138.0365182357377,0.0006774575,0.0016080294,-0.00057182106
7398.456,6.308654,-0.0039547584,219545,890.9039580433863,138.03660493816585,6823.363,5.3196993,3417.5732,2.1239052,7398.456,6.308654,0,,,,,890.9039580433863,0.00052937615,138.03660493816585,0.0006774026,0.0022250416,-0.00083268475
7385.6704,6.3037443,-0.00395471,219546,890.9042135449141,138.03696659525403,6813.399,5.3155594,3412.8,2.122786,7385.6704,6.3037443,0,,,,,890.9042135449141,0.00052969484,138.03696659525403,0.0006778499,0.002402628,5.809933e-05
7395.487,6.303818,-0.0039546615,219547,890.9046104940654,138.036636588543,6822.661,5.315622,3407.8357,2.1210616,7395.487,6.303818,0,,,,,890.9046104940654,0.00052894093,138.036636588543,0.00067701034,0.0022872803,-9.935116e-05
7404.3994,6.3040113,-0.003954613,219548,890.9040393363332,138.03672574820405,6829.357,5.3157845,3406.302,2.120507,7404.3994,6.3040113,0,,,,,890.9040393363332,0.0005284809,138.03672574820405,0.0006765385,0.0018664564,0.00058747525
7395.7354,6.302436,-0.0039545647,219549,890.9048507590337,138.03612441212357,6821.3516,5.314456,3405.8335,2.1211004,7395.7354,6.302436,0,,,,,890.9048507590337,0.00052900333,138.03612441212357,0.0006768554,0.0025993877,-0.0016382176
7393.8984,6.3020306,-0.0039545163,219550,890.9037224991457,138.03647528687102,6821.578,5.314114,3406.1636,2.1205707,7393.8984,6.3020306,0,,,,,890.9037224991457,0.0005286062,138.03647528687102,0.0006766265,0.0013408471,-9.5312214e-05
7394.938,6.304094,-0.003954468,219551,890.9043245029038,138.0358397929647,6822.491,5.315854,3404.1592,2.1201591,7394.938,6.304094,0,,,,,890.9043245029038,0.00052891375,138.0358397929647,0.0006769373,0.0020508142,2.319306e-05
7404.8633,6.3046055,-0.0039544194,219552,890.9041407186991,138.03747925387225,6829.853,5.3162856,3406.8179,2.1207247,7404.8633,6.3046055,0,,,,,890.9041407186991,0.00052844454,138.03747925387225,0.00067613594,0.0020621147,0.0011548911
7398.857,6.3035393,-0.0039543705,219553,890.9048006490764,138.03604027774057,6825.238,5.3153863,3403.4722,2.1199334,7398.857,6.3035393,0,,,,,890.9048006490764,0.0005288247,138.03604027774057,0.00067668775,0.0024138403,-0.0004808961
7407.9727,6.3062162,-0.003954322,219554,890.905369479867,138.03729260820597,6833.3125,5.3176436,3407.6516,2.1210887,7407.9727,6.3062162,0,,,,,890.905369479867,0.00052831706,138.03729260820597,0.000676289,0.0028979506,0.0003701905
7397.9937,6.3045216,-0.0039542736,219555,890.9035163211468,138.03610209101737,6824.5947,5.316215,3410.4065,2.1215682,7397.9937,6.3045216,0,,,,,890.9035163211468,0.0005288104,138.03610209101737,0.000676973,0.0013429038,-0.0012505784
7405.0312,6.305707,-0.0039542248,219556,890.9036945357843,138.03636021374163,6829.1304,5.3172145,3409.3809,2.121523,7405.0312,6.305707,0,,,,,890.9036945357843,0.00052876706,138.03636021374163,0.0006764508,0.0019543127,-0.00018554335
7403.7524,6.305193,-0.003954176,219557,890.9048111611045,138.0357297326154,6829.7173,5.316781,3409.4182,2.1211722,7403.7524,6.305193,0,,,,,890.9048111611045,0.0005285859,138.0357297326154,0.0006762726,0.0020113816,0.00024353777
7399.792,6.3061013,-0.0039541274,219558,890.9045909921279,138.03527657329673,6825.7993,5.3175473,3413.2012,2.1221995,7399.792,6.3061013,0,,,,,890.9045909921279,0.0005290525,138.03527657329673,0.00067671196,0.00212096,-8.999108e-05
7407.1274,6.3089385,-0.0039540785,219559,890.9034690715645,138.03754940737616,6831.182,5.319939,3414.4937,2.1233556,7407.1274,6.3089385,0,,,,,890.9034690715645,0.00052875443,138.03754940737616,0.0006763792,0.0017093366,0.0005543203
7403.8657,6.3089294,-0.0039540296,219560,890.9048247395309,138.03603997771734,6829.0264,5.3199315,3417.711,2.1234539,7403.8657,6.3089294,0,,,,,890.9048247395309,0.0005290741,138.03603997771734,0.0006768848,0.0022285816,-0.0015497118
7410.437,6.3087635,-0.0039539807,219561,890.9040064703788,138.03702167522152,6836.17,5.3197913,3415.153,2.1231182,7410.437,6.3087635,0,,,,,890.9040064703788,0.0005282638,138.03702167522152,0.0006761322,0.001542444,-0.00015799711
7408.1226,6.308741,-0.003953932,219562,890.9051058561203,138.03496253142274,6833.406,5.3197727,3415.924,2.1238217,7408.1226,6.308741,0,,,,,890.9051058561203,0.0005285814,138.03496253142274,0.00067656446,0.0024615799,-0.00059541746
7399.2104,6.308085,-0.003953883,219563,890.9036270859212,138.0375606753864,6825.477,5.3192196,3419.1533,2.1245146,7399.2104,6.308085,0,,,,,890.9036270859212,0.0005288997,138.0375606753864,0.00067721546,0.0010601907,0.0005077163
7401.756,6.3089995,-0.003953834,219564,890.9031104669499,138.03663992083222,6828.2,5.3199906,3420.2354,2.124014,7401.756,6.3089995,0,,,,,890.9031104669499,0.0005289342,138.03663992083222,0.0006768741,0.0015836799,0.00084057945
7409.248,6.3104844,-0.003953785,219565,890.9038814770662,138.03723938919885,6833.547,5.321243,3419.5537,2.1246147,7409.248,6.3104844,0,,,,,890.9038814770662,0.00052884565,138.03723938919885,0.00067649083,0.0016211923,0.00017432586
7397.9917,6.3102465,-0.0039537363,219566,890.9044179009147,138.0354338727454,6824.5312,5.3210425,3421.0999,2.1249354,7397.9917,6.3102465,0,,,,,890.9044179009147,0.0005295086,138.0354338727454,0.00067771383,0.0030077219,-0.00161036
7404.6865,6.3088236,-0.0039536874,219567,890.9047710658424,138.03613645443724,6830.709,5.3198423,3418.6138,2.1239457,7404.6865,6.3088236,0,,,,,890.9047710658424,0.00052867894,138.03613645443724,0.0006764426,0.002237975,0.00023130287
7391.756,6.3066044,-0.003953638,219568,890.9049083415557,138.03516289157574,6818.8438,5.317971,3420.3906,2.1240194,7391.756,6.3066044,0,,,,,890.9049083415557,0.00052940013,138.03516289157574,0.0006775556,0.0023930678,3.3152905e-05
7402.6543,6.310576,-0.003953589,219569,890.9041316317155,138.03647807214043,6827.95,5.3213196,3417.3225,2.124902,7402.6543,6.310576,0,,,,,890.9041316317155,0.0005291801,138.03647807214043,0.0006771142,0.001979376,-0.0005031806
7402.7446,6.307663,-0.0039535398,219570,890.9037740207773,138.036319224902,6828.347,5.3188634,3417.0837,2.123352,7402.7446,6.307663,0,,,,,890.9037740207773,0.00052894733,138.036319224902,0.00067682535,0.0016502072,-5.513103e-06
7409.4653,6.3110204,-0.003953491,219571,890.9044289989346,138.03598020966717,6833.6074,5.321695,3412.9456,2.122962,7409.4653,6.3110204,0,,,,,890.9044289989346,0.00052836747,138.03598020966717,0.0006765517,0.0017238668,-0.0005355161
7405.551,6.308063,-0.0039534415,219572,890.903266902813,138.03585096302388,6830.5728,5.319201,3410.625,2.1219783,7405.551,6.308063,0,,,,,890.903266902813,0.0005283273,138.03585096302388,0.0006768446,0.0021151525,0.00026662264
7393.915,6.3025374,-0.003953392,219573,890.9037465821327,138.03622343066257,6820.5396,5.314542,3406.5833,2.1205485,7393.915,6.3025374,0,,,,,890.9037465821327,0.00052901084,138.03622343066257,0.0006769239,0.001968851,0.0006069096
7406.7817,6.3006277,-0.003953343,219574,890.9030146832685,138.03693407149117,6831.855,5.3129315,3396.0327,2.11784,7406.7817,6.3006277,0,,,,,890.9030146832685,0.0005280262,138.03693407149117,0.00067547354,0.001198915,0.0005340412
7395.1025,6.2973175,-0.003953294,219575,890.904547408421,138.03529737476384,6822.4087,5.31014,3393.894,2.1176448,7395.1025,6.2973175,0,,,,,890.904547408421,0.00052830606,138.03529737476384,0.00067599927,0.002745069,-0.0006815973
7398.849,6.2961526,-0.0039532445,219576,890.9048679640832,138.03556693500957,6824.7104,5.3091574,3388.9893,2.116539,7398.849,6.2961526,0,,,,,890.9048679640832,0.0005281166,138.03556693500957,0.0006755217,0.002688398,0.00054468727
7394.677,6.2924004,-0.003953195,219577,890.9028571791182,138.0362399415882,6820.38,5.3059936,3383.6746,2.1140354,7394.677,6.2924004,0,,,,,890.9028571791182,0.0005280273,138.0362399415882,0.00067577616,0.0013477626,7.36754e-05
7410.27,6.293613,-0.003953146,219578,890.9040474740092,138.03754679113482,6834.925,5.307016,3374.8213,2.111918,7410.27,6.293613,0,,,,,890.9040474740092,0.0005270313,138.03754679113482,0.0006744173,0.002603406,0.0008242025
7396.4473,6.2884903,-0.003953096,219579,890.9042322005565,138.03603370695606,6821.6304,5.302696,3370.6196,2.1112854,7396.4473,6.2884903,0,,,,,890.9042322005565,0.00052771723,138.03603370695606,0.0006752468,0.002252121,-0.0013169637
7404.9087,6.286796,-0.0039530466,219580,890.9037983713306,138.03574512671452,6829.382,5.301268,3359.2861,2.1078548,7404.9087,6.286796,0,,,,,890.9037983713306,0.0005269394,138.03574512671452,0.0006743066,0.0020527728,-0.00034787072
7407.3984,6.2842216,-0.0039529973,219581,890.9039953073429,138.03574820589998,6832.3955,5.2990975,3350.9094,2.1061642,7407.3984,6.2842216,0,,,,,890.9039953073429,0.00052656815,138.03574820589998,0.00067339756,0.00158518,0.00029299923
7406.3276,6.281562,-0.0039529474,219582,890.9057821437054,138.0362592881114,6830.2876,5.2968545,3345.8127,2.1046357,7406.3276,6.281562,0,,,,,890.9057821437054,0.0005265571,138.0362592881114,0.00067339203,0.003075696,-0.00038895392
7403.3555,6.275812,-0.003952898,219583,890.9038741072353,138.03727489097574,6829.365,5.292006,3329.7903,2.1007087,7403.3555,6.275812,0,,,,,890.9038741072353,0.00052620174,138.03727489097574,0.0006728182,0.0013261691,0.0010347159
7406.9507,6.2719903,-0.0039528483,219584,890.9043729702958,138.03508620843184,6831.2715,5.288783,3319.3418,2.098138,7406.9507,6.2719903,0,,,,,890.9043729702958,0.0005256875,138.03508620843184,0.0006722186,0.0032362759,-0.00024089268
7402.2417,6.2684164,-0.003952799,219585,890.9041219509083,138.0352490032227,6827.9614,5.2857695,3312.27,2.0950844,7402.2417,6.2684164,0,,,,,890.9041219509083,0.0005257027,138.0352490032227,0.00067172624,0.0016730266,-0.0001223508
7399.7896,6.2624183,-0.003952749,219586,890.9042192099398,138.0377211530842,6825.405,5.280711,3300.034,2.0917366,7399.7896,6.2624183,0,,,,,890.9042192099398,0.0005255323,138.0377211530842,0.0006714929,0.0015467589,0.0013919969
7395.196,6.2605567,-0.0039526992,219587,890.9044581545572,138.03553847549253,6821.5425,5.279142,3295.9758,2.0921707,7395.196,6.2605567,0,,,,,890.9044581545572,0.00052572764,138.03553847549253,0.00067124376,0.0027263013,-0.00017834066
7391.747,6.255426,-0.00395265,219588,890.9032431223139,138.0365931833219,6818.3745,5.2748156,3284.4197,2.0884387,7391.747,6.255426,0,,,,,890.9032431223139,0.00052535103,138.0365931833219,0.0006713358,0.0014256514,-0.00014519066
7393.697,6.252354,-0.0039526,219589,890.9046166858465,138.0364035428456,6818.5195,5.272225,3274.9514,2.0850942,7393.697,6.252354,0,,,,,890.9046166858465,0.0005250532,138.0364035428456,0.0006710104,0.002651579,-0.0013358773
7399.1177,6.2510905,-0.0039525502,219590,890.9049813951324,138.03595779521754,6824.3965,5.27116,3267.8389,2.0828094,7399.1177,6.2510905,0,,,,,890.9049813951324,0.0005248616,138.03595779521754,0.0006701167,0.0023058397,-0.00035874662
7397.5312,6.247145,-0.0039525004,219591,890.9043458060249,138.03548847024766,6824.02,5.2678328,3261.1206,2.0810623,7397.5312,6.247145,0,,,,,890.9043458060249,0.00052422273,138.03548847024766,0.0006699549,0.0024381701,-0.0004680854
7406.9883,6.246378,-0.0039524506,219592,890.9048822287723,138.0368083390244,6832.261,5.267186,3251.6013,2.0797582,7406.9883,6.246378,0,,,,,890.9048822287723,0.00052371767,138.0368083390244,0.0006684309,0.0023710586,0.0017509426
7403.5874,6.242893,-0.0039524008,219593,890.9043387380285,138.03576087190677,6828.54,5.2642474,3245.3196,2.0771694,7403.5874,6.242893,0,,,,,890.9043387380285,0.0005236497,138.03576087190677,0.00066903204,0.0019334161,1.8403727e-05
7402.7876,6.242418,-0.0039523505,219594,890.904396388527,138.03653453747066,6828.3687,5.2638464,3235.7964,2.0751152,7402.7876,6.242418,0,,,,,890.904396388527,0.00052343303,138.03653453747066,0.0006688679,0.0020795823,0.000754686
7397.594,6.234717,-0.0039523006,219595,890.9035173410385,138.03510370068744,6824.2266,5.2573533,3227.9214,2.0720522,7397.594,6.234717,0,,,,,890.9035173410385,0.0005232551,138.03510370068744,0.0006678968,0.0019047301,0.00079790724
7399.8013,6.2337093,-0.003952251,219596,890.9048271629865,138.03555420875298,6826.5405,5.256503,3220.582,2.0712686,7399.8013,6.2337093,0,,,,,890.9048271629865,0.0005231679,138.03555420875298,0.0006677684,0.0029430485,-0.0006475263
7394.3154,6.231121,-0.0039522005,219597,890.90493816165,138.03703872291538,6821.671,5.2543206,3217.0994,2.0694158,7394.3154,6.231121,0,,,,,890.90493816165,0.0005233199,138.03703872291538,0.00066805066,0.002471263,0.00095962937
7407.301,6.2328153,-0.0039521507,219598,890.9053227719575,138.03613905084725,6831.3,5.255749,3211.2214,2.0684648,7407.301,6.2328153,0,,,,,890.9053227719575,0.0005226112,138.03613905084725,0.00066741294,0.0019716811,-0.00034194635
7400.268,6.228605,-0.0039521004,219599,890.9046472705592,138.0346344735718,6826.4927,5.252199,3207.4563,2.0675523,7400.268,6.228605,0,,,,,890.9046472705592,0.0005224795,138.0346344735718,0.0006671542,0.0024676204,0.00015228703
7395.1157,6.2292786,-0.0039520506,219600,890.9030656525083,138.03714391175933,6822.617,5.2527666,3211.1948,2.0689092,7395.1157,6.2292786,0,,,,,890.9030656525083,0.00052275823,138.03714391175933,0.0006676294,0.001212977,0.0008218544
7403.5938,6.2274942,-0.0039520003,219601,890.9049638869596,138.03656957104906,6828.662,5.251262,3204.149,2.066748,7403.5938,6.2274942,0,,,,,890.9049638869596,0.000522579,138.03656957104906,0.0006666309,0.0025931364,-0.0002588543
7396.386,6.225502,-0.00395195,219602,890.9035068010027,138.0365075348537,6823.456,5.2495823,3204.8118,2.0661573,7396.386,6.225502,0,,,,,890.9035068010027,0.00052268733,138.0365075348537,0.00066700793,0.00187652,0.0004242568
7410.3647,6.233032,-0.0039518997,219603,890.905053341126,138.0359021044429,6834.58,5.2559323,3212.0713,2.068831,7410.3647,6.233032,0,,,,,890.905053341126,0.0005224239,138.0359021044429,0.0006666879,0.002076911,-0.00016779698
7400.811,6.231783,-0.00395185,219604,890.9037273338893,138.03628094186976,6826.545,5.254879,3216.2502,2.0692194,7400.811,6.231783,0,,,,,890.9037273338893,0.00052292226,138.03628094186976,0.0006673059,0.0014299324,0.00013465251
7408.887,6.2349916,-0.0039517996,219605,890.9053313610756,138.03520146113863,6833.6274,5.257584,3216.456,2.0700314,7408.887,6.2349916,0,,,,,890.9053313610756,0.00052260753,138.03520146113863,0.00066709844,0.003132732,-0.0011579939
7397.2583,6.231882,-0.0039517493,219606,890.9036760791572,138.03787938960747,6822.8477,5.2549624,3221.6003,2.0705466,7397.2583,6.231882,0,,,,,890.9036760791572,0.0005230228,138.03787938960747,0.00066747674,0.0018654235,0.003210308
7404.613,6.235482,-0.0039516985,219607,890.9048252567754,138.03606033839355,6829.633,5.257998,3225.4321,2.0733166,7404.613,6.235482,0,,,,,890.9048252567754,0.00052272016,138.03606033839355,0.0006678428,0.00280318,-0.00068100146
7400.184,6.236637,-0.0039516483,219608,890.9047590863269,138.03744415124984,6825.9854,5.258972,3230.1533,2.0734012,7400.184,6.236637,0,,,,,890.9047590863269,0.0005234876,138.03744415124984,0.0006682619,0.0023464828,0.0011839772
7405.4014,6.2399917,-0.003951598,219609,890.9037814750466,138.03631802734242,6829.9688,5.261801,3238.93,2.0757027,7405.4014,6.2399917,0,,,,,890.9037814750466,0.00052334723,138.03631802734242,0.0006682105,0.0017319152,-0.00027636407
7399.209,6.240944,-0.0039515477,219610,890.9044250622024,138.0364895191184,6825.1313,5.2626038,3242.2002,2.076725,7399.209,6.240944,0,,,,,890.9044250622024,0.0005236743,138.0364895191184,0.0006685127,0.0023336986,0.00039602688
7408.0464,6.2463007,-0.003951497,219611,890.9047372643312,138.03649867630034,6832.594,5.267121,3250.9668,2.079027,7408.0464,6.2463007,0,,,,,890.9047372643312,0.000523687,138.03649867630034,0.00066894724,0.002855004,-0.0005388243
7390.6064,6.247126,-0.0039514466,219612,890.903495359721,138.0361836623571,6817.984,5.2678165,3260.8213,2.0821712,7390.6064,6.247126,0,,,,,890.903495359721,0.00052459113,138.0361836623571,0.0006701276,0.0014439604,0.00041858092
7397.7104,6.2493944,-0.003951396,219613,890.9048008254385,138.0356980210109,6823.7583,5.269729,3265.8977,2.0824425,7397.7104,6.2493944,0,,,,,890.9048008254385,0.0005245897,138.0356980210109,0.0006700853,0.003274098,-0.00027667108
7406.0757,6.2558026,-0.0039513456,219614,890.9032333671937,138.03729855887227,6831.952,5.275133,3272.864,2.085345,7406.0757,6.2558026,0,,,,,890.9032333671937,0.00052463246,138.03729855887227,0.00066986476,0.0013883276,0.0014040056
7410.6997,6.257616,-0.003951295,219615,890.9036886497404,138.0375086602318,6835.322,5.2766623,3280.7395,2.0868175,7410.6997,6.257616,0,,,,,890.9036886497404,0.0005244663,138.0375086602318,0.0006698958,0.001819375,0.00033576135
7403.0356,6.2620764,-0.003951244,219616,890.9047539661431,138.03540670192382,6828.3467,5.2804236,3293.8281,2.0912879,7403.0356,6.2620764,0,,,,,890.9047539661431,0.000525218,138.03540670192382,0.0006709038,0.0023154083,-0.00010117913
7407.557,6.26527,-0.0039511938,219617,890.9039168924398,138.0367597076773,6832.3457,5.2831163,3302.631,2.0930607,7407.557,6.26527,0,,,,,890.9039168924398,0.00052504323,138.0367597076773,0.00067125243,0.0022713619,0.00035383445
7409.007,6.2691584,-0.003951143,219618,890.9042284659079,138.03655115779662,6832.386,5.286395,3311.987,2.0950513,7409.007,6.2691584,0,,,,,890.9042284659079,0.0005255383,138.03655115779662,0.0006720041,0.0027031968,0.00083400233
7395.9556,6.272831,-0.0039510923,219619,890.9037987898862,138.03627354295082,6822.685,5.289492,3325.8462,2.0990825,7395.9556,6.272831,0,,,,,890.9037987898862,0.0005264676,138.03627354295082,0.00067301106,0.0019688471,0.0005582572
7409.1216,6.2772684,-0.0039510415,219620,890.9030216374898,138.03510989965713,6832.847,5.293234,3334.174,2.1011565,7409.1216,6.2772684,0,,,,,890.9030216374898,0.0005259586,138.03510989965713,0.00067229546,0.0025226886,0.0004922147
7407.1123,6.2839746,-0.0039509907,219621,890.9036956693833,138.03651822107534,6831.5176,5.2988887,3349.374,2.1078455,7407.1123,6.2839746,0,,,,,890.9036956693833,0.00052654487,138.03651822107534,0.0006733951,0.0013927422,0.0006112595
7402.015,6.286945,-0.00395094,219622,890.9037640404374,138.0361133196779,6827.01,5.3013935,3362.8713,2.1085072,7402.015,6.286945,0,,,,,890.9037640404374,0.0005272671,138.0361133196779,0.0006744853,0.0019286879,-0.0005193966
7411.519,6.2918286,-0.0039508888,219623,890.9048694707076,138.0352809196953,6836.037,5.305512,3369.094,2.1105535,7411.519,6.2918286,0,,,,,890.9048694707076,0.0005269535,138.0352809196953,0.0006743309,0.002383033,-0.0002924177
7405.3584,6.296488,-0.003950838,219624,890.9046387741255,138.03589247511022,6830.9697,5.3094406,3383.9126,2.1146667,7405.3584,6.296488,0,,,,,890.9046387741255,0.0005278704,138.03589247511022,0.0006750898,0.0027193497,-0.00087885134
7405.803,6.299321,-0.0039507872,219625,890.9043454529522,138.03644932612244,6831.008,5.3118296,3393.5757,2.117116,7405.803,6.299321,0,,,,,890.9043454529522,0.0005279574,138.03644932612244,0.00067546,0.0021037778,0.0019505415
7399.8145,6.303374,-0.0039507365,219626,890.9039041360911,138.0345895359297,6824.423,5.315247,3403.721,2.1220734,7399.8145,6.303374,0,,,,,890.9039041360911,0.0005287245,138.0345895359297,0.0006766373,0.001811241,-0.00033200503
7410.318,6.306417,-0.0039506853,219627,890.9049488909421,138.03527585474365,6833.8867,5.317813,3410.7,2.122279,7410.318,6.306417,0,,,,,890.9049488909421,0.00052831793,138.03527585474365,0.0006761241,0.003290412,-0.00023817169
7410.015,6.308195,-0.0039506345,219628,890.9030350839648,138.0373589015842,6835.1753,5.3193126,3411.4663,2.1231132,7410.015,6.308195,0,,,,,890.9030350839648,0.0005283767,138.0373589015842,0.0006758029,0.0014882527,0.0019512197
7408.839,6.309906,-0.0039505833,219629,890.903774846112,138.03593941704693,6833.697,5.320755,3419.3796,2.1244187,7408.839,6.309906,0,,,,,890.903774846112,0.0005285785,138.03593941704693,0.00067688304,0.003024237,-0.0008853337
7404.79,6.3120637,-0.003950532,219630,890.9043503199763,138.03488901042394,6829.51,5.3225746,3424.9119,2.127528,7404.79,6.3120637,0,,,,,890.9043503199763,0.00052894925,138.03488901042394,0.00067703344,0.0015306487,-0.00027655295
7417.048,6.3162565,-0.0039504813,219631,890.9047773375743,138.03697800430132,6840.0674,5.32611,3429.9878,2.126997,7417.048,6.3162565,0,,,,,890.9047773375743,0.00052863354,138.03697800430132,0.00067686423,0.002292511,0.0009950614
7404.6846,6.313862,-0.00395043,219632,890.9035834374536,138.03515185553624,6829.8555,5.324091,3432.4084,2.1276054,7404.6846,6.313862,0,,,,,890.9035834374536,0.0005294061,138.03515185553624,0.00067741494,0.0026033446,-0.00017045894
7403.8677,6.3151293,-0.003950379,219633,890.9042752650334,138.03576308342332,6828.947,5.3251595,3436.6826,2.1289399,7403.8677,6.3151293,0,,,,,890.9042752650334,0.0005296256,138.03576308342332,0.0006776731,0.0028846452,-7.6318174e-05
7398.51,6.3156576,-0.0039503276,219634,890.9040680483705,138.03623267077074,6824.087,5.325605,3440.156,2.1294777,7398.51,6.3156576,0,,,,,890.9040680483705,0.00052981806,138.03623267077074,0.00067816995,0.0024525987,-0.00011460788
7407.586,6.3179994,-0.0039502764,219635,890.903728931751,138.0365506181564,6832.6655,5.3275795,3439.999,2.129675,7407.586,6.3179994,0,,,,,890.903728931751,0.00052934285,138.0365506181564,0.00067777076,0.0013449853,0.00041680795
7390.532,6.314997,-0.003950225,219636,890.904315347194,138.0357728182844,6818.6323,5.325048,3440.35,2.1301544,7390.532,6.314997,0,,,,,890.904315347194,0.00053009694,138.0357728182844,0.00067851075,0.00267581,0.0008241087
7398.8975,6.3167987,-0.003950174,219637,890.9050966113233,138.03523639403073,6824.76,5.326567,3444.718,2.1307313,7398.8975,6.3167987,0,,,,,890.9050966113233,0.0005297406,138.03523639403073,0.0006780901,0.003551824,4.2620006e-05
7400.8706,6.3189054,-0.0039501227,219638,890.9039023372652,138.03574447361558,6826.3984,5.328344,3443.6982,2.1314464,7400.8706,6.3189054,0,,,,,890.9039023372652,0.0005297994,138.03574447361558,0.0006782284,0.0014868296,0.00076265103
7405.274,6.316628,-0.0039500715,219639,890.9045044377854,138.03560263219737,6829.174,5.3264236,3439.671,2.1309974,7405.274,6.316628,0,,,,,890.9045044377854,0.0005295747,138.03560263219737,0.0006775799,0.00279221,-5.3816104e-05
7394.639,6.3165574,-0.00395002,219640,890.9037642630284,138.035966437479,6821.8184,5.326364,3444.785,2.1307483,7394.639,6.3165574,0,,,,,890.9037642630284,0.00053012214,138.035966437479,0.0006783576,0.002011807,-0.00038009897
7403.6836,6.3188744,-0.0039499686,219641,890.9026470288327,138.03535983157087,6828.3877,5.328317,3444.6902,2.1332967,7403.6836,6.3188744,0,,,,,890.9026470288327,0.00052943424,138.03535983157087,0.0006776687,0.0012578268,0.0006443191
7413.775,6.3192554,-0.003949917,219642,890.9046565414639,138.0370176555661,6837.0425,5.328639,3438.1306,2.1291428,7413.775,6.3192554,0,,,,,890.9046565414639,0.0005292928,138.0370176555661,0.00067745574,0.0027588634,0.0006071928
7394.027,6.31603,-0.0039498657,219643,890.9054168806553,138.03554370585238,6819.1465,5.325919,3445.1975,2.1311743,7394.027,6.31603,0,,,,,890.9054168806553,0.0005301027,138.03554370585238,0.0006786445,0.0024683767,-0.00086852984
7401.662,6.314867,-0.003949814,219644,890.9050186263394,138.03624540741998,6826.998,5.3249383,3437.3228,2.1283727,7401.662,6.314867,0,,,,,890.9050186263394,0.00052963995,138.03624540741998,0.00067776506,0.0023549104,0.0010810485
7408.4995,6.317984,-0.003949763,219645,890.9032909146343,138.03653812236163,6833.1753,5.327567,3434.7866,2.128848,7408.4995,6.317984,0,,,,,890.9032909146343,0.00052897,138.03653812236163,0.00067774474,0.0019024047,-8.1131446e-05
7407.466,6.3168683,-0.003949711,219646,890.9046062046631,138.03641153630795,6831.358,5.326626,3438.9092,2.1298263,7407.466,6.3168683,0,,,,,890.9046062046631,0.0005293442,138.03641153630795,0.0006776548,0.0032086594,-7.786041e-05
7406.4785,6.3160334,-0.0039496594,219647,890.9035508453564,138.03625685082886,6830.8643,5.325922,3437.9087,2.1287344,7406.4785,6.3160334,0,,,,,890.9035508453564,0.00052946224,138.03625685082886,0.00067736924,0.0027857528,0.0011180983
7400.8037,6.315664,-0.003949608,219648,890.9031518871769,138.03497204677493,6826.4766,5.32561,3437.4822,2.1294765,7400.8037,6.315664,0,,,,,890.9031518871769,0.00052954373,138.03497204677493,0.0006776734,0.0025526101,0.00018800268
7400.6167,6.316081,-0.0039495565,219649,890.9038667700004,138.03588093391048,6825.902,5.325962,3436.6047,2.129338,7400.6167,6.316081,0,,,,,890.9038667700004,0.00052981905,138.03588093391048,0.0006782734,0.0017399637,-4.6957746e-05
7400.332,6.3172445,-0.003949505,219650,890.9046346965082,138.0357532231204,6825.5566,5.3269434,3438.901,2.129996,7400.332,6.3172445,0,,,,,890.9046346965082,0.0005301927,138.0357532231204,0.00067846494,0.0028975792,0.00016906203
7410.471,6.3197517,-0.003949453,219651,890.9040138941194,138.03701702232226,6835.4224,5.3290577,3440.0205,2.1305122,7410.471,6.3197517,0,,,,,890.9040138941194,0.0005292685,138.03701702232226,0.0006776092,0.0021959585,0.00039620177
7406.2676,6.3201365,-0.0039494014,219652,890.9036328954338,138.03610942788364,6830.66,5.329382,3446.3176,2.1321447,7406.2676,6.3201365,0,,,,,890.9036328954338,0.0005295963,138.03610942788364,0.00067787495,0.0016685282,0.001724212
7399.911,6.321307,-0.0039493497,219653,890.9025274454982,138.03705276847495,6824.7476,5.330369,3447.16,2.1329978,7399.911,6.321307,0,,,,,890.9025274454982,0.00053005957,138.03705276847495,0.00067882135,0.0020184736,0.00096405
7406.7837,6.320776,-0.0039492976,219654,890.9042168571174,138.03519132377377,6831.24,5.3299212,3448.3096,2.131935,7406.7837,6.320776,0,,,,,890.9042168571174,0.0005297102,138.03519132377377,0.00067848247,0.0021989627,-0.0010163622
7411.1113,6.327706,-0.003949246,219655,890.9040927067282,138.03607577981597,6835.0283,5.335765,3458.2937,2.1364899,7411.1113,6.327706,0,,,,,890.9040927067282,0.0005300919,138.03607577981597,0.00067851134,0.002670043,0.0007860457
7404.934,6.3235545,-0.003949194,219656,890.9042569754109,138.03663615110196,6829.758,5.332264,3455.921,2.1349576,7404.934,6.3235545,0,,,,,890.9042569754109,0.00052985986,138.03663615110196,0.00067858724,0.0016261145,0.0006539791
7407.9175,6.324981,-0.003949142,219657,890.9041481180244,138.03606792849587,6832.3535,5.333467,3459.5789,2.134643,7407.9175,6.324981,0,,,,,890.9041481180244,0.00052995037,138.03606792849587,0.00067850656,0.0026513746,-0.0009209103
7403.282,6.3260927,-0.0039490904,219658,890.9046786204257,138.03520933956815,6828.4473,5.3344045,3466.5144,2.1363306,7403.282,6.3260927,0,,,,,890.9046786204257,0.00053027703,138.03520933956815,0.0006789723,0.002835904,-0.00011662186
7409.016,6.3272943,-0.003949038,219659,890.90364567822,138.03734832993536,6833.3086,5.3354173,3465.3262,2.1362302,7409.016,6.3272943,0,,,,,890.90364567822,0.0005300549,138.03734832993536,0.00067887304,0.0019814635,0.0013006456
7404.178,6.328064,-0.0039489865,219660,890.9034925146033,138.03585431858752,6829.0205,5.3360662,3471.3203,2.1373584,7404.178,6.328064,0,,,,,890.9034925146033,0.0005305161,138.03585431858752,0.0006794216,0.0025819268,0.00075019913
7404.964,6.3312016,-0.0039489344,219661,890.9036900060275,138.03616317931105,6830.739,5.338712,3468.3123,2.137931,7404.964,6.3312016,0,,,,,890.9036900060275,0.0005303533,138.03616317931105,0.0006797205,0.002125923,-2.6163907e-05
7404.4565,6.326431,-0.0039488827,219662,890.9044258861674,138.0356433263758,6828.4966,5.3346896,3468.6387,2.1369793,7404.4565,6.326431,0,,,,,890.9044258861674,0.00053051824,138.0356433263758,0.00067907944,0.002835093,0.00085479853
7407.5864,6.3283324,-0.0039488305,219663,890.9042709295434,138.0354619970541,6831.0522,5.3362927,3466.051,2.1369193,7407.5864,6.3283324,0,,,,,890.9042709295434,0.0005303069,138.0354619970541,0.0006790956,0.0027513613,0.00030469353
7400.4434,6.324657,-0.0039487784,219664,890.9039791749341,138.03537438184162,6826.326,5.333194,3463.4436,2.1363482,7400.4434,6.324657,0,,,,,890.9039791749341,0.0005304914,138.03537438184162,0.0006790443,0.0022861585,-0.0008793341
7410.6523,6.3245673,-0.003948726,219665,890.9035294466936,138.03725427378663,6834.8003,5.333118,3456.7349,2.1337817,7410.6523,6.3245673,0,,,,,890.9035294466936,0.0005296814,138.03725427378663,0.00067827135,0.002063573,0.0016762478
7398.2046,6.320567,-0.003948674,219666,890.9039191630769,138.03550466838308,6823.988,5.329745,3452.0947,2.132698,7398.2046,6.320567,0,,,,,890.9039191630769,0.00053040305,138.03550466838308,0.000678772,0.0024558525,0.00069535826
7403.3057,6.318399,-0.003948622,219667,890.9037916357652,138.03707900208008,6827.611,5.3279166,3447.6401,2.1312182,7403.3057,6.318399,0,,,,,890.9037916357652,0.00052958535,138.03707900208008,0.00067822327,0.0030770355,0.00089061883
7410.9956,6.3163576,-0.0039485698,219668,890.9039288909819,138.03629801832815,6834.1387,5.3261952,3434.9116,2.1292393,7410.9956,6.3163576,0,,,,,890.9039288909819,0.00052910513,138.03629801832815,0.00067717064,0.0021868576,-0.0005092095
7406.752,6.3121347,-0.0039485176,219669,890.9038546515463,138.03615937729262,6830.5103,5.3226347,3426.4768,2.1260703,7406.752,6.3121347,0,,,,,890.9038546515463,0.0005292051,138.03615937729262,0.0006772709,0.0021531084,0.00064092886
7413.098,6.30939,-0.0039484655,219670,890.9033648029045,138.03648371861402,6836.468,5.32032,3415.2725,2.1237218,7413.098,6.30939,0,,,,,890.9033648029045,0.00052825577,138.03648371861402,0.0006762308,0.0015904674,0.00058097736
7406.304,6.303969,-0.003948413,219671,890.9049122525843,138.03601170629614,6827.7373,5.3157487,3408.3335,2.1210167,7406.304,6.303969,0,,,,,890.9049122525843,0.0005285794,138.03601170629614,0.00067647017,0.0026722704,0.001331454
7418.109,6.301848,-0.0039483607,219672,890.9045336587969,138.0352007579698,6839.3843,5.31396,3392.9324,2.1173162,7418.109,6.301848,0,,,,,890.9045336587969,0.0005276907,138.0352007579698,0.0006751541,0.0029329038,-0.0004002013
7416.864,6.295949,-0.0039483085,219673,890.9039688608509,138.03712461282507,6839.7915,5.3089857,3377.101,2.1131635,7416.864,6.295949,0,,,,,890.9039688608509,0.00052704546,138.03712461282507,0.00067440845,0.0016047321,0.0007917427
7403.6133,6.289959,-0.003948256,219674,890.9046250324396,138.03591111780892,6828.553,5.303935,3370.123,2.1115053,7403.6133,6.289959,0,,,,,890.9046250324396,0.00052731915,138.03591111780892,0.00067482487,0.0029006696,0.00020666543
7407.799,6.285567,-0.0039482038,219675,890.9042244398702,138.03585603244463,6831.779,5.3002315,3355.0657,2.1074295,7407.799,6.285567,0,,,,,890.9042244398702,0.00052681926,138.03585603244463,0.00067379244,0.0021887715,0.00096102076
7418.031,6.28232,-0.003948151,219676,890.9045180748722,138.0365993763922,6840.0044,5.2974935,3341.4834,2.1031723,7418.031,6.28232,0,,,,,890.9045180748722,0.0005257274,138.0365993763922,0.0006726076,0.0024354293,0.0008976115
7410.871,6.2753415,-0.003948099,219677,890.904385445552,138.0356911412056,6834.04,5.291609,3326.6785,2.09928,7410.871,6.2753415,0,,,,,890.904385445552,0.00052606233,138.0356911412056,0.0006722398,0.0025872034,-0.0009926326
7407.1646,6.270417,-0.0039480464,219678,890.903107009859,138.03807062581396,6829.9995,5.2874565,3317.8015,2.096477,7407.1646,6.270417,0,,,,,890.903107009859,0.0005257553,138.03807062581396,0.0006723395,0.002584294,0.002856891
7412.757,6.266904,-0.0039479937,219679,890.9044040334434,138.03686351947113,6834.78,5.2844944,3303.5273,2.093172,7412.757,6.266904,0,,,,,890.9044040334434,0.00052504713,138.03686351947113,0.0006711743,0.0011853355,0.00048805928
7412.235,6.2622595,-0.0039479416,219680,890.9037315803517,138.0370015951602,6835.6274,5.2805777,3289.2263,2.0892649,7412.235,6.2622595,0,,,,,890.9037315803517,0.0005245331,138.0370015951602,0.0006706221,0.0022183147,0.0006923173
7409.5664,6.2571745,-0.003947889,219681,890.9051080899461,138.03739712435092,6832.7095,5.27629,3275.7515,2.0866296,7409.5664,6.2571745,0,,,,,890.9051080899461,0.0005244632,138.03739712435092,0.0006702633,0.0029054245,0.0015023546
7407.239,6.251519,-0.0039478363,219682,890.9041652145078,138.0364353283517,6830.375,5.271521,3265.5437,2.0826342,7407.239,6.251519,0,,,,,890.9041652145078,0.0005241772,138.0364353283517,0.00066961546,0.0022302275,0.0010000645
7405.2876,6.245839,-0.0039477837,219683,890.9043652741009,138.03555965195758,6828.8936,5.2667313,3252.818,2.0789948,7405.2876,6.245839,0,,,,,890.9043652741009,0.00052377395,138.03555965195758,0.00066928484,0.0020839039,-0.00073712
7416.4604,6.2440214,-0.003947731,219684,890.9043686273546,138.0365021861742,6837.949,5.2651987,3238.151,2.075891,7416.4604,6.2440214,0,,,,,890.9043686273546,0.0005232767,138.0365021861742,0.00066812214,0.0024978486,0.00068270124
7426.7056,6.240756,-0.0039476785,219685,890.9050449350269,138.0368700761857,6847.9355,5.262445,3224.6155,2.0722654,7426.7056,6.240756,0,,,,,890.9050449350269,0.00052204914,138.0368700761857,0.0006664542,0.0032899482,0.0005112722
7395.667,6.2314997,-0.0039476254,219686,890.9043872250669,138.036512528862,6820.502,5.25464,3221.0432,2.0705078,7395.667,6.2314997,0,,,,,890.9043872250669,0.00052322634,138.036512528862,0.00066797604,0.0024136647,0.000781953
7392.381,6.2308073,-0.003947573,219687,890.9037741593385,138.0366874180938,6819.4434,5.2540565,3210.3315,2.0686395,7392.381,6.2308073,0,,,,,890.9037741593385,0.0005233153,138.0366874180938,0.00066850573,0.002346074,0.00060146156
7403.218,6.2244706,-0.00394752,219688,890.904249579342,138.03666003578138,6827.238,5.2487125,3199.3213,2.0641093,7403.218,6.2244706,0,,,,,890.904249579342,0.00052227115,138.03666003578138,0.00066660874,0.002281585,0.0013413809
7405.376,6.2224994,-0.0039474675,219689,890.9046271172972,138.03765960137343,6829.3696,5.247051,3187.7092,2.0634522,7405.376,6.2224994,0,,,,,890.9046271172972,0.0005221467,138.03765960137343,0.0006661735,0.0028043406,0.0019431774
7409.903,6.221137,-0.0039474145,219690,890.904746724949,138.03647459584062,6832.4023,5.2459016,3178.0217,2.0600436,7409.903,6.221137,0,,,,,890.904746724949,0.0005214296,138.03647459584062,0.0006658635,0.0030337893,5.812584e-05
7404.104,6.2114596,-0.003947362,219691,890.9043555750259,138.03654825699016,6828.0864,5.237741,3165.388,2.0553427,7404.104,6.2114596,0,,,,,890.9043555750259,0.00052110094,138.03654825699016,0.0006652388,0.002870268,0.00028350658
7403.004,6.2096815,-0.0039473088,219692,890.9044400146827,138.03739768565134,6827.718,5.236242,3159.9604,2.0545216,7403.004,6.2096815,0,,,,,890.9044400146827,0.0005209225,138.03739768565134,0.0006647816,0.0019366954,0.0027717077
7407.909,6.2063317,-0.003947256,219693,890.9059804056911,138.03538226724805,6831.7246,5.2334175,3148.4963,2.0505705,7407.909,6.2063317,0,,,,,890.9059804056911,0.0005205556,138.03538226724805,0.0006638255,0.002887507,-0.00011248275
7396.268,6.20172,-0.003947203,219694,890.9058256012145,138.03600146915332,6820.6685,5.2295284,3143.4756,2.0498652,7396.268,6.20172,0,,,,,890.9058256012145,0.0005210383,138.03600146915332,0.00066453253,0.002981633,-3.587808e-05
7397.545,6.2004285,-0.00394715,219695,890.9036752961662,138.03694715250998,6821.8906,5.2284393,3135.0173,2.0475123,7397.545,6.2004285,0,,,,,890.9036752961662,0.00052063365,138.03694715250998,0.00066413986,0.0021842585,0.0021075255
7407.3486,6.198787,-0.0039470973,219696,890.9044337125256,138.03668213350124,6830.6,5.2270555,3128.4734,2.045266,7407.3486,6.198787,0,,,,,890.9044337125256,0.00052001845,138.03668213350124,0.0006629528,0.0017320167,0.0014639763
7402.9604,6.1951704,-0.0039470443,219697,890.9051399668492,138.03499764578896,6826.567,5.2240057,3123.352,2.043545,7402.9604,6.1951704,0,,,,,890.9051399668492,0.00052000454,138.03499764578896,0.00066320464,0.0030315751,0.0007366424
7399.5605,6.1926193,-0.003946991,219698,890.9038337938276,138.03624986226455,6823.6685,5.2218547,3117.9746,2.0421627,7399.5605,6.1926193,0,,,,,890.9038337938276,0.0005198976,138.03624986226455,0.0006629055,0.0021319583,0.0007154935
7408.818,6.1928644,-0.003946938,219699,890.9049373265108,138.0369184436791,6829.189,5.222061,3113.4983,2.0410628,7408.818,6.1928644,0,,,,,890.9049373265108,0.00051955204,138.0369184436791,0.0006628885,0.0026941234,0.0007663326
7409.0854,6.191749,-0.003946885,219700,890.9043503399073,138.03550368384438,6832.19,5.2211204,3108.9368,2.0399735,7409.0854,6.191749,0,,,,,890.9043503399073,0.00051930064,138.03550368384438,0.0006618518,0.0025448264,-8.42431e-05
7406.7397,6.188947,-0.003946832,219701,890.9049936893224,138.03622317357818,6830.648,5.218758,3104.724,2.0381167,7406.7397,6.188947,0,,,,,890.9049936893224,0.0005192485,138.03622317357818,0.00066170126,0.0028682947,0.0012126935
7410.7656,6.186846,-0.003946779,219702,890.9036364852049,138.03624258835853,6832.1274,5.2169857,3096.4565,2.0367215,7410.7656,6.186846,0,,,,,890.9036364852049,0.00051902555,138.03624258835853,0.0006616343,0.0028659627,0.0006656405
7402.6626,6.1843147,-0.0039467257,219703,890.905305009946,138.03561067916021,6825.94,5.214852,3090.8293,2.0351355,7402.6626,6.1843147,0,,,,,890.905305009946,0.0005191343,138.03561067916021,0.00066180225,0.002970448,0.00014782658
7411.218,6.182439,-0.0039466727,219704,890.9038350485963,138.03901871027594,6835.503,5.21327,3084.4822,2.032811,7411.218,6.182439,0,,,,,890.9038350485963,0.00051824615,138.03901871027594,0.0006607602,0.001722008,0.0021908998
7402.136,6.178829,-0.0039466196,219705,890.9046668004803,138.03585567435033,6825.6304,5.210226,3081.7148,2.0320323,7402.136,6.178829,0,,,,,890.9046668004803,0.0005187744,138.03585567435033,0.0006608591,0.0028424389,4.5491164e-05
7410.5884,6.1786623,-0.003946566,219706,890.9039679835381,138.03694553248863,6834.1465,5.2100854,3073.1243,2.0304906,7410.5884,6.1786623,0,,,,,890.9039679835381,0.0005179971,138.03694553248863,0.00066000235,0.0025688072,0.001527733
7408.5625,6.175971,-0.003946513,219707,890.904311303045,138.0369712982061,6831.287,5.207816,3070.0544,2.028874,7408.5625,6.175971,0,,,,,890.904311303045,0.0005181641,138.0369712982061,0.0006601737,0.0018360404,0.0011582125
7411.581,6.1745462,-0.0039464594,219708,890.905473537089,138.03721501484227,6832.7534,5.2066145,3062.9604,2.0289795,7411.581,6.1745462,0,,,,,890.905473537089,0.0005179018,138.03721501484227,0.00066000846,0.00277915,0.00028819614
7399.9526,6.167457,-0.0039464063,219709,890.9053065415985,138.03634323023027,6822.492,5.200637,3054.2976,2.0241466,7399.9526,6.167457,0,,,,,890.9053065415985,0.0005181306,138.03634323023027,0.00066022517,0.0032526979,4.4965494e-05
7398.29,6.168436,-0.0039463528,219710,890.9054145198472,138.03632525550026,6822.589,5.2014623,3052.153,2.024436,7398.29,6.168436,0,,,,,890.9054145198472,0.00051828695,138.03632525550026,0.0006600895,0.0022371968,0.0021849351
7405.389,6.164043,-0.0039462997,219711,890.905172272147,138.0367578689796,6828.762,5.197758,3038.4465,2.0212674,7405.389,6.164043,0,,,,,890.905172272147,0.00051743374,138.0367578689796,0.0006588758,0.00232196,0.0011718287
7397.7383,6.1616406,-0.003946246,219712,890.9054321216635,138.03699296674444,6821.8145,5.195732,3032.4365,2.0195827,7397.7383,6.1616406,0,,,,,890.9054321216635,0.0005177393,138.03699296674444,0.0006592706,0.0028630903,0.0010678144
7400.414,6.158206,-0.0039461926,219713,890.9042040560236,138.03648062364266,6824.046,5.192836,3026.7158,2.0172074,7400.414,6.158206,0,,,,,890.9042040560236,0.00051718,138.03648062364266,0.0006587189,0.002037964,0.00056638283
7392.709,6.153818,-0.0039461395,219714,890.9046821778537,138.03519788344173,6817.9077,5.189136,3020.5493,2.0156813,7392.709,6.153818,0,,,,,890.9046821778537,0.0005171972,138.03519788344173,0.0006586457,0.0024221025,0.00024768108
7393.8125,6.151567,-0.003946086,219715,890.9042295311491,138.0360674841832,6818.129,5.1872377,3013.464,2.0140743,7393.8125,6.151567,0,,,,,890.9042295311491,0.0005170859,138.0360674841832,0.0006585426,0.0022276675,0.0009991133
7401.3223,6.1491313,-0.0039460324,219716,890.9038440310978,138.03597674988308,6825.182,5.1851835,3003.6326,2.0106132,7401.3223,6.1491313,0,,,,,890.9038440310978,0.000516285,138.03597674988308,0.0006574852,0.0024664109,0.0017504361
7404.74,6.1459575,-0.003945979,219717,890.9048431161223,138.0373471271749,6828.952,5.1825075,2991.1099,2.0068212,7404.74,6.1459575,0,,,,,890.9048431161223,0.0005157501,138.0373471271749,0.00065681635,0.0035661014,0.0016885584
7391.577,6.1401415,-0.0039459253,219718,890.9056608604782,138.035655586366,6816.692,5.1776032,2988.6958,2.0059083,7391.577,6.1401415,0,,,,,890.9056608604782,0.00051633676,138.035655586366,0.00065734726,0.0021650407,0.0004922372
7407.798,6.137365,-0.0039458717,219719,890.9049346214081,138.0362620701045,6830.2812,5.175262,2970.9004,2.001334,7407.798,6.137365,0,,,,,890.9049346214081,0.0005151026,138.0362620701045,0.0006551559,0.00248305,0.0005359675
7409.7075,6.1351967,-0.003945818,219720,890.9051311913394,138.0364748094997,6830.2363,5.173434,2962.3252,1.9998479,7409.7075,6.1351967,0,,,,,890.9051311913394,0.0005148065,138.0364748094997,0.0006553895,0.0035239256,0.0013055333
7403.5425,6.1305413,-0.0039457646,219721,890.9058820359963,138.03528306631748,6826.003,5.1695075,2951.3218,1.9959058,7403.5425,6.1305413,0,,,,,890.9058820359963,0.0005146714,138.03528306631748,0.0006552503,0.0028732754,-0.0009552425
7399.3574,6.121512,-0.003945711,219722,890.9048266844179,138.036986003086,6821.941,5.161894,2937.018,1.9913062,7399.3574,6.121512,0,,,,,890.9048266844179,0.00051446666,138.036986003086,0.0006543217,0.0032746487,0.0021227074
7411.1294,6.11965,-0.003945657,219723,890.9048647639895,138.03607712105153,6833.233,5.1603236,2925.2444,1.987641,7411.1294,6.11965,0,,,,,890.9048647639895,0.00051344215,138.03607712105153,0.00065300154,0.0027009768,9.4246716e-05
7404.176,6.1129837,-0.0039456035,219724,890.9066076550783,138.0363760222813,6828.274,5.1547027,2909.9768,1.9843833,7404.176,6.1129837,0,,,,,890.9066076550783,0.0005134142,138.0363760222813,0.00065235374,0.003235401,0.0010073186
7405.796,6.1088486,-0.00394555,219725,890.9043628451738,138.03582094652728,6828.343,5.1512156,2898.126,1.9808545,7405.796,6.1088486,0,,,,,890.9043628451738,0.00051298726,138.03582094652728,0.00065212284,0.002053977,0.0010353699
7411.121,6.10572,-0.003945496,219726,890.905825163492,138.03626943019518,6833.2856,5.148578,2889.4382,1.9773926,7411.121,6.10572,0,,,,,890.905825163492,0.00051243795,138.03626943019518,0.0006513466,0.0027176326,0.0015073298
7398.6465,6.098834,-0.0039454424,219727,890.905276145575,138.0368696618435,6822.855,5.1427712,2875.5327,1.9738195,7398.6465,6.098834,0,,,,,890.905276145575,0.00051262113,138.0368696618435,0.00065177155,0.0027480253,-0.00056236365
7405.833,6.0937767,-0.0039453884,219728,890.9054391014486,138.03701890183228,6829.0283,5.1385064,2859.628,1.9697394,7405.833,6.0937767,0,,,,,890.9054391014486,0.00051194313,138.03701890183228,0.00065012136,0.002429466,0.0018647772
7400.154,6.0891247,-0.003945335,219729,890.9061016769729,138.03517792179187,6825.058,5.1345835,2843.887,1.9663512,7400.154,6.0891247,0,,,,,890.9061016769729,0.0005119281,138.03517792179187,0.00065004005,0.0021438964,0.0007709753
7406.763,6.083796,-0.003945281,219730,890.9046885435879,138.03725442929664,6828.8047,5.13009,2828.2888,1.9611526,7406.763,6.083796,0,,,,,890.9046885435879,0.0005109901,138.03725442929664,0.0006491419,0.0022538356,0.0011732252
7386.925,6.075148,-0.0039452272,219731,890.9056694181169,138.0374836007655,6813.065,5.1227984,2817.863,1.958699,7386.925,6.075148,0,,,,,890.9056694181169,0.00051153236,138.0374836007655,0.0006495671,0.002791524,0.0024625575
7407.764,6.0716105,-0.003945173,219732,890.9049362172342,138.0382587048968,6830.3525,5.119815,2800.7139,1.9525073,7407.764,6.0716105,0,,,,,890.9049362172342,0.0005097113,138.0382587048968,0.0006474716,0.0026361647,0.00046746933
7389.28,6.0658283,-0.003945119,219733,890.9044842986006,138.0364675763456,6815.7676,5.1149397,2790.3774,1.9506079,7389.28,6.0658283,0,,,,,890.9044842986006,0.0005101363,138.0364675763456,0.0006481966,0.0023768507,0.0017617065
7393.021,6.059571,-0.003945065,219734,890.9064994029479,138.036522987675,6817.9834,5.109663,2775.3096,1.9474273,7393.021,6.059571,0,,,,,890.9064994029479,0.00050982606,138.036522987675,0.00064714457,0.0029938591,-0.00049949705
7407.096,6.056858,-0.003945011,219735,890.9046808563239,138.03785286812396,6830.1987,5.1073756,2763.1077,1.9428037,7407.096,6.056858,0,,,,,890.9046808563239,0.00050855475,138.03785286812396,0.0006453174,0.002192052,0.0023615202
7406.3022,6.0508003,-0.003944957,219736,890.9045381584904,138.03655272742225,6829.957,5.1022673,2751.709,1.938102,7406.3022,6.0508003,0,,,,,890.9045381584904,0.0005083302,138.03655272742225,0.0006446697,0.0024719816,0.001131107
7397.9526,6.0470905,-0.003944903,219737,890.9060136046197,138.03628011172725,6821.075,5.0991387,2745.1555,1.936456,7397.9526,6.0470905,0,,,,,890.9060136046197,0.00050842663,138.03628011172725,0.00064491184,0.0031686136,0.0009335032
7397.2256,6.0441046,-0.003944849,219738,890.9053657801875,138.03562314673437,6822.281,5.096621,2730.547,1.9331427,7397.2256,6.0441046,0,,,,,890.9053657801875,0.0005079723,138.03562314673437,0.0006447856,0.0020834745,0.0008602641
7402.937,6.038082,-0.003944795,219739,890.9052886061254,138.03670566313167,6827.2803,5.091543,2719.2122,1.9283774,7402.937,6.038082,0,,,,,890.9052886061254,0.00050725427,138.03670566313167,0.0006435189,0.002383042,0.0008185445
7396.1436,6.0336313,-0.003944741,219740,890.9044836987255,138.0363735695678,6819.4033,5.08779,2715.1362,1.9272654,7396.1436,6.0336313,0,,,,,890.9044836987255,0.0005078044,138.0363735695678,0.00064376456,0.0027627887,0.0022834414
7400.131,6.0324173,-0.003944687,219741,890.9051350872306,138.0369910337529,6824.3286,5.086766,2701.9265,1.9252071,7400.131,6.0324173,0,,,,,890.9051350872306,0.00050709245,138.0369910337529,0.0006430191,0.0021394498,0.001531016
7409.784,6.029091,-0.003944633,219742,890.905419309676,138.0366307363121,6831.445,5.083961,2694.344,1.9209898,7409.784,6.029091,0,,,,,890.905419309676,0.0005064332,138.0366307363121,0.000641982,0.002776129,0.0016417968
7401.9976,6.025094,-0.0039445786,219743,890.9040885081416,138.03857385089245,6825.7725,5.080591,2687.5894,1.9202152,7401.9976,6.025094,0,,,,,890.9040885081416,0.00050637545,138.03857385089245,0.0006418616,0.0014106408,0.0027288115
7390.9077,6.017525,-0.0039445246,219744,890.906705190426,138.03538222806614,6815.6875,5.0742087,2675.9695,1.915633,7390.9077,6.017525,0,,,,,890.906705190426,0.00050655054,138.03538222806614,0.000642227,0.0031142686,0.000822792
7392.4463,6.0163097,-0.0039444705,219745,890.9061237917872,138.0364920835511,6816.118,5.0731835,2669.8674,1.9159813,7392.4463,6.0163097,0,,,,,890.9061237917872,0.0005065297,138.0364920835511,0.00064186734,0.0026669344,3.6251473e-05
7401.102,6.0155053,-0.003944416,219746,890.9046222117881,138.03690174981148,6824.938,5.072505,2664.1096,1.9126703,7401.102,6.0155053,0,,,,,890.9046222117881,0.0005056694,138.03690174981148,0.0006412309,0.0021656547,0.0013071225
7399.6626,6.0152774,-0.003944362,219747,890.9059356056425,138.03769239409462,6823.5894,5.072313,2657.0608,1.9109924,7399.6626,6.0152774,0,,,,,890.9059356056425,0.0005057204,138.03769239409462,0.000641197,0.0034534466,0.0025699215
7396.607,6.011005,-0.0039443076,219748,890.9049348897545,138.03644249708483,6819.8896,5.0687103,2654.98,1.909827,7396.607,6.011005,0,,,,,890.9049348897545,0.00050592795,138.03644249708483,0.00064068247,0.002542002,0.00090440694
7403.003,6.01004,-0.0039442535,219749,890.9054535213756,138.03666243186822,6826.637,5.0678964,2650.9316,1.9081135,7403.003,6.01004,0,,,,,890.9054535213756,0.00050527055,138.03666243186822,0.0006402613,0.0033937502,0.0013261351
7396.13,6.0079155,-0.003944199,219750,890.9060916916072,138.03666414331238,6820.13,5.066105,2649.6038,1.9079164,7396.13,6.0079155,0,,,,,890.9060916916072,0.00050558586,138.03666414331238,0.0006402234,0.002765409,0.0006835772
7393.5615,6.0074344,-0.0039441446,219751,890.9057808084572,138.03705712804248,6817.246,5.0656996,2646.7183,1.9094564,7393.5615,6.0074344,0,,,,,890.9057808084572,0.0005056445,138.03705712804248,0.00064081734,0.0031853965,0.0008318651
7396.4263,6.0054545,-0.0039440906,219752,890.904547078937,138.03596655842938,6819.361,5.0640297,2645.5474,1.9065427,7396.4263,6.0054545,0,,,,,890.904547078937,0.00050540466,138.03596655842938,0.0006400562,0.002819303,0.0012327972
7402.03,6.006458,-0.003944036,219753,890.9043666801618,138.03730533076532,6825.124,5.064876,2642.6218,1.9058113,7402.03,6.006458,0,,,,,890.9043666801618,0.000505102,138.03730533076532,0.0006395424,0.0011834848,0.0024343377
7402.43,6.005764,-0.0039439816,219754,890.9059863730122,138.0359777620843,6826.4556,5.064291,2639.942,1.9047831,7402.43,6.005764,0,,,,,890.9059863730122,0.0005050628,138.0359777620843,0.0006396306,0.0035427655,0.0009022863
7390.047,6.0027714,-0.003943927,219755,890.9054319904462,138.0360020499397,6814.476,5.061767,2642.138,1.905174,7390.047,6.0027714,0,,,,,890.9054319904462,0.0005054463,138.0360020499397,0.0006403748,0.0029051788,0.0005171194
7399.6577,6.0047655,-0.0039438726,219756,890.9063000304114,138.03458708069445,6821.0986,5.063449,2641.271,1.9053528,7399.6577,6.0047655,0,,,,,890.9063000304114,0.00050537725,138.03458708069445,0.00063982955,0.0030568915,-0.0001968337
7402.7397,6.0077395,-0.003943818,219757,890.9045584260222,138.03867547886063,6825.4795,5.065957,2643.8599,1.9063504,7402.7397,6.0077395,0,,,,,890.9045584260222,0.0005050974,138.03867547886063,0.0006400216,0.0020363014,0.0033503931
7396.237,6.005742,-0.0039437637,219758,890.9065135594353,138.03560841527957,6820.6157,5.0642724,2644.7012,1.905949,7396.237,6.005742,0,,,,,890.9065135594353,0.000505477,138.03560841527957,0.0006398751,0.0028853454,0.0007499088
7394.194,6.0061426,-0.003943709,219759,890.904987769986,138.0371268789971,6817.108,5.06461,2645.765,1.9069544,7394.194,6.0061426,0,,,,,890.904987769986,0.0005054746,138.0371268789971,0.00064064295,0.0024631063,0.0019906214
7397.7803,6.006726,-0.0039436547,219760,890.9054720573741,138.0368633826261,6821.5874,5.0651016,2645.5774,1.906801,7397.7803,6.006726,0,,,,,890.9054720573741,0.00050519966,138.0368633826261,0.00064021547,0.002249983,0.00028142886
7401.6963,6.008254,-0.0039436,219761,890.905201142352,138.03870395305506,6823.7114,5.0663905,2647.5596,1.907262,7401.6963,6.008254,0,,,,,890.905201142352,0.0005053354,138.03870395305506,0.0006405064,0.0019707384,0.003073142
7400.1777,6.010154,-0.0039435453,219762,890.9062675286591,138.0357191454971,6822.6265,5.0679927,2650.5154,1.9081436,7400.1777,6.010154,0,,,,,890.9062675286591,0.0005057762,138.0357191454971,0.00064075436,0.003309672,-0.0006225719
7397.1064,6.0112486,-0.003943491,219763,890.9049312597717,138.03646192313136,6820.196,5.068916,2656.3132,1.9106944,7397.1064,6.0112486,0,,,,,890.9049312597717,0.0005056907,138.03646192313136,0.00064059545,0.0016479704,0.0017611902
7396.7314,6.0109916,-0.0039434363,219764,890.9056191163104,138.03779058445036,6820.08,5.068699,2657.4993,1.9102498,7396.7314,6.0109916,0,,,,,890.9056191163104,0.0005057374,138.03779058445036,0.0006406948,0.0019745221,0.001822017
7392.2476,6.0129476,-0.0039433814,219765,890.9057112774684,138.0358866851357,6815.166,5.0703487,2662.163,1.9128151,7392.2476,6.0129476,0,,,,,890.9057112774684,0.0005062416,138.0358866851357,0.00064184546,0.0034395142,0.0002807916
7395.781,6.01303,-0.003943327,219766,890.9066165721306,138.0355566221367,6818.1133,5.070418,2664.5347,1.9124445,7395.781,6.01303,0,,,,,890.9066165721306,0.0005062373,138.0355566221367,0.0006413907,0.0028891151,0.0004572021
7391.875,6.0149097,-0.0039432724,219767,890.9063457310364,138.03559885920137,6814.6177,5.072003,2668.8652,1.9139086,7391.875,6.0149097,0,,,,,890.9063457310364,0.000506616,138.03559885920137,0.00064177555,0.0030638012,0.0012528164
7396.9863,6.016056,-0.0039432175,219768,890.9055918124772,138.03766888516876,6820.489,5.0729694,2670.221,1.9137427,7396.9863,6.016056,0,,,,,890.9055918124772,0.0005063181,138.03766888516876,0.0006415131,0.0023043414,0.0023824552
7406.379,6.018987,-0.003943163,219769,890.9052586328755,138.03700614480968,6826.6035,5.075441,2670.4104,1.9142412,7406.379,6.018987,0,,,,,890.9052586328755,0.0005058174,138.03700614480968,0.0006413627,0.0035848324,0.00026073097
7392.1157,6.017533,-0.003943108,219770,890.9042940354885,138.03807329848516,6816.046,5.074215,2675.5437,1.9152294,7392.1157,6.017533,0,,,,,890.9042940354885,0.0005066871,138.03807329848516,0.000641948,0.0017069188,0.0017390944
7400.162,6.020523,-0.003943053,219771,890.9054323331385,138.03647665990266,6824.049,5.0767365,2679.621,1.9163338,7400.162,6.020523,0,,,,,890.9054323331385,0.00050632167,138.03647665990266,0.0006418126,0.0029532996,0.00019933091
7399.159,6.021713,-0.0039429986,219772,890.9050526868008,138.0366128764264,6821.795,5.0777392,2682.5508,1.917726,7399.159,6.021713,0,,,,,890.9050526868008,0.000506525,138.0366128764264,0.0006421693,0.0025251657,0.0010738166
7399.7744,6.0243516,-0.0039429436,219773,890.9051213674566,138.0367231065379,6823.4307,5.0799646,2687.6814,1.9193993,7399.7744,6.0243516,0,,,,,890.9051213674566,0.0005065433,138.0367231065379,0.00064203335,0.0023833837,0.0016739684
7397.8867,6.022864,-0.0039428887,219774,890.9054449070513,138.0361046901285,6820.8394,5.07871,2686.7349,1.9187657,7397.8867,6.022864,0,,,,,890.9054449070513,0.0005066322,138.0361046901285,0.0006424196,0.0025976247,0.0020158722
7398.2583,6.023502,-0.0039428337,219775,890.9062195602924,138.03563984451145,6819.751,5.079248,2687.2449,1.9188608,7398.2583,6.023502,0,,,,,890.9062195602924,0.00050685834,138.03563984451145,0.00064240524,0.0033957788,0.0011414251
7405.157,6.0259857,-0.003942779,219776,890.9049919681727,138.0363303138534,6827.196,5.0813427,2688.0017,1.9195262,7405.157,6.0259857,0,,,,,890.9049919681727,0.000506532,138.0363303138534,0.00064193545,0.0021079683,0.0018994804
7404.318,6.025178,-0.003942724,219777,890.905388281694,138.03684378596077,6826.374,5.0806613,2686.1526,1.9195305,7404.318,6.025178,0,,,,,890.905388281694,0.00050667906,138.03684378596077,0.0006418895,0.0027886687,0.0015765418
7416.1606,6.025564,-0.0039426694,219778,890.9052672840489,138.03683907038416,6836.588,5.080987,2682.5295,1.9172642,7416.1606,6.025564,0,,,,,890.9052672840489,0.00050582516,138.03683907038416,0.0006410671,0.0024883917,0.0009104164
7395.8647,6.0246067,-0.0039426144,219779,890.9071931366711,138.03695184173873,6820.741,5.0801797,2686.855,1.9190977,7395.8647,6.0246067,0,,,,,890.9071931366711,0.00050675863,138.03695184173873,0.0006424377,0.0035909556,0.0016899598
7399.588,6.0228715,-0.003942559,219780,890.9061973554074,138.03774242876713,6823.591,5.0787168,2683.7803,1.9178307,7399.588,6.0228715,0,,,,,890.9061973554074,0.00050644716,138.03774242876713,0.00064194226,0.0026198467,0.0017197019
7402.7124,6.02359,-0.003942504,219781,890.9059314255928,138.03723156363208,6825.409,5.079323,2680.7344,1.9173541,7402.7124,6.02359,0,,,,,890.9059314255928,0.00050614413,138.03723156363208,0.0006421244,0.0022871427,0.0012597956
7407.4526,6.025221,-0.003942449,219782,890.9050721896773,138.03615919690682,6828.709,5.080698,2677.4443,1.917623,7407.4526,6.025221,0,,,,,890.9050721896773,0.0005067849,138.03615919690682,0.0006418809,0.0033823522,0.0007505966
7406.9385,6.019672,-0.003942394,219783,890.9048219673458,138.03807512134196,6828.789,5.0760183,2673.906,1.9149406,7406.9385,6.019672,0,,,,,890.9048219673458,0.00050572376,138.03807512134196,0.0006412726,0.0021967008,0.0019462703
7403.3447,6.0180883,-0.003942339,219784,890.9050461811829,138.03784336690748,6825.6235,5.074683,2670.921,1.9146568,7403.3447,6.0180883,0,,,,,890.9050461811829,0.00050616957,138.03784336690748,0.0006411997,0.0020888774,0.0020048905
7397.0884,6.015047,-0.0039422843,219785,890.906741360296,138.03637961246807,6819.556,5.0721188,2667.6914,1.9134014,7397.0884,6.015047,0,,,,,890.906741360296,0.0005060504,138.03637961246807,0.0006415554,0.0038870904,0.0013625609
7403.063,6.0140934,-0.003942229,219786,890.9049425406021,138.03752729353843,6825.217,5.0713143,2659.9946,1.9110609,7403.063,6.0140934,0,,,,,890.9049425406021,0.00050550874,138.03752729353843,0.00064103893,0.0023919616,0.0024728775
7405.98,6.0130715,-0.003942174,219787,890.9058198290222,138.03646865650677,6827.7983,5.070453,2656.6462,1.9098533,7405.98,6.0130715,0,,,,,890.9058198290222,0.0005054497,138.03646865650677,0.00064039096,0.0026247469,0.0013678184
7405.373,6.012187,-0.003942119,219788,890.9048925543079,138.03676991731655,6827.4375,5.069707,2654.2957,1.9107472,7405.373,6.012187,0,,,,,890.9048925543079,0.0005051666,138.03676991731655,0.00064034795,0.003179483,0.0010795302
7398.378,6.008119,-0.0039420635,219789,890.9050196605803,138.03607920594743,6821.5195,5.0662766,2648.9653,1.9078232,7398.378,6.008119,0,,,,,890.9050196605803,0.00050556863,138.03607920594743,0.0006400903,0.0024951582,0.0016139431
7401.669,6.007081,-0.0039420086,219790,890.9049783144965,138.03749156316937,6825.0635,5.0654016,2643.5432,1.9062243,7401.669,6.007081,0,,,,,890.9049783144965,0.0005049549,138.03749156316937,0.00063990976,0.0024099203,0.0017685941
7403.351,6.0058746,-0.003941953,219791,890.905720678456,138.03684993451043,6824.099,5.0643845,2640.6318,1.9054801,7403.351,6.0058746,0,,,,,890.905720678456,0.00050509453,138.03684993451043,0.0006400768,0.0031060313,0.0015349961
7408.637,6.0038285,-0.0039418982,219792,890.9064517299136,138.03667286933822,6829.288,5.062659,2633.1553,1.9029075,7408.637,6.0038285,0,,,,,890.9064517299136,0.00050461554,138.03667286933822,0.00063933554,0.0034486153,0.0014543403
7402.0083,6.0025754,-0.003941843,219793,890.9051256214958,138.03708515525355,6825.488,5.061602,2631.0115,1.9032965,7402.0083,6.0025754,0,,,,,890.9051256214958,0.0005047578,138.03708515525355,0.0006391267,0.002209274,0.0016151902
7405.7324,6.000821,-0.0039417874,219794,890.9050540327303,138.03738407480319,6828.296,5.0601225,2624.8918,1.9009131,7405.7324,6.000821,0,,,,,890.9050540327303,0.00050440547,138.03738407480319,0.00063877774,0.0018070781,0.0024666612
7397.1943,5.999755,-0.0039417325,219795,890.9061605633966,138.03431905059261,6820.4453,5.0592237,2624.4912,1.9004879,7397.1943,5.999755,0,,,,,890.9061605633966,0.00050541724,138.03431905059261,0.00063893123,0.0028604076,0.0008664365
7404.7275,5.998731,-0.003941677,219796,890.9057129438789,138.03631872311328,6826.872,5.0583606,2619.2083,1.899925,7404.7275,5.998731,0,,,,,890.9057129438789,0.0005041528,138.03631872311328,0.00063839386,0.003406896,0.0016367374
7406.9604,5.997038,-0.0039416216,219797,890.9054369869658,138.03682331502358,6828.624,5.056933,2613.318,1.89788,7406.9604,5.997038,0,,,,,890.9054369869658,0.00050418405,138.03682331502358,0.0006382953,0.003163236,0.001263064
7396.615,5.993094,-0.003941566,219798,890.904810041851,138.0365755904451,6819.3047,5.053607,2609.4895,1.8961301,7396.615,5.993094,0,,,,,890.904810041851,0.0005042593,138.0365755904451,0.000638777,0.0030207124,0.0008332064
7401.0005,5.9905057,-0.0039415113,219799,890.906219688016,138.0366610991002,6824.032,5.051424,2604.1191,1.8941457,7401.0005,5.9905057,0,,,,,890.906219688016,0.0005038526,138.0366610991002,0.00063762855,0.0027216373,0.0027417718
7405.0127,5.988708,-0.003941456,219800,890.9056116127136,138.0372791038206,6827.073,5.0499086,2595.6099,1.892861,7405.0127,5.988708,0,,,,,890.9056116127136,0.0005034024,138.0372791038206,0.0006375393,0.0029639073,0.0019951707
7407.9185,5.990132,-0.0039414004,219801,890.9046497429085,138.03708338454467,6829.1235,5.0511093,2595.7473,1.8919492,7407.9185,5.990132,0,,,,,890.9046497429085,0.0005035353,138.03708338454467,0.0006372684,0.0020827039,0.0016462306
7397.7095,5.9858437,-0.003941345,219802,890.9067270484579,138.03577785966104,6820.279,5.0474935,2590.5718,1.8918012,7397.7095,5.9858437,0,,,,,890.9067270484579,0.0005038085,138.03577785966104,0.0006375819,0.003273233,0.0006048854
7400.4326,5.9812036,-0.0039412896,219803,890.9046927601771,138.03652607852572,6822.7715,5.0435805,2581.1746,1.8878261,7400.4326,5.9812036,0,,,,,890.9046927601771,0.0005032161,138.03652607852572,0.0006367284,0.002629129,0.0015975742
7415.199,5.98189,-0.003941234,219804,890.9055132500271,138.03587025902613,6836.5044,5.0441594,2573.1064,1.8849077,7415.199,5.98189,0,,,,,890.9055132500271,0.0005023042,138.03587025902613,0.0006355564,0.0028531123,0.0011565547
7402.6206,5.977213,-0.003941179,219805,890.9053523690624,138.03672509619167,6825.075,5.0402155,2568.7778,1.8843265,7402.6206,5.977213,0,,,,,890.9053523690624,0.000502696,138.03672509619167,0.00063623383,0.0031719757,0.0014076472
7396.8022,5.974411,-0.0039411234,219806,890.9055352068597,138.03614864097426,6820.9126,5.037853,2564.5632,1.8830758,7396.8022,5.974411,0,,,,,890.9055352068597,0.0005025881,138.03614864097426,0.00063606066,0.0021627485,0.0018246665
7408.942,5.9752626,-0.0039410675,219807,890.9060196835234,138.03636198791477,6830.2476,5.038571,2559.5852,1.8811855,7408.942,5.9752626,0,,,,,890.9060196835234,0.0005021966,138.03636198791477,0.00063535443,0.0036356787,0.0017063547
7407.6294,5.970696,-0.003941012,219808,890.9049699225034,138.03751685069395,6828.3887,5.03472,2547.1604,1.8777512,7407.6294,5.970696,0,,,,,890.9049699225034,0.00050181453,138.03751685069395,0.0006349116,0.0016475496,0.0030166951
7404.1953,5.9658804,-0.0039409567,219809,890.9058069108456,138.03609712120138,6825.7007,5.030659,2538.4297,1.8750384,7404.1953,5.9658804,0,,,,,890.9058069108456,0.00050192926,138.03609712120138,0.0006345604,0.004136229,0.0007853963
7407.218,5.9618664,-0.0039409013,219810,890.9056589129294,138.03591120293316,6829.115,5.0272746,2527.5967,1.8714539,7407.218,5.9618664,0,,,,,890.9056589129294,0.00050118525,138.03591120293316,0.0006339245,0.0028032635,-9.690815e-06
7407.268,5.959126,-0.0039408454,219811,890.9047942552891,138.0376184812018,6828.2427,5.024964,2520.5952,1.8696321,7407.268,5.959126,0,,,,,890.9047942552891,0.00050102803,138.0376184812018,0.00063343026,0.0026814707,0.002935099
7404.662,5.9541388,-0.00394079,219812,890.9055351008175,138.0373553926126,6825.0024,5.0207586,2506.2727,1.86688,7404.662,5.9541388,0,,,,,890.9055351008175,0.00050088635,138.0373553926126,0.000633225,0.0021611387,0.002249697
7406.764,5.948839,-0.0039407345,219813,890.9067545505918,138.03637423708048,6827.5405,5.0162897,2494.4722,1.8624318,7406.764,5.948839,0,,,,,890.9067545505918,0.0005002861,138.03637423708048,0.000632164,0.0029778027,0.0014804706
7392.7993,5.942076,-0.0039406787,219814,890.9066499589999,138.03580236167141,6814.909,5.0105867,2484.762,1.858164,7392.7993,5.942076,0,,,,,890.9066499589999,0.0005007923,138.03580236167141,0.0006325187,0.0025416021,0.0023413405
7399.05,5.9373894,-0.0039406233,219815,890.9060609192674,138.03549484083103,6820.8496,5.0066347,2471.1726,1.8543817,7399.05,5.9373894,0,,,,,890.9060609192674,0.00049966853,138.03549484083103,0.0006314689,0.0033043628,0.002333733
7411.1123,5.933139,-0.0039405674,219816,890.9060500553976,138.03801115642904,6831.3325,5.0030503,2452.5237,1.8496509,7411.1123,5.933139,0,,,,,890.9060500553976,0.0004987132,138.03801115642904,0.0006297109,0.0019747138,0.0032225393
7400.5347,5.92497,-0.003940512,219817,890.9059996718153,138.0377548697561,6822.2544,4.996163,2437.6543,1.8440946,7400.5347,5.92497,0,,,,,890.9059996718153,0.00049873744,138.0377548697561,0.000629964,0.0036021937,0.0015690785
7398.8203,5.916538,-0.003940456,219818,890.9049114024863,138.03730025984257,6819.6533,4.9890523,2421.481,1.8391101,7398.8203,5.916538,0,,,,,890.9049114024863,0.0004983395,138.03730025984257,0.0006293063,0.0023402094,0.0028133432
7396.693,5.912408,-0.0039404007,219819,890.9071249672234,138.03607300388526,6818.7036,4.9855695,2404.8098,1.8343304,7396.693,5.912408,0,,,,,890.9071249672234,0.00049847655,138.03607300388526,0.00062881806,0.0038819814,0.0009037618
7399.874,5.905267,-0.003940345,219820,890.9066172898061,138.03601570065774,6821.232,4.979548,2386.9246,1.8292985,7399.874,5.905267,0,,,,,890.9066172898061,0.0004973557,138.03601570065774,0.0006275152,0.0035515563,0.0012057804
7414.3057,5.8978486,-0.003940289,219821,890.9064460902265,138.03768495095568,6832.4155,4.9732924,2367.072,1.8220917,7414.3057,5.8978486,0,,,,,890.9064460902265,0.000495961,138.03768495095568,0.00062567054,0.002467224,0.0024859277
7390.053,5.8861995,-0.0039402335,219822,890.9065326363976,138.0370549968529,6812.139,4.96347,2351.8706,1.8173705,7390.053,5.8861995,0,,,,,890.9065326363976,0.0004964474,138.0370549968529,0.00062606187,0.0029538365,0.0015875575
7398.7,5.8811374,-0.0039401776,219823,890.9061472894142,138.03604091948642,6821.1323,4.959201,2332.2185,1.8122237,7398.7,5.8811374,0,,,,,890.9061472894142,0.0004952912,138.03604091948642,0.0006241846,0.0029554868,0.002003104
7391.4834,5.872202,-0.0039401217,219824,890.90585494398,138.0364788374136,6814.438,4.951667,2314.4248,1.8062929,7391.4834,5.872202,0,,,,,890.90585494398,0.00049507036,138.0364788374136,0.00062412163,0.002795616,0.0021031073
7400.7515,5.867266,-0.003940066,219825,890.9064559423973,138.03590314020352,6822.7935,4.9475045,2294.0222,1.8007576,7400.7515,5.867266,0,,,,,890.9064559423973,0.0004943001,138.03590314020352,0.00062241347,0.0040770983,0.0011698188
7394.4775,5.8586187,-0.00394001,219826,890.9068225326547,138.0368915726359,6816.6465,4.9402122,2275.882,1.7950528,7394.4775,5.8586187,0,,,,,890.9068225326547,0.00049392733,138.0368915726359,0.00062243687,0.0030525583,0.00045690106
7398.3237,5.851207,-0.0039399546,219827,890.906186504334,138.03858308740033,6818.75,4.9339623,2253.8892,1.7876316,7398.3237,5.851207,0,,,,,890.906186504334,0.0004932018,138.03858308740033,0.00062104216,0.0026957474,0.0028735674
7400.285,5.8429613,-0.0039398987,219828,890.9058923809205,138.0365426709473,6820.86,4.9270096,2236.294,1.781912,7400.285,5.8429613,0,,,,,890.9058923809205,0.0004924389,138.0365426709473,0.0006197018,0.0026915409,0.0028239917
7380.618,5.8305535,-0.003939843,219829,890.9063270126377,138.0357000079176,6804.5317,4.916547,2217.75,1.775786,7380.618,5.8305535,0,,,,,890.9063270126377,0.00049228064,138.0357000079176,0.0006195578,0.0032816255,0.00083053816
7393.109,5.826866,-0.003939787,219830,890.9062887476313,138.037221694365,6814.3496,4.9134374,2203.661,1.7706833,7393.109,5.826866,0,,,,,890.9062887476313,0.00049163523,138.037221694365,0.0006183415,0.002488248,0.0027575837
7405.162,5.821013,-0.003939731,219831,890.9070491434687,138.0367435479461,6826.2725,4.9085016,2179.956,1.7642063,7405.162,5.821013,0,,,,,890.9070491434687,0.00049042533,138.0367435479461,0.0006165882,0.0034098583,0.0012474536
7400.752,5.8114266,-0.003939675,219832,890.9065193077241,138.0370921824606,6821.4087,4.9004183,2160.2144,1.7578477,7400.752,5.8114266,0,,,,,890.9065193077241,0.0004897374,138.0370921824606,0.0006154245,0.003326562,0.001518275
7393.56,5.803878,-0.0039396193,219833,890.9064183073431,138.03737484737033,6816.1187,4.8940525,2146.9124,1.7531376,7393.56,5.803878,0,,,,,890.9064183073431,0.00048953545,138.03737484737033,0.00061489193,0.0028316893,0.0021206408
7393.638,5.79742,-0.0039395634,219834,890.9059143087181,138.037880969203,6814.8804,4.888607,2129.4946,1.7479417,7393.638,5.79742,0,,,,,890.9059143087181,0.00048929924,138.037880969203,0.00061469496,0.0028876853,0.0009628463
7393.237,5.7919426,-0.003939507,219835,890.90636931379,138.0377948437833,6815.1646,4.8839884,2117.803,1.7427998,7393.237,5.7919426,0,,,,,890.90636931379,0.0004887228,138.0377948437833,0.0006138994,0.0030191406,0.0029467149
7397.2295,5.7853765,-0.003939451,219836,890.9069805354525,138.03732766590912,6819.254,4.878452,2098.4834,1.7367862,7397.2295,5.7853765,0,,,,,890.9069805354525,0.00048804822,138.03732766590912,0.0006126013,0.003692572,0.001013929
7392.8994,5.7789392,-0.0039393953,219837,890.9052742428196,138.0379933020772,6814.5493,4.873023,2086.2468,1.7330003,7392.8994,5.7789392,0,,,,,890.9052742428196,0.0004877268,138.0379933020772,0.00061202,0.0027801932,0.003452205
7395.8325,5.7741284,-0.0039393394,219838,890.9061445594502,138.0369814570724,6817.5654,4.8689666,2071.1082,1.7286797,7395.8325,5.7741284,0,,,,,890.9061445594502,0.000487312,138.0369814570724,0.0006117267,0.0033243743,0.001325962
7386.6865,5.767939,-0.0039392835,219839,890.9055202969847,138.03788933167974,6809.8926,4.8637476,2062.0466,1.7248086,7386.6865,5.767939,0,,,,,890.9055202969847,0.00048714966,138.03788933167974,0.0006113131,0.002747022,0.0025905068
7401.3574,5.7668595,-0.003939227,219840,890.9061864935491,138.03833678348195,6820.0703,4.8628373,2050.0427,1.7237005,7401.3574,5.7668595,0,,,,,890.9061864935491,0.0004862855,138.03833678348195,0.0006102879,0.004315272,0.0029378145
7394.4375,5.758954,-0.0039391713,219841,890.9058684475638,138.03607907096114,6815.177,4.856171,2037.8577,1.7172779,7394.4375,5.758954,0,,,,,890.9058684475638,0.00048602832,138.03607907096114,0.00060951756,0.0022058184,0.0010766679
7396.724,5.7553034,-0.0039391154,219842,890.9056286973355,138.03901059851876,6817.843,4.8530927,2025.9319,1.7147737,7396.724,5.7553034,0,,,,,890.9056286973355,0.00048555617,138.03901059851876,0.0006088815,0.003376727,0.0025784608
7391.937,5.748688,-0.003939059,219843,890.9061350581866,138.03743221198263,6812.2427,4.8475146,2018.3243,1.7094766,7391.937,5.748688,0,,,,,890.9061350581866,0.00048550894,138.03743221198263,0.0006086337,0.0029717688,0.001421158
7387.081,5.7450056,-0.003939003,219844,890.9060289360672,138.03766717444805,6809.302,4.844409,2008.3904,1.7070593,7387.081,5.7450056,0,,,,,890.9060289360672,0.00048519965,138.03766717444805,0.0006084373,0.003059405,0.0025543824
7385.7686,5.743712,-0.0039389473,219845,890.9059786662214,138.03638386292596,6807.16,4.8433185,1999.7404,1.7053955,7385.7686,5.743712,0,,,,,890.9059786662214,0.00048509665,138.03638386292596,0.00060872466,0.0028125334,0.0005628677
7395.071,5.739234,-0.003938891,219846,890.9066453337164,138.04018978270054,6816.076,4.8395424,1989.9467,1.7011069,7395.071,5.739234,0,,,,,890.9066453337164,0.00048433186,138.04018978270054,0.00060749403,0.0031573866,0.0037769778
7392.001,5.7366896,-0.003938835,219847,890.9055995738773,138.0369012248774,6813.5757,4.837397,1984.2754,1.6992911,7392.001,5.7366896,0,,,,,890.9055995738773,0.00048438067,138.0369012248774,0.0006071898,0.0025966098,0.001043716
7394.071,5.733337,-0.003938779,219848,890.9055133639591,138.03841044941962,6815.7773,4.83457,1976.2275,1.6972301,7394.071,5.733337,0,,,,,890.9055133639591,0.00048399207,138.03841044941962,0.0006062261,0.003011844,0.002974404
7394.6787,5.730757,-0.003938723,219849,890.9068567204836,138.03910900047794,6815.2676,4.8323946,1970.0946,1.6953293,7394.6787,5.730757,0,,,,,890.9068567204836,0.00048388916,138.03910900047794,0.0006062718,0.002845841,0.0020590143
7394.764,5.727758,-0.0039386665,219850,890.907177415694,138.0379501748514,6815.039,4.8298655,1963.9705,1.6918918,7394.764,5.727758,0,,,,,890.907177415694,0.00048362475,138.0379501748514,0.00060573674,0.0035697622,0.0022670247
7397.491,5.7284865,-0.00393861,219851,890.906492328126,138.03721481556752,6817.579,4.83048,1955.6659,1.6898869,7397.491,5.7284865,0,,,,,890.906492328126,0.0004834045,138.03721481556752,0.00060594594,0.0037701968,0.0013426502
7391.2295,5.724168,-0.0039385543,219852,890.9057242603118,138.0377413050202,6808.617,4.826838,1952.0929,1.6883272,7391.2295,5.724168,0,,,,,890.9057242603118,0.0004838175,138.0377413050202,0.00060639856,0.002760896,0.0030632154
7402.6143,5.7214856,-0.003938498,219853,890.9064663096924,138.0380730214633,6819.8296,4.8245764,1944.605,1.6854155,7402.6143,5.7214856,0,,,,,890.9064663096924,0.00048294305,138.0380730214633,0.00060480076,0.0026983318,0.0029089532
7395.1094,5.718637,-0.0039384416,219854,890.9070801141938,138.03739353389642,6816.2524,4.8221745,1938.7632,1.6840994,7395.1094,5.718637,0,,,,,890.9070801141938,0.00048285638,138.03739353389642,0.00060465693,0.002397966,0.0024985264
7399.7456,5.7141194,-0.0039383858,219855,890.9061949729579,138.03782142948035,6819.202,4.818365,1928.0707,1.6798775,7399.7456,5.7141194,0,,,,,890.9061949729579,0.0004823336,138.03782142948035,0.0006038723,0.003273058,0.002656307
7398.138,5.7124796,-0.0039383294,219856,890.9061938493275,138.03748631186332,6817.589,4.8169823,1924.811,1.679951,7398.138,5.7124796,0,,,,,890.9061938493275,0.00048216083,138.03748631186332,0.00060374767,0.0036054614,0.0019054922
7390.1294,5.707198,-0.003938273,219857,890.9065201428538,138.03682702440994,6811.258,4.8125286,1917.7095,1.6770178,7390.1294,5.707198,0,,,,,890.9065201428538,0.00048218184,138.03682702440994,0.00060317846,0.0037447196,0.0013370892
7394.7446,5.70621,-0.003938217,219858,890.9062964448925,138.03871419434026,6814.777,4.8116956,1912.03,1.6746713,7394.7446,5.70621,0,,,,,890.9062964448925,0.0004820145,138.03871419434026,0.0006029947,0.0030218537,0.0031129192
7402.5864,5.705481,-0.003938161,219859,890.9062807666177,138.0387957796638,6821.654,4.811081,1906.0632,1.6729754,7402.5864,5.705481,0,,,,,890.9062807666177,0.0004814298,138.0387957796638,0.0006027063,0.0029071844,0.0032239289
7395.824,5.701834,-0.0039381045,219860,890.9064802761907,138.03815070752447,6815.197,4.808006,1901.144,1.6710515,7395.824,5.701834,0,,,,,890.9064802761907,0.00048156848,138.03815070752447,0.0006028239,0.003675161,0.002372287
7402.7476,5.70473,-0.003938048,219861,890.9065845695702,138.03807236987484,6820.481,4.810447,1897.953,1.6723714,7402.7476,5.70473,0,,,,,890.9065845695702,0.00048129223,138.03807236987484,0.00060259417,0.0034422786,0.0012930118
7390.8857,5.69698,-0.003937992,219862,890.905614123413,138.03899874514562,6811.411,4.803912,1890.5526,1.6685541,7390.8857,5.69698,0,,,,,890.905614123413,0.00048123338,138.03899874514562,0.0006020789,0.003250332,0.003792268
7393.8193,5.693394,-0.0039379355,219863,890.9069315760538,138.0362761354456,6811.548,4.8008885,1883.9803,1.6655191,7393.8193,5.693394,0,,,,,890.9069315760538,0.00048117095,138.0362761354456,0.0006018796,0.003975666,0.00017199464
7392.823,5.6904817,-0.003937879,219864,890.9061199521205,138.03826443865188,6812.403,4.798433,1877.284,1.6626468,7392.823,5.6904817,0,,,,,890.9061199521205,0.00048079563,138.03826443865188,0.00060137606,0.002465858,0.0024752454
7400.588,5.6893415,-0.0039378228,219865,890.9055545147263,138.0372436855308,6818.7173,4.7974715,1870.7115,1.6613569,7400.588,5.6893415,0,,,,,890.9055545147263,0.0004802348,138.0372436855308,0.00060048205,0.0027890601,0.0020706314
7404.2544,5.688766,-0.0039377664,219866,890.9064652711696,138.0373871756745,6819.927,4.7969856,1867.0465,1.6595738,7404.2544,5.688766,0,,,,,890.9064652711696,0.00047998395,138.0373871756745,0.0006009426,0.0037625728,0.0024678318
7393.3286,5.684887,-0.0039377105,219867,890.9071903770557,138.03705702263647,6812.0327,4.793715,1861.2377,1.6584485,7393.3286,5.684887,0,,,,,890.9071903770557,0.00048026125,138.03705702263647,0.00060058455,0.0024834329,0.0014925507
7394.698,5.6813755,-0.0039376537,219868,890.9053198972803,138.03939541030783,6813.5845,4.790754,1854.1423,1.6555337,7394.698,5.6813755,0,,,,,890.9053198972803,0.00047973826,138.03939541030783,0.0006003865,0.002446348,0.0044695013
7392.971,5.6797314,-0.0039375974,219869,890.9071711795439,138.03764871617813,6812.5854,4.7893677,1850.4062,1.6537158,7392.971,5.6797314,0,,,,,890.9071711795439,0.00048016215,138.03764871617813,0.00059974816,0.0035444866,0.0022286181
7383.194,5.6744027,-0.003937541,219870,890.9076122757023,138.03717580730165,6803.5747,4.784874,1844.6285,1.6515418,7383.194,5.6744027,0,,,,,890.9076122757023,0.00048002737,138.03717580730165,0.0005999162,0.003706487,0.0015691031
7394.192,5.6753135,-0.0039374847,219871,890.9072867844704,138.03748204748854,6812.885,4.785642,1840.1633,1.6500905,7394.192,5.6753135,0,,,,,890.9072867844704,0.000479359,138.03748204748854,0.00059956306,0.0034038713,0.0025830094
7389.6924,5.6725497,-0.0039374284,219872,890.9061133224996,138.03757355180826,6808.7354,4.783312,1835.8397,1.6491086,7389.6924,5.6725497,0,,,,,890.9061133224996,0.00047953296,138.03757355180826,0.000599591,0.0025815659,0.0016335937
7395.9956,5.6727304,-0.003937372,219873,890.9058957058551,138.03873051325596,6813.766,4.783464,1831.5663,1.6477426,7395.9956,5.6727304,0,,,,,890.9058957058551,0.00047920013,138.03873051325596,0.0005991374,0.0026758553,0.003955247
7403.747,5.672343,-0.0039373157,219874,890.9071931186262,138.03837722968566,6820.5645,4.7831373,1826.1729,1.6465111,7403.747,5.672343,0,,,,,890.9071931186262,0.0004789244,138.03837722968566,0.0005981409,0.0032275377,0.0034086853
7405.511,5.6724377,-0.0039372593,219875,890.9064287285536,138.03688867917933,6821.4556,4.7832174,1821.7089,1.6447831,7405.511,5.6724377,0,,,,,890.9064287285536,0.00047843676,138.03688867917933,0.0005986105,0.0025837636,0.0021833484
7395.0557,5.665736,-0.003937203,219876,890.9065919494632,138.036435363905,6812.883,4.7775664,1817.2305,1.6427816,7395.0557,5.665736,0,,,,,890.9065919494632,0.00047878936,138.036435363905,0.0005985017,0.0043039056,0.0010162772
7403.4146,5.6690373,-0.0039371466,219877,890.9062394498994,138.0389603057683,6820.4053,4.78035,1812.3188,1.6418592,7403.4146,5.6690373,0,,,,,890.9062394498994,0.000478699,138.0389603057683,0.00059843634,0.0024908308,0.0036514048
7389.3564,5.662485,-0.00393709,219878,890.9068810569077,138.03758401915465,6807.89,4.774825,1808.4873,1.6409783,7389.3564,5.662485,0,,,,,890.9068810569077,0.00047896715,138.03758401915465,0.00059844804,0.0028927012,0.001300507
7398.815,5.66158,-0.0039370335,219879,890.9076207416892,138.03846249790934,6815.8433,4.7740617,1803.7439,1.6387075,7398.815,5.66158,0,,,,,890.9076207416892,0.0004783349,138.03846249790934,0.0005974154,0.0036761328,0.0039515514
7391.106,5.6591387,-0.003936977,219880,890.9062006849281,138.03890480396515,6808.8916,4.7720027,1801.1576,1.6375239,7391.106,5.6591387,0,,,,,890.9062006849281,0.00047856764,138.03890480396515,0.0005980407,0.0031742936,0.0032145102
7389.984,5.657232,-0.003936921,219881,890.9060666404152,138.03713375827613,6807.2485,4.7703953,1798.3892,1.6360574,7389.984,5.657232,0,,,,,890.9060666404152,0.0004785688,138.03713375827613,0.00059806166,0.0031615125,0.00051424874
7388.165,5.6548343,-0.003936864,219882,890.9064216069212,138.03796683105537,6805.9956,4.7683735,1794.3262,1.6349827,7388.165,5.6548343,0,,,,,890.9064216069212,0.00047843804,138.03796683105537,0.0005975017,0.0038073314,0.0033851943
7393.837,5.6541986,-0.0039368076,219883,890.9053536985392,138.03772345247904,6810.913,4.767838,1789.3275,1.6334342,7393.837,5.6541986,0,,,,,890.9053536985392,0.00047798103,138.03772345247904,0.000597042,0.0016626207,0.0034237267
7392.4946,5.6537395,-0.0039367513,219884,890.9069348696513,138.03722546597356,6810.424,4.7674503,1788.164,1.6339146,7392.4946,5.6537395,0,,,,,890.9069348696513,0.00047805157,138.03722546597356,0.0005968539,0.0032974023,0.0020184438
7402.4976,5.654533,-0.0039366945,219885,890.9065219634942,138.03838841183745,6819.1997,4.7681193,1783.4467,1.6327143,7402.4976,5.654533,0,,,,,890.9065219634942,0.00047728923,138.03838841183745,0.0005963878,0.0030417347,0.0020814296
7395.5664,5.652054,-0.003936638,219886,890.9070872790172,138.0386477208474,6812.8604,4.766029,1781.9049,1.6315085,7395.5664,5.652054,0,,,,,890.9070872790172,0.00047767162,138.0386477208474,0.0005963159,0.0031554746,0.003441756
7398.7363,5.6519866,-0.003936582,219887,890.9063809992317,138.03786699053,6815.8833,4.765972,1781.6576,1.6308852,7398.7363,5.6519866,0,,,,,890.9063809992317,0.0004774223,138.03786699053,0.0005963803,0.0027875048,0.0028259142
7404.3433,5.6511765,-0.003936525,219888,890.9071486275175,138.03768837164247,6820.8467,4.765289,1777.9202,1.6286339,7404.3433,5.6511765,0,,,,,890.9071486275175,0.0004768971,138.03768837164247,0.00059563277,0.003207916,0.0017329693
7399.34,5.648725,-0.0039364686,219889,890.9060656445882,138.03776864615008,6813.4673,4.763222,1776.016,1.6278832,7399.34,5.648725,0,,,,,890.9060656445882,0.00047747162,138.03776864615008,0.00059599656,0.0025451565,0.003441255
7401.2837,5.647217,-0.0039364123,219890,890.9068716152923,138.0373273872095,6814.747,4.76195,1771.3232,1.6268092,7401.2837,5.647217,0,,,,,890.9068716152923,0.00047721266,138.0373273872095,0.0005960848,0.0042454847,0.0028018793
7405.06,5.648332,-0.0039363555,219891,890.906925699635,138.03706833116186,6819.3906,4.762891,1770.0135,1.6265262,7405.06,5.648332,0,,,,,890.906925699635,0.0004772224,138.03706833116186,0.0005956416,0.0029544842,0.0019522911
7401.1157,5.6467476,-0.003936299,219892,890.9061363066176,138.03800541896666,6815.9844,4.7615542,1766.9816,1.6256031,7401.1157,5.6467476,0,,,,,890.9061363066176,0.00047716935,138.03800541896666,0.0005958015,0.0037504954,0.0028805537
7395.179,5.644814,-0.0039362423,219893,890.9066388983256,138.0383633735016,6810.378,4.759924,1768.9873,1.6257117,7395.179,5.644814,0,,,,,890.9066388983256,0.00047726746,138.0383633735016,0.0005959454,0.0030522426,0.0032270842
7407.6157,5.6453257,-0.003936186,219894,890.9063113230656,138.03712607475157,6823.387,4.7603555,1763.325,1.6230108,7407.6157,5.6453257,0,,,,,890.9063113230656,0.00047636547,138.03712607475157,0.0005950328,0.0031906774,0.0019006755
7397.6484,5.645412,-0.003936129,219895,890.9066570106465,138.03863660303753,6814.801,4.7604284,1764.9609,1.6244907,7397.6484,5.645412,0,,,,,890.9066570106465,0.00047692374,138.03863660303753,0.0005955374,0.0031946888,0.003985121
7401.562,5.644176,-0.003936073,219896,890.907289282784,138.03756947268988,6817.595,4.7593865,1762.7781,1.623709,7401.562,5.644176,0,,,,,890.907289282784,0.0004769776,138.03756947268988,0.0005951493,0.0040035597,0.00074016745
7398.751,5.642562,-0.003936016,219897,890.9067916687591,138.03797259595737,6814.163,4.7580247,1761.2162,1.6233491,7398.751,5.642562,0,,,,,890.9067916687591,0.00047682005,138.03797259595737,0.00059485453,0.0030036527,0.0041289553
7386.7344,5.6392856,-0.0039359597,219898,890.906824772328,138.0367590838449,6804.934,4.7552624,1758.7037,1.6221832,7386.7344,5.6392856,0,,,,,890.906824772328,0.0004770982,138.0367590838449,0.0005955468,0.0035313305,0.0017754777
7367.4883,5.6328344,-0.003935903,219899,890.9070390332757,138.03654886662775,6786.962,4.749822,1755.29,1.6216065,7367.4883,5.6328344,0,,,,,890.9070390332757,0.00047783548,138.03654886662775,0.000596649,0.0031784817,0.0011178355
7353.8276,5.6292195,-0.0039358465,219900,890.9067682316054,138.03772151920487,6776.8364,4.746774,1753.7642,1.6200453,7353.8276,5.6292195,0,,,,,890.9067682316054,0.0004784847,138.03772151920487,0.0005973416,0.0033096552,0.0039060065
7344.4575,5.6265554,-0.0039357897,219901,890.9060262602076,138.03705476960013,6769.216,4.744528,1751.9834,1.6209219,7344.4575,5.6265554,0,,,,,890.9060262602076,0.00047843496,138.03705476960013,0.0005977907,0.0032462222,0.0020495066
7339.0176,5.626922,-0.0039357333,219902,890.9060230237628,138.03763361679285,6764.384,4.744837,1750.7996,1.6203547,7339.0176,5.626922,0,,,,,890.9060230237628,0.0004787882,138.03763361679285,0.0005983618,0.0020383662,0.002939292
7340.746,5.623544,-0.0039356765,219903,890.9062222604091,138.03699835553664,6764.913,4.741988,1749.8875,1.6185552,7340.746,5.623544,0,,,,,890.9062222604091,0.00047887786,138.03699835553664,0.0005976687,0.0032394119,0.0024865486
7339.267,5.625287,-0.00393562,219904,890.9062745135116,138.0366139089875,6762.574,4.7434583,1755.1482,1.620086,7339.267,5.625287,0,,,,,890.9062745135116,0.00047899678,138.0366139089875,0.00059805403,0.0036961022,0.003016436
7342.004,5.625961,-0.0039355634,219905,890.906262512619,138.0353110394546,6766.918,4.744026,1748.1278,1.6193866,7342.004,5.625961,0,,,,,890.906262512619,0.0004790705,138.0353110394546,0.0005977412,0.0029353597,0.0012635018
7338.1553,5.6216917,-0.0039355066,219906,890.9063343211956,138.03638727369113,6762.6914,4.7404265,1746.3053,1.618314,7338.1553,5.6216917,0,,,,,890.9063343211956,0.00047853106,138.03638727369113,0.0005977491,0.003077593,0.0016453286
7347.436,5.6230016,-0.00393545,219907,890.906227619809,138.03660580471134,6771.0015,4.741531,1743.0289,1.6178312,7347.436,5.6230016,0,,,,,890.906227619809,0.0004781688,138.03660580471134,0.0005970714,0.0039112065,0.0025609143
7336.2837,5.6219325,-0.0039353934,219908,890.9069185871075,138.03694265857587,6761.0195,4.740629,1746.1492,1.6177764,7336.2837,5.6219325,0,,,,,890.9069185871075,0.00047878112,138.03694265857587,0.00059831113,0.003943943,0.0013245307
7348.342,5.621703,-0.003935337,219909,890.9057961832109,138.03917105476273,6772.2617,4.740436,1742.2941,1.6162559,7348.342,5.621703,0,,,,,890.9057961832109,0.0004779856,138.03917105476273,0.00059655943,0.0027641514,0.0038338162
7337.495,5.62439,-0.0039352803,219910,890.9065628420016,138.03650388666227,6763.3555,4.742702,1746.5426,1.6192023,7337.495,5.62439,0,,,,,890.9065628420016,0.00047876296,138.03650388666227,0.00059808954,0.0028221093,0.0007933188
7340.0015,5.6203485,-0.0039352234,219911,890.9075204457562,138.03744706608668,6764.4956,4.7392936,1741.1094,1.6163765,7340.0015,5.6203485,0,,,,,890.9075204457562,0.00047837544,138.03744706608668,0.0005972668,0.0043015503,0.0025201417
7339.9326,5.621227,-0.003935167,219912,890.9065574168978,138.03658108068996,6764.0903,4.7400346,1744.5616,1.617033,7339.9326,5.621227,0,,,,,890.9065574168978,0.0004784343,138.03658108068996,0.00059737754,0.0028326113,0.0025240863
7344.1895,5.6210146,-0.0039351103,219913,890.9058656479265,138.03792535982825,6767.3906,4.739856,1743.4856,1.6165271,7344.1895,5.6210146,0,,,,,890.9058656479265,0.00047837308,138.03792535982825,0.00059723726,0.0025688289,0.002821303
7342.241,5.622383,-0.003935054,219914,890.9071292912463,138.03699537689747,6764.816,4.741009,1744.9122,1.6182631,7342.241,5.622383,0,,,,,890.9071292912463,0.00047856066,138.03699537689747,0.00059750414,0.0032670486,0.0010924019
7352.5083,5.623178,-0.003934997,219915,890.9072504666505,138.037792527091,6773.9956,4.74168,1743.7106,1.6176401,7352.5083,5.623178,0,,,,,890.9072504666505,0.00047792896,138.037792527091,0.00059661374,0.003709624,0.0031180647
7368.931,5.6278076,-0.0039349403,219916,890.9065049152043,138.03643122707328,6788.8433,4.7455835,1743.1407,1.6174439,7368.931,5.6278076,0,,,,,890.9065049152043,0.00047739205,138.03643122707328,0.00059565733,0.0032805915,0.0013691792
7385.3647,5.632355,-0.003934884,219917,890.9060722507162,138.03851040344784,6802.144,4.7494183,1745.151,1.617521,7385.3647,5.632355,0,,,,,890.9060722507162,0.0004767634,138.03851040344784,0.00059484766,0.0028650942,0.0037636487
7401.2236,5.6386223,-0.003934827,219918,890.9067435886977,138.03770853886087,6817.727,4.754703,1742.1797,1.6178626,7401.2236,5.6386223,0,,,,,890.9067435886977,0.00047652345,138.03770853886087,0.00059444027,0.002927029,0.0021711679
7403.4775,5.6354513,-0.0039347704,219919,890.9059007869096,138.03886683739998,6819.2676,4.7520294,1739.5195,1.6160246,7403.4775,5.6354513,0,,,,,890.9059007869096,0.00047587065,138.03886683739998,0.0005940547,0.0031769078,0.0034335754
7395.984,5.6327276,-0.003934714,219920,890.9065767583344,138.0381282368801,6811.6387,4.749732,1741.984,1.6155775,7395.984,5.6327276,0,,,,,890.9065767583344,0.00047647516,138.0381282368801,0.00059439376,0.003215497,0.0029196376
7396.9966,5.6375046,-0.003934657,219921,890.9058996136337,138.03736524048688,6812.763,4.7537603,1745.1562,1.6191254,7396.9966,5.6375046,0,,,,,890.9058996136337,0.00047647711,138.03736524048688,0.00059450115,0.0030153731,0.0029302682
7401.916,5.635454,-0.0039346004,219922,890.9065477679175,138.03770181741075,6816.665,4.7520313,1741.7146,1.6162108,7401.916,5.635454,0,,,,,890.9065477679175,0.00047620828,138.03770181741075,0.0005942381,0.0029722003,0.0015159418
7405.454,5.635131,-0.003934544,219923,890.9061032100738,138.03759954917408,6819.807,4.751759,1740.9374,1.6160692,7405.454,5.635131,0,,,,,890.9061032100738,0.00047604035,138.03759954917408,0.00059397455,0.0033280633,0.0024183292
7402.1724,5.6366563,-0.0039344872,219924,890.9066850544559,138.03856479476877,6816.574,4.753045,1739.7715,1.6168872,7402.1724,5.6366563,0,,,,,890.9066850544559,0.0004764199,138.03856479476877,0.0005941705,0.0024356297,0.0028289522
7398.737,5.6342916,-0.0039344304,219925,890.9063729021829,138.03935722838204,6814.304,4.751051,1740.2329,1.6156684,7398.737,5.6342916,0,,,,,890.9063729021829,0.00047624687,138.03935722838204,0.0005943588,0.0029061886,0.0033211217
7399.3125,5.6339493,-0.003934374,219926,890.9052452509694,138.0383563799248,6814.061,4.7507625,1742.8696,1.6158706,7399.3125,5.6339493,0,,,,,890.9052452509694,0.000476075,138.0383563799248,0.0005943894,0.0031390255,0.003382739
7403.2627,5.634806,-0.0039343173,219927,890.9074310052836,138.03767065836524,6815.6157,4.7514853,1741.8843,1.6170356,7403.2627,5.634806,0,,,,,890.9074310052836,0.00047605566,138.03767065836524,0.000594045,0.0041553774,0.0013348791
7404.2407,5.6363664,-0.0039342605,219928,890.906568757795,138.03802317049235,6818.7354,4.752801,1742.131,1.618795,7404.2407,5.6363664,0,,,,,890.906568757795,0.00047586567,138.03802317049235,0.0005940461,0.0027478393,0.0028915887
7402.7183,5.6392384,-0.003934204,219929,890.9057965535392,138.03891162053654,6817.262,4.7552223,1740.3386,1.6169816,7402.7183,5.6392384,0,,,,,890.9057965535392,0.00047600621,138.03891162053654,0.00059481885,0.0028218096,0.0030220463
7399.2144,5.6349587,-0.0039341473,219930,890.9067373873106,138.03692984251447,6812.9272,4.7516136,1739.0885,1.6160718,7399.2144,5.6349587,0,,,,,890.9067373873106,0.00047670476,138.03692984251447,0.0005944958,0.0031111427,0.0015708724
7405.924,5.6358614,-0.0039340905,219931,890.9065295017713,138.03779425494454,6820.767,4.752375,1740.3335,1.6160506,7405.924,5.6358614,0,,,,,890.9065295017713,0.00047583174,138.03779425494454,0.0005937831,0.0029816807,0.002699549
7405.263,5.6354356,-0.003934034,219932,890.906632352506,138.03725389639658,6817.9263,4.752016,1740.3207,1.6157765,7405.263,5.6354356,0,,,,,890.906632352506,0.00047626824,138.03725389639658,0.000594125,0.003483292,0.0022888407
7404.1206,5.6346636,-0.0039339773,219933,890.9069570085786,138.0370319090516,6819.155,4.751364,1739.88,1.6156071,7404.1206,5.6346636,0,,,,,890.9069570085786,0.00047577286,138.0370319090516,0.0005935482,0.0027549155,0.0024787562
7406.17,5.6342,-0.0039339205,219934,890.9069728882781,138.03791800524087,6819.698,4.750974,1740.1063,1.6156409,7406.17,5.6342,0,,,,,890.9069728882781,0.0004758272,138.03791800524087,0.0005935717,0.0024497155,0.001969949
7409.2217,5.634588,-0.003933864,219935,890.9065244296952,138.03863346119743,6823.643,4.751301,1737.2474,1.6144125,7409.2217,5.634588,0,,,,,890.9065244296952,0.00047559905,138.03863346119743,0.0005936934,0.0038169723,0.0030833334
7404.017,5.6366253,-0.0039338074,219936,890.9071512730027,138.03612521866688,6817.2476,4.7530193,1743.5581,1.6170554,7404.017,5.6366253,0,,,,,890.9071512730027,0.0004763877,138.03612521866688,0.0005943854,0.0032372412,0.0010244919
7406.336,5.6371593,-0.0039337506,219937,890.9061433399798,138.03804197969248,6820.397,4.7534695,1742.2822,1.6193964,7406.336,5.6371593,0,,,,,890.9061433399798,0.00047597152,138.03804197969248,0.00059358706,0.0020818259,0.0032072305
7399.9126,5.634069,-0.003933694,219938,890.9067740157009,138.0369266004238,6814.5444,4.7508636,1740.411,1.6159794,7399.9126,5.634069,0,,,,,890.9067740157009,0.00047606157,138.0369266004238,0.0005943915,0.0035008776,0.0011921508
7400.119,5.6355414,-0.0039336374,219939,890.9065946743289,138.03713018759572,6815.053,4.7521048,1743.207,1.6185822,7400.119,5.6355414,0,,,,,890.9065946743289,0.000476326,138.03713018759572,0.00059387536,0.002665689,0.0021289466
7398.662,5.637045,-0.003933581,219940,890.9055818037252,138.03845906931352,6813.818,4.7533727,1740.2242,1.6168473,7398.662,5.637045,0,,,,,890.9055818037252,0.00047662616,138.03845906931352,0.000594854,0.0029986384,0.0022951236
7395.368,5.6330614,-0.0039335242,219941,890.9058510647726,138.03768770238614,6809.1045,4.750014,1742.0188,1.6164138,7395.368,5.6330614,0,,,,,890.9058510647726,0.00047645686,138.03768770238614,0.0005947524,0.0021384752,0.003308262
7396.706,5.632858,-0.0039334674,219942,890.9067218502436,138.0368416950219,6812.2812,4.749842,1739.4104,1.6156062,7396.706,5.632858,0,,,,,890.9067218502436,0.0004763882,138.0368416950219,0.0005943094,0.0033828057,0.0012004513
7391.936,5.632181,-0.003933411,219943,890.9058917480866,138.0388595895154,6808.2476,4.749272,1740.8844,1.6165404,7391.936,5.632181,0,,,,,890.9058917480866,0.00047623977,138.0388595895154,0.0005942893,0.001132023,0.0034709694
7404.732,5.638968,-0.0039333543,219944,890.9073512976507,138.03798696370433,6819.74,4.754995,1740.2029,1.6185068,7404.732,5.638968,0,,,,,890.9073512976507,0.0004758099,138.03798696370433,0.00059429504,0.0032887317,0.0026888177
7399.6313,5.6384144,-0.003933298,219945,890.908247571044,138.03651046714344,6813.715,4.7545276,1743.6682,1.6201732,7399.6313,5.6384144,0,,,,,890.908247571044,0.00047692537,138.03651046714344,0.0005945713,0.005066753,0.00085739593
7399.121,5.6336627,-0.003933241,219946,890.9058395517576,138.03758738381225,6814.6543,4.7505207,1738.2229,1.6179296,7399.121,5.6336627,0,,,,,890.9058395517576,0.00047587536,138.03758738381225,0.00059411995,0.0028485025,0.0017704008
7393.362,5.633498,-0.0039331843,219947,890.9068387464462,138.0369050494708,6808.274,4.750382,1741.2948,1.6160876,7393.362,5.633498,0,,,,,890.9068387464462,0.00047657313,138.0369050494708,0.0005948449,0.0029613182,0.0023255805
7408.986,5.6357484,-0.003933128,219948,890.9056480549859,138.03784589191363,6822.768,4.7522793,1739.9642,1.615784,7408.986,5.6357484,0,,,,,890.9056480549859,0.00047573211,138.03784589191363,0.0005934489,0.0018063699,0.003705032
7407.41,5.6344714,-0.003933071,219949,890.9060524720877,138.03615345556776,6819.122,4.7512026,1739.5012,1.6158916,7407.41,5.6344714,0,,,,,890.9060524720877,0.0004757842,138.03615345556776,0.0005936895,0.0023287793,0.0016968398
7392.8438,5.631537,-0.003933015,219950,890.9069142901933,138.03737428453817,6808.8535,4.7487283,1739.0618,1.6151186,7392.8438,5.631537,0,,,,,890.9069142901933,0.00047650715,138.03737428453817,0.0005942763,0.0023296745,0.0022981884
7398.7817,5.631719,-0.003932958,219951,890.9069381690921,138.03683051252287,6811.8726,4.748882,1738.3123,1.6149185,7398.7817,5.631719,0,,,,,890.9069381690921,0.00047617216,138.03683051252287,0.00059402914,0.003771841,0.0013922678
7401.591,5.6334114,-0.0039329017,219952,890.906503985077,138.0383477222265,6815.217,4.7503085,1740.2578,1.6154894,7401.591,5.6334114,0,,,,,890.906503985077,0.00047606172,138.0383477222265,0.00059409084,0.0026464716,0.0024004579
7402.6924,5.6335,-0.003932845,219953,890.9061127850638,138.0366134360215,6816.255,4.750384,1740.4836,1.6150233,7402.6924,5.6335,0,,,,,890.9061127850638,0.00047575383,138.0366134360215,0.00059399515,0.0016928083,0.0020703382
7402.0903,5.6337595,-0.0039327885,219954,890.9057648907796,138.0374078564494,6816.911,4.7506027,1738.7312,1.6151521,7402.0903,5.6337595,0,,,,,890.9057648907796,0.0004760312,138.0374078564494,0.0005939127,0.002478831,0.002560212
7397.0234,5.633622,-0.0039327317,219955,890.9065011814433,138.03725372783467,6811.738,4.7504864,1738.8248,1.6172926,7397.0234,5.633622,0,,,,,890.9065011814433,0.00047617912,138.03725372783467,0.0005941733,0.0026979805,0.002013981
7405.7344,5.6360145,-0.0039326753,219956,890.9062836598015,138.03729309950833,6819.4062,4.752504,1737.7197,1.6169258,7405.7344,5.6360145,0,,,,,890.9062836598015,0.00047607714,138.03729309950833,0.00059396675,0.0034861525,0.0014119378
7397.8086,5.6335497,-0.003932619,219957,890.9057992159928,138.0399733316943,6812.626,4.7504253,1738.2772,1.6168998,7397.8086,5.6335497,0,,,,,890.9057992159928,0.00047614946,138.0399733316943,0.0005942992,0.0021411174,0.005150233
7411.5566,5.634638,-0.003932562,219958,890.9062730072898,138.0380931198371,6824.505,4.751343,1734.4756,1.6139035,7411.5566,5.634638,0,,,,,890.9062730072898,0.00047570403,138.0380931198371,0.0005935383,0.0029105104,0.0016804558
7396.908,5.632529,-0.003932506,219959,890.9074395036697,138.03810601538234,6813.4326,4.7495646,1737.1569,1.6150651,7396.908,5.632529,0,,,,,890.9074395036697,0.00047632915,138.03810601538234,0.0005936515,0.0031165231,0.0028169407
7399.864,5.6325607,-0.003932449,219960,890.9066128953136,138.03735798183612,6813.682,4.7495914,1735.6515,1.6145617,7399.864,5.6325607,0,,,,,890.9066128953136,0.00047614935,138.03735798183612,0.00059421256,0.0027026308,0.0010446189
7413.4873,5.6372266,-0.0039323927,219961,890.9064322783556,138.0381509590969,6827.4517,4.7535257,1738.6483,1.6155987,7413.4873,5.6372266,0,,,,,890.9064322783556,0.00047551116,138.0381509590969,0.000593408,0.0029185647,0.004034034
7399.174,5.635395,-0.0039323363,219962,890.9063193620822,138.03738916796235,6813.3574,4.7519813,1738.6317,1.6169235,7399.174,5.635395,0,,,,,890.9063193620822,0.00047630997,138.03738916796235,0.0005945317,0.002767961,0.0020447422
7399.492,5.634235,-0.0039322795,219963,890.9068489665711,138.03651604905932,6813.6406,4.7510033,1739.7091,1.6168985,7399.492,5.634235,0,,,,,890.9068489665711,0.00047633614,138.03651604905932,0.0005940926,0.0029924286,0.0015118142
7395.465,5.6327515,-0.003932223,219964,890.9059064253142,138.03924587849525,6812.315,4.749753,1739.1272,1.61613,7395.465,5.6327515,0,,,,,890.9059064253142,0.00047598546,138.03924587849525,0.00059422874,0.0022214602,0.0031750568
7403.3857,5.63341,-0.003932167,219965,890.9074189290037,138.03718120841708,6817.3867,4.7503076,1736.4684,1.6139667,7403.3857,5.63341,0,,,,,890.9074189290037,0.00047602277,138.03718120841708,0.0005939184,0.003592407,0.0020948774
7408.1533,5.6338487,-0.00393211,219966,890.9063507002732,138.0374775025909,6819.9253,4.7506776,1734.9727,1.6162726,7408.1533,5.6338487,0,,,,,890.9063507002732,0.00047573505,138.0374775025909,0.0005935376,0.0031795762,0.0021164531
7395.5005,5.631934,-0.0039320537,219967,890.9064415703735,138.03757562810273,6811.575,4.7490635,1739.7832,1.615026,7395.5005,5.631934,0,,,,,890.9064415703735,0.00047613354,138.03757562810273,0.0005937821,0.0026319895,0.0024063294
7400.095,5.6323214,-0.0039319973,219968,890.9061245750363,138.03810092583285,6815.2705,4.7493896,1733.166,1.6147925,7400.095,5.6323214,0,,,,,890.9061245750363,0.00047596646,138.03810092583285,0.00059396116,0.0020364306,0.00223289
7404.315,5.6317596,-0.003931941,219969,890.9072410160297,138.03647171222863,6819.1655,4.7489157,1734.7711,1.6132812,7404.315,5.6317596,0,,,,,890.9072410160297,0.00047564998,138.03647171222863,0.00059359847,0.0036983825,0.00048323337
7401.8535,5.633654,-0.003931884,219970,890.9063482812917,138.03746976959806,6816.8193,4.7505136,1734.5674,1.6158284,7401.8535,5.633654,0,,,,,890.9063482812917,0.00047586169,138.03746976959806,0.0005937186,0.0024189295,0.0030901218
7397.712,5.6307483,-0.003931828,219971,890.9065444777659,138.03787163931017,6813.079,4.7480636,1734.4424,1.6141307,7397.712,5.6307483,0,,,,,890.9065444777659,0.00047609082,138.03787163931017,0.0005939575,0.0016287046,0.0027637475
7412.5005,5.634107,-0.0039317715,219972,890.907062027377,138.03813759906163,6824.8076,4.7508955,1733.375,1.6133467,7412.5005,5.634107,0,,,,,890.907062027377,0.00047542233,138.03813759906163,0.00059338415,0.003189709,0.0021531843
7397.061,5.6317043,-0.003931715,219973,890.9068726622929,138.0374744590669,6813.0015,4.748869,1735.4962,1.6151534,7397.061,5.6317043,0,,,,,890.9068726622929,0.00047603072,138.0374744590669,0.0005942084,0.0028457008,0.0016356067
7395.4883,5.630791,-0.003931659,219974,890.9059811801769,138.03798692657782,6810.6934,4.7480993,1736.7102,1.6143559,7395.4883,5.630791,0,,,,,890.9059811801769,0.0004760808,138.03798692657782,0.0005943079,0.0022732203,0.0020558718
7397.3125,5.631006,-0.0039316025,219975,890.9062441981541,138.03715650565402,6812.174,4.7482805,1735.3,1.614892,7397.3125,5.631006,0,,,,,890.9062441981541,0.00047586317,138.03715650565402,0.00059429917,0.00268405,0.0014776526
7394.0825,5.629636,-0.003931546,219976,890.9069060842313,138.03829442737697,6811.1753,4.7471247,1733.7604,1.6137371,7394.0825,5.629636,0,,,,,890.9069060842313,0.00047601617,138.03829442737697,0.0005939174,0.0023463932,0.0030066513
7401.481,5.6318455,-0.00393149,219977,890.9062718715093,138.03822612898108,6816.933,4.748988,1733.3944,1.6151277,7401.481,5.6318455,0,,,,,890.9062718715093,0.00047581075,138.03822612898108,0.0005937954,0.0024775793,0.0021137155
7402.2993,5.6324754,-0.0039314334,219978,890.9072126804118,138.03813521400298,6817.166,4.7495193,1735.0676,1.6140863,7402.2993,5.6324754,0,,,,,890.9072126804118,0.00047594056,138.03813521400298,0.0005939022,0.0034821902,0.0023735953
7401.7466,5.6322336,-0.003931377,219979,890.9064487526018,138.03604582226552,6814.963,4.749316,1735.0701,1.6161797,7401.7466,5.6322336,0,,,,,890.9064487526018,0.00047615403,138.03604582226552,0.00059366203,0.0029579368,0.00033976493
7403.946,5.6314406,-0.0039313207,219980,890.9062312507995,138.038754247461,6817.6514,4.748647,1732.5116,1.6134518,7403.946,5.6314406,0,,,,,890.9062312507995,0.00047569204,138.038754247461,0.00059368915,0.0024760528,0.0031687096
7395.8223,5.6306853,-0.0039312644,219981,890.9069678874682,138.0379274161075,6810.243,4.74801,1732.8851,1.6143202,7395.8223,5.6306853,0,,,,,890.9069678874682,0.00047646006,138.0379274161075,0.0005939452,0.002797155,0.0013131682
7395.072,5.6300855,-0.003931208,219982,890.9056914954048,138.03719894753226,6810.844,4.747504,1733.3428,1.6139284,7395.072,5.6300855,0,,,,,890.9056914954048,0.0004762417,138.03719894753226,0.00059424835,0.0024382253,0.0033855878
7401.528,5.6315064,-0.0039311517,219983,890.9058151601936,138.03817717462155,6815.398,4.7487025,1732.5116,1.6130712,7401.528,5.6315064,0,,,,,890.9058151601936,0.0004758821,138.03817717462155,0.00059379125,0.001655771,0.0026328932
7390.4316,5.631755,-0.0039310954,219984,890.9068187939405,138.0364131281134,6806.9717,4.7489123,1735.3192,1.6160908,7390.4316,5.631755,0,,,,,890.9068187939405,0.00047658966,138.0364131281134,0.00059465173,0.0031666693,0.0012267974
7394.2275,5.62988,-0.0039310395,219985,890.9071719470529,138.0377411234776,6811.8955,4.7473307,1732.4342,1.6132942,7394.2275,5.62988,0,,,,,890.9071719470529,0.00047624653,138.0377411234776,0.0005941388,0.0037432844,0.0016734141
7399.7705,5.632044,-0.003930983,219986,890.9061219683323,138.0376667663605,6815.782,4.749156,1734.3015,1.6155547,7399.7705,5.632044,0,,,,,890.9061219683323,0.0004758208,138.0376667663605,0.0005936738,0.0024700277,0.0028090938
7398.9683,5.6308894,-0.003930927,219987,890.9064523156131,138.03634454738756,6814.6914,4.7481823,1734.4194,1.6133271,7398.9683,5.6308894,0,,,,,890.9064523156131,0.00047594242,138.03634454738756,0.0005939383,0.0031816994,0.00021982037
7399.539,5.6319804,-0.0039308704,219988,890.9058976820097,138.037881930755,6815.4434,4.749102,1735.2937,1.614306,7399.539,5.6319804,0,,,,,890.9058976820097,0.0004757033,138.037881930755,0.00059397484,0.0022087474,0.0028590385
7402.2485,5.632571,-0.0039308146,219989,890.9065144131935,138.03830698707935,6816.865,4.749601,1734.9298,1.6148235,7402.2485,5.632571,0,,,,,890.9065144131935,0.00047608625,138.03830698707935,0.0005937317,0.0026186157,0.003343995
7407.7935,5.634377,-0.003930758,219990,890.906375851205,138.03717314225386,6822.312,4.7511234,1733.5536,1.6153183,7407.7935,5.634377,0,,,,,890.906375851205,0.00047575703,138.03717314225386,0.00059369096,0.0025244623,0.001511337
7392.513,5.63045,-0.003930702,219991,890.9066792736986,138.03650146809537,6807.131,4.747812,1736.1559,1.6144197,7392.513,5.63045,0,,,,,890.9066792736986,0.0004762705,138.03650146809537,0.0005946106,0.0025306703,0.001580392
7402.2256,5.631801,-0.003930646,219992,890.906036284069,138.0378953189277,6817.418,4.7489514,1734.9724,1.6141732,7402.2256,5.631801,0,,,,,890.906036284069,0.00047578145,138.0378953189277,0.00059379125,0.002401024,0.0031797397
7400.178,5.6326566,-0.0039305896,219993,890.9063410186762,138.03764328121488,6815.8545,4.7496724,1732.344,1.6140405,7400.178,5.6326566,0,,,,,890.9063410186762,0.0004759407,138.03764328121488,0.00059391715,0.0023341842,0.002155263
7397.8237,5.630786,-0.003930534,219994,890.9072062416067,138.0369050115902,6812.1465,4.748095,1733.5479,1.6142755,7397.8237,5.630786,0,,,,,890.9072062416067,0.00047644883,138.0369050115902,0.00059403246,0.0032042647,0.0007571468
7403.2617,5.631898,-0.0039304774,219995,890.9047333754331,138.0397196886318,6817.692,4.7490325,1736.0806,1.6133722,7403.2617,5.631898,0,,,,,890.9047333754331,0.00047556707,138.0397196886318,0.00059387484,0.0015855685,0.0038152123
7396.856,5.629557,-0.0039304215,219996,890.9077088787036,138.0376436731592,6811.875,4.7470584,1732.833,1.6130271,7396.856,5.629557,0,,,,,890.9077088787036,0.00047607248,138.0376436731592,0.0005940665,0.0034103275,0.0011497105
7396.588,5.6298785,-0.0039303657,219997,890.90584058541,138.037026594441,6813.593,4.7473297,1731.8798,1.6128844,7396.588,5.6298785,0,,,,,890.90584058541,0.00047600843,138.037026594441,0.00059378386,0.002116948,0.0025056251
7396.2393,5.6293783,-0.0039303093,219998,890.9063412415709,138.03771309956412,6811.3564,4.746908,1733.4305,1.6128223,7396.2393,5.6293783,0,,,,,890.9063412415709,0.00047602534,138.03771309956412,0.00059405237,0.0018988649,0.0022959418
7394.3467,5.6301866,-0.0039302534,219999,890.9064032207727,138.03798255411044,6807.848,4.747589,1735.9159,1.6142592,7394.3467,5.6301866,0,,,,,890.9064032207727,0.00047629504,138.03798255411044,0.00059435033,0.0024497814,0.0026174686
7396.656,5.6312513,-0.0039301976,220000,890.9057181794831,138.03767680406915,6813.246,4.7484875,1734.9722,1.6137518,7396.656,5.6312513,0,,,,,890.9057181794831,0.00047574553,138.03767680406915,0.0005942678,0.0018164926,0.0011234601
7393.568,5.6298165,-0.0039301417,220001,890.9062211952609,138.0382774032643,6806.9565,4.7472773,1733.7252,1.6139798,7393.568,5.6298165,0,,,,,890.9062211952609,0.00047657735,138.0382774032643,0.000594832,0.0028050775,0.0016707925
7406.6235,5.6324687,-0.0039300853,220002,890.9064190489142,138.0375546218473,6821.911,4.749514,1731.6688,1.6127521,7406.6235,5.6324687,0,,,,,890.9064190489142,0.00047556404,138.0375546218473,0.000593513,0.0022655986,0.0023002685
7401.474,5.635486,-0.0039300295,220003,890.9063645009609,138.03765209809356,6816.647,4.752058,1734.5254,1.6158048,7401.474,5.635486,0,,,,,890.9063645009609,0.00047622062,138.03765209809356,0.0005942681,0.0025012605,0.0013783972
7401.5244,5.6312184,-0.0039299736,220004,890.9069764853028,138.03628262043262,6816.4146,4.74846,1733.6974,1.6129496,7401.5244,5.6312184,0,,,,,890.9069764853028,0.00047578124,138.03628262043262,0.0005936824,0.0032092547,0.0010474198
7405.4,5.6318088,-0.0039299177,220005,890.9059303845278,138.0364300815089,6819.0537,4.7489576,1733.1736,1.6132627,7405.4,5.6318088,0,,,,,890.9059303845278,0.0004758507,138.0364300815089,0.00059373706,0.0023339242,0.00030656732
7394.7007,5.6307197,-0.003929862,220006,890.9059876830944,138.03772105800647,6811.7485,4.7480392,1732.7416,1.6141112,7394.7007,5.6307197,0,,,,,890.9059876830944,0.00047607097,138.03772105800647,0.00059402623,0.0014821087,0.0037641109
7396.8496,5.6292987,-0.003929806,220007,890.9058614536278,138.03589762391778,6813.308,4.746841,1730.7886,1.6127535,7396.8496,5.6292987,0,,,,,890.9058614536278,0.00047588718,138.03589762391778,0.0005935928,0.002194299,0.001253886
7397.413,5.6304903,-0.00392975,220008,890.9062908946065,138.03780045042018,6813.7417,4.7478456,1732.5422,1.6135712,7397.413,5.6304903,0,,,,,890.9062908946065,0.00047584693,138.03780045042018,0.0005939769,0.0020785057,0.0025289392
7398.6724,5.630731,-0.003929694,220009,890.9059302564523,138.03734530974026,6814.491,4.748049,1732.949,1.6131041,7398.6724,5.630731,0,,,,,890.9059302564523,0.0004760817,138.03734530974026,0.0005939543,0.003112626,0.000986342
7393.398,5.6276045,-0.003929639,220010,890.9064374350563,138.0369984488759,6807.794,4.745412,1730.8466,1.6126214,7393.398,5.6276045,0,,,,,890.9064374350563,0.0004761374,138.0369984488759,0.0005938121,0.0017701449,0.0016371984
7390.792,5.6279454,-0.003929583,220011,890.9065737234997,138.0363125756047,6808.028,4.7457,1732.2024,1.6137373,7390.792,5.6279454,0,,,,,890.9065737234997,0.0004760069,138.0363125756047,0.0005937569,0.0032302141,0.00087344646
7396.2964,5.6291423,-0.003929527,220012,890.9070229569915,138.0365675925388,6810.2593,4.7467093,1734.1284,1.613312,7396.2964,5.6291423,0,,,,,890.9070229569915,0.0004761844,138.0365675925388,0.0005937436,0.0023990918,0.0016677689
7396.698,5.630779,-0.003929471,220013,890.9068062317089,138.03751088326257,6812.9893,4.7480893,1734.5642,1.613788,7396.698,5.630779,0,,,,,890.9068062317089,0.00047621742,138.03751088326257,0.0005937428,0.0020571381,0.002062216
7406.3994,5.6314654,-0.0039294157,220014,890.9058022605903,138.03853036432793,6820.48,4.7486677,1728.5027,1.6118485,7406.3994,5.6314654,0,,,,,890.9058022605903,0.00047581145,138.03853036432793,0.00059371395,0.0026173268,0.0017195721
7401.704,5.6296644,-0.00392936,220015,890.9060315219299,138.03719761856797,6817.509,4.7471495,1729.2356,1.6133227,7401.704,5.6296644,0,,,,,890.9060315219299,0.00047543942,138.03719761856797,0.0005930835,0.0026983237,0.0021864844
7390.854,5.628866,-0.0039293044,220016,890.9054905067777,138.03802891956536,6806.5156,4.746476,1733.6182,1.6138338,7390.854,5.628866,0,,,,,890.9054905067777,0.00047614268,138.03802891956536,0.00059441634,0.0025013937,0.0027044504
7397.1885,5.629326,-0.0039292485,220017,890.9066512652747,138.03663698911674,6811.8047,4.746864,1730.5713,1.6127181,7397.1885,5.629326,0,,,,,890.9066512652747,0.00047582327,138.03663698911674,0.0005941168,0.0019895532,0.0015890847
7399.202,5.631413,-0.003929193,220018,890.9069829631518,138.0366799358785,6814.4023,4.7486234,1730.4534,1.6131456,7399.202,5.631413,0,,,,,890.9069829631518,0.00047609658,138.0366799358785,0.00059415674,0.003041138,0.0012696238
7407.9395,5.6345654,-0.0039291377,220019,890.9067356903834,138.03787117129644,6821.6177,4.7512817,1730.6198,1.6135697,7407.9395,5.6345654,0,,,,,890.9067356903834,0.00047561596,138.03787117129644,0.00059388706,0.0036393465,0.002848547
7394.0625,5.628966,-0.003929082,220020,890.9052882497363,138.0365503895913,6811.679,4.74656,1730.1693,1.6130431,7394.0625,5.628966,0,,,,,890.9052882497363,0.00047591096,138.0365503895913,0.0005939069,0.0022652138,0.0017504725
7402.8447,5.6295285,-0.0039290264,220021,890.9068512611633,138.03652713209817,6818.0186,4.7470345,1728.1713,1.6124363,7402.8447,5.6295285,0,,,,,890.9068512611633,0.00047564885,138.03652713209817,0.000593095,0.0021174836,0.00041838744
7388.1973,5.6276255,-0.003928971,220022,890.9066658065084,138.0372922255109,6806.9688,4.74543,1730.739,1.6147908,7388.1973,5.6276255,0,,,,,890.9066658065084,0.00047589472,138.0372922255109,0.00059389655,0.0024100228,0.002712683
7393.6772,5.6289845,-0.0039289156,220023,890.9051895691264,138.03726237387167,6810.584,4.746576,1731.3156,1.6132855,7393.6772,5.6289845,0,,,,,890.9051895691264,0.00047628058,138.03726237387167,0.0005939,0.0024695161,0.0019457289
7402.815,5.6292014,-0.00392886,220024,890.906324389938,138.03642786726743,6818.3994,4.746759,1728.5454,1.6127107,7402.815,5.6292014,0,,,,,890.906324389938,0.00047525746,138.03642786726743,0.0005931309,0.0023940096,0.0017758303
7397.513,5.628903,-0.003928805,220025,890.9060674129186,138.03801505445435,6813.3237,4.746507,1730.4456,1.612008,7397.513,5.628903,0,,,,,890.9060674129186,0.0004757595,138.03801505445435,0.00059327326,0.0031420798,0.0024179076
7407.276,5.631841,-0.0039287494,220026,890.9058063466186,138.03857676262746,6819.5557,4.748985,1729.5747,1.6144608,7407.276,5.631841,0,,,,,890.9058063466186,0.0004756677,138.03857676262746,0.0005940527,0.0020329363,0.0018641696
7397.814,5.6270647,-0.003928694,220027,890.9064212638681,138.03778793756612,6813.9863,4.7449574,1723.8142,1.6113156,7397.814,5.6270647,0,,,,,890.9064212638681,0.00047555956,138.03778793756612,0.00059357187,0.0027611693,0.0010652324
7397.8345,5.6295033,-0.0039286385,220028,890.905677153652,138.0363346240192,6812.9277,4.7470136,1729.4109,1.614599,7397.8345,5.6295033,0,,,,,890.905677153652,0.0004758755,138.0363346240192,0.0005935731,0.0018155191,0.00040754877
7395.067,5.6272564,-0.003928583,220029,890.9067938072664,138.03679366291982,6810.392,4.7451186,1726.9379,1.6114177,7395.067,5.6272564,0,,,,,890.9067938072664,0.00047589693,138.03679366291982,0.0005939668,0.0023311821,0.000573997
7390.857,5.6262884,-0.003928528,220030,890.90512077479,138.03809642433305,6807.673,4.7443027,1726.2007,1.6117729,7390.857,5.6262884,0,,,,,890.90512077479,0.00047616597,138.03809642433305,0.0005939711,0.0015906758,0.0033779982
7385.2876,5.6258845,-0.0039284728,220031,890.9068764179345,138.03562699530963,6803.3193,4.7439623,1729.7305,1.612006,7385.2876,5.6258845,0,,,,,890.9068764179345,0.00047635686,138.03562699530963,0.00059425965,0.0026570058,0.00049992005
7400.0537,5.628501,-0.0039284173,220032,890.9058527626539,138.0374540349342,6814.069,4.746168,1729.2402,1.6116426,7400.0537,5.628501,0,,,,,890.9058527626539,0.0004759274,138.0374540349342,0.0005937158,0.0018854497,0.0023153871
7396.8633,5.6285386,-0.0039283624,220033,890.9059779936679,138.03704226675788,6812.6953,4.7462,1729.2134,1.6124289,7396.8633,5.6285386,0,,,,,890.9059779936679,0.0004758805,138.03704226675788,0.00059346436,0.0020592725,0.0013140296
7397.879,5.628877,-0.003928307,220034,890.9047270519906,138.03704148224122,6813.967,4.7464857,1728.2749,1.6122367,7397.879,5.628877,0,,,,,890.9047270519906,0.00047578412,138.03704148224122,0.0005938404,0.0021380833,0.0012360357
7387.558,5.6261053,-0.003928252,220035,890.9065728694545,138.0363637211385,6805.1997,4.7441483,1728.7448,1.6117967,7387.558,5.6261053,0,,,,,890.9065728694545,0.00047607598,138.0363637211385,0.0005942352,0.0031365454,0.00042987827
7396.6226,5.628405,-0.003928197,220036,890.9068258537775,138.03714486451977,6813.8765,4.7460876,1728.2395,1.6111673,7396.6226,5.628405,0,,,,,890.9068258537775,0.00047586564,138.03714486451977,0.00059358263,0.0023618715,0.0017188825
7393.782,5.6269293,-0.0039281417,220037,890.906056152281,138.0380062431092,6809.7856,4.7448425,1727.068,1.6123216,7393.782,5.6269293,0,,,,,890.906056152281,0.0004758721,138.0380062431092,0.0005938546,0.0017818836,0.002486598
7393.0273,5.625252,-0.0039280867,220038,890.9062292201403,138.03648301129007,6808.478,4.743428,1724.4441,1.6099932,7393.0273,5.625252,0,,,,,890.9062292201403,0.00047600112,138.03648301129007,0.000593887,0.0017872751,-0.00025187398
7395.6973,5.6264853,-0.003928032,220039,890.9066665328878,138.03744378938006,6811.828,4.7444687,1725.6334,1.6108639,7395.6973,5.6264853,0,,,,,890.9066665328878,0.00047573936,138.03744378938006,0.0005935231,0.0023553818,0.0022286654
7390.7427,5.62906,-0.003927977,220040,890.9078609241225,138.03594160442915,6806.1484,4.7466393,1729.2358,1.6124774,7390.7427,5.62906,0,,,,,890.9078609241225,0.00047618244,138.03594160442915,0.0005946955,0.003473767,-0.000814629
7400.843,5.628125,-0.003927922,220041,890.9066239494507,138.03902302246277,6815.4624,4.745851,1725.3315,1.6113,7400.843,5.628125,0,,,,,890.9066239494507,0.00047559873,138.03902302246277,0.000593632,0.0023379936,0.003212906
7396.5356,5.627262,-0.003927867,220042,890.9064908593054,138.03573297302168,6811.889,4.745124,1726.9192,1.6109904,7396.5356,5.627262,0,,,,,890.9064908593054,0.00047584358,138.03573297302168,0.0005936496,0.0027541516,-0.00084010867
7406.1387,5.6297917,-0.003927812,220043,890.9062495277669,138.0379637390135,6820.3784,4.7472568,1723.7534,1.6108012,7406.1387,5.6297917,0,,,,,890.9062495277669,0.00047555042,138.0379637390135,0.000593495,0.0019203018,0.0021245251
7396.8013,5.628768,-0.0039277575,220044,890.9051975855864,138.03905443736235,6812.79,4.746393,1727.5409,1.612219,7396.8013,5.628768,0,,,,,890.9051975855864,0.00047584347,138.03905443736235,0.0005939547,0.0010952073,0.0033150516
7400.29,5.627853,-0.0039277025,220045,890.9064842300077,138.0370088123466,6816.677,4.7456217,1726.8223,1.6102761,7400.29,5.627853,0,,,,,890.9064842300077,0.00047516602,138.0370088123466,0.0005933246,0.0028318074,0.0010715005
7394.373,5.6254296,-0.0039276476,220046,890.9052804545141,138.03831302549682,6810.2827,4.7435784,1725.0286,1.6107408,7394.373,5.6254296,0,,,,,890.9052804545141,0.00047571154,138.03831302549682,0.00059362466,0.0013776545,0.0029913646
7397.822,5.629199,-0.003927593,220047,890.9044878302274,138.03642452682746,6814.077,4.746757,1726.5366,1.6105763,7397.822,5.629199,0,,,,,890.9044878302274,0.0004760123,138.03642452682746,0.0005935614,0.001331641,-0.0007674537
7396.295,5.6284966,-0.003927538,220048,890.9057568274294,138.03722354030666,6812.0386,4.746165,1726.8422,1.6108521,7396.295,5.6284966,0,,,,,890.9057568274294,0.000476131,138.03722354030666,0.0005938311,0.0023417943,0.0028267584
7409.0327,5.6298532,-0.0039274837,220049,890.9066268671529,138.03831025009484,6822.7563,4.7473083,1725.3395,1.6110787,7409.0327,5.6298532,0,,,,,890.9066268671529,0.00047525926,138.03831025009484,0.00059328816,0.0022676778,0.0010385393
7395.24,5.627516,-0.003927429,220050,890.9062445060645,138.0372126578026,6812.0854,4.7453375,1726.7848,1.6128861,7395.24,5.627516,0,,,,,890.9062445060645,0.00047579219,138.0372126578026,0.00059323385,0.0025285545,0.0015900115
7399.9478,5.627503,-0.0039273743,220051,890.9057345739427,138.0365619544479,6814.398,4.7453265,1726.9893,1.611371,7399.9478,5.627503,0,,,,,890.9057345739427,0.00047564745,138.0365619544479,0.00059322076,0.001947386,0.0010718566
7392.271,5.6270905,-0.00392732,220052,890.9056128418566,138.03765796556252,6808.576,4.744979,1728.7615,1.6117483,7392.271,5.6270905,0,,,,,890.9056128418566,0.00047590924,138.03765796556252,0.0005939419,0.0015523931,0.0021364987
7393.0107,5.6261263,-0.0039272653,220053,890.9068893277037,138.03712248980787,6808.224,4.7441654,1726.6095,1.610682,7393.0107,5.6261263,0,,,,,890.9068893277037,0.00047605822,138.03712248980787,0.0005941308,0.0028444806,0.00078187423
7409.756,5.628325,-0.003927211,220054,890.9062079331103,138.0365635806104,6822.426,4.74602,1723.7588,1.61031,7409.756,5.628325,0,,,,,890.9062079331103,0.00047504285,138.0365635806104,0.000592968,0.0017013525,0.00047980956
7396.388,5.6275744,-0.0039271563,220055,890.9053505427015,138.03751057511573,6812.9473,4.7453866,1728.1488,1.6114652,7396.388,5.6275744,0,,,,,890.9053505427015,0.00047574224,138.03751057511573,0.0005932827,0.001996049,0.0024899754
7398.958,5.625877,-0.0039271023,220056,890.9057436490068,138.03637130206081,6812.1187,4.7439556,1724.2323,1.6103241,7398.958,5.625877,0,,,,,890.9057436490068,0.00047549824,138.03637130206081,0.00059360644,0.0021193142,0.00062223506
7402.513,5.6284537,-0.003927048,220057,890.9060687967443,138.03681428292057,6816.574,4.746128,1726.9099,1.6112622,7402.513,5.6284537,0,,,,,890.9060687967443,0.00047554885,138.03681428292057,0.00059358246,0.0019735214,0.0014512995
7394.053,5.626652,-0.0039269933,220058,890.9061328603949,138.0362381019078,6808.939,4.744609,1726.1356,1.6110258,7394.053,5.626652,0,,,,,890.9061328603949,0.0004757675,138.0362381019078,0.00059375126,0.00097254314,0.0004948589
7395.2407,5.6268687,-0.0039269393,220059,890.9061263145294,138.03619871189673,6810.495,4.744792,1727.2039,1.6120968,7395.2407,5.6268687,0,,,,,890.9061263145294,0.00047574943,138.03619871189673,0.0005936095,0.0021431083,0.001718456
7398.192,5.6252823,-0.003926885,220060,890.90540810856,138.03692388152763,6811.2656,4.743454,1723.9453,1.6100389,7398.192,5.6252823,0,,,,,890.90540810856,0.00047580374,138.03692388152763,0.00059355673,0.0017587581,-0.00040391024
7401.7837,5.6304407,-0.003926831,220061,890.9063057026597,138.0378169231668,6817.9976,4.747804,1726.3079,1.6118747,7401.7837,5.6304407,0,,,,,890.9063057026597,0.00047545665,138.0378169231668,0.0005935185,0.002145411,0.002493926
7397.7524,5.626596,-0.003926777,220062,890.9054913983055,138.0373961823265,6811.7437,4.7445617,1724.9907,1.6109892,7397.7524,5.626596,0,,,,,890.9054913983055,0.00047579437,138.0373961823265,0.00059371546,0.0018688974,0.0011182207
7403.0547,5.627187,-0.0039267223,220063,890.9060735887946,138.0376153707822,6816.8623,4.74506,1723.4337,1.6093736,7403.0547,5.627187,0,,,,,890.9060735887946,0.00047564076,138.0376153707822,0.00059332984,0.0021132377,0.00206763
7403.114,5.629048,-0.0039266683,220064,890.9052691116916,138.03683256449963,6816.4307,4.7466297,1723.8181,1.6109151,7403.114,5.629048,0,,,,,890.9052691116916,0.0004753881,138.03683256449963,0.00059357827,0.0021011333,0.0024862634
7403.484,5.6270685,-0.0039266143,220065,890.9061119645341,138.03762685001848,6817.8745,4.7449603,1723.5474,1.609789,7403.484,5.6270685,0,,,,,890.9061119645341,0.00047557108,138.03762685001848,0.0005931989,0.0018391209,0.0010636698
7413.2383,5.630342,-0.0039265603,220066,890.9053906930898,138.03693415772784,6824.9736,4.7477207,1723.1854,1.6097338,7413.2383,5.630342,0,,,,,890.9053906930898,0.0004751184,138.03693415772784,0.00059338013,0.0025275098,0.0008799909
7392.4756,5.628101,-0.0039265063,220067,890.9061736670916,138.0359404541181,6807.521,4.745831,1725.9836,1.6116523,7392.4756,5.628101,0,,,,,890.9061736670916,0.000476349,138.0359404541181,0.000594254,0.00127818,5.4913085e-05
7397.5537,5.624643,-0.0039264527,220068,890.905660543893,138.0375276122941,6810.9077,4.742915,1722.3632,1.6098258,7397.5537,5.624643,0,,,,,890.905660543893,0.00047567306,138.0375276122941,0.0005934672,0.0020576776,0.00088139466
7400.1934,5.627036,-0.0039263987,220069,890.9060561958944,138.03726651734698,6812.898,4.744933,1725.3528,1.6114035,7400.1934,5.627036,0,,,,,890.9060561958944,0.00047576622,138.03726651734698,0.0005938243,0.0010429544,0.0009300394
7397.7637,5.6268754,-0.0039263447,220070,890.9058830898599,138.0366263550031,6811.3335,4.7447977,1724.6777,1.6127269,7397.7637,5.6268754,0,,,,,890.9058830898599,0.00047571972,138.0366263550031,0.000593437,0.001192248,0.0016676899
7408.117,5.6300893,-0.003926291,220071,890.9065104060434,138.03688531624923,6821.447,4.7475076,1725.8909,1.6121985,7408.117,5.6300893,0,,,,,890.9065104060434,0.0004752791,138.03688531624923,0.00059283216,0.000844931,0.0021155367
7399.9844,5.62732,-0.0039262376,220072,890.9060416629313,138.0369202459887,6813.3975,4.745172,1724.5112,1.6106021,7399.9844,5.62732,0,,,,,890.9060416629313,0.00047585572,138.0369202459887,0.0005940413,0.0020990795,0.0010683251
7397.284,5.628077,-0.0039261836,220073,890.9061402259638,138.03662370650466,6811.15,4.7458105,1722.9287,1.6118003,7397.284,5.628077,0,,,,,890.9061402259638,0.0004757321,138.03662370650466,0.00059399504,0.0022421828,-0.00063165213
7403.657,5.6270633,-0.00392613,220074,890.9054671751737,138.03554373185682,6817.636,4.7449555,1724.4803,1.6104635,7403.657,5.6270633,0,,,,,890.9054671751737,0.0004754276,138.03554373185682,0.0005931208,0.0010273189,-0.0010864268
7400.5176,5.626881,-0.0039260765,220075,890.9057734116584,138.03706670471706,6814.0566,4.744802,1723.0669,1.6102638,7400.5176,5.626881,0,,,,,890.9057734116584,0.00047571625,138.03706670471706,0.0005934315,0.0010728325,0.0012191499
7401.4424,5.6266675,-0.003926023,220076,890.906058818621,138.03813943648072,6816.4062,4.744622,1725.1702,1.6101617,7401.4424,5.6266675,0,,,,,890.906058818621,0.00047534873,138.03813943648072,0.0005929688,0.0019131943,0.0018929542
7396.3774,5.62892,-0.0039259694,220077,890.9054322199223,138.0382072985648,6810.6846,4.746522,1726.0001,1.6114211,7396.3774,5.62892,0,,,,,890.9054322199223,0.0004756293,138.0382072985648,0.00059441995,0.00088548794,0.0024707508
7406.4404,5.628713,-0.003925916,220078,890.90572772435,138.0371262090006,6816.925,4.746347,1727.4886,1.6108096,7406.4404,5.628713,0,,,,,890.90572772435,0.00047564443,138.0371262090006,0.00059365155,0.0014646321,0.001010883
7399.9565,5.6250715,-0.0039258627,220079,890.9062612830577,138.03620579162614,6814.0547,4.743276,1721.9797,1.6092014,7399.9565,5.6250715,0,,,,,890.9062612830577,0.0004755949,138.03620579162614,0.00059303944,0.0018703935,-0.0009913777
7398.3213,5.62629,-0.003925809,220080,890.9055603046938,138.03745818009966,6810.5186,4.7443037,1726.5844,1.6103114,7398.3213,5.62629,0,,,,,890.9055603046938,0.00047590843,138.03745818009966,0.00059382425,0.001111936,0.002412238
7396.854,5.6249733,-0.003925756,220081,890.9060242503723,138.03576138648825,6807.9053,4.7431936,1725.9988,1.6094524,7396.854,5.6249733,0,,,,,890.9060242503723,0.00047577842,138.03576138648825,0.00059435796,0.002340282,-0.0012443956
7387.8584,5.624684,-0.0039257025,220082,890.9056445189077,138.03562094635572,6803.2407,4.7429495,1726.3418,1.610345,7387.8584,5.624684,0,,,,,890.9056445189077,0.0004759604,138.03562094635572,0.0005940482,0.0018204615,-0.00071420317
7388.541,5.623656,-0.0039256494,220083,890.9050031415672,138.03735687627153,6804.4653,4.7420826,1725.0424,1.6104008,7388.541,5.623656,0,,,,,890.9050031415672,0.00047612976,138.03735687627153,0.00059392094,0.0014621975,0.0014014863
7404.0625,5.626245,-0.0039255964,220084,890.9062683573945,138.03567621821583,6818.6196,4.7442656,1722.3652,1.6090847,7404.0625,5.626245,0,,,,,890.9062683573945,0.0004751835,138.03567621821583,0.000592987,0.0018146452,-0.0011708045
7401.998,5.6282578,-0.0039255433,220085,890.9074120460737,138.03629633478977,6816.5073,4.745963,1724.3951,1.6110214,7401.998,5.6282578,0,,,,,890.9074120460737,0.000475435,138.03629633478977,0.0005931767,0.0022982499,0.00030737335
7411.026,5.6286287,-0.00392549,220086,890.9056481628096,138.03673293252723,6822.9697,4.746276,1722.8483,1.6105016,7411.026,5.6286287,0,,,,,890.9056481628096,0.0004749995,138.03673293252723,0.00059285935,0.0013604374,0.00022645803
7397.315,5.6280994,-0.003925437,220087,890.9054131619764,138.03698510028423,6811.376,4.7458296,1725.6299,1.6116012,7397.315,5.6280994,0,,,,,890.9054131619764,0.00047591,138.03698510028423,0.00059383706,0.0011488127,0.0005709163
7398.526,5.624762,-0.003925384,220088,890.905538883032,138.03534302802456,6812.289,4.7430153,1722.8861,1.6094897,7398.526,5.624762,0,,,,,890.905538883032,0.00047542172,138.03534302802456,0.0005936422,0.002138194,-0.0012121149
7388.971,5.6245437,-0.0039253314,220089,890.9058759852426,138.03782457707024,6806.32,4.742831,1722.711,1.6106923,7388.971,5.6245437,0,,,,,890.9058759852426,0.00047572757,138.03782457707024,0.0005933475,0.00062029716,0.0031908054
7389.7173,5.62601,-0.0039252783,220090,890.9063699246688,138.03583393124146,6804.727,4.744068,1727.4066,1.6111852,7389.7173,5.62601,0,,,,,890.9063699246688,0.00047608343,138.03583393124146,0.0005943498,0.0026467345,-0.00020151716
7394.139,5.625169,-0.0039252257,220091,890.9054353343842,138.0371206490914,6811.5205,4.7433586,1722.9689,1.6089997,7394.139,5.625169,0,,,,,890.9054353343842,0.000475643,138.0371206490914,0.00059331086,0.001261963,-0.00010633882
7400.719,5.6268296,-0.0039251726,220092,890.9053497439556,138.0378826542876,6813.3022,4.744759,1724.1532,1.6103249,7400.719,5.6268296,0,,,,,890.9053497439556,0.00047557964,138.0378826542876,0.00059336657,0.0008230588,0.0028572087
7404.418,5.626936,-0.00392512,220093,890.9057424349593,138.03567588972248,6814.9746,4.7448483,1721.377,1.6104609,7404.418,5.626936,0,,,,,890.9057424349593,0.00047551745,138.03567588972248,0.00059360085,0.0020311223,-0.00015951318
7397.881,5.6255717,-0.0039250674,220094,890.9061135729194,138.03508594476187,6813.1772,4.743698,1722.074,1.610512,7397.881,5.6255717,0,,,,,890.9061135729194,0.00047540353,138.03508594476187,0.00059312105,0.0018172745,-0.00063612097
7399.018,5.6268435,-0.0039250148,220095,890.9053449516617,138.03709221164584,6814.3774,4.7447705,1722.0536,1.6112757,7399.018,5.6268435,0,,,,,890.9053449516617,0.000475487,138.03709221164584,0.00059327454,0.0011926295,0.001283752
7388.6133,5.624053,-0.003924962,220096,890.9057158808193,138.03661501800235,6806.367,4.742418,1722.1713,1.6107311,7388.6133,5.624053,0,,,,,890.9057158808193,0.0004754881,138.03661501800235,0.00059392885,0.0012202819,0.0007029933
7391.882,5.624732,-0.0039249095,220097,890.9046732666476,138.03695430485135,6808.397,4.74299,1723.8767,1.6103938,7391.882,5.624732,0,,,,,890.9046732666476,0.0004756957,138.03695430485135,0.0005937151,0.00059863646,0.0008540557
7398.9756,5.626154,-0.0039248574,220098,890.9052184638141,138.03554065205628,6812.9224,4.7441893,1721.6659,1.6100944,7398.9756,5.626154,0,,,,,890.9052184638141,0.00047568243,138.03554065205628,0.00059353845,0.0019678883,0.00022653077
7391.065,5.625277,-0.0039248047,220099,890.9049985948506,138.0380571072723,6808.615,4.743449,1723.6292,1.6102709,7391.065,5.625277,0,,,,,890.9049985948506,0.00047576556,138.0380571072723,0.00059352163,0.0006197843,0.0023789597
7399.699,5.6257668,-0.0039247526,220100,890.9061873255043,138.03604597545677,6814.457,4.7438626,1721.405,1.6089629,7399.699,5.6257668,0,,,,,890.9061873255043,0.00047553118,138.03604597545677,0.00059325615,0.0015955898,-0.00072649017
7396.653,5.626847,-0.0039247,220101,890.9055354532068,138.0362228768386,6812.4854,4.7447734,1726.4786,1.6109976,7396.653,5.626847,0,,,,,890.9055354532068,0.00047556183,138.0362228768386,0.00059357955,0.0013530676,0.00068121473
7405.422,5.6290846,-0.003924648,220102,890.9054734550966,138.03718566005716,6819.153,4.74666,1723.2798,1.6113331,7405.422,5.6290846,0,,,,,890.9054734550966,0.00047536608,138.03718566005716,0.0005934737,0.0009180858,0.0012308528
7399.9917,5.625462,-0.0039245957,220103,890.9057462663812,138.0372268113536,6814.4565,4.7436056,1720.7585,1.6088489,7399.9917,5.625462,0,,,,,890.9057462663812,0.0004753065,138.0372268113536,0.0005932922,0.0014855368,0.0011812466
7398.084,5.6256657,-0.0039245435,220104,890.9064289543082,138.03603762750788,6812.7285,4.7437778,1721.2662,1.6098675,7398.084,5.6256657,0,,,,,890.9064289543082,0.00047566253,138.03603762750788,0.00059352966,0.0018146797,-0.00053456833
7399.287,5.6254506,-0.0039244913,220105,890.9062523083722,138.03612648800538,6813.629,4.7435956,1722.2208,1.6097299,7399.287,5.6254506,0,,,,,890.9062523083722,0.00047561203,138.03612648800538,0.0005933424,0.0015613775,-0.0012815474
7397.1846,5.6255326,-0.0039244397,220106,890.9049663356955,138.0382126992699,6813.249,4.743665,1722.2064,1.6093137,7397.1846,5.6255326,0,,,,,890.9049663356955,0.00047553662,138.0382126992699,0.0005934718,0.00030008014,0.0022175577
7400.0474,5.6302004,-0.0039243875,220107,890.9056788746552,138.03772717557652,6815.548,4.747601,1721.7916,1.6106242,7400.0474,5.6302004,0,,,,,890.9056788746552,0.00047565266,138.03772717557652,0.00059424544,0.0012182554,0.0004712531
7395.981,5.62617,-0.003924336,220108,890.9048953051825,138.0365870903946,6812.133,4.744203,1722.3074,1.611352,7395.981,5.62617,0,,,,,890.9048953051825,0.0004755351,138.0365870903946,0.0005935881,0.0,0.0
7398.7295,5.6392627,-0.003917405,220242,890.9033625955121,138.07993611977568,6848.7866,4.755243,1731.1738,1.6121596,7398.7295,5.6392627,0,,,,,890.9033625955121,0.0004740422,138.07993611977568,0.0005893711,0.0074612596,0.074221455
7390.806,5.6377645,-0.003917345,220243,890.9049369046417,138.07916818722205,6841.4116,4.7539797,1728.9407,1.612585,7390.806,5.6377645,0,,,,,890.9049369046417,0.00047492055,138.07916818722205,0.00059001165,0.008290851,0.07533362
7393.109,5.638262,-0.0039172843,220244,890.9054289895623,138.07859934043105,6843.6655,4.754399,1731.0099,1.612299,7393.109,5.638262,0,,,,,890.9054289895623,0.00047451496,138.07859934043105,0.0005902523,0.007616995,0.074149914
7389.233,5.6388373,-0.0039172233,220245,890.9047752358932,138.07986614485955,6840.614,4.7548842,1732.2706,1.61481,7389.233,5.6388373,0,,,,,890.9047752358932,0.0004749777,138.07986614485955,0.0005903729,0.008843671,0.07412052
7399.4136,5.6391506,-0.0039171623,220246,890.9044212477664,138.078785041484,6849.2676,4.7551484,1727.7754,1.6126333,7399.4136,5.6391506,0,,,,,890.9044212477664,0.000474429,138.078785041484,0.00058975804,0.007378431,0.07271328
7382.464,5.6347046,-0.003917101,220247,890.9056541246953,138.0795216585649,6834.846,4.7513995,1730.8062,1.6123432,7382.464,5.6347046,0,,,,,890.9056541246953,0.000475254,138.0795216585649,0.0005907602,0.008006512,0.07381833
7399.5684,5.6439395,-0.003917039,220248,890.9043238267469,138.07985028851934,6850.2397,4.7591867,1735.0215,1.6157306,7399.5684,5.6439395,0,,,,,890.9043238267469,0.00047441304,138.07985028851934,0.0005898872,0.008361937,0.07523078
7395.513,5.6391706,-0.0039169765,220249,890.905319715842,138.08083311758875,6846.848,4.755165,1731.4968,1.6133239,7395.513,5.6391706,0,,,,,890.905319715842,0.00047429497,138.08083311758875,0.000589586,0.010676124,0.0749987
7410.561,5.643212,-0.003916914,220250,890.9045641782279,138.07855481612086,6859.792,4.758573,1731.5902,1.6136317,7410.561,5.643212,0,,,,,890.9045641782279,0.00047400364,138.07855481612086,0.0005888373,0.0077643134,0.07363477
7390.198,5.6379523,-0.0039168512,220251,890.9046633656194,138.07974544562515,6842.3394,4.7541385,1731.8964,1.6129396,7390.198,5.6379523,0,,,,,890.9046633656194,0.00047461418,138.07974544562515,0.00058995467,0.008953587,0.07591943
7396.213,5.637476,-0.0039167884,220252,890.9047350295423,138.08116087080984,6843.7324,4.753736,1729.8298,1.6119279,7396.213,5.637476,0,,,,,890.9047350295423,0.0004749282,138.08116087080984,0.0005901706,0.009608951,0.076023586
7399.147,5.640742,-0.003916725,220253,890.9042724165862,138.07788456586377,6852.9873,4.75649,1730.4017,1.6119087,7399.147,5.640742,0,,,,,890.9042724165862,0.00047418772,138.07788456586377,0.0005892539,0.0072363634,0.07218141
7398.1323,5.638926,-0.0039166613,220254,890.9041456697772,138.08103954053396,6847.4253,4.754959,1731.0918,1.6125188,7398.1323,5.638926,0,,,,,890.9041456697772,0.00047430798,138.08103954053396,0.00058979663,0.008341043,0.075495265
7400.508,5.6399016,-0.003916597,220255,890.9058502875231,138.07869105252976,6851.9287,4.7557817,1731.1132,1.6129124,7400.508,5.6399016,0,,,,,890.9058502875231,0.00047412477,138.07869105252976,0.00058916316,0.009019111,0.07234923
7398.758,5.641953,-0.0039165327,220256,890.9043135693196,138.08063542923193,6851.322,4.7575116,1729.4495,1.6121534,7398.758,5.641953,0,,,,,890.9043135693196,0.000474289,138.08063542923193,0.0005896277,0.0082044145,0.074711405
7394.08,5.6378574,-0.003916468,220257,890.9047367922361,138.08050143119002,6846.3384,4.754058,1728.0558,1.6111375,7394.08,5.6378574,0,,,,,890.9047367922361,0.00047427622,138.08050143119002,0.00058959343,0.008825663,0.07386745
7395.6772,5.638984,-0.0039164033,220258,890.9033070043846,138.07913099744073,6848.0225,4.755008,1728.5076,1.6122123,7395.6772,5.638984,0,,,,,890.9033070043846,0.00047416688,138.07913099744073,0.00058955443,0.0080121765,0.07207386
7395.6943,5.640889,-0.0039163376,220259,890.9043234884182,138.07984490933447,6848.4453,4.7566147,1730.6226,1.6130314,7395.6943,5.640889,0,,,,,890.9043234884182,0.00047444162,138.07984490933447,0.0005897259,0.008539489,0.07509977
7401.222,5.6393275,-0.003916272,220260,890.9060594593107,138.07991455957213,6852.765,4.755297,1729.0103,1.6113999,7401.222,5.6393275,0,,,,,890.9060594593107,0.00047426112,138.07991455957213,0.0005891381,0.009737049,0.07455002
7395.4673,5.638444,-0.003916206,220261,890.9041535325349,138.0795026877073,6848.0483,4.754553,1725.9299,1.6117529,7395.4673,5.638444,0,,,,,890.9041535325349,0.00047438848,138.0795026877073,0.0005896009,0.0065561584,0.070860766
7398.077,5.6387196,-0.0039161397,220262,890.904834117225,138.0798292175405,6850.369,4.754785,1728.3645,1.6116455,7398.077,5.6387196,0,,,,,890.904834117225,0.0004740954,138.0798292175405,0.0005892839,0.0096761035,0.07404975
7399.172,5.6385026,-0.003916073,220263,890.9049418530606,138.08029629714096,6851.4434,4.7546024,1726.8655,1.611425,7399.172,5.6385026,0,,,,,890.9049418530606,0.00047397183,138.08029629714096,0.00058893027,0.009189168,0.07347838
7394.263,5.6396365,-0.003916006,220264,890.9033530108347,138.0792657776083,6847.297,4.7555585,1728.0068,1.6133564,7394.263,5.6396365,0,,,,,890.9033530108347,0.00047446752,138.0792657776083,0.00058989145,0.007594354,0.07323046
7406.555,5.640102,-0.0039159385,220265,890.9045347987689,138.08028352572,6857.8267,4.755951,1726.1194,1.6119133,7406.555,5.640102,0,,,,,890.9045347987689,0.00047368306,138.08028352572,0.00058873184,0.0096137505,0.07522417
7397.6235,5.6366215,-0.003915871,220266,890.9046794903036,138.07958944259218,6850.517,4.7530155,1724.7018,1.6096879,7397.6235,5.6366215,0,,,,,890.9046794903036,0.0004737629,138.07958944259218,0.0005889342,0.0082779955,0.07458902
7396.656,5.6363854,-0.003915803,220267,890.9046318461445,138.08043209554882,6849.73,4.7528167,1721.8522,1.609547,7396.656,5.6363854,0,,,,,890.9046318461445,0.0004738767,138.08043209554882,0.0005887518,0.008812381,0.07549793
7387.2876,5.6367216,-0.0039157346,220268,890.9043571711915,138.0798137759874,6841.682,4.7531,1725.2424,1.6104966,7387.2876,5.6367216,0,,,,,890.9043571711915,0.00047458554,138.0798137759874,0.00058967195,0.00834794,0.07380334
7387.8716,5.635157,-0.003915666,220269,890.9044175411723,138.0795923834244,6842.5063,4.751781,1723.9437,1.6116312,7387.8716,5.635157,0,,,,,890.9044175411723,0.00047405792,138.0795923834244,0.0005891686,0.0092624845,0.07506814
7403.7666,5.63701,-0.003915597,220270,890.9038340244493,138.08056403698163,6855.951,4.7533436,1720.4415,1.6095458,7403.7666,5.63701,0,,,,,890.9038340244493,0.00047324767,138.08056403698163,0.0005882186,0.006743101,0.07375515
7399.275,5.637299,-0.003915528,220271,890.9042816714169,138.07915236046267,6852.1284,4.753587,1724.6791,1.6098093,7399.275,5.637299,0,,,,,890.9042816714169,0.0004739906,138.07915236046267,0.00058861315,0.008373898,0.07393462
7400.5854,5.6384597,-0.003915458,220272,890.9035574506725,138.07971189367228,6853.18,4.7545657,1725.7621,1.6112652,7400.5854,5.6384597,0,,,,,890.9035574506725,0.0004737905,138.07971189367228,0.0005887471,0.008586864,0.074094184
7400.9155,5.63779,-0.003915388,220273,890.9043246277771,138.0799423714492,6853.5757,4.754001,1725.1807,1.6103594,7400.9155,5.63779,0,,,,,890.9043246277771,0.00047376988,138.0799423714492,0.00058847654,0.0080311,0.07450852
7401.247,5.6393347,-0.003915318,220274,890.9038473270289,138.0793635331388,6853.786,4.7553034,1725.5662,1.6120225,7401.247,5.6393347,0,,,,,890.9038473270289,0.0004739138,138.0793635331388,0.00058874686,0.0088768685,0.07389758
7399.5537,5.6388354,-0.003915247,220275,890.9041248910738,138.0810058396603,6852.3784,4.754883,1723.5681,1.6101353,7399.5537,5.6388354,0,,,,,890.9041248910738,0.00047367922,138.0810058396603,0.00058939157,0.008306639,0.07434933
7400.2793,5.6406894,-0.0039151763,220276,890.9047080969146,138.07995529679698,6853.1084,4.756446,1726.328,1.611788,7400.2793,5.6406894,0,,,,,890.9047080969146,0.00047368754,138.07995529679698,0.0005890634,0.008088624,0.0734289
7400.097,5.6379914,-0.003915105,220277,890.9040362598912,138.07951185560998,6853.0747,4.7541714,1724.8662,1.6102487,7400.097,5.6379914,0,,,,,890.9040362598912,0.0004736604,138.07951185560998,0.0005888499,0.008415307,0.07343831
7397.899,5.6375427,-0.0039150333,220278,890.9045496065417,138.08032355469226,6851.038,4.7537923,1724.4901,1.6107112,7397.899,5.6375427,0,,,,,890.9045496065417,0.00047382608,138.08032355469226,0.0005891119,0.0086038215,0.074396074
7400.2646,5.6383257,-0.0039149616,220279,890.9036331868498,138.07906708707807,6853.027,4.7544527,1726.4297,1.6111277,7400.2646,5.6383257,0,,,,,890.9036331868498,0.00047357037,138.07906708707807,0.0005886791,0.008427506,0.07272143
7391.01,5.636063,-0.0039148894,220280,890.9041862609805,138.07923617239936,6845.329,4.7525444,1723.427,1.6110748,7391.01,5.636063,0,,,,,890.9041862609805,0.00047418565,138.07923617239936,0.00058897136,0.0086041875,0.07390757
7398.4946,5.637466,-0.003914817,220281,890.9031429684567,138.07968796802476,6851.3496,4.753728,1724.2238,1.6108578,7398.4946,5.637466,0,,,,,890.9031429684567,0.00047373094,138.07968796802476,0.000588936,0.007648206,0.07333123
7403.036,5.6424623,-0.003914744,220282,890.9045432250673,138.07909096779437,6855.0864,4.7579412,1725.1566,1.6125227,7403.036,5.6424623,0,,,,,890.9045432250673,0.00047429476,138.07909096779437,0.00058933895,0.008485817,0.0730457
7400.578,5.6394253,-0.003914671,220283,890.904422052829,138.08007327297378,6852.947,4.75538,1725.9329,1.612939,7400.578,5.6394253,0,,,,,890.904422052829,0.0004739544,138.08007327297378,0.00058878557,0.00791639,0.073818274
7401.618,5.636663,-0.0039145974,220284,890.9041000505686,138.07831867039468,6854.118,4.753051,1722.3486,1.6087501,7401.618,5.636663,0,,,,,890.9041000505686,0.00047353486,138.07831867039468,0.0005881156,0.008666759,0.07321119
7401.176,5.636552,-0.003914524,220285,890.9037467325761,138.07940516790188,6853.657,4.7529573,1719.7437,1.6082181,7401.176,5.636552,0,,,,,890.9037467325761,0.00047364747,138.07940516790188,0.00058870605,0.008051409,0.0726503
7397.4844,5.63523,-0.00391445,220286,890.90463590893,138.07920553290398,6850.5376,4.751842,1719.9487,1.6089756,7397.4844,5.63523,0,,,,,890.90463590893,0.0004735883,138.07920553290398,0.0005886182,0.008485843,0.07326138
7405.237,5.637499,-0.0039143753,220287,890.9045171715691,138.07943359619347,6856.9653,4.7537556,1720.7847,1.6092976,7405.237,5.637499,0,,,,,890.9045171715691,0.00047332683,138.07943359619347,0.00058801606,0.0076837633,0.07344187
7394.027,5.6341524,-0.0039143004,220288,890.9051201517586,138.07837846723731,6847.5977,4.750933,1720.7142,1.6088687,7394.027,5.6341524,0,,,,,890.9051201517586,0.00047373908,138.07837846723731,0.0005885945,0.009120124,0.07280017
7404.8086,5.6376014,-0.0039142254,220289,890.9037277537597,138.07961152267154,6856.417,4.7538424,1722.3987,1.6094975,7404.8086,5.6376014,0,,,,,890.9037277537597,0.00047332852,138.07961152267154,0.00058826915,0.007471891,0.07319644
7397.9624,5.6351123,-0.0039141504,220290,890.9035800714929,138.07855162223606,6850.6265,4.7517433,1720.0665,1.6094923,7397.9624,5.6351123,0,,,,,890.9035800714929,0.0004737513,138.07855162223606,0.00058830064,0.00798782,0.07266511
7402.91,5.637179,-0.0039140745,220291,890.9042698630575,138.07912711401502,6854.8496,4.7534857,1721.9535,1.609423,7402.91,5.637179,0,,,,,890.9042698630575,0.0004735854,138.07912711401502,0.0005884145,0.00799975,0.07402976
7397.448,5.6365094,-0.0039139986,220292,890.9039161122068,138.079041515014,6850.2104,4.752921,1722.7101,1.6108674,7397.448,5.6365094,0,,,,,890.9039161122068,0.00047378836,138.079041515014,0.0005891098,0.008027361,0.07325638
7391.4756,5.637443,-0.0039139227,220293,890.9046634291872,138.07801823705088,6845.058,4.7537084,1725.3982,1.6121322,7391.4756,5.637443,0,,,,,890.9046634291872,0.00047443915,138.07801823705088,0.00058918213,0.009051996,0.07210319
7393.737,5.6374316,-0.003913846,220294,890.9039041327981,138.07915443842248,6846.7676,4.753699,1728.7069,1.6111732,7393.737,5.6374316,0,,,,,890.9039041327981,0.00047414997,138.07915443842248,0.000589102,0.007780275,0.07313531
7393.5303,5.641518,-0.0039137695,220295,890.9034643960496,138.07889672960334,6846.902,4.757145,1731.9127,1.6152546,7393.5303,5.641518,0,,,,,890.9034643960496,0.00047480568,138.07889672960334,0.0005897572,0.0069551663,0.07227522
7407.5166,5.6455092,-0.003913692,220296,890.9035133005095,138.0805013387952,6858.4946,4.7605104,1739.959,1.6153059,7407.5166,5.6455092,0,,,,,890.9035133005095,0.00047407387,138.0805013387952,0.0005893039,0.007978309,0.07361942
7407.6514,5.649449,-0.003913615,220297,890.9042621903909,138.078773411808,6858.524,4.7638326,1749.1897,1.6183431,7407.6514,5.649449,0,,,,,890.9042621903909,0.00047455766,138.078773411808,0.00058934925,0.008461188,0.07127879
7400.9595,5.65284,-0.003913537,220298,890.9039527531788,138.0803331409096,6852.9883,4.766692,1758.6283,1.6230261,7400.9595,5.65284,0,,,,,890.9039527531788,0.00047486208,138.0803331409096,0.000590882,0.008366007,0.072866656
7392.915,5.656199,-0.0039134594,220299,890.904831493068,138.07886798604292,6846.3667,4.769524,1772.2037,1.6268389,7392.915,5.656199,0,,,,,890.904831493068,0.00047539928,138.07886798604292,0.00059151393,0.008120821,0.07212707
7392.1753,5.662554,-0.003913381,220300,890.9037500474728,138.0785177376841,6845.5205,4.7748823,1787.2311,1.632239,7392.1753,5.662554,0,,,,,890.9037500474728,0.00047628998,138.0785177376841,0.00059251045,0.0074928994,0.0716582
7392.9346,5.6731014,-0.0039133024,220301,890.9039259183833,138.0791974729742,6846.057,4.783777,1803.2064,1.6411572,7392.9346,5.6731014,0,,,,,890.9039259183833,0.0004766134,138.0791974729742,0.00059386843,0.008377765,0.0727625
7401.829,5.678368,-0.0039132237,220302,890.9033492760686,138.07821732351024,6853.384,4.7882185,1818.3102,1.6430688,7401.829,5.678368,0,,,,,890.9033492760686,0.00047668396,138.07821732351024,0.0005934689,0.007926024,0.07283487
7393.94,5.6837792,-0.0039131446,220303,890.9034197445305,138.0786749771608,6846.7656,4.792781,1835.2642,1.6500306,7393.94,5.6837792,0,,,,,890.9034197445305,0.0004778397,138.0786749771608,0.0005950744,0.007954482,0.07164165
7396.4785,5.690831,-0.0039130654,220304,890.9042306009227,138.07856565160964,6849.087,4.7987275,1852.0784,1.6546236,7396.4785,5.690831,0,,,,,890.9042306009227,0.00047833333,138.07856565160964,0.00059540465,0.008016393,0.07141046
7399.6655,5.7008023,-0.003912986,220305,890.9027298829359,138.0768785039468,6851.3647,4.8071356,1871.4045,1.6614366,7399.6655,5.7008023,0,,,,,890.9027298829359,0.00047905222,138.0768785039468,0.00059689966,0.007060544,0.07087152
7411.723,5.7101836,-0.003912906,220306,890.9042242927035,138.07949204550286,6861.7935,4.815046,1889.0414,1.6691334,7411.723,5.7101836,0,,,,,890.9042242927035,0.0004787174,138.07949204550286,0.00059675664,0.008384481,0.07327537
7398.6523,5.7143373,-0.003912826,220307,890.9033812531706,138.07927617967738,6850.618,4.8185487,1907.8125,1.6741507,7398.6523,5.7143373,0,,,,,890.9033812531706,0.00047994635,138.07927617967738,0.0005981465,0.008218484,0.07222985
7397.695,5.725935,-0.0039127455,220308,890.9031083840525,138.078301578909,6849.719,4.828328,1928.5764,1.6815875,7397.695,5.725935,0,,,,,890.9031083840525,0.00048102118,138.078301578909,0.0005999001,0.007493196,0.07186762
7401.7354,5.732281,-0.003912665,220309,890.9038510134395,138.07759413973528,6853.0747,4.8336797,1946.407,1.6877147,7401.7354,5.732281,0,,,,,890.9038510134395,0.00048104575,138.07759413973528,0.00060019124,0.007824822,0.07175341
7401.1104,5.745343,-0.003912584,220310,890.9026096480497,138.07719368048535,6852.7505,4.8446937,1970.7643,1.6966677,7401.1104,5.745343,0,,,,,890.9026096480497,0.00048203827,138.07719368048535,0.00060215656,0.0076054176,0.07150364
7393.568,5.7505918,-0.003912503,220311,890.9036497379727,138.07770018166568,6846.0635,4.8491197,1989.7513,1.7029538,7393.568,5.7505918,0,,,,,890.9036497379727,0.00048310467,138.07770018166568,0.000602989,0.007108942,0.071685575
7384.8413,5.755304,-0.0039124214,220312,890.9033085928198,138.07834048174027,6838.7305,4.853093,2010.8883,1.7089413,7384.8413,5.755304,0,,,,,890.9033085928198,0.00048411597,138.07834048174027,0.000604339,0.0078370925,0.07195933
7396.897,5.767145,-0.00391234,220313,890.9027017090497,138.07926092296958,6848.942,4.863078,2031.9584,1.7160063,7396.897,5.767145,0,,,,,890.9027017090497,0.00048427717,138.07926092296958,0.0006051719,0.0074079284,0.0718009
7388.4243,5.7747636,-0.003912258,220314,890.902649979581,138.07756514165004,6841.8276,4.8695025,2052.6255,1.7229598,7388.4243,5.7747636,0,,,,,890.902649979581,0.00048550765,138.07756514165004,0.0006066671,0.0072031072,0.07095813
7403.7637,5.7857633,-0.0039121755,220315,890.9029504040727,138.07797601466135,6854.6104,4.878778,2072.4082,1.7307497,7403.7637,5.7857633,0,,,,,890.9029504040727,0.0004851655,138.07797601466135,0.0006068649,0.007795463,0.07114778
7395.366,5.7942095,-0.003912093,220316,890.9029839823409,138.0783295287948,6847.4067,4.8859,2097.6113,1.7374002,7395.366,5.7942095,0,,,,,890.9029839823409,0.00048644136,138.0783295287948,0.0006082995,0.00784058,0.070963
7395.8647,5.8005223,-0.0039120107,220317,890.9026388369155,138.07818883653056,6847.9263,4.8912234,2113.12,1.7425953,7395.8647,5.8005223,0,,,,,890.9026388369155,0.00048692754,138.07818883653056,0.00060936867,0.0078066043,0.07126295
7392.7314,5.808733,-0.0039119273,220318,890.9037648236031,138.07847730449342,6845.366,4.8981466,2133.668,1.7500901,7392.7314,5.808733,0,,,,,890.9037648236031,0.00048780357,138.07847730449342,0.0006103064,0.00831516,0.07178967
7393.7183,5.815296,-0.0039118445,220319,890.9029910803465,138.07785594826848,6846.012,4.9036813,2149.202,1.7546759,7393.7183,5.815296,0,,,,,890.9029910803465,0.00048829376,138.07785594826848,0.00061121676,0.007851907,0.07049996
7395.442,5.8237267,-0.003911761,220320,890.9021184258788,138.07834411682475,6847.4707,4.91079,2167.6516,1.7611408,7395.442,5.8237267,0,,,,,890.9021184258788,0.0004888109,138.07834411682475,0.0006121645,0.0069079427,0.07120051
7397.634,5.8304167,-0.0039116773,220321,890.9025117181465,138.07849651169408,6849.2856,4.916431,2182.6335,1.7651217,7397.634,5.8304167,0,,,,,890.9025117181465,0.0004894719,138.07849651169408,0.0006130297,0.007950354,0.07184149
7391.666,5.8363495,-0.0039115935,220322,890.9029516626763,138.078296093716,6844.1313,4.9214344,2199.246,1.7713677,7391.666,5.8363495,0,,,,,890.9029516626763,0.0004900724,138.078296093716,0.0006138839,0.007301591,0.071713656
7403.4346,5.848224,-0.003911509,220323,890.9034539519231,138.07762235112475,6854.2476,4.9314475,2221.2249,1.7798343,7403.4346,5.848224,0,,,,,890.9034539519231,0.0004901413,138.07762235112475,0.0006145012,0.007619374,0.07043891
7388.58,5.853549,-0.003911425,220324,890.9023496282415,138.0775053580678,6841.7026,4.9359374,2239.4773,1.784723,7388.58,5.853549,0,,,,,890.9023496282415,0.0004918345,138.0775053580678,0.0006163267,0.007349502,0.07111067
7393.936,5.8598323,-0.0039113406,220325,890.9031887713631,138.07847202713054,6846.2065,4.9412355,2258.0042,1.789279,7393.936,5.8598323,0,,,,,890.9031887713631,0.00049177837,138.07847202713054,0.00061674207,0.0083224205,0.07103576
7397.9497,5.868787,-0.003911256,220326,890.9025652841713,138.07790298702605,6849.5083,4.9487863,2275.0132,1.7959816,7397.9497,5.868787,0,,,,,890.9025652841713,0.00049231364,138.07790298702605,0.0006175226,0.0071582026,0.07072166
7390.883,5.8765583,-0.0039111706,220327,890.9021206657126,138.07814995196787,6843.6147,4.9553394,2291.3994,1.8028728,7390.883,5.8765583,0,,,,,890.9021206657126,0.0004933987,138.07814995196787,0.0006194082,0.007460346,0.070218116
7382.192,5.8823776,-0.0039110854,220328,890.9027228158956,138.0778912253765,6835.9956,4.960247,2311.9504,1.808088,7382.192,5.8823776,0,,,,,890.9027228158956,0.0004943446,138.0778912253765,0.0006204228,0.007324615,0.07065288
7385.199,5.8890085,-0.0039109997,220329,890.9029207041217,138.07841257829722,6838.591,4.9658384,2330.1238,1.8141204,7385.199,5.8890085,0,,,,,890.9029207041217,0.0004945695,138.07841257829722,0.0006209352,0.0076402235,0.07154651
7395.462,5.903269,-0.003910914,220330,890.9024346215447,138.07639830457634,6847.3496,4.977863,2356.0078,1.8226544,7395.462,5.903269,0,,,,,890.9024346215447,0.0004952754,138.07639830457634,0.00062212104,0.0073315175,0.068961106
7395.526,5.912558,-0.0039108284,220331,890.9026384844838,138.0777153004932,6847.1997,4.9856963,2376.4104,1.8296497,7395.526,5.912558,0,,,,,890.9026384844838,0.0004958203,138.0777153004932,0.00062289234,0.00828648,0.07120601
7402.1973,5.9207373,-0.0039107422,220332,890.9028938995764,138.0767186949387,6853.184,4.9925933,2398.4678,1.8349425,7402.1973,5.9207373,0,,,,,890.9028938995764,0.0004961997,138.0767186949387,0.00062334206,0.007364217,0.07027653
7403.349,5.93524,-0.003910656,220333,890.9013583360469,138.07725925407885,6853.9785,5.0048223,2423.2883,1.8441321,7403.349,5.93524,0,,,,,890.9013583360469,0.0004973567,138.07725925407885,0.0006256821,0.007697072,0.07000015
7395.6255,5.9391503,-0.0039105695,220334,890.9013753834934,138.0775310319397,6847.304,5.0081196,2444.9385,1.8502204,7395.6255,5.9391503,0,,,,,890.9013753834934,0.0004978306,138.0775310319397,0.00062660436,0.008702126,0.06995941
7391.4126,5.9497147,-0.0039104824,220335,890.9018763110297,138.07776342309742,6843.856,5.0170283,2469.07,1.8582965,7391.4126,5.9497147,0,,,,,890.9018763110297,0.00049886917,138.07776342309742,0.00062805664,0.0073696673,0.07067425
7401.7773,5.9597197,-0.003910396,220336,890.9017997778343,138.07764741630763,6852.642,5.0254645,2488.6077,1.8647026,7401.7773,5.9597197,0,,,,,890.9017997778343,0.00049947406,138.07764741630763,0.00062861876,0.007886281,0.06997193
7386.038,5.9671383,-0.0039103087,220337,890.9022373166458,138.07766194867327,6839.4087,5.03172,2516.561,1.8730649,7386.038,5.9671383,0,,,,,890.9022373166458,0.0005008756,138.07766194867327,0.00063059083,0.007845382,0.07030913
7398.7866,5.9777017,-0.003910221,220338,890.9026195063336,138.07778746955378,6850.089,5.0406275,2535.9192,1.8789352,7398.7866,5.9777017,0,,,,,890.9026195063336,0.0005009209,138.07778746955378,0.0006309415,0.007511126,0.07024712
7397.0034,5.989275,-0.0039101336,220339,890.9019510415803,138.0785217158919,6848.544,5.050387,2565.2786,1.8885045,7397.0034,5.989275,0,,,,,890.9019510415803,0.00050182437,138.0785217158919,0.0006326083,0.007633324,0.07092493
7387.2686,5.997498,-0.0039100456,220340,890.9014789527292,138.0762256312974,6840.4976,5.0573206,2589.763,1.8962202,7387.2686,5.997498,0,,,,,890.9014789527292,0.00050300424,138.0762256312974,0.0006339403,0.0074554207,0.070120916
7399.5894,6.01127,-0.0039099576,220341,890.9024554093435,138.077449296685,6850.806,5.068934,2616.6416,1.904213,7399.5894,6.01127,0,,,,,890.9024554093435,0.00050342863,138.077449296685,0.00063475216,0.0075073214,0.07018471
7394.8164,6.0206337,-0.0039098696,220342,890.90107870098,138.07737330642667,6846.742,5.07683,2642.8843,1.9123316,7394.8164,6.0206337,0,,,,,890.90107870098,0.0005045443,138.07737330642667,0.0006364244,0.008309919,0.06911458
7397.589,6.031865,-0.003909781,220343,890.9020154240054,138.07820221307432,6849.2417,5.0863004,2664.6455,1.9190692,7397.589,6.031865,0,,,,,890.9020154240054,0.00050530606,138.07820221307432,0.00063777756,0.00826248,0.070388295
7405.339,6.0419245,-0.0039096926,220344,890.9023011515874,138.07783145443878,6855.7217,5.094783,2686.3486,1.9257863,7405.339,6.0419245,0,,,,,890.9023011515874,0.00050562166,138.07783145443878,0.0006381714,0.008285623,0.07029297
7398.5425,6.047273,-0.003909604,220345,890.9015744980138,138.0777079399331,6850.114,5.099293,2702.5447,1.9305632,7398.5425,6.047273,0,,,,,890.9015744980138,0.0005064792,138.0777079399331,0.00063946116,0.0074155517,0.069238506
7398.308,6.054134,-0.003909515,220346,890.9018177335024,138.07757995107244,6849.851,5.105078,2721.7485,1.935998,7398.308,6.054134,0,,,,,890.9018177335024,0.0005069045,138.07757995107244,0.0006401641,0.0074865287,0.07108645
7390.7495,6.062072,-0.003909426,220347,890.9000451559878,138.07934504757205,6843.54,5.111772,2740.4556,1.943733,7390.7495,6.062072,0,,,,,890.9000451559878,0.0005079851,138.07934504757205,0.0006416272,0.0056283865,0.07007065
7399.388,6.067695,-0.0039093364,220348,890.903181712244,138.0777860377939,6850.643,5.1165133,2753.0344,1.9459927,7399.388,6.067695,0,,,,,890.903181712244,0.000507977,138.0777860377939,0.0006417586,0.00915377,0.069722585
7407.5503,6.0750995,-0.003909247,220349,890.9010776611623,138.07762875844452,6857.5957,5.1227574,2765.1318,1.9521736,7407.5503,6.0750995,0,,,,,890.9010776611623,0.00050786935,138.07762875844452,0.0006419137,0.006906327,0.06977761
7404.5127,6.0787272,-0.003909157,220350,890.901472662652,138.07852506748182,6855.1416,5.1258163,2778.4844,1.9535638,7404.5127,6.0787272,0,,,,,890.901472662652,0.0005084406,138.07852506748182,0.0006428159,0.007539008,0.07012767
7394.2,6.081345,-0.0039090673,220351,890.9019824975002,138.07682783790463,6846.3296,5.1280236,2790.145,1.9573433,7394.2,6.081345,0,,,,,890.9019824975002,0.000509329,138.07682783790463,0.00064406835,0.007900384,0.06940062
7382.7876,6.0840373,-0.0039089774,220352,890.9022883564263,138.07655645964473,6836.631,5.1302943,2803.554,1.9614332,7382.7876,6.0840373,0,,,,,890.9022883564263,0.0005102513,138.07655645964473,0.0006452541,0.0075793103,0.06936233
7395.276,6.091346,-0.003908887,220353,890.901448204643,138.07766889637716,6847.4956,5.136457,2812.1545,1.9637564,7395.276,6.091346,0,,,,,890.901448204643,0.0005101499,138.07766889637716,0.00064469775,0.0077148336,0.07014423
7393.0557,6.0944777,-0.0039087967,220354,890.9020065620339,138.07797662002625,6845.725,5.1390977,2821.895,1.9661651,7393.0557,6.0944777,0,,,,,890.9020065620339,0.00051048916,138.07797662002625,0.0006455123,0.0070433686,0.07043007
7398.035,6.0980783,-0.0039087064,220355,890.9022763780171,138.07847737865026,6849.872,5.1421337,2830.1997,1.9688531,7398.035,6.0980783,0,,,,,890.9022763780171,0.00051029003,138.07847737865026,0.0006457165,0.0075631365,0.06917299
7393.044,6.1004653,-0.0039086156,220356,890.9014733298598,138.07798448876153,6845.6025,5.144147,2838.9734,1.9714217,7393.044,6.1004653,0,,,,,890.9014733298598,0.00051076995,138.07798448876153,0.0006464138,0.0074848747,0.068913504
7388.775,6.1057825,-0.0039085243,220357,890.9014684098319,138.07794883644948,6841.929,5.14863,2850.9912,1.9759488,7388.775,6.1057825,0,,,,,890.9014684098319,0.00051156705,138.07794883644948,0.0006474425,0.008149762,0.06896211
7388.2715,6.110512,-0.0039084335,220358,890.9019061029798,138.0773544493983,6841.7227,5.1526184,2860.8337,1.9782138,7388.2715,6.110512,0,,,,,890.9019061029798,0.00051187567,138.0773544493983,0.00064793695,0.00734994,0.069353454
7398.4727,6.1140156,-0.003908342,220359,890.901424182535,138.07750241482202,6850.183,5.155573,2866.4465,1.9798843,7398.4727,6.1140156,0,,,,,890.901424182535,0.00051156164,138.07750241482202,0.0006479934,0.0072425622,0.070283584
7382.303,6.1152782,-0.0039082505,220360,890.9017778879607,138.0774440820636,6836.4966,5.156637,2877.8586,1.9834028,7382.303,6.1152782,0,,,,,890.9017778879607,0.0005128256,138.0774440820636,0.0006490054,0.006977143,0.06948069
7393.855,6.1202965,-0.003908159,220361,890.9008319738462,138.07789093975214,6846.317,5.160869,2882.2627,1.984311,7393.855,6.1202965,0,,,,,890.9008319738462,0.0005126491,138.07789093975214,0.0006487642,0.007219617,0.06911616
7393.507,6.1235714,-0.003908067,220362,890.9020901165676,138.07690196063623,6846.245,5.163631,2893.4895,1.9886074,7393.507,6.1235714,0,,,,,890.9020901165676,0.0005124728,138.07690196063623,0.00064917456,0.00854882,0.068917446
7395.72,6.12575,-0.0039079753,220363,890.9010083140388,138.07851155829124,6847.7173,5.1654677,2896.8037,1.9895324,7395.72,6.12575,0,,,,,890.9010083140388,0.00051265676,138.07851155829124,0.0006493355,0.007179908,0.06934903
7396.908,6.131354,-0.003907883,220364,890.9021670828166,138.07711776422826,6848.747,5.170193,2909.8035,1.9932679,7396.908,6.131354,0,,,,,890.9021670828166,0.00051290967,138.07711776422826,0.0006498494,0.008037892,0.06928989
7398.189,6.137037,-0.003907791,220365,890.9017478925495,138.07820062750935,6850.1973,5.174985,2923.1848,1.9967251,7398.189,6.137037,0,,,,,890.9017478925495,0.000513616,138.07820062750935,0.00065012474,0.0073507023,0.069771014
7392.7754,6.1399217,-0.0039076987,220366,890.9003900207064,138.07803087019673,6845.508,5.1774178,2932.9404,1.9990273,7392.7754,6.1399217,0,,,,,890.9003900207064,0.0005141599,138.07803087019673,0.0006516994,0.0069608497,0.069256715
7391.563,6.1429677,-0.003907606,220367,890.9009833754404,138.07808369604038,6844.5527,5.1799865,2943.4695,2.0025897,7391.563,6.1429677,0,,,,,890.9009833754404,0.0005141627,138.07808369604038,0.00065175723,0.0077298954,0.0690592
7397.8457,6.1481795,-0.0039075133,220368,890.9007794348927,138.07768542782682,6849.91,5.184381,2954.2275,2.0049748,7397.8457,6.1481795,0,,,,,890.9007794348927,0.00051427097,138.07768542782682,0.00065172574,0.006871846,0.06977807
7401.353,6.1531796,-0.00390742,220369,890.9021208674901,138.0778606367226,6852.846,5.1885977,2961.964,2.0094182,7401.353,6.1531796,0,,,,,890.9021208674901,0.00051469385,138.0778606367226,0.00065190834,0.007966175,0.06934891
7392.988,6.1549783,-0.003907327,220370,890.9006084444818,138.07885739943907,6845.8657,5.190114,2973.0327,2.0111184,7392.988,6.1549783,0,,,,,890.9006084444818,0.0005151954,138.07885739943907,0.00065300614,0.006775725,0.06935767
7399.894,6.162777,-0.003907234,220371,890.9012918163783,138.07665191211754,6851.476,5.19669,2987.1343,2.0163968,7399.894,6.162777,0,,,,,890.9012918163783,0.0005154347,138.07665191211754,0.0006535569,0.009158619,0.06783404
7394.42,6.1670628,-0.0039071403,220372,890.9000217247333,138.07729712009365,6847.156,5.200304,3001.9636,2.0189536,7394.42,6.1670628,0,,,,,890.9000217247333,0.0005158393,138.07729712009365,0.000654408,0.0071606576,0.069557756
7387.851,6.173081,-0.003907047,220373,890.8997160033034,138.07736260088365,6841.4453,5.2053785,3020.184,2.0265424,7387.851,6.173081,0,,,,,890.8997160033034,0.0005167803,138.07736260088365,0.00065556605,0.006573422,0.06904851
7395.736,6.1779675,-0.003906953,220374,890.9021479726367,138.07866727954496,6847.994,5.2094994,3029.5178,2.0270965,7395.736,6.1779675,0,,,,,890.9021479726367,0.00051690073,138.07866727954496,0.0006557301,0.007971417,0.06950141
7401.9917,6.1876397,-0.0039068596,220375,890.9005382791956,138.07776042053425,6853.4033,5.2176557,3049.9636,2.0331972,7401.9917,6.1876397,0,,,,,890.9005382791956,0.0005173534,138.07776042053425,0.00065611623,0.007840386,0.06914856
7395.164,6.192978,-0.0039067655,220376,890.9017051725733,138.07763694079273,6847.622,5.2221565,3064.5374,2.0384228,7395.164,6.192978,0,,,,,890.9017051725733,0.00051803095,138.07763694079273,0.000657703,0.007971853,0.06883129
7390.278,6.196034,-0.0039066714,220377,890.9011212770155,138.0766214358639,6843.5376,5.224734,3077.028,2.041095,7390.278,6.196034,0,,,,,890.9011212770155,0.0005187573,138.0766214358639,0.0006579967,0.00679193,0.06940036
7391.377,6.2007227,-0.0039065774,220378,890.9011197751106,138.07659336142322,6844.4136,5.228688,3089.133,2.044639,7391.377,6.2007227,0,,,,,890.9011197751106,0.000518965,138.07659336142322,0.00065866567,0.0071979403,0.06937007
7387.9326,6.2042737,-0.003906483,220379,890.9015141886069,138.07675634804033,6841.3965,5.231682,3098.5605,2.0472505,7387.9326,6.2042737,0,,,,,890.9015141886069,0.0005194597,138.07675634804033,0.00065941375,0.008317759,0.06912153
7398.791,6.2094316,-0.0039063883,220380,890.9014720134019,138.07736284480262,6850.864,5.2360315,3106.951,2.0496309,7398.791,6.2094316,0,,,,,890.9014720134019,0.00051912223,138.07736284480262,0.0006590297,0.008858958,0.06935267
7398.7524,6.211503,-0.003906294,220381,890.9015397223382,138.0772710600715,6850.823,5.237778,3112.5774,2.0502234,7398.7524,6.211503,0,,,,,890.9015397223382,0.0005195161,138.0772710600715,0.0006591902,0.007689968,0.06949375
7403.992,6.2173734,-0.0039061988,220382,890.9014877874599,138.0773289441308,6855.0283,5.242728,3119.0464,2.0544033,7403.992,6.2173734,0,,,,,890.9014877874599,0.0005194507,138.0773289441308,0.00065996445,0.007545841,0.06881364
7402.8354,6.216116,-0.0039061038,220383,890.9010533892849,138.07666680340293,6854.3257,5.2416673,3119.9414,2.0531266,7402.8354,6.216116,0,,,,,890.9010533892849,0.00051945396,138.07666680340293,0.00065951096,0.0075653787,0.068813875
7395.869,6.213912,-0.0039060086,220384,890.9012255040758,138.0777619444024,6848.4937,5.2398095,3117.8838,2.051749,7395.869,6.213912,0,,,,,890.9012255040758,0.00051994965,138.0777619444024,0.0006602027,0.008673338,0.06816796
7389.581,6.2125406,-0.0039059133,220385,890.8999788230667,138.07687590882074,6843.0547,5.2386527,3116.4336,2.0532553,7389.581,6.2125406,0,,,,,890.8999788230667,0.00052014284,138.07687590882074,0.0006604461,0.0071493117,0.06923791
7401.6816,6.2169924,-0.0039058179,220386,890.9023971610977,138.07661771234987,6853.1157,5.242407,3119.3623,2.0532265,7401.6816,6.2169924,0,,,,,890.9023971610977,0.0005199282,138.07661771234987,0.0006595344,0.007951439,0.068987116
7396.622,6.214718,-0.0039057224,220387,890.901188193958,138.07667653788286,6848.888,5.240489,3120.6714,2.0526543,7396.622,6.214718,0,,,,,890.901188193958,0.00051976193,138.07667653788286,0.00065992295,0.0071695377,0.06961835
7401.714,6.2158647,-0.0039056267,220388,890.9001891116703,138.0780644032646,6853.286,5.2414556,3122.0652,2.0541482,7401.714,6.2158647,0,,,,,890.9001891116703,0.0005197686,138.0780644032646,0.0006594922,0.007736643,0.06881977
7401.591,6.216631,-0.003905531,220389,890.901171086799,138.07827465296666,6853.0386,5.242102,3123.2507,2.0543525,7401.591,6.216631,0,,,,,890.901171086799,0.00051970594,138.07827465296666,0.0006598582,0.0076451954,0.0695773
7405.6313,6.2197084,-0.003905435,220390,890.9017920227897,138.07701690859065,6856.4463,5.244697,3130.318,2.0550961,7405.6313,6.2197084,0,,,,,890.9017920227897,0.0005198668,138.07701690859065,0.0006600009,0.007836427,0.06923001
7397.488,6.220375,-0.003905339,220391,890.9009736064643,138.07815579803133,6849.7305,5.2452593,3133.529,2.056074,7397.488,6.220375,0,,,,,890.9009736064643,0.00052001193,138.07815579803133,0.0006606957,0.0076649375,0.0694357
7393.5537,6.2214136,-0.0039052428,220392,890.9007071452476,138.07649493309086,6846.476,5.246135,3140.3188,2.0582585,7393.5537,6.2214136,0,,,,,890.9007071452476,0.0005204946,138.07649493309086,0.00066110265,0.008102786,0.06902467
7390.0635,6.2218757,-0.0039051464,220393,890.9004970854631,138.07762020412923,6843.2476,5.2465243,3145.573,2.059194,7390.0635,6.2218757,0,,,,,890.9004970854631,0.000520708,138.07762020412923,0.00066122774,0.007466897,0.06938164
7388.7734,6.225189,-0.00390505,220394,890.9015480219033,138.0757540006626,6842.235,5.249319,3149.5105,2.0612226,7388.7734,6.225189,0,,,,,890.9015480219033,0.0005211127,138.0757540006626,0.0006617015,0.0072973873,0.06853133
7397.462,6.2292166,-0.0039049534,220395,890.9017495146214,138.07655270959395,6849.5225,5.2527146,3158.9814,2.0629232,7397.462,6.2292166,0,,,,,890.9017495146214,0.0005209885,138.07655270959395,0.00066182576,0.00826341,0.06885799
7396.7896,6.2352104,-0.0039048567,220396,890.9007931491592,138.07823670243377,6849.0273,5.2577686,3176.5427,2.0679405,7396.7896,6.2352104,0,,,,,890.9007931491592,0.0005213537,138.07823670243377,0.00066232606,0.0071178935,0.07031639
7392.3135,6.2388573,-0.00390476,220397,890.901763572696,138.07713378573447,6845.269,5.260844,3189.0005,2.0716412,7392.3135,6.2388573,0,,,,,890.901763572696,0.00052175485,138.07713378573447,0.00066316436,0.008231922,0.06886394
7402.118,6.2506523,-0.0039046628,220398,890.9008039553972,138.0777070613155,6853.5664,5.27079,3211.1697,2.077608,7402.118,6.2506523,0,,,,,890.9008039553972,0.0005225833,138.0777070613155,0.0006640547,0.0077150324,0.068782195
7404.632,6.259876,-0.0039045657,220399,890.9015783719971,138.07837072033374,6855.8584,5.2785673,3234.4834,2.0847347,7404.632,6.259876,0,,,,,890.9015783719971,0.00052280223,138.07837072033374,0.0006646237,0.008195314,0.06887808
7395.8486,6.272497,-0.0039044686,220400,890.9010033402535,138.07823509694174,6848.26,5.289211,3258.5112,2.091341,7395.8486,6.272497,0,,,,,890.9010033402535,0.0005243968,138.07823509694174,0.0006672334,0.00749005,0.06931512
7411.64,6.2791157,-0.0039043713,220401,890.9012314858279,138.07886136378562,6861.7837,5.2947917,3281.0137,2.097253,7411.64,6.2791157,0,,,,,890.9012314858279,0.0005239401,138.07886136378562,0.0006666087,0.0078001604,0.06967207
7396.193,6.2871275,-0.0039042737,220402,890.8995950653476,138.07748652957633,6848.659,5.3015475,3308.9053,2.105402,7396.193,6.2871275,0,,,,,890.8995950653476,0.00052550976,138.07748652957633,0.00066869863,0.0070555713,0.069746956
7403.1533,6.2970114,-0.0039041762,220403,890.9011638415421,138.0773408972119,6854.6953,5.3098817,3328.651,2.1128047,7403.1533,6.2970114,0,,,,,890.9011638415421,0.0005258049,138.0773408972119,0.00066960865,0.008066036,0.067637116
7392.883,6.3046355,-0.0039040786,220404,890.900472988707,138.0765437996063,6845.989,5.316311,3356.7566,2.1174555,7392.883,6.3046355,0,,,,,890.900472988707,0.00052699225,138.0765437996063,0.0006710811,0.0076247742,0.06814497
7404.427,6.316552,-0.0039039806,220405,890.8997403765231,138.07891333435572,6855.6187,5.3263593,3380.4473,2.1246772,7404.427,6.316552,0,,,,,890.8997403765231,0.0005274025,138.07891333435572,0.0006718205,0.00788408,0.069529876
7406.485,6.327135,-0.0039038828,220406,890.9006156057203,138.0760917739329,6857.3696,5.3352833,3406.99,2.1311882,7406.485,6.327135,0,,,,,890.9006156057203,0.00052824285,138.0760917739329,0.0006728282,0.008148159,0.06801953
7403.409,6.3340597,-0.0039037848,220407,890.9002762771331,138.07746489067387,6854.736,5.341122,3427.285,2.1372569,7403.409,6.3340597,0,,,,,890.9002762771331,0.0005288659,138.07746489067387,0.00067368755,0.007117323,0.06971087
7396.9946,6.3417125,-0.0039036865,220408,890.9004841330274,138.07727100138072,6849.2866,5.3475757,3450.7178,2.1435595,7396.9946,6.3417125,0,,,,,890.9004841330274,0.0005297773,138.07727100138072,0.0006754852,0.008015497,0.06896546
7399.1494,6.3498006,-0.0039035883,220409,890.8995605175975,138.077305972413,6851.114,5.354396,3468.853,2.1499884,7399.1494,6.3498006,0,,,,,890.8995605175975,0.000530319,138.077305972413,0.0006759116,0.007306526,0.069316044
7391.492,6.3559694,-0.0039034898,220410,890.9003291074066,138.07810798150433,6844.764,5.3595977,3489.0884,2.1539993,7391.492,6.3559694,0,,,,,890.9003291074066,0.00053132256,138.07810798150433,0.00067743275,0.0077663525,0.06871792
7399.9604,6.3636723,-0.0039033913,220411,890.9007530718243,138.07736211976896,6851.855,5.3660927,3499.2854,2.157,7399.9604,6.3636723,0,,,,,890.9007530718243,0.00053163036,138.07736211976896,0.00067795324,0.007840188,0.06794067
7397.4277,6.366721,-0.0039032926,220412,890.9003520148756,138.0792244997198,6849.6343,5.368664,3507.4358,2.159704,7397.4277,6.366721,0,,,,,890.9003520148756,0.0005318822,138.0792244997198,0.00067855406,0.0076915803,0.06960443
7399.665,6.367246,-0.0039031939,220413,890.8996288028505,138.07658781574494,6851.546,5.3691063,3516.1055,2.1609209,7399.665,6.367246,0,,,,,890.8996288028505,0.00053159107,138.07658781574494,0.0006783573,0.0077874814,0.06920569
7408.552,6.371194,-0.003903095,220414,890.9004072531658,138.07653887524586,6858.9893,5.372435,3520.5413,2.162064,7408.552,6.371194,0,,,,,890.9004072531658,0.000531495,138.07653887524586,0.0006780519,0.008944993,0.06836954
7405.162,6.368577,-0.003902996,220415,890.9005664124862,138.07738943551834,6856.2036,5.3702292,3516.1733,2.1608858,7405.162,6.368577,0,,,,,890.9005664124862,0.00053157593,138.07738943551834,0.00067812006,0.008356032,0.06905316
7395.677,6.3660746,-0.003902897,220416,890.8999935413296,138.07780972694388,6848.2095,5.368119,3512.816,2.1613204,7395.677,6.3660746,0,,,,,890.8999935413296,0.00053182524,138.07780972694388,0.00067851355,0.007919603,0.068398766
7399.1304,6.3620706,-0.0039027978,220417,890.8997722107865,138.07766200249287,6851.133,5.3647423,3502.2925,2.1574025,7399.1304,6.3620706,0,,,,,890.8997722107865,0.0005313254,138.07766200249287,0.00067773473,0.008179929,0.06894391
7402.936,6.3570557,-0.0039026984,220418,890.899958354293,138.07772608806013,6854.243,5.360513,3485.0984,2.153531,7402.936,6.3570557,0,,,,,890.899958354293,0.0005307253,138.07772608806013,0.0006768927,0.008110138,0.06824575
7398.2095,6.3502297,-0.003902599,220419,890.9008295936386,138.07780444357735,6850.433,5.354758,3470.0093,2.1487296,7398.2095,6.3502297,0,,,,,890.9008295936386,0.000530349,138.07780444357735,0.00067642826,0.008174083,0.068791315
7399.818,6.3403263,-0.0039024996,220420,890.899881826675,138.07771148874107,6851.732,5.346407,3449.1665,2.1422265,7399.818,6.3403263,0,,,,,890.899881826675,0.000529648,138.07771148874107,0.0006748648,0.007678225,0.069703735
7396.5576,6.3297467,-0.0039024,220421,890.9004339224203,138.0767069959873,6849.0527,5.337486,3422.5789,2.1351726,7396.5576,6.3297467,0,,,,,890.9004339224203,0.0005288216,138.0767069959873,0.000673936,0.007761036,0.06923276
7403.3657,6.321533,-0.0039023,220422,890.9002002998826,138.07870460823992,6854.8223,5.3305597,3396.9333,2.1283586,7403.3657,6.321533,0,,,,,890.9002002998826,0.00052772695,138.07870460823992,0.0006725338,0.008118503,0.069525674
7397.33,6.309706,-0.0039022001,220423,890.9010813970414,138.07619719034096,6849.5903,5.3205867,3368.975,2.1211154,7397.33,6.309706,0,,,,,890.9010813970414,0.0005273075,138.07619719034096,0.0006715436,0.008206428,0.06702508
7398.4575,6.299774,-0.0039021003,220424,890.9015889608326,138.0782267142069,6850.639,5.312211,3339.1848,2.112981,7398.4575,6.299774,0,,,,,890.9015889608326,0.00052620587,138.0782267142069,0.0006700688,0.0076300255,0.07019317
7404.3677,6.2884574,-0.0039020001,220425,890.9005794298761,138.0772717424415,6855.558,5.3026686,3308.678,2.1040964,7404.3677,6.2884574,0,,,,,890.9005794298761,0.00052522443,138.0772717424415,0.0006683379,0.008254668,0.06932612
7403.4673,6.275667,-0.0039019,220426,890.9010651923846,138.0767112994949,6854.8223,5.2918835,3278.8376,2.0962267,7403.4673,6.275667,0,,,,,890.9010651923846,0.0005242756,138.0767112994949,0.0006665463,0.008677655,0.06832811
7398.7437,6.2648277,-0.0039017997,220427,890.9008287324192,138.07787826689344,6850.6934,5.2827435,3250.1145,2.0895712,7398.7437,6.2648277,0,,,,,890.9008287324192,0.00052342087,138.07787826689344,0.00066594133,0.007828439,0.06895123
7405.4785,6.253053,-0.0039016993,220428,890.9010450102041,138.07718066223958,6856.4795,5.2728148,3221.3787,2.0796921,7405.4785,6.253053,0,,,,,890.9010450102041,0.000522143,138.07718066223958,0.0006635686,0.0080873715,0.06896336
7392.1885,6.2401834,-0.003901599,220429,890.9007105832434,138.0765846443517,6845.189,5.2619624,3194.5762,2.0726235,7392.1885,6.2401834,0,,,,,890.9007105832434,0.0005220408,138.0765846443517,0.0006633744,0.008083225,0.06867614
7406.3154,6.231479,-0.0039014984,220430,890.90132956606,138.0782191775514,6857.1797,5.254623,3163.4607,2.0639546,7406.3154,6.231479,0,,,,,890.90132956606,0.00052040286,138.0782191775514,0.00066147407,0.008072632,0.06953692
7395.3687,6.2184534,-0.0039013976,220431,890.9018892544856,138.07731868817484,6848.1426,5.2436385,3138.0483,2.0561192,7395.3687,6.2184534,0,,,,,890.9018892544856,0.00052002707,138.07731868817484,0.00066077005,0.00864461,0.06895044
7401.34,6.2074547,-0.0039012968,220432,890.9017559357757,138.0772384764392,6853.0645,5.234364,3107.1743,2.048531,7401.34,6.2074547,0,,,,,890.9017559357757,0.00051894103,138.0772384764392,0.00065853423,0.00863677,0.06872312
7394.03,6.196775,-0.003901196,220433,890.9015559078578,138.07833104905808,6846.8525,5.225359,3079.7302,2.0398495,7394.03,6.196775,0,,,,,890.9015559078578,0.0005184036,138.07833104905808,0.0006579372,0.007607634,0.06924236
7402.7383,6.188603,-0.003901095,220434,890.9022340071795,138.07706989590812,6854.2197,5.2184677,3054.527,2.0328283,7402.7383,6.188603,0,,,,,890.9022340071795,0.0005174012,138.07706989590812,0.0006564359,0.008123917,0.069514155
7397.96,6.1774144,-0.0039009938,220435,890.9017997185854,138.07700364243937,6850.313,5.209033,3033.7637,2.0266616,7397.96,6.1774144,0,,,,,890.9017997185854,0.0005167055,138.07700364243937,0.00065523735,0.007562104,0.06898838
7404.1836,6.1703973,-0.0039008926,220436,890.9019494803381,138.07760296707497,6855.3706,5.203116,3010.9646,2.0198152,7404.1836,6.1703973,0,,,,,890.9019494803381,0.00051595946,138.07760296707497,0.0006540684,0.009052418,0.06888561
7403.005,6.1632085,-0.0039007913,220437,890.9011094371016,138.07820729963487,6854.44,5.1970544,2992.8188,2.0145016,7403.005,6.1632085,0,,,,,890.9011094371016,0.0005154154,138.07820729963487,0.0006530209,0.0076562637,0.06973945
7402.006,6.1593175,-0.00390069,220438,890.9015616677998,138.07771812121675,6853.6636,5.1937733,2978.843,2.011303,7402.006,6.1593175,0,,,,,890.9015616677998,0.00051488023,138.07771812121675,0.0006526959,0.008509714,0.06933764
7399.7437,6.1526794,-0.0039005885,220439,890.9011656868546,138.07695224292664,6851.789,5.188175,2969.1548,2.0085843,7399.7437,6.1526794,0,,,,,890.9011656868546,0.0005145394,138.07695224292664,0.00065205444,0.007476118,0.06884991
7396.192,6.148961,-0.003900487,220440,890.9014821833221,138.0778921845032,6848.6895,5.1850405,2959.122,2.005664,7396.192,6.148961,0,,,,,890.9014821833221,0.0005146179,138.0778921845032,0.00065175723,0.007960839,0.06967328
7390.383,6.146289,-0.0039003852,220441,890.9019895040042,138.07692680650624,6844.0513,5.182787,2956.788,2.0051653,7390.383,6.146289,0,,,,,890.9019895040042,0.0005145957,138.07692680650624,0.00065195485,0.008536923,0.06891902
7408.429,6.147287,-0.0039002835,220442,890.9019089533615,138.07769481980162,6859.0635,5.1836286,2949.6924,2.0032456,7408.429,6.147287,0,,,,,890.9019089533615,0.00051364,138.07769481980162,0.0006509231,0.008458712,0.069681175
7391.9976,6.1449795,-0.0039001815,220443,890.9015958984952,138.07794476655624,6845.264,5.181683,2953.7297,2.0034611,7391.9976,6.1449795,0,,,,,890.9015958984952,0.0005145454,138.07794476655624,0.0006516814,0.0075161997,0.06983813
7402.6113,6.1498084,-0.0039000795,220444,890.9011270053253,138.07690595330607,6854.287,5.1857543,2959.5354,2.0056694,7402.6113,6.1498084,0,,,,,890.9011270053253,0.0005141003,138.07690595330607,0.00065159675,0.008163077,0.06926569
7392.557,6.152116,-0.0038999775,220445,890.9026662777999,138.07704586503084,6845.748,5.1877003,2971.218,2.0086591,7392.557,6.152116,0,,,,,890.9026662777999,0.00051506236,138.07704586503084,0.0006529474,0.009185825,0.06890338
7366.086,6.150488,-0.0038998753,220446,890.9017471693019,138.07792735084223,6823.3857,5.186328,2981.454,2.0116363,7366.086,6.150488,0,,,,,890.9017471693019,0.0005167424,138.07792735084223,0.000654649,0.007848082,0.07091606
7352.2915,6.156192,-0.0038997731,220447,890.9027509036337,138.0770685737094,6811.687,5.191138,3003.2239,2.0178843,7352.2915,6.156192,0,,,,,890.9027509036337,0.0005179881,138.0770685737094,0.00065714074,0.00862394,0.06780787
7347.0786,6.1639795,-0.0038996707,220448,890.9017011664499,138.07672068951638,6807.465,5.197704,3023.5645,2.0235674,7347.0786,6.1639795,0,,,,,890.9017011664499,0.00051874627,138.07672068951638,0.0006577358,0.008175964,0.069966264
7354.719,6.171531,-0.0038995685,220449,890.9016610262605,138.07647623763012,6813.77,5.204072,3042.3354,2.0292306,7354.719,6.171531,0,,,,,890.9016610262605,0.00051910564,138.07647623763012,0.0006584702,0.008628504,0.06889644
7342.445,6.1803274,-0.0038994658,220450,890.9019082408989,138.07654326090758,6803.518,5.211489,3070.6824,2.0371332,7342.445,6.1803274,0,,,,,890.9019082408989,0.0005203856,138.07654326090758,0.0006606273,0.007877552,0.06881544
7331.8496,6.19163,-0.003899363,220451,890.9013435412787,138.07697684288317,6794.686,5.22102,3103.0532,2.0460327,7331.8496,6.19163,0,,,,,890.9013435412787,0.0005219093,138.07697684288317,0.00066256674,0.008087111,0.07027181
7342.561,6.2027235,-0.0038992604,220452,890.9009450581283,138.076414684768,6803.7744,5.230375,3127.752,2.0536447,7342.561,6.2027235,0,,,,,890.9009450581283,0.00052208535,138.076414684768,0.0006631396,0.008308925,0.06872962
7345.3247,6.2150283,-0.0038991577,220453,890.9018595007785,138.07577694805258,6805.926,5.2407503,3157.2317,2.0618556,7345.3247,6.2150283,0,,,,,890.9018595007785,0.00052322325,138.07577694805258,0.0006640539,0.008722936,0.06910994
7333.7705,6.2245326,-0.0038990548,220454,890.9002904874264,138.07653001107474,6796.414,5.248765,3188.4644,2.0704348,7333.7705,6.2245326,0,,,,,890.9002904874264,0.0005243764,138.07653001107474,0.00066646223,0.0080293,0.0696074
7341.543,6.237453,-0.003898952,220455,890.9001651463834,138.07835692603734,6802.9263,5.25966,3216.4443,2.0777009,7341.543,6.237453,0,,,,,890.9001651463834,0.00052502495,138.07835692603734,0.00066777505,0.008165194,0.06932437
7336.9106,6.2484446,-0.0038988488,220456,890.9003492288731,138.07623154653956,6798.9805,5.268928,3246.8545,2.087068,7336.9106,6.2484446,0,,,,,890.9003492288731,0.0005261552,138.07623154653956,0.0006692215,0.0085507715,0.06888606
7344.8594,6.2638474,-0.0038987456,220457,890.900922370356,138.0769437239898,6805.7007,5.2819166,3280.5952,2.095993,7344.8594,6.2638474,0,,,,,890.900922370356,0.0005269041,138.0769437239898,0.00067077775,0.008150715,0.06928178
7349.497,6.2780666,-0.0038986423,220458,890.900030216149,138.07669837069906,6809.5083,5.2939067,3315.5378,2.1054683,7349.497,6.2780666,0,,,,,890.900030216149,0.00052753685,138.07669837069906,0.00067203207,0.008597237,0.069306165
7351.8047,6.2928715,-0.0038985389,220459,890.8995661177505,138.0775623618063,6811.633,5.306391,3350.1494,2.1148102,7351.8047,6.2928715,0,,,,,890.8995661177505,0.0005285762,138.0775623618063,0.00067363033,0.008052132,0.06907022
7344.1885,6.3063893,-0.0038984355,220460,890.9011863095104,138.07638638763387,6805.291,5.3177896,3390.0178,2.1264768,7344.1885,6.3063893,0,,,,,890.9011863095104,0.0005302367,138.07638638763387,0.00067579874,0.008716489,0.06916774
7342.6616,6.3184767,-0.0038983321,220461,890.9009110195465,138.07742186300297,6803.954,5.3279824,3424.809,2.135443,7342.6616,6.3184767,0,,,,,890.9009110195465,0.0005314036,138.07742186300297,0.00067742664,0.008143539,0.06953397
7354.382,6.3350763,-0.0038982285,220462,890.900243511908,138.0774104620696,6813.888,5.34198,3461.432,2.1459262,7354.382,6.3350763,0,,,,,890.900243511908,0.00053169415,138.0774104620696,0.0006780843,0.009303046,0.068611905
7373.2725,6.3511043,-0.0038981247,220463,890.8999654174263,138.07673666665517,6829.8706,5.355495,3491.4004,2.15395,7373.2725,6.3511043,0,,,,,890.8999654174263,0.00053190126,138.07673666665517,0.0006785057,0.0077097374,0.06865392
7389.225,6.3662,-0.003898021,220464,890.9008541159944,138.07925144257246,6843.3716,5.368224,3524.959,2.161585,7389.225,6.3662,0,,,,,890.9008541159944,0.00053211796,138.07925144257246,0.0006790074,0.008553514,0.07030785
7397.4307,6.380608,-0.0038979172,220465,890.9007007123994,138.07820300840095,6850.1704,5.380374,3556.8066,2.1702955,7397.4307,6.380608,0,,,,,890.9007007123994,0.0005329138,138.07820300840095,0.0006799234,0.007754083,0.06962813
7411.806,6.3952637,-0.0038978131,220466,890.9012830560902,138.07734930597195,6862.3584,5.392732,3586.7776,2.1789432,7411.806,6.3952637,0,,,,,890.9012830560902,0.0005329773,138.07734930597195,0.0006806408,0.009369128,0.06770394
7407.1045,6.403855,-0.003897709,220467,890.8991983141934,138.07924889063406,6858.445,5.3999767,3614.348,2.1855357,7407.1045,6.403855,0,,,,,890.8991983141934,0.0005337695,138.07924889063406,0.00068225694,0.007331931,0.07028931
7400.344,6.4160304,-0.003897605,220468,890.9004916186581,138.07778908010994,6852.7876,5.4102435,3644.2283,2.195361,7400.344,6.4160304,0,,,,,890.9004916186581,0.000535365,138.07778908010994,0.0006841829,0.0082231015,0.06892818
7405.7246,6.4234943,-0.003897501,220469,890.9009131572622,138.07872885989883,6857.382,5.4165373,3661.2014,2.1984177,7405.7246,6.4234943,0,,,,,890.9009131572622,0.0005357471,138.07872885989883,0.0006846799,0.008388638,0.06981071
7401.0566,6.430597,-0.0038973966,220470,890.9005009177606,138.0788375367381,6853.44,5.4225264,3684.5435,2.2060525,7401.0566,6.430597,0,,,,,890.9005009177606,0.0005366301,138.0788375367381,0.00068586017,0.008639357,0.06826736
7397.922,6.436535,-0.0038972923,220471,890.9003057135338,138.07769723101117,6850.7383,5.427533,3703.6067,2.209716,7397.922,6.436535,0,,,,,890.9003057135338,0.0005370627,138.07769723101117,0.0006866663,0.008390097,0.06944363
7400.9194,6.446929,-0.0038971878,220472,890.9015005693853,138.07767528570116,6853.516,5.436298,3725.7556,2.2153597,7400.9194,6.446929,0,,,,,890.9015005693853,0.000538102,138.07767528570116,0.0006876901,0.009887402,0.06952793
7402.388,6.4564786,-0.0038970832,220473,890.8990970346406,138.07897834906706,6854.674,5.4443507,3748.9995,2.2210336,7402.388,6.4564786,0,,,,,890.8990970346406,0.0005389196,138.07897834906706,0.0006890008,0.007723837,0.06917711
7409.9043,6.4667406,-0.0038969787,220474,890.9000916965134,138.07709350864567,6860.9565,5.4530044,3770.7886,2.227764,7409.9043,6.4667406,0,,,,,890.9000916965134,0.00053864875,138.07709350864567,0.00068963727,0.008765605,0.06900362
7402.3984,6.46468,-0.003896874,220475,890.9003971565903,138.07745508724557,6854.796,5.451267,3776.2678,2.2273574,7402.3984,6.46468,0,,,,,890.9003971565903,0.00053927087,138.07745508724557,0.0006897829,0.009022012,0.069495246
7398.893,6.4677615,-0.0038967691,220476,890.8999248680677,138.07709061902884,6851.6123,5.4538646,3786.0159,2.2306294,7398.893,6.4677615,0,,,,,890.8999248680677,0.00053970364,138.07709061902884,0.00069061376,0.007983154,0.06873939
7405.786,6.4717894,-0.0038966644,220477,890.8997156826146,138.07840928287845,6857.604,5.457261,3792.8315,2.2323024,7405.786,6.4717894,0,,,,,890.8997156826146,0.0005394754,138.07840928287845,0.0006903431,0.00849364,0.06960798
7392.5386,6.472458,-0.0038965594,220478,890.8999741132712,138.07748973925956,6846.4614,5.4578247,3797.698,2.2335727,7392.5386,6.472458,0,,,,,890.8999741132712,0.00054028037,138.07748973925956,0.00069141266,0.0084835915,0.06912054
7399.8228,6.4731894,-0.0038964543,220479,890.8996143855635,138.0781256647632,6852.673,5.4584417,3801.5786,2.233992,7399.8228,6.4731894,0,,,,,890.8996143855635,0.00054006185,138.0781256647632,0.000690942,0.008519965,0.06913262
7402.0186,6.4733543,-0.003896349,220480,890.9005205729381,138.07781951834508,6854.61,5.458581,3800.9553,2.233836,7402.0186,6.4733543,0,,,,,890.9005205729381,0.00053981406,138.07781951834508,0.0006904757,0.008715702,0.069119036
7402.514,6.4708095,-0.003896244,220481,890.9004536302084,138.0792718592821,6854.893,5.456435,3794.7522,2.2325323,7402.514,6.4708095,0,,,,,890.9004536302084,0.0005395213,138.0792718592821,0.0006902021,0.008375988,0.069314644
7402.0093,6.468878,-0.0038961386,220482,890.8995185178273,138.07762004157988,6854.418,5.4548063,3784.9219,2.2299504,7402.0093,6.468878,0,,,,,890.8995185178273,0.00053985836,138.07762004157988,0.0006901989,0.008818936,0.07105906
7391.7593,6.4677997,-0.0038960334,220483,890.9000323181474,138.0774669403312,6846.105,5.453897,3789.916,2.2308278,7391.7593,6.4677997,0,,,,,890.9000323181474,0.00053990184,138.0774669403312,0.0006906956,0.008726094,0.06873145
7397.509,6.4646173,-0.003895928,220484,890.8996346946252,138.07835097306454,6850.8857,5.451214,3775.2212,2.227359,7397.509,6.4646173,0,,,,,890.8996346946252,0.0005394484,138.07835097306454,0.0006903025,0.008401077,0.07010159
7390.0586,6.45729,-0.0038958224,220485,890.9004004936817,138.07772632593438,6844.5464,5.445035,3764.1165,2.2238388,7390.0586,6.45729,0,,,,,890.9004004936817,0.0005393358,138.07772632593438,0.0006898737,0.008538057,0.06880694
7398.7983,6.4546523,-0.003895717,220486,890.90009513838,138.07606811713103,6851.948,5.4428105,3749.8232,2.2231126,7398.7983,6.4546523,0,,,,,890.90009513838,0.0005385928,138.07606811713103,0.00068869715,0.008371871,0.068863384
7406.1274,6.4492598,-0.0038956113,220487,890.9007949331954,138.07977041579827,6858.155,5.438264,3731.3018,2.2163894,7406.1274,6.4492598,0,,,,,890.9007949331954,0.00053781085,138.07977041579827,0.0006874049,0.008983865,0.070390455
7397.674,6.441934,-0.0038955056,220488,890.9002272933852,138.07688997458672,6851.1255,5.4320865,3720.846,2.212993,7397.674,6.441934,0,,,,,890.9002272933852,0.00053765386,138.07688997458672,0.000687685,0.008238775,0.069028206
7404.8477,6.4375224,-0.0038953996,220489,890.900873473744,138.0779889348604,6857.143,5.428366,3703.4172,2.2086792,7404.8477,6.4375224,0,,,,,890.900873473744,0.00053697487,138.0779889348604,0.0006863518,0.009268292,0.069198936
7401.076,6.4301524,-0.0038952937,220490,890.8999506773962,138.07919108916812,6854.139,5.4221516,3688.503,2.2040987,7401.076,6.4301524,0,,,,,890.8999506773962,0.0005363621,138.07919108916812,0.0006855315,0.008797552,0.069912635
7403.582,6.4251866,-0.0038951878,220491,890.9012495446226,138.07819674814047,6856.076,5.4179645,3669.9446,2.1998715,7403.582,6.4251866,0,,,,,890.9012495446226,0.0005359905,138.07819674814047,0.000684903,0.00878572,0.0694872
7401.2583,6.418252,-0.0038950818,220492,890.900948783088,138.07685747875541,6853.9863,5.412117,3657.0725,2.1960125,7401.2583,6.418252,0,,,,,890.900948783088,0.00053565373,138.07685747875541,0.0006843866,0.008906707,0.0688868
7410.016,6.4131203,-0.0038949756,220493,890.902163097292,138.07812456898827,6861.5034,5.407789,3636.9985,2.1913447,7410.016,6.4131203,0,,,,,890.902163097292,0.00053457636,138.07812456898827,0.00068304915,0.009428249,0.068145804
7405.696,6.4108686,-0.0038948695,220494,890.9005899365263,138.07837057875145,6858.021,5.405891,3628.7703,2.1900167,7405.696,6.4108686,0,,,,,890.9005899365263,0.0005344293,138.07837057875145,0.0006831943,0.009612305,0.06947428
7393.715,6.400617,-0.0038947633,220495,890.8996357102577,138.07916983522782,6847.8877,5.3972464,3612.781,2.1844304,7393.715,6.400617,0,,,,,890.8996357102577,0.0005346145,138.07916983522782,0.00068289175,0.0086344415,0.07084755
7410.4463,6.4003468,-0.003894657,220496,890.9012000435187,138.0769507427131,6862.2163,5.3970184,3602.0337,2.1816542,7410.4463,6.4003468,0,,,,,890.9012000435187,0.00053341495,138.0769507427131,0.0006811551,0.009159587,0.06835927
7390.5977,6.3933945,-0.0038945505,220497,890.900394526634,138.07783121004596,6845.434,5.3911557,3596.4626,2.1801744,7390.5977,6.3933945,0,,,,,890.900394526634,0.00053417846,138.07783121004596,0.00068189274,0.008288442,0.06955725
7400.8755,6.39377,-0.0038944439,220498,890.9002786449267,138.07738034307408,6853.9194,5.391473,3592.6426,2.1786423,7400.8755,6.39377,0,,,,,890.9002786449267,0.0005336339,138.07738034307408,0.0006812438,0.0086198095,0.07033813
7406.4507,6.393247,-0.0038943372,220499,890.9010360826451,138.07615412981247,6858.791,5.3910313,3585.5193,2.1789627,7406.4507,6.393247,0,,,,,890.9010360826451,0.0005331854,138.07615412981247,0.00068064936,0.009673429,0.06904529
7407.049,6.3920474,-0.0038942306,220500,890.901827263208,138.0782104149272,6859.35,5.39002,3584.2678,2.1765203,7407.049,6.3920474,0,,,,,890.901827263208,0.0005329276,138.0782104149272,0.00068036304,0.009105811,0.06871003
7406.6636,6.3930707,-0.003894124,220501,890.8997815280056,138.07823864543275,6858.9263,5.390883,3586.9392,2.1771076,7406.6636,6.3930707,0,,,,,890.8997815280056,0.00053311186,138.07823864543275,0.0006807324,0.008387216,0.07004888
7399.9126,6.390688,-0.003894017,220502,890.9003452398783,138.07853286397045,6853.2075,5.3888736,3587.0508,2.1772158,7399.9126,6.390688,0,,,,,890.9003452398783,0.0005333508,138.07853286397045,0.0006810441,0.008706783,0.06953386
7395.058,6.390572,-0.0038939102,220503,890.9008343701154,138.07851874357988,6848.9805,5.388776,3586.9167,2.1769261,7395.058,6.390572,0,,,,,890.9008343701154,0.00053380395,138.07851874357988,0.0006814748,0.008176896,0.06965432
7412.605,6.396551,-0.0038938033,220504,890.9003066837886,138.07895089401998,6864.0327,5.3938174,3591.6013,2.1800091,7412.605,6.396551,0,,,,,890.9003066837886,0.00053305016,138.07895089401998,0.0006808374,0.009596858,0.068776876
7407.7397,6.3967547,-0.0038936962,220505,890.9020905022157,138.07752547140586,6859.7466,5.393989,3597.9307,2.180356,7407.7397,6.3967547,0,,,,,890.9020905022157,0.0005336578,138.07752547140586,0.0006809455,0.009420072,0.06861084
7406.7856,6.4017563,-0.0038935891,220506,890.8991911143357,138.07987066337537,6859.079,5.3982067,3601.8943,2.182674,7406.7856,6.4017563,0,,,,,890.8991911143357,0.0005336251,138.07987066337537,0.00068166386,0.007686038,0.070565626
7411.17,6.4038906,-0.003893482,220507,890.9004227896737,138.07834492959918,6862.6553,5.400007,3612.1147,2.1847034,7411.17,6.4038906,0,,,,,890.9004227896737,0.00053379865,138.07834492959918,0.0006815663,0.008484492,0.06829517
7398.0454,6.405229,-0.003893375,220508,890.9005061370151,138.07787643919661,6851.868,5.401135,3624.306,2.186997,7398.0454,6.405229,0,,,,,890.9005061370151,0.000534607,138.07787643919661,0.000682815,0.008977219,0.070052296
7410.553,6.409453,-0.0038932676,220509,890.9011832543503,138.07824894352677,6862.256,5.404697,3626.1484,2.1878097,7410.553,6.409453,0,,,,,890.9011832543503,0.00053429976,138.07824894352677,0.0006823271,0.00952421,0.069864616
7410.3213,6.411411,-0.00389316,220510,890.9005246557472,138.07733937316482,6862.0854,5.4063478,3628.7715,2.1884356,7410.3213,6.411411,0,,,,,890.9005246557472,0.0005341578,138.07733937316482,0.0006829952,0.008977224,0.068339854
7412.158,6.4119253,-0.0038930527,220511,890.9013018137779,138.0765128402331,6863.678,5.4067817,3636.6067,2.1902936,7412.158,6.4119253,0,,,,,890.9013018137779,0.00053441036,138.0765128402331,0.00068211765,0.009106321,0.06861275
7403.902,6.414145,-0.0038929451,220512,890.900193036258,138.07839937953688,6856.837,5.4086533,3645.254,2.1923578,7403.902,6.414145,0,,,,,890.900193036258,0.00053484173,138.07839937953688,0.000683303,0.008513791,0.069910854
7410.4946,6.4152594,-0.0038928376,220513,890.9004378695215,138.07942468104378,6862.0337,5.409593,3644.729,2.19265,7410.4946,6.4152594,0,,,,,890.9004378695215,0.0005347042,138.07942468104378,0.0006833623,0.009211442,0.06828671
7400.8506,6.4177494,-0.00389273,220514,890.9003682631666,138.0785416025007,6854.045,5.411693,3651.3455,2.194028,7400.8506,6.4177494,0,,,,,890.9003682631666,0.0005356821,138.0785416025007,0.00068400597,0.008577643,0.07054665
7395.125,6.416864,-0.0038926222,220515,890.901210510895,138.0776461728671,6849.4307,5.410946,3657.7642,2.196263,7395.125,6.416864,0,,,,,890.901210510895,0.0005359282,138.0776461728671,0.00068451365,0.009254454,0.06976189
7398.768,6.4198027,-0.0038925144,220516,890.9005044010265,138.07839361922157,6852.322,5.4134245,3659.9268,2.195824,7398.768,6.4198027,0,,,,,890.9005044010265,0.0005362,138.07839361922157,0.00068447005,0.008773184,0.07007487
7403.6875,6.421261,-0.0038924064,220517,890.9004638993345,138.07749651154916,6856.591,5.414654,3666.5938,2.1977887,7403.6875,6.421261,0,,,,,890.9004638993345,0.00053557067,138.07749651154916,0.0006843524,0.008506064,0.06948978
7403.1294,6.421198,-0.0038922986,220518,890.9004331715762,138.07832699280974,6856.076,5.414601,3664.6565,2.1972418,7403.1294,6.421198,0,,,,,890.9004331715762,0.00053536234,138.07832699280974,0.0006847232,0.009058322,0.06996495
7398.311,6.4198356,-0.0038921905,220519,890.9004727903808,138.07745214426248,6852.096,5.413452,3666.615,2.1981053,7398.311,6.4198356,0,,,,,890.9004727903808,0.0005356246,138.07745214426248,0.0006846198,0.007954511,0.07010604
7403.785,6.419575,-0.0038920825,220520,890.9010119488644,138.0785019228168,6856.478,5.4132323,3663.445,2.1967723,7403.785,6.419575,0,,,,,890.9010119488644,0.00053542136,138.0785019228168,0.00068413845,0.008737645,0.06857828
7401.603,6.419305,-0.0038919742,220521,890.9002064901301,138.078042041836,6854.842,5.4130044,3660.9783,2.1979437,7401.603,6.419305,0,,,,,890.9002064901301,0.0005356418,138.078042041836,0.000684169,0.009577473,0.069469236
7400.032,6.416727,-0.003891866,220522,890.9001163589849,138.0781222333716,6853.61,5.410831,3651.084,2.1942928,7400.032,6.416727,0,,,,,890.9001163589849,0.0005355207,138.0781222333716,0.00068397954,0.00883034,0.07015932
7390.2812,6.410482,-0.0038917577,220523,890.9014637937734,138.0790589999222,6845.3696,5.405565,3644.1748,2.1926098,7390.2812,6.410482,0,,,,,890.9014637937734,0.0005356552,138.0790589999222,0.0006844299,0.009443795,0.0706088
7389.338,6.4055114,-0.0038916494,220524,890.9009795868725,138.0776443910574,6844.536,5.401373,3631.3135,2.1899054,7389.338,6.4055114,0,,,,,890.9009795868725,0.0005352129,138.0776443910574,0.0006833198,0.008463992,0.06884942
7393.798,6.402257,-0.003891541,220525,890.9009004037837,138.07756101769735,6848.0645,5.3986287,3618.0916,2.1858432,7393.798,6.402257,0,,,,,890.9009004037837,0.0005346195,138.07756101769735,0.0006830181,0.009356966,0.07026206
7399.273,6.395496,-0.0038914324,220526,890.900656220882,138.07883888813785,6852.598,5.3929276,3600.7776,2.1806958,7399.273,6.395496,0,,,,,890.900656220882,0.0005338486,138.07883888813785,0.00068175304,0.009207385,0.069003284
7400.6562,6.3891063,-0.0038913237,220527,890.9002924009652,138.07824705879304,6854.3135,5.38754,3583.1218,2.17633,7400.6562,6.3891063,0,,,,,890.9002924009652,0.00053317135,138.07824705879304,0.0006802231,0.008393048,0.07031508
7397.6406,6.38209,-0.0038912152,220528,890.9006832879207,138.0782961406374,6851.3003,5.3816237,3560.9792,2.1706707,7397.6406,6.38209,0,,,,,890.9006832879207,0.00053299544,138.0782961406374,0.0006800619,0.009309713,0.07003939
7410.629,6.3773575,-0.0038911065,220529,890.9008619396616,138.07930811585132,6862.5815,5.377633,3543.5825,2.1655562,7410.629,6.3773575,0,,,,,890.9008619396616,0.0005318089,138.07930811585132,0.00067831064,0.009327963,0.07034417
7396.7227,6.3642163,-0.0038909977,220530,890.9009303344384,138.07761791089797,6850.672,5.3665514,3518.8398,2.1586986,7396.7227,6.3642163,0,,,,,890.9009303344384,0.0005315241,138.07761791089797,0.0006779687,0.008907936,0.06902673
7401.185,6.356334,-0.0038908888,220531,890.9019597127498,138.0781554255751,6853.959,5.359905,3493.378,2.152195,7401.185,6.356334,0,,,,,890.9019597127498,0.000530555,138.0781554255751,0.0006768876,0.010783004,0.06994232
7399.3267,6.346871,-0.0038907798,220532,890.9006030471517,138.07894202228974,6852.8647,5.3519254,3471.4136,2.147434,7399.3267,6.346871,0,,,,,890.9006030471517,0.00052955444,138.07894202228974,0.00067565887,0.00880092,0.071152605
7403.282,6.3391643,-0.0038906708,220533,890.9014322831237,138.07825890712024,6856.358,5.3454266,3449.4546,2.1411254,7403.282,6.3391643,0,,,,,890.9014322831237,0.00052907504,138.07825890712024,0.0006743473,0.008937297,0.069028266
7395.761,6.327296,-0.0038905619,220534,890.9014912371351,138.07851917205943,6849.728,5.335419,3425.5002,2.1333334,7395.761,6.327296,0,,,,,890.9014912371351,0.0005287309,138.07851917205943,0.0006736599,0.009267342,0.07076227
7404.423,6.3227687,-0.0038904527,220535,890.9015963545809,138.07750713632828,6857.023,5.331601,3407.3865,2.1288683,7404.423,6.3227687,0,,,,,890.9015963545809,0.00052795024,138.07750713632828,0.00067209295,0.008992205,0.06950241
7398.7793,6.314697,-0.0038903435,220536,890.9020345928657,138.07857174797445,6852.216,5.324795,3391.011,2.1243095,7398.7793,6.314697,0,,,,,890.9020345928657,0.0005276969,138.07857174797445,0.0006716291,0.009675442,0.069754
7411.5107,6.314421,-0.0038902343,220537,890.9012026844438,138.0780713591404,6862.891,5.3245625,3376.3179,2.120216,7411.5107,6.314421,0,,,,,890.9012026844438,0.0005266155,138.0780713591404,0.00067088753,0.009563318,0.071129516
7399.2573,6.304308,-0.003890125,220538,890.9013193297092,138.07971616955604,6852.4717,5.316035,3363.1152,2.1161702,7399.2573,6.304308,0,,,,,890.9013193297092,0.0005266576,138.07971616955604,0.00067077327,0.009140641,0.07060831
7399.4165,6.2986436,-0.0038900157,220539,890.9031683966155,138.0761798559936,6853.0034,5.3112583,3347.8792,2.1122503,7399.4165,6.2986436,0,,,,,890.9031683966155,0.0005261191,138.0761798559936,0.00066974974,0.010369735,0.06836211
7388.598,6.2947927,-0.0038899062,220540,890.9005648941372,138.07925874305516,6843.477,5.3080106,3342.7068,2.111258,7388.598,6.2947927,0,,,,,890.9005648941372,0.0005264581,138.07925874305516,0.0006700434,0.009019927,0.07050598
7400.095,6.2910852,-0.0038897966,220541,890.901974014746,138.07748878493933,6852.9556,5.3048844,3327.214,2.1070812,7400.095,6.2910852,0,,,,,890.901974014746,0.0005254713,138.07748878493933,0.0006688317,0.009251626,0.06980364
7401.8794,6.2879553,-0.0038896871,220542,890.9021550957333,138.07732779822433,6854.975,5.302245,3317.2837,2.1044796,7401.8794,6.2879553,0,,,,,890.9021550957333,0.00052522996,138.07732779822433,0.0006681304,0.009374495,0.06933843
7406.1143,6.2857323,-0.0038895775,220543,890.9016823803338,138.0774855294547,6858.4575,5.300371,3313.886,2.1029727,7406.1143,6.2857323,0,,,,,890.9016823803338,0.00052455615,138.0774855294547,0.00066783954,0.00915906,0.06982601
7398.9385,6.2817364,-0.0038894678,220544,890.9015122999289,138.07692088706938,6852.6646,5.2970014,3305.0566,2.10095,7398.9385,6.2817364,0,,,,,890.9015122999289,0.0005248101,138.07692088706938,0.00066772656,0.009135218,0.07002681
7408.131,6.281941,-0.003889358,220545,890.9012546397821,138.07848068481087,6860.58,5.297174,3298.1387,2.1004672,7408.131,6.281941,0,,,,,890.9012546397821,0.00052405946,138.07848068481087,0.0006667503,0.009584816,0.07112709
7385.744,6.278651,-0.003889248,220546,890.9011990769535,138.078841573127,6841.1733,5.2943997,3303.138,2.1006978,7385.744,6.278651,0,,,,,890.9011990769535,0.0005253901,138.078841573127,0.0006684218,0.009182182,0.07010201
7393.0356,6.2813005,-0.003889138,220547,890.9023514673285,138.0785919924484,6847.632,5.2966337,3306.3066,2.1019177,7393.0356,6.2813005,0,,,,,890.9023514673285,0.0005253078,138.0785919924484,0.00066790543,0.008990222,0.07089545
7404.8926,6.28347,-0.0038890282,220548,890.9009388357856,138.07806252842127,6857.4185,5.2984633,3307.6929,2.101025,7404.8926,6.28347,0,,,,,890.9009388357856,0.0005246883,138.07806252842127,0.00066744647,0.009606595,0.070998274
7396.717,6.2878804,-0.0038889183,220549,890.9016702397032,138.07745979698637,6850.311,5.302182,3320.778,2.1055,7396.717,6.2878804,0,,,,,890.9016702397032,0.00052541617,138.07745979698637,0.00066882453,0.009209746,0.06904285
7414.937,6.293512,-0.0038888082,220550,890.9013193041953,138.0786211621622,6865.874,5.306931,3328.1125,2.1067188,7414.937,6.293512,0,,,,,890.9013193041953,0.00052492536,138.0786211621622,0.0006676844,0.009304825,0.07132844
7389.162,6.292895,-0.0038886978,220551,890.9017879943656,138.07791145618506,6843.538,5.3064103,3340.66,2.110327,7389.162,6.292895,0,,,,,890.9017879943656,0.00052645063,138.07791145618506,0.00066985993,0.009959347,0.07057454
7397.099,6.301296,-0.0038885877,220552,890.8999779305645,138.07875147270917,6851.0947,5.313495,3357.653,2.114741,7397.099,6.301296,0,,,,,890.8999779305645,0.00052637036,138.07875147270917,0.00067029754,0.009060535,0.07089524
7401.7095,6.303085,-0.0038884773,220553,890.9009437750079,138.0788945084726,6854.612,5.315003,3361.8618,2.1157277,7401.7095,6.303085,0,,,,,890.9009437750079,0.0005264568,138.0788945084726,0.0006702678,0.00970305,0.0703777
7401.6743,6.3088408,-0.003888367,220554,890.9008045644223,138.0786660593825,6854.3687,5.319857,3374.8894,2.119564,7401.6743,6.3088408,0,,,,,890.9008045644223,0.00052694033,138.0786660593825,0.0006711156,0.008804051,0.07037348
7391.162,6.313588,-0.0038882566,220555,890.9016233125716,138.0781246581643,6845.6904,5.3238597,3391.6316,2.1240144,7391.162,6.313588,0,,,,,890.9016233125716,0.0005279168,138.0781246581643,0.00067224156,0.009342755,0.07054562
7399.361,6.3163905,-0.0038881463,220556,890.9021442173984,138.0776579660293,6852.6855,5.3262234,3393.1477,2.124805,7399.361,6.3163905,0,,,,,890.9021442173984,0.00052765606,138.0776579660293,0.0006722248,0.009205349,0.06992877
7412.7134,6.319399,-0.0038880357,220557,890.9020444339901,138.07836831602913,6863.483,5.3287597,3395.6316,2.1257842,7412.7134,6.319399,0,,,,,890.9020444339901,0.00052708,138.07836831602913,0.0006713391,0.010353625,0.069654875
7392.778,6.318444,-0.003887925,220558,890.9027574049619,138.07720101669074,6846.743,5.327955,3404.2847,2.1272013,7392.778,6.318444,0,,,,,890.9027574049619,0.0005282623,138.07720101669074,0.000672829,0.010866895,0.069370605
7395.612,6.3189983,-0.0038878145,220559,890.9005088677587,138.0785414316058,6849.089,5.328422,3404.631,2.128408,7395.612,6.3189983,0,,,,,890.9005088677587,0.00052788964,138.0785414316058,0.0006724831,0.008529859,0.07041492
7407.4683,6.323673,-0.0038877036,220560,890.9018816200064,138.07916322133823,6858.8813,5.3323636,3408.664,2.129203,7407.4683,6.323673,0,,,,,890.9018816200064,0.0005278536,138.07916322133823,0.0006721845,0.009460521,0.07070887
7387.0215,6.319407,-0.0038875928,220561,890.9011132824103,138.07901653598398,6842.357,5.328767,3409.6873,2.1290894,7387.0215,6.319407,0,,,,,890.9011132824103,0.000528429,138.07901653598398,0.00067343004,0.009774728,0.070259966
7404.335,6.3212996,-0.003887482,220562,890.9015349115589,138.0773775521721,6856.6885,5.3303623,3405.8525,2.127468,7404.335,6.3212996,0,,,,,890.9015349115589,0.000527911,138.0773775521721,0.0006720111,0.009695741,0.070711665
7403.615,6.32171,-0.0038873712,220563,890.9021775608162,138.07856115433523,6855.926,5.330709,3401.8333,2.1280642,7403.615,6.32171,0,,,,,890.9021775608162,0.0005275328,138.07856115433523,0.0006724588,0.009623153,0.07027941
7410.897,6.3162217,-0.00388726,220564,890.9012925589896,138.07917203320667,6862.138,5.326081,3389.6267,2.1235483,7410.897,6.3162217,0,,,,,890.9012925589896,0.0005268361,138.07917203320667,0.0006708407,0.009210105,0.07175342
7397.7173,6.313815,-0.003887149,220565,890.9026113601178,138.0769612978894,6851.053,5.3240514,3382.431,2.1220329,7397.7173,6.313815,0,,,,,890.9026113601178,0.0005275222,138.0769612978894,0.0006720614,0.009964894,0.06912077
7391.632,6.3039436,-0.003887038,220566,890.9005312788232,138.07951443130804,6845.0513,5.315727,3367.561,2.1176393,7391.632,6.3039436,0,,,,,890.9005312788232,0.0005272969,138.07951443130804,0.0006712367,0.0097995335,0.07158276
7398.96,6.2973228,-0.0038869267,220567,890.9012110291475,138.07875410167046,6851.632,5.3101444,3348.1934,2.1120024,7398.96,6.2973228,0,,,,,890.9012110291475,0.0005262387,138.07875410167046,0.000669727,0.008763852,0.07053
7404.9976,6.2892485,-0.0038868156,220568,890.9028956007392,138.07790601154525,6857.164,5.303336,3323.8643,2.1052272,7404.9976,6.2892485,0,,,,,890.9028956007392,0.0005252748,138.07790601154525,0.00066811935,0.01049582,0.06977805
7410.5176,6.2820144,-0.0038867043,220569,890.90193683838,138.07873800328596,6861.7095,5.2972355,3299.4355,2.0993345,7410.5176,6.2820144,0,,,,,890.90193683838,0.0005242931,138.07873800328596,0.0006667809,0.009751969,0.07055132
7402.074,6.2710776,-0.0038865928,220570,890.9010751587241,138.07828926217317,6854.658,5.2880135,3274.9004,2.0921397,7402.074,6.2710776,0,,,,,890.9010751587241,0.0005238435,138.07828926217317,0.0006661734,0.009079537,0.071128145
7397.4194,6.2567334,-0.0038864815,220571,890.9007488042269,138.07850135391632,6851.1016,5.275918,3242.1611,2.0834236,7397.4194,6.2567334,0,,,,,890.9007488042269,0.0005229226,138.07850135391632,0.0006648289,0.009417197,0.07199028
7400.154,6.2461743,-0.00388637,220572,890.9017088211119,138.0773165881979,6852.6416,5.2670145,3214.9578,2.0761156,7400.154,6.2461743,0,,,,,890.9017088211119,0.0005219439,138.0773165881979,0.00066339946,0.009982846,0.06933776
7397.2583,6.233952,-0.0038862585,220573,890.9019787766052,138.07821915910736,6850.648,5.2567077,3184.3574,2.0667744,7397.2583,6.233952,0,,,,,890.9019787766052,0.0005212731,138.07821915910736,0.00066206825,0.009824647,0.07074509
7394.1055,6.2218795,-0.003886147,220574,890.9024634382571,138.07761761778826,6848.0244,5.246528,3156.7268,2.0587163,7394.1055,6.2218795,0,,,,,890.9024634382571,0.00052054686,138.07761761778826,0.0006609157,0.009580165,0.07115037
7386.532,6.208541,-0.0038860352,220575,890.902293039409,138.07644854582472,6841.7524,5.23528,3123.94,2.049886,7386.532,6.208541,0,,,,,890.902293039409,0.00051985326,138.07644854582472,0.00065967924,0.010228788,0.06952004
7402.5435,6.202565,-0.0038859234,220576,890.9014385120421,138.07859892522035,6854.9365,5.2302413,3100.407,2.04387,7402.5435,6.202565,0,,,,,890.9014385120421,0.000518411,138.07859892522035,0.00065790553,0.008983514,0.07134724
7397.5195,6.1909685,-0.0038858117,220577,890.9025573565362,138.07857367114417,6850.2944,5.2204623,3075.1646,2.0370512,7397.5195,6.1909685,0,,,,,890.9025573565362,0.00051800325,138.07857367114417,0.00065687374,0.009948836,0.071150444
7390.658,6.1802363,-0.0038857,220578,890.9021101490703,138.0776461386509,6845.338,5.211413,3050.56,2.0295193,7390.658,6.1802363,0,,,,,890.9021101490703,0.0005173833,138.0776461386509,0.0006559962,0.009923386,0.07031515
7389.1836,6.172411,-0.003885588,220579,890.9024720962784,138.0784160438979,6844.228,5.204814,3030.1484,2.0230446,7389.1836,6.172411,0,,,,,890.9024720962784,0.00051675923,138.0784160438979,0.0006552473,0.009883295,0.07118351
7402.5293,6.166406,-0.003885476,220580,890.9029685374401,138.0789595674494,6855.183,5.1997504,3009.9617,2.0174623,7402.5293,6.166406,0,,,,,890.9029685374401,0.00051570253,138.0789595674494,0.00065346045,0.01009506,0.071298815
7402.5073,6.1632857,-0.003885364,220581,890.9024402841075,138.07882256698863,6854.472,5.197119,2995.1677,2.0130577,7402.5073,6.1632857,0,,,,,890.9024402841075,0.0005155265,138.07882256698863,0.0006532682,0.009700161,0.07114887
7414.423,6.1560965,-0.003885252,220582,890.9032880078307,138.07784742841415,6865.073,5.191057,2972.2158,2.0065725,7414.423,6.1560965,0,,,,,890.9032880078307,0.0005141674,138.07784742841415,0.000651258,0.010316001,0.07104267
7407.002,6.147601,-0.0038851397,220583,890.9034437778115,138.07798919351933,6858.422,5.1838937,2957.5916,2.0040092,7407.002,6.147601,0,,,,,890.9034437778115,0.0005138642,138.07798919351933,0.00065046,0.00951362,0.07027314
7400.5815,6.14196,-0.0038850275,220584,890.9021182730197,138.07915359941643,6853.759,5.1791368,2945.126,2.001287,7400.5815,6.14196,0,,,,,890.9021182730197,0.000513554,138.07915359941643,0.00065052626,0.009608882,0.07256622
7393.8306,6.1348944,-0.0038849153,220585,890.9025905124245,138.07799727014034,6848.088,5.1731787,2935.235,1.9971675,7393.8306,6.1348944,0,,,,,890.9025905124245,0.00051360246,138.07799727014034,0.0006499003,0.009491835,0.07084362
7400.7188,6.1320486,-0.003884803,220586,890.9033492969068,138.07781058592013,6852.8955,5.1707788,2924.017,1.993194,7400.7188,6.1320486,0,,,,,890.9033492969068,0.00051294244,138.07781058592013,0.0006495989,0.010065504,0.070325345
7398.433,6.128945,-0.0038846906,220587,890.9028231620524,138.07783186339074,6851.486,5.1681614,2918.4958,1.9911547,7398.433,6.128945,0,,,,,890.9028231620524,0.00051307294,138.07783186339074,0.0006491159,0.009888329,0.07036122
7389.373,6.1281466,-0.0038845781,220588,890.9031294571403,138.07794115411036,6844.1675,5.1674886,2919.6597,1.9920489,7389.373,6.1281466,0,,,,,890.9031294571403,0.00051328755,138.07794115411036,0.0006498194,0.009891591,0.070524044
7403.1567,6.128196,-0.0038844657,220589,890.9032296957624,138.08104757545289,6854.9927,5.16753,2913.7122,1.9900218,7403.1567,6.128196,0,,,,,890.9032296957624,0.00051249965,138.08104757545289,0.0006488947,0.009992833,0.07128367
7397.894,6.1290617,-0.0038843532,220590,890.9028664779202,138.07922736993416,6851.896,5.16826,2917.4673,1.9912573,7397.894,6.1290617,0,,,,,890.9028664779202,0.0005128871,138.07922736993416,0.00064900814,0.0095758885,0.071574666
7401.9863,6.1339426,-0.0038842405,220591,890.9026718587451,138.07809124791262,6854.9614,5.172376,2920.5881,1.9931849,7401.9863,6.1339426,0,,,,,890.9026718587451,0.00051275233,138.07809124791262,0.0006497058,0.009625641,0.071037166
7412.593,6.134846,-0.0038841278,220592,890.90322635779,138.08038263080252,6863.0425,5.173138,2919.8472,1.9922518,7412.593,6.134846,0,,,,,890.90322635779,0.0005126652,138.08038263080252,0.0006489045,0.009650159,0.072195016
7397.799,6.13514,-0.0038840151,220593,890.9024990101658,138.0776399681299,6850.8677,5.1733856,2928.4783,1.9960881,7397.799,6.13514,0,,,,,890.9024990101658,0.00051323336,138.0776399681299,0.0006499442,0.010248282,0.07034417
7403.061,6.137291,-0.0038839022,220594,890.9034942415967,138.07860216524813,6856.0454,5.1751995,2934.1028,1.9977785,7403.061,6.137291,0,,,,,890.9034942415967,0.0005130534,138.07860216524813,0.000649684,0.010215095,0.07037853
7420.3037,6.142785,-0.0038837895,220595,890.9026677889702,138.07819467553676,6870.284,5.1798325,2941.0671,1.9978191,7420.3037,6.142785,0,,,,,890.9026677889702,0.00051255326,138.07819467553676,0.0006489635,0.009911641,0.07176151
7400.9175,6.146209,-0.0038836766,220596,890.9021921461754,138.07809248713113,6853.9644,5.1827197,2956.3948,2.0016289,7400.9175,6.146209,0,,,,,890.9021921461754,0.00051434134,138.07809248713113,0.00065089297,0.009340666,0.07156557
7389.325,6.14553,-0.0038835637,220597,890.9031974216151,138.0774648012762,6843.558,5.1821475,2967.0474,2.0045815,7389.325,6.14553,0,,,,,890.9031974216151,0.00051479496,138.0774648012762,0.00065192825,0.010060999,0.071160756
7399.4717,6.155937,-0.0038834505,220598,890.9028434170992,138.0779592333534,6851.8003,5.1909223,2981.1018,2.010155,7399.4717,6.155937,0,,,,,890.9028434170992,0.0005147803,138.0779592333534,0.0006523494,0.010407361,0.06918176
7397.5063,6.1626253,-0.0038833376,220599,890.9021736819088,138.0790100015176,6851.1846,5.1965623,3000.4314,2.0152972,7397.5063,6.1626253,0,,,,,890.9021736819088,0.0005155331,138.0790100015176,0.00065338844,0.009937013,0.07233176
7398.5645,6.170398,-0.0038832244,220600,890.9024916186298,138.07798676793672,6852.386,5.203117,3016.9287,2.0198565,7398.5645,6.170398,0,,,,,890.9024916186298,0.00051588996,138.07798676793672,0.000654525,0.010925517,0.070309035
7393.626,6.177647,-0.0038831113,220601,890.9020398162437,138.0782175925555,6847.839,5.2092295,3041.25,2.026861,7393.626,6.177647,0,,,,,890.9020398162437,0.00051679485,138.0782175925555,0.0006550416,0.0095225135,0.07153537
7403.7183,6.187471,-0.003882998,220602,890.9019275294268,138.0792082774158,6856.0337,5.217513,3061.2913,2.0323527,7403.7183,6.187471,0,,,,,890.9019275294268,0.0005171702,138.0792082774158,0.0006556982,0.009713642,0.07203891
7411.4824,6.196853,-0.0038828845,220603,890.9027544550012,138.07864092596816,6862.796,5.225425,3085.6587,2.038005,7411.4824,6.196853,0,,,,,890.9027544550012,0.00051751675,138.07864092596816,0.00065668597,0.009728573,0.07045511
7405.36,6.205955,-0.0038827714,220604,890.9029338283489,138.0774039838451,6857.76,5.2331,3109.9988,2.0464942,7405.36,6.205955,0,,,,,890.9029338283489,0.00051837706,138.0774039838451,0.0006581366,0.010004245,0.070748486
7405.0806,6.214784,-0.0038826577,220605,890.9018752999757,138.07998913969254,6857.451,5.240545,3133.5857,2.0518904,7405.0806,6.214784,0,,,,,890.9018752999757,0.00051912165,138.07998913969254,0.0006594044,0.009971306,0.072863735
7390.964,6.2234516,-0.0038825443,220606,890.902653149036,138.07857900910943,6845.5586,5.2478538,3161.1306,2.0598185,7390.964,6.2234516,0,,,,,890.902653149036,0.00052091706,138.07857900910943,0.0006612466,0.010048912,0.071847685
7404.157,6.2338204,-0.0038824307,220607,890.9020288666187,138.07718903291735,6856.2446,5.256597,3183.5269,2.0661812,7404.157,6.2338204,0,,,,,890.9020288666187,0.0005207782,138.07718903291735,0.000661523,0.010732387,0.0709476
7395.3994,6.244026,-0.003882317,220608,890.9023538894112,138.07790683876235,6849.891,5.2652025,3210.3853,2.0740325,7395.3994,6.244026,0,,,,,890.9023538894112,0.00052204414,138.07790683876235,0.00066338066,0.010155375,0.07105317
7403.5737,6.25319,-0.0038822035,220609,890.9024123466593,138.07960459250015,6856.1416,5.2729297,3232.2407,2.0803473,7403.5737,6.25319,0,,,,,890.9024123466593,0.0005223313,138.07960459250015,0.00066357106,0.010103213,0.071815856
7402.1562,6.263181,-0.0038820899,220610,890.9033504675889,138.0781924324755,6854.857,5.281355,3259.0396,2.0867908,7402.1562,6.263181,0,,,,,890.9033504675889,0.0005232105,138.0781924324755,0.0006652881,0.010548111,0.070859596
7401.7456,6.2702785,-0.003881976,220611,890.9019945003043,138.07872076889225,6854.542,5.287339,3279.1907,2.0917997,7401.7456,6.2702785,0,,,,,890.9019945003043,0.00052405475,138.07872076889225,0.0006660567,0.010582537,0.07129537
7404.186,6.2834315,-0.0038818622,220612,890.9014940159198,138.07853324373806,6857.147,5.298431,3305.247,2.1001225,7404.186,6.2834315,0,,,,,890.9014940159198,0.00052481727,138.07853324373806,0.00066740345,0.010204519,0.07175927
7401.8506,6.2860894,-0.0038817483,220613,890.9030164994019,138.07771038050208,6855.163,5.300672,3319.461,2.103397,7401.8506,6.2860894,0,,,,,890.9030164994019,0.0005251847,138.07771038050208,0.00066778867,0.009799745,0.07066702
7411.7393,6.2959476,-0.0038816344,220614,890.9021046962389,138.07972577025015,6864.306,5.3089848,3336.8318,2.1091173,7411.7393,6.2959476,0,,,,,890.9021046962389,0.0005253701,138.07972577025015,0.00066801463,0.010218164,0.07156094
7405.4854,6.3015113,-0.0038815204,220615,890.9025693243292,138.0778479752116,6858.3228,5.3136764,3355.5989,2.1131852,7405.4854,6.3015113,0,,,,,890.9025693243292,0.00052595383,138.0778479752116,0.00066899555,0.010128018,0.071997516
7404.979,6.305582,-0.0038814065,220616,890.9020877667236,138.07907339723334,6857.362,5.317109,3368.4446,2.1165915,7404.979,6.305582,0,,,,,890.9020877667236,0.00052648474,138.07907339723334,0.0006700663,0.009409366,0.071544915
7399.156,6.311821,-0.0038812922,220617,890.9027271182704,138.07843711872152,6852.9204,5.32237,3387.407,2.1219065,7399.156,6.311821,0,,,,,890.9027271182704,0.0005272336,138.07843711872152,0.0006712181,0.011331008,0.070671156
7404.798,6.3158607,-0.003881178,220618,890.9012325215095,138.08002068238122,6858.221,5.3257766,3393.9287,2.123634,7404.798,6.3158607,0,,,,,890.9012325215095,0.0005270396,138.08002068238122,0.0006712197,0.009004743,0.07250544
7396.3853,6.3200655,-0.003881064,220619,890.9034551098367,138.0775485229961,6849.9497,5.3293223,3409.1663,2.1282916,7396.3853,6.3200655,0,,,,,890.9034551098367,0.00052813714,138.0775485229961,0.00067286874,0.011170433,0.06913235
7404.3823,6.323943,-0.0038809497,220620,890.9017567455724,138.07981689823677,6857.659,5.3325915,3414.8381,2.130145,7404.3823,6.323943,0,,,,,890.9017567455724,0.00052776095,138.07981689823677,0.0006723575,0.009680445,0.07308031
7405.4424,6.32741,-0.0038808354,220621,890.902882306572,138.07876936904316,6858.6426,5.3355155,3423.2837,2.1325548,7405.4424,6.32741,0,,,,,890.902882306572,0.0005278999,138.07876936904316,0.00067261,0.010498275,0.07208672
7395.727,6.326502,-0.0038807208,220622,890.9021852932032,138.07852013186763,6850.2974,5.3347497,3427.4636,2.132455,7395.727,6.326502,0,,,,,890.9021852932032,0.0005288307,138.07852013186763,0.00067376223,0.010767043,0.07009
7410.8735,6.3326807,-0.0038806065,220623,890.9010874698625,138.08045606897437,6862.631,5.3399596,3434.3503,2.1345568,7410.8735,6.3326807,0,,,,,890.9010874698625,0.00052813964,138.08045606897437,0.0006731418,0.009526161,0.07126411
7404.326,6.3353195,-0.003880492,220624,890.9029245223436,138.07920870762058,6857.633,5.3421845,3443.096,2.1386347,7404.326,6.3353195,0,,,,,890.9029245223436,0.00052879466,138.07920870762058,0.0006735628,0.010692923,0.07200197
7392.794,6.334102,-0.0038803774,220625,890.9018698263485,138.07959277584825,6848.021,5.3411584,3449.1887,2.1385324,7392.794,6.334102,0,,,,,890.9018698263485,0.0005293235,138.07959277584825,0.0006745796,0.010189613,0.070461385
7402.195,6.336052,-0.0038802628,220626,890.9016635575935,138.07996085773615,6856.1743,5.3428025,3447.4502,2.1373553,7402.195,6.336052,0,,,,,890.9016635575935,0.0005289127,138.07996085773615,0.0006740316,0.010306546,0.07141541
7404.8623,6.3353515,-0.003880148,220627,890.9017552980823,138.07937045978468,6857.5444,5.342212,3445.3125,2.1379435,7404.8623,6.3353515,0,,,,,890.9017552980823,0.0005287561,138.07937045978468,0.00067394145,0.01040455,0.07159572
7406.3574,6.337899,-0.0038800335,220628,890.9017348786148,138.07943150126943,6858.9277,5.34436,3445.3567,2.137949,7406.3574,6.337899,0,,,,,890.9017348786148,0.0005290607,138.07943150126943,0.00067408493,0.010310373,0.07207765
7397.598,6.3335404,-0.0038799187,220629,890.9018170578535,138.08017085618147,6852.333,5.3406844,3443.4636,2.1372254,7397.598,6.3335404,0,,,,,890.9018170578535,0.0005290029,138.08017085618147,0.000674199,0.009721721,0.07100046
7403.4175,6.332254,-0.003879804,220630,890.901765046736,138.07859642305792,6856.643,5.3396,3439.3064,2.1361008,7403.4175,6.332254,0,,,,,890.901765046736,0.0005286084,138.07859642305792,0.00067329773,0.009627877,0.07230411
7396.716,6.3321247,-0.003879689,220631,890.9023472823548,138.07917418528996,6851.4673,5.3394904,3443.159,2.136423,7396.716,6.3321247,0,,,,,890.9023472823548,0.0005289517,138.07917418528996,0.00067403255,0.011409241,0.071411304
7399.704,6.331942,-0.0038795741,220632,890.9026658024304,138.0775757497141,6854.1763,5.339337,3441.6226,2.1359885,7399.704,6.331942,0,,,,,890.9026658024304,0.00052893144,138.0775757497141,0.00067343004,0.010395213,0.0705926
7397.434,6.3339243,-0.003879459,220633,890.9017034654518,138.0797605128664,6852.262,5.341008,3438.1995,2.1360087,7397.434,6.3339243,0,,,,,890.9017034654518,0.0005284798,138.0797605128664,0.0006741912,0.010690144,0.072208576
7396.142,6.3319283,-0.003879344,220634,890.9017437033064,138.0786990021393,6850.492,5.339325,3433.984,2.1346745,7396.142,6.3319283,0,,,,,890.9017437033064,0.0005289324,138.0786990021393,0.0006742823,0.009958766,0.070937
7394.9746,6.3295693,-0.0038792288,220635,890.90252381895,138.07829432286243,6849.934,5.337336,3430.6558,2.1339452,7394.9746,6.3295693,0,,,,,890.90252381895,0.000528816,138.07829432286243,0.0006738821,0.010970318,0.0707543
7398.3657,6.3270397,-0.0038791138,220636,890.9021918424659,138.07975164388486,6853.091,5.335203,3427.1047,2.1330447,7398.3657,6.3270397,0,,,,,890.9021918424659,0.00052823644,138.07975164388486,0.00067318726,0.010575091,0.071978144
7407.9976,6.3249216,-0.0038789986,220637,890.9023012027565,138.07838673022135,6861.13,5.333417,3416.2124,2.1297076,7407.9976,6.3249216,0,,,,,890.9023012027565,0.00052801124,138.07838673022135,0.0006723239,0.010228789,0.071369775
7399.053,6.321929,-0.0038788833,220638,890.9019076092499,138.078806455958,6853.525,5.330893,3413.5806,2.1287744,7399.053,6.321929,0,,,,,890.9019076092499,0.00052801095,138.078806455958,0.00067303644,0.0114326915,0.06956464
7401.313,6.320034,-0.0038787678,220639,890.9015135395332,138.07957618127395,6855.362,5.3292956,3408.6943,2.1281435,7401.313,6.320034,0,,,,,890.9015135395332,0.0005276613,138.07957618127395,0.00067188876,0.009842521,0.073189795
7384.053,6.3128777,-0.0038786526,220640,890.9017628512024,138.07760267022022,6840.573,5.323261,3397.9043,2.1248798,7384.053,6.3128777,0,,,,,890.9017628512024,0.0005282871,138.07760267022022,0.0006728427,0.009400964,0.07034493
7398.627,6.3112206,-0.003878537,220641,890.9024205874772,138.07934112442913,6852.6094,5.3218637,3386.4858,2.121219,7398.627,6.3112206,0,,,,,890.9024205874772,0.00052729447,138.07934112442913,0.00067160546,0.010706827,0.07127715
7410.6304,6.3104496,-0.0038784216,220642,890.900782980642,138.0792379580479,6863.494,5.3212132,3378.6177,2.118949,7410.6304,6.3104496,0,,,,,890.900782980642,0.00052620133,138.0792379580479,0.00067027536,0.010348134,0.07157782
7400.228,6.3074675,-0.0038783061,220643,890.9021716594744,138.07954901561837,6855.449,5.318699,3375.4543,2.1188056,7400.228,6.3074675,0,,,,,890.9021716594744,0.0005269142,138.07954901561837,0.00067048275,0.010947394,0.071520545
7396.4653,6.303485,-0.0038781904,220644,890.9014976371762,138.08035944071045,6851.767,5.3153405,3365.5713,2.1171887,7396.4653,6.303485,0,,,,,890.9014976371762,0.0005267158,138.08035944071045,0.0006702116,0.009836492,0.07260444
7400.7197,6.3052416,-0.003878075,220645,890.902175812109,138.07853252195113,6854.791,5.3168216,3363.9038,2.116367,7400.7197,6.3052416,0,,,,,890.902175812109,0.0005264567,138.07853252195113,0.000670491,0.010939168,0.070512936
7400.5737,6.2976546,-0.0038779592,220646,890.9014559783386,138.07896044313108,6855.4424,5.3104243,3349.9773,2.1121082,7400.5737,6.2976546,0,,,,,890.9014559783386,0.0005258929,138.07896044313108,0.0006692244,0.00939892,0.071085915
7402.3022,6.2963777,-0.0038778435,220647,890.9029193391692,138.0796234826522,6856.156,5.3093476,3345.7407,2.109891,7402.3022,6.2963777,0,,,,,890.9029193391692,0.0005260366,138.0796234826522,0.0006690452,0.011567036,0.070404194
7399.8965,6.2949996,-0.0038777275,220648,890.9024980258114,138.07851402550807,6854.66,5.3081856,3338.5078,2.1092975,7399.8965,6.2949996,0,,,,,890.9024980258114,0.0005258987,138.07851402550807,0.0006690333,0.010076118,0.071499534
7402.7427,6.291525,-0.0038776118,220649,890.9023401266783,138.07958872309777,6856.6987,5.3052554,3334.2046,2.1075888,7402.7427,6.291525,0,,,,,890.9023401266783,0.0005255034,138.07958872309777,0.00066858483,0.010045071,0.07190079
7395.727,6.2874084,-0.0038774959,220650,890.9025899555294,138.07905315531295,6851.1675,5.301784,3325.8015,2.1048036,7395.727,6.2874084,0,,,,,890.9025899555294,0.00052550057,138.07905315531295,0.00066885224,0.010398884,0.07133914
7392.143,6.283782,-0.00387738,220651,890.9022997693601,138.07903463520992,6847.461,5.2987266,3320.9004,2.103309,7392.143,6.283782,0,,,,,890.9022997693601,0.0005255038,138.07903463520992,0.0006686401,0.010017529,0.07172642
7410.088,6.2860775,-0.003877264,220652,890.9023750799406,138.07738687593823,6862.0625,5.300662,3316.598,2.1026235,7410.088,6.2860775,0,,,,,890.9023750799406,0.00052462245,138.07738687593823,0.0006674925,0.011822307,0.07077737
7395.026,6.28277,-0.0038771478,220653,890.9021178256876,138.0793267846013,6850.2964,5.297873,3315.6318,2.1020634,7395.026,6.28277,0,,,,,890.9021178256876,0.00052517204,138.0793267846013,0.00066800637,0.011349693,0.071335614
7404.807,6.2853556,-0.0038770316,220654,890.9024133193944,138.07947968763645,6858.869,5.3000536,3314.4993,2.1017816,7404.807,6.2853556,0,,,,,890.9024133193944,0.00052482757,138.07947968763645,0.00066776096,0.010561641,0.07149082
7404.712,6.2847447,-0.0038769154,220655,890.9033818745746,138.078966544878,6858.977,5.299538,3317.1626,2.1020303,7404.712,6.2847447,0,,,,,890.9033818745746,0.00052477233,138.078966544878,0.0006673762,0.010667229,0.06995547
7405.4644,6.2843704,-0.0038767993,220656,890.9013845791084,138.07965140585952,6859.855,5.2992225,3310.1902,2.1010795,7405.4644,6.2843704,0,,,,,890.9013845791084,0.00052467093,138.07965140585952,0.0006671356,0.009768234,0.07261785
7399.7104,6.2822647,-0.003876683,220657,890.9024738133207,138.0786279479283,6854.346,5.297447,3311.9475,2.1008198,7399.7104,6.2822647,0,,,,,890.9024738133207,0.0005247721,138.0786279479283,0.0006676386,0.010013864,0.07160162
7390.3677,6.281239,-0.0038765667,220658,890.9026310074825,138.0784724800874,6845.915,5.296582,3314.2092,2.1018488,7390.3677,6.281239,0,,,,,890.9026310074825,0.00052538904,138.0784724800874,0.0006684817,0.011075677,0.07015959
7391.6396,6.2819858,-0.0038764502,220659,890.9018710230799,138.0801703750728,6847.987,5.297212,3316.6917,2.1018634,7391.6396,6.2819858,0,,,,,890.9018710230799,0.0005251937,138.0801703750728,0.00066799036,0.009946817,0.07299099
7398.926,6.283044,-0.0038763338,220660,890.9031343765313,138.0787882794846,6853.693,5.298104,3314.7454,2.1019797,7398.926,6.283044,0,,,,,890.9031343765313,0.0005250548,138.0787882794846,0.00066736905,0.011061728,0.07188467
7399.3813,6.286045,-0.0038762174,220661,890.9035567738563,138.07928526714605,6855.018,5.3006344,3315.3704,2.1022837,7399.3813,6.286045,0,,,,,890.9035567738563,0.00052541756,138.07928526714605,0.00066789985,0.011563196,0.07194583
7402.7354,6.284597,-0.0038761008,220662,890.9017434968541,138.07843824365307,6857.11,5.299413,3315.1868,2.1017497,7402.7354,6.284597,0,,,,,890.9017434968541,0.00052485865,138.07843824365307,0.00066755706,0.009923525,0.07172599
7390.437,6.2809663,-0.003875984,220663,890.9024133279564,138.07841132740455,6846.7583,5.296352,3312.7673,2.1011112,7390.437,6.2809663,0,,,,,890.9024133279564,0.0005252811,138.07841132740455,0.0006679209,0.01012363,0.07115179
7409.638,6.2830477,-0.0038758675,220664,890.9024617667917,138.07972134807216,6863.0596,5.2981076,3309.0647,2.1002917,7409.638,6.2830477,0,,,,,890.9024617667917,0.000524286,138.07972134807216,0.00066680985,0.0104552135,0.07332763
7407.006,6.2808914,-0.0038757508,220665,890.9022455578757,138.08020797132863,6860.9307,5.2962894,3305.249,2.098688,7407.006,6.2808914,0,,,,,890.9022455578757,0.00052427367,138.08020797132863,0.0006668581,0.009946684,0.072297715
7399.6304,6.2825303,-0.003875634,220666,890.9023842100547,138.07767029569442,6855.441,5.2976713,3306.9937,2.1000946,7399.6304,6.2825303,0,,,,,890.9023842100547,0.0005246362,138.07767029569442,0.00066731946,0.010773156,0.071349226
7400.2217,6.27665,-0.0038755173,220667,890.9029006803921,138.07917409588973,6855.6987,5.292712,3297.9546,2.0966496,7400.2217,6.27665,0,,,,,890.9029006803921,0.0005241823,138.07917409588973,0.000666461,0.010530048,0.07228277
7392.9595,6.2723293,-0.0038754004,220668,890.9027092853619,138.07928951719694,6849.896,5.2890687,3288.2058,2.0947678,7392.9595,6.2723293,0,,,,,890.9027092853619,0.0005244146,138.07928951719694,0.00066675746,0.010645627,0.07152741
7401.6763,6.271986,-0.0038752835,220669,890.9025995983601,138.07772035443287,6854.8643,5.2887797,3281.3906,2.0926285,7401.6763,6.271986,0,,,,,890.9025995983601,0.000524104,138.07772035443287,0.0006664925,0.010722132,0.07129266
7402.3296,6.267679,-0.0038751664,220670,890.9027052011668,138.07879320606006,6857.6865,5.2851477,3272.0732,2.089667,7402.3296,6.267679,0,,,,,890.9027052011668,0.0005235942,138.07879320606006,0.00066532055,0.01105266,0.07070921
7403.7974,6.262561,-0.0038750495,220671,890.9029008348758,138.07991742447598,6858.465,5.2808323,3259.8853,2.0863483,7403.7974,6.262561,0,,,,,890.9029008348758,0.00052303064,138.07991742447598,0.0006645848,0.010423891,0.07325152
7399.1562,6.2586255,-0.0038749324,220672,890.9018725231399,138.0789168332492,6854.7427,5.2775135,3252.4868,2.0837233,7399.1562,6.2586255,0,,,,,890.9018725231399,0.00052287587,138.0789168332492,0.00066512823,0.010923653,0.070914745
7396.239,6.2536516,-0.0038748153,220673,890.9035703112421,138.07819952559464,6852.4126,5.2733192,3239.521,2.0805206,7396.239,6.2536516,0,,,,,890.9035703112421,0.00052275247,138.07819952559464,0.00066407275,0.010682912,0.071705736
7405.7715,6.24996,-0.003874698,220674,890.903665155235,138.07801396349382,6859.505,5.2702065,3223.6235,2.0773447,7405.7715,6.24996,0,,,,,890.903665155235,0.00052193186,138.07801396349382,0.00066288764,0.012133921,0.07069617
7406.86,6.244997,-0.0038745808,220675,890.9025992363436,138.07961011010386,6861.574,5.2660213,3209.0657,2.0729253,7406.86,6.244997,0,,,,,890.9025992363436,0.00052137754,138.07961011010386,0.00066230027,0.010003049,0.07193685
7394.5356,6.2380424,-0.0038744635,220676,890.9030189030314,138.0789358322277,6850.1167,5.2601566,3200.0178,2.0707386,7394.5356,6.2380424,0,,,,,890.9030189030314,0.00052153564,138.0789358322277,0.00066247187,0.01065695,0.072075926
7394.456,6.23082,-0.0038743461,220677,890.9030623292348,138.07988252846974,6850.1284,5.254067,3179.3606,2.0649374,7394.456,6.23082,0,,,,,890.9030623292348,0.0005209898,138.07988252846974,0.0006615543,0.010147234,0.07257947
7393.9663,6.2277517,-0.0038742288,220678,890.9032445568325,138.0787147459953,6850.853,5.2514796,3167.9023,2.061574,7393.9663,6.2277517,0,,,,,890.9032445568325,0.00052053947,138.0787147459953,0.0006613597,0.0109189125,0.072307646
7403.573,6.222381,-0.0038741115,220679,890.9028300307043,138.07907992413269,6858.089,5.246951,3152.8743,2.0579631,7403.573,6.222381,0,,,,,890.9028300307043,0.00051993143,138.07907992413269,0.00066001026,0.010422402,0.07175495
7403.5796,6.21723,-0.0038739939,220680,890.9024477122576,138.07813429059144,6858.229,5.242607,3139.585,2.055157,7403.5796,6.21723,0,,,,,890.9024477122576,0.0005192645,138.07813429059144,0.0006591463,0.011063312,0.07064218
7395.9185,6.2084966,-0.0038738763,220681,890.9028504792176,138.07979107948648,6851.7056,5.235243,3124.784,2.0496423,7395.9185,6.2084966,0,,,,,890.9028504792176,0.0005191019,138.07979107948648,0.00065876107,0.010168008,0.07270925
7392.9155,6.2054725,-0.0038737587,220682,890.9029242980139,138.07889621855733,6850.345,5.2326927,3113.619,2.0460935,7392.9155,6.2054725,0,,,,,890.9029242980139,0.0005190656,138.07889621855733,0.00065850106,0.011079417,0.07267244
7396.7476,6.2004747,-0.0038736411,220683,890.9025826114445,138.07778204587774,6852.243,5.2284784,3100.0103,2.0430715,7396.7476,6.2004747,0,,,,,890.9025826114445,0.0005186427,138.07778204587774,0.0006581233,0.010559304,0.07073086
7397.936,6.196459,-0.0038735236,220684,890.902308067858,138.07936820535434,6852.338,5.225092,3092.259,2.0394042,7397.936,6.196459,0,,,,,890.902308067858,0.00051809126,138.07936820535434,0.00065753947,0.010941306,0.0728351
7396.848,6.1924787,-0.0038734057,220685,890.9022994980032,138.07895530560194,6852.1465,5.221736,3081.626,2.0363934,7396.848,6.1924787,0,,,,,890.9022994980032,0.00051819836,138.07895530560194,0.00065718294,0.011288358,0.07203588
7400.6763,6.188044,-0.003873288,220686,890.9035693121338,138.078374825374,6854.988,5.2179966,3069.4973,2.0332692,7400.6763,6.188044,0,,,,,890.9035693121338,0.00051731936,138.078374825374,0.0006561332,0.010677018,0.07128624
7397.0713,6.1839,-0.0038731701,220687,890.9015904320715,138.0794388171082,6851.576,5.2145014,3062.6677,2.031221,7397.0713,6.1839,0,,,,,890.9015904320715,0.00051710824,138.0794388171082,0.00065564975,0.009518694,0.07445075
7391.8413,6.1789536,-0.003873052,220688,890.9030631848426,138.08009401197785,6847.7964,5.210331,3052.5393,2.0277135,7391.8413,6.1789536,0,,,,,890.9030631848426,0.0005169461,138.08009401197785,0.0006559025,0.01087538,0.0719648
7393.7476,6.176988,-0.0038729343,220689,890.9029562502367,138.07965476945992,6849.0723,5.2086735,3045.423,2.0265672,7393.7476,6.176988,0,,,,,890.9029562502367,0.0005168301,138.07965476945992,0.0006552142,0.010982642,0.07157809
7404.875,6.1776986,-0.0038728162,220690,890.9033464994006,138.07836951545835,6858.1494,5.2092724,3040.1943,2.024547,7404.875,6.1776986,0,,,,,890.9033464994006,0.00051630347,138.07836951545835,0.0006546493,0.01152893,0.07164102
7395.055,6.1759205,-0.0038726982,220691,890.9037039373286,138.0792335036707,6851.8257,5.207773,3040.4617,2.0246387,7395.055,6.1759205,0,,,,,890.9037039373286,0.0005166653,138.0792335036707,0.0006545591,0.010769703,0.071757406
7395.858,6.176864,-0.0038725801,220692,890.9038002354097,138.07843610498497,6852.62,5.208569,3038.4604,2.0246227,7395.858,6.176864,0,,,,,890.9038002354097,0.00051666447,138.07843610498497,0.0006550486,0.011852884,0.07156708
7400.666,6.1743436,-0.0038724618,220693,890.9030649212519,138.07911905064947,6856.055,5.206444,3033.617,2.0231984,7400.666,6.1743436,0,,,,,890.9030649212519,0.0005161553,138.07911905064947,0.00065387436,0.011176026,0.07261635
7394.7573,6.1745763,-0.0038723438,220694,890.9034567013705,138.07947938715782,6849.898,5.20664,3036.6724,2.023742,7394.7573,6.1745763,0,,,,,890.9034567013705,0.0005165402,138.07947938715782,0.00065487745,0.011300646,0.07204805
7400.869,6.1732874,-0.0038722255,220695,890.9034812481087,138.07905009250217,6855.72,5.205553,3031.9207,2.0221875,7400.869,6.1732874,0,,,,,890.9034812481087,0.00051608065,138.07905009250217,0.0006542179,0.010215423,0.07240289
7400.2227,6.1741567,-0.003872107,220696,890.9027781267511,138.0793870233379,6855.827,5.206286,3033.0198,2.023098,7400.2227,6.1741567,0,,,,,890.9027781267511,0.00051613816,138.0793870233379,0.00065441563,0.010335037,0.07248706
7397.9727,6.172817,-0.0038719887,220697,890.9032386289325,138.07936769568863,6852.5215,5.205157,3033.01,2.0223866,7397.9727,6.172817,0,,,,,890.9032386289325,0.0005163728,138.07936769568863,0.0006546698,0.011752806,0.07154828
7398.626,6.175927,-0.0038718705,220698,890.90342000274,138.07843292436937,6854.227,5.207779,3030.3376,2.0227542,7398.626,6.175927,0,,,,,890.90342000274,0.0005164836,138.07843292436937,0.00065479334,0.01120654,0.07182936
7390.0073,6.1746264,-0.003871752,220699,890.9037204472722,138.07874734818157,6846.596,5.206682,3039.1135,2.0240812,7390.0073,6.1746264,0,,,,,890.9037204472722,0.00051697466,138.07874734818157,0.00065524195,0.0113364495,0.072081216
7404.8926,6.1789646,-0.0038716334,220700,890.9026715280854,138.0795964587843,6859.1147,5.21034,3043.584,2.0256376,7404.8926,6.1789646,0,,,,,890.9026715280854,0.0005161678,138.0795964587843,0.000654658,0.010132944,0.073152736
7392.9688,6.1795177,-0.003871515,220701,890.9025038723405,138.0793495942478,6850.073,5.2108064,3050.313,2.0281205,7392.9688,6.1795177,0,,,,,890.9025038723405,0.0005169274,138.0793495942478,0.0006552043,0.010712835,0.07240705
7389.4985,6.1796174,-0.0038713962,220702,890.9029659309151,138.08001841605258,6845.762,5.210891,3049.2734,2.0287254,7389.4985,6.1796174,0,,,,,890.9029659309151,0.0005174631,138.08001841605258,0.00065608264,0.011521884,0.07164957
7400.369,6.183965,-0.0038712777,220703,890.9029195935718,138.07777661852032,6855.5044,5.214557,3058.0627,2.0295968,7400.369,6.183965,0,,,,,890.9029195935718,0.00051692274,138.07777661852032,0.00065557635,0.011159446,0.07127664
7406.189,6.1883764,-0.003871159,220704,890.9019273749509,138.0783264724518,6859.8203,5.2182765,3064.2405,2.0328968,7406.189,6.1883764,0,,,,,890.9019273749509,0.00051714934,138.0783264724518,0.00065582397,0.0112396,0.0707861
7403.421,6.1864653,-0.0038710402,220705,890.9032134507132,138.07933554195506,6857.5273,5.2166653,3066.7922,2.0314977,7403.421,6.1864653,0,,,,,890.9032134507132,0.00051700714,138.07933554195506,0.0006553067,0.010798014,0.07308708
7403.635,6.1913476,-0.0038709212,220706,890.9038943539196,138.07857387027738,6857.1797,5.2207823,3069.5657,2.033647,7403.635,6.1913476,0,,,,,890.9038943539196,0.0005172503,138.07857387027738,0.0006563778,0.010158173,0.0716431
7398.8877,6.189974,-0.0038708025,220707,890.9026534000352,138.07867382935493,6854.815,5.219624,3073.884,2.0345836,7398.8877,6.189974,0,,,,,890.9026534000352,0.00051731337,138.07867382935493,0.0006564821,0.010360031,0.071787916
7394.129,6.1887336,-0.0038706835,220708,890.902807528864,138.07927662353188,6849.0205,5.218578,3073.4553,2.0341933,7394.129,6.1887336,0,,,,,890.902807528864,0.000517924,138.07927662353188,0.00065669167,0.011526946,0.07252382
7400.5024,6.189723,-0.0038705645,220709,890.9033125797679,138.0782380715788,6855.613,5.2194123,3076.0874,2.0341527,7400.5024,6.189723,0,,,,,890.9033125797679,0.0005173265,138.0782380715788,0.0006563606,0.0115046585,0.071383126
7404.7617,6.192644,-0.0038704455,220710,890.9025015797515,138.07912964720234,6858.8896,5.221875,3078.177,2.0357788,7404.7617,6.192644,0,,,,,890.9025015797515,0.00051739195,138.07912964720234,0.0006562827,0.011191007,0.071528375
7395.2847,6.1877875,-0.0038703266,220711,890.9018870480395,138.0797812720775,6850.9507,5.21778,3072.1206,2.033735,7395.2847,6.1877875,0,,,,,890.9018870480395,0.000517729,138.0797812720775,0.00065627875,0.0103220185,0.07267011
7414.498,6.190581,-0.0038702074,220712,890.9029125750994,138.08079359011407,6868.234,5.2201357,3068.2188,2.0327318,7414.498,6.190581,0,,,,,890.9029125750994,0.0005165929,138.08079359011407,0.000655125,0.010546092,0.072965026
7401.7715,6.1858873,-0.0038700881,220713,890.9040648445067,138.07728919230033,6856.775,5.216178,3064.0645,2.030976,7401.7715,6.1858873,0,,,,,890.9040648445067,0.0005172874,138.07728919230033,0.0006554604,0.011528872,0.071251765
7401.9365,6.1871624,-0.003869969,220714,890.9039486320763,138.07905147149387,6857.0864,5.217253,3052.2178,2.029548,7401.9365,6.1871624,0,,,,,890.9039486320763,0.00051747117,138.07905147149387,0.0006556149,0.011530634,0.07246871
7387.2236,6.1782722,-0.0038698497,220715,890.9034575412373,138.0778804217449,6844.963,5.2097564,3045.242,2.027363,7387.2236,6.1782722,0,,,,,890.9034575412373,0.0005172139,138.0778804217449,0.0006558916,0.011659351,0.072364554
7398.331,6.1736207,-0.0038697305,220716,890.9034111521564,138.07893831246037,6851.2217,5.2058344,3034.5647,2.0232122,7398.331,6.1736207,0,,,,,890.9034111521564,0.0005163616,138.07893831246037,0.00065505266,0.011387099,0.072040856
7398.6357,6.1674385,-0.003869611,220717,890.902951465687,138.0795189148438,6853.9,5.200621,3016.6855,2.0180142,7398.6357,6.1674385,0,,,,,890.902951465687,0.00051574485,138.0795189148438,0.0006535318,0.009848764,0.07309749
7400.823,6.1621885,-0.0038694916,220718,890.9029792298924,138.08016790386162,6855.7104,5.196194,3001.2605,2.0151408,7400.823,6.1621885,0,,,,,890.9029792298924,0.00051524193,138.08016790386162,0.00065288605,0.01036379,0.07317036
7407.8735,6.1553426,-0.0038693722,220719,890.9039194028926,138.07816743202338,6861.433,5.1904216,2982.9158,2.0086446,7407.8735,6.1553426,0,,,,,890.9039194028926,0.0005143873,138.07816743202338,0.0006516282,0.011881913,0.07238288
7394.8584,6.1481028,-0.0038692527,220720,890.9026539254929,138.0788933648953,6851.4893,5.1843166,2971.2566,2.0051258,7394.8584,6.1481028,0,,,,,890.9026539254929,0.0005142901,138.0788933648953,0.0006510176,0.011133843,0.072577566
7408.8945,6.1445117,-0.003869133,220721,890.9038818000192,138.07835903474447,6862.7715,5.1812882,2949.3418,1.9992375,7408.8945,6.1445117,0,,,,,890.9038818000192,0.0005134877,138.07835903474447,0.00065016333,0.01208795,0.07147728
7387.954,6.1319594,-0.0038690136,220722,890.9044919666699,138.07873980522126,6844.435,5.170704,2934.8516,1.9941801,7387.954,6.1319594,0,,,,,890.9044919666699,0.00051376055,138.07873980522126,0.000650131,0.011407124,0.07158858
7389.405,6.124332,-0.003868894,220723,890.9031599392032,138.07890221980344,6846.2505,5.164272,2916.383,1.988551,7389.405,6.124332,0,,,,,890.9031599392032,0.00051297765,138.07890221980344,0.00064912246,0.010701185,0.07270056
7395.44,6.120073,-0.003868774,220724,890.9038082550795,138.0796243717191,6851.213,5.1606803,2900.877,1.9848902,7395.44,6.120073,0,,,,,890.9038082550795,0.00051226275,138.0796243717191,0.00064818125,0.011569252,0.07277187
7401.3877,6.116066,-0.0038686544,220725,890.9032483204404,138.07946886872864,6855.4546,5.157302,2882.2092,1.9799877,7401.3877,6.116066,0,,,,,890.9032483204404,0.0005115739,138.07946886872864,0.0006475597,0.010406789,0.07212366
7408.009,6.1128016,-0.0038685347,220726,890.9038898485885,138.07869546690605,6861.3916,5.154549,2876.018,1.9767855,7408.009,6.1128016,0,,,,,890.9038898485885,0.0005111127,138.07869546690605,0.0006462733,0.011273824,0.07334188
7401.5156,6.1064816,-0.0038684148,220727,890.9043214154759,138.0781151822075,6855.5703,5.1492195,2859.552,1.9721547,7401.5156,6.1064816,0,,,,,890.9043214154759,0.0005107155,138.0781151822075,0.00064635667,0.012323642,0.07070706
7389.662,6.0980697,-0.0038682949,220728,890.9026916992315,138.08136405227913,6845.2646,5.1421266,2846.931,1.9690144,7389.662,6.0980697,0,,,,,890.9026916992315,0.0005110617,138.08136405227913,0.0006459393,0.010150318,0.07487031
7404.68,6.097868,-0.003868175,220729,890.9040695167416,138.07835492601274,6858.697,5.141957,2833.4448,1.9661227,7404.68,6.097868,0,,,,,890.9040695167416,0.00051022106,138.07835492601274,0.00064445665,0.010941097,0.071910925
7393.0454,6.0875797,-0.0038680548,220730,890.9039185552829,138.07819872248834,6847.181,5.133281,2821.2385,1.9618149,7393.0454,6.0875797,0,,,,,890.9039185552829,0.00051000115,138.07819872248834,0.0006446824,0.011111819,0.07162005
7402.8345,6.0833406,-0.003867935,220731,890.9049212604606,138.0786399860016,6856.544,5.1297064,2804.4788,1.9562471,7402.8345,6.0833406,0,,,,,890.9049212604606,0.00050895195,138.0786399860016,0.0006433557,0.012508344,0.07188762
7397.5615,6.076376,-0.0038678148,220732,890.9027385996178,138.07997004793555,6852.3306,5.1238337,2790.1775,1.952564,7397.5615,6.076376,0,,,,,890.9027385996178,0.0005086318,138.07997004793555,0.0006425684,0.009919283,0.07327785
7403.274,6.074346,-0.0038676946,220733,890.9033509101238,138.07904785406078,6857.5303,5.1221223,2783.7102,1.9502263,7403.274,6.074346,0,,,,,890.9033509101238,0.0005082572,138.07904785406078,0.0006419942,0.011511306,0.07301003
7400.256,6.0698724,-0.0038675743,220734,890.9033059913377,138.07928619553522,6854.466,5.1183496,2770.944,1.9477144,7400.256,6.0698724,0,,,,,890.9033059913377,0.00050779054,138.07928619553522,0.0006417016,0.010380528,0.07262076
7396.9175,6.0676365,-0.0038674541,220735,890.9041237407605,138.07792804701046,6852.2876,5.116464,2765.2612,1.9450599,7396.9175,6.0676365,0,,,,,890.9041237407605,0.00050783117,138.07792804701046,0.00064194505,0.011404576,0.07090127
7398.81,6.062868,-0.0038673338,220736,890.9037019650325,138.07980313552088,6853.11,5.1124434,2755.4531,1.9422469,7398.81,6.062868,0,,,,,890.9037019650325,0.0005075934,138.07980313552088,0.00064094586,0.011474781,0.073389985
7388.1436,6.059218,-0.0038672134,220737,890.9041923834652,138.0794419569199,6843.9404,5.1093655,2750.6223,1.9407982,7388.1436,6.059218,0,,,,,890.9041923834652,0.0005080519,138.0794419569199,0.00064136274,0.011097359,0.07380378
7393.913,6.0569544,-0.003867093,220738,890.9029945168571,138.0794462397116,6849.489,5.107456,2743.5066,1.9387057,7393.913,6.0569544,0,,,,,890.9029945168571,0.0005071836,138.0794462397116,0.00064078043,0.010837561,0.07221329
7404.568,6.0593786,-0.0038669726,220739,890.9045921967715,138.07929292723244,6858.5986,5.109501,2743.5027,1.938979,7404.568,6.0593786,0,,,,,890.9045921967715,0.0005068314,138.07929292723244,0.00063975947,0.010740672,0.07429291
7401.4463,6.057336,-0.0038668523,220740,890.9045659800641,138.07905495774736,6855.8237,5.1077785,2740.7368,1.9377664,7401.4463,6.057336,0,,,,,890.9045659800641,0.00050689525,138.07905495774736,0.00064016465,0.0110827405,0.07245582
7393.0625,6.055691,-0.0038667317,220741,890.9042904067408,138.07950378084223,6847.912,5.1063914,2741.0762,1.9379084,7393.0625,6.055691,0,,,,,890.9042904067408,0.00050735456,138.07950378084223,0.00064068096,0.010671108,0.07202096
7393.109,6.056274,-0.003866611,220742,890.9046001781865,138.07738265439838,6848.5215,5.106883,2743.1814,1.938564,7393.109,6.056274,0,,,,,890.9046001781865,0.000507326,138.07738265439838,0.000640866,0.011675183,0.07035466
7401.6914,6.062888,-0.0038664904,220743,890.9040820293178,138.0800541841504,6855.979,5.11246,2747.514,1.9406372,7401.6914,6.062888,0,,,,,890.9040820293178,0.00050729373,138.0800541841504,0.0006408784,0.010672699,0.073653325
7400.145,6.066231,-0.0038663696,220744,890.9044610402282,138.07992898554417,6854.7866,5.1152787,2753.5935,1.9437239,7400.145,6.066231,0,,,,,890.9044610402282,0.00050751446,138.07992898554417,0.00064127037,0.011182374,0.07339595
7386.8154,6.065365,-0.003866249,220745,890.9035078447628,138.07924021026275,6843.1416,5.1145487,2762.0955,1.9437478,7386.8154,6.065365,0,,,,,890.9035078447628,0.0005085029,138.07924021026275,0.00064243167,0.010905333,0.07257974
7399.293,6.067918,-0.0038661282,220746,890.9042402658695,138.07834239463898,6853.3003,5.1167016,2769.9333,1.9462422,7399.293,6.067918,0,,,,,890.9042402658695,0.00050795655,138.07834239463898,0.0006415585,0.011580362,0.07202162
7402.092,6.0735583,-0.0038660073,220747,890.9035653135406,138.07874147043427,6855.55,5.121458,2778.2092,1.9506836,7402.092,6.0735583,0,,,,,890.9035653135406,0.00050827337,138.07874147043427,0.00064194005,0.011119502,0.072909825
7390.5747,6.0764327,-0.0038658865,220748,890.903948868136,138.07939735871787,6846.557,5.1238813,2794.0225,1.9540632,7390.5747,6.0764327,0,,,,,890.903948868136,0.00050913496,138.07939735871787,0.00064306776,0.011340026,0.072848186
7406.509,6.084121,-0.0038657656,220749,890.9046176754421,138.07931136895235,6859.931,5.1303644,2804.356,1.9562469,7406.509,6.084121,0,,,,,890.9046176754421,0.0005089287,138.07931136895235,0.00064281374,0.011959548,0.0720822
7410.1562,6.091826,-0.0038656446,220750,890.904114788295,138.0790242107975,6862.9297,5.136862,2820.578,1.9623725,7410.1562,6.091826,0,,,,,890.904114788295,0.000509102,138.0790242107975,0.00064342894,0.011160042,0.07299988
7395.081,6.095165,-0.0038655235,220751,890.9026286909307,138.08055967092753,6851.5723,5.139677,2837.4385,1.9667752,7395.081,6.095165,0,,,,,890.9026286909307,0.0005100617,138.08055967092753,0.0006447737,0.009351571,0.072914205
7401.5137,6.1014795,-0.0038654024,220752,890.9039192909996,138.0795139352338,6856.492,5.1450024,2850.7148,1.9692321,7401.5137,6.1014795,0,,,,,890.9039192909996,0.00051036116,138.0795139352338,0.0006454454,0.011405951,0.07355708
7393.941,6.106538,-0.0038652814,220753,890.9044607763728,138.07888145814178,6850.8496,5.1492667,2867.8545,1.974329,7393.941,6.106538,0,,,,,890.9044607763728,0.0005113422,138.07888145814178,0.0006467597,0.011530613,0.07192971
7395.903,6.1144543,-0.0038651603,220754,890.9035078031012,138.0793684061002,6849.9775,5.155943,2887.1455,1.9807893,7395.903,6.1144543,0,,,,,890.9035078031012,0.00051211624,138.0793684061002,0.0006478477,0.01220096,0.07255341
7405.3857,6.1220922,-0.003865039,220755,890.9048752470242,138.07723731486422,6858.439,5.162383,2901.7793,1.9848745,7405.3857,6.1220922,0,,,,,890.9048752470242,0.0005119121,138.07723731486422,0.000647983,0.01321628,0.07036621
7397.351,6.1291695,-0.0038649177,220756,890.9037373356472,138.07984967752392,6851.8203,5.168351,2923.581,1.9913527,7397.351,6.1291695,0,,,,,890.9037373356472,0.00051315065,138.07984967752392,0.0006492882,0.010910755,0.07320269
7387.9746,6.134679,-0.0038647964,220757,890.9044727561833,138.08002179983717,6845.913,5.172997,2941.8547,1.9977826,7387.9746,6.134679,0,,,,,890.9044727561833,0.0005136921,138.08002179983717,0.0006505262,0.012351493,0.072251454
7396.3394,6.147095,-0.003864675,220758,890.9036875366739,138.07878665444986,6852.527,5.1834664,2963.0684,2.0030584,7396.3394,6.147095,0,,,,,890.9036875366739,0.0005146343,138.07878665444986,0.0006513071,0.0114682885,0.07167103
7397.502,6.153876,-0.0038645535,220759,890.9031955690207,138.07909553157157,6853.3223,5.189184,2985.0083,2.0087352,7397.502,6.153876,0,,,,,890.9031955690207,0.0005147145,138.07909553157157,0.0006518074,0.010400737,0.0727222
7399.7944,6.161981,-0.0038644322,220760,890.90313593269,138.080908756941,6854.853,5.1960187,3003.591,2.0142577,7399.7944,6.161981,0,,,,,890.90313593269,0.0005152904,138.080908756941,0.0006528816,0.011320506,0.07438486
7401.446,6.1689277,-0.0038643107,220761,890.9033961086137,138.0789909846089,6856.8057,5.2018766,3019.9224,2.0189276,7401.446,6.1689277,0,,,,,890.9033961086137,0.00051560526,138.0789909846089,0.0006536459,0.011698257,0.07176655
7390.4805,6.1746917,-0.0038641891,220762,890.9033834254702,138.0787722986346,6847.2915,5.206737,3041.2278,2.0246773,7390.4805,6.1746917,0,,,,,890.9033834254702,0.0005169309,138.0787722986346,0.00065532536,0.0120210415,0.07170919
7391.2627,6.1828594,-0.0038640676,220763,890.9028083813646,138.0795653847918,6848.4077,5.2136245,3062.2083,2.0307744,7391.2627,6.1828594,0,,,,,890.9028083813646,0.0005174753,138.0795653847918,0.0006560109,0.010766087,0.07292215
7393.0005,6.1897492,-0.0038639458,220764,890.9039903804329,138.07732118802852,6847.658,5.2194343,3077.792,2.034915,7393.0005,6.1897492,0,,,,,890.9039903804329,0.00051802094,138.07732118802852,0.0006574696,0.012186611,0.072013155
7402.2393,6.1962028,-0.003863824,220765,890.9039195513458,138.079389575326,6856.8193,5.224876,3092.235,2.0398753,7402.2393,6.1962028,0,,,,,890.9039195513458,0.0005178614,138.079389575326,0.0006567611,0.01176651,0.072770454
7390.4463,6.1999574,-0.0038637023,220766,890.9035194966062,138.07964805729566,6847.371,5.228042,3108.0986,2.0441146,7390.4463,6.1999574,0,,,,,890.9035194966062,0.000518684,138.07964805729566,0.00065806037,0.011268788,0.07337409
7394.4844,6.2059035,-0.0038635805,220767,890.9041588306123,138.07981098560325,6850.706,5.233056,3118.1152,2.0462341,7394.4844,6.2059035,0,,,,,890.9041588306123,0.0005192069,138.07981098560325,0.0006587195,0.011816776,0.071562655
7406.871,6.2118373,-0.0038634588,220768,890.9025099913488,138.0788894706783,6861.271,5.2380595,3131.8079,2.0502439,7406.871,6.2118373,0,,,,,890.9025099913488,0.0005188157,138.0788894706783,0.00065803033,0.011149821,0.07288686
7401.264,6.2131653,-0.003863337,220769,890.9029667555355,138.07961109003517,6856.352,5.2391796,3137.5364,2.0512254,7401.264,6.2131653,0,,,,,890.9029667555355,0.0005193483,138.07961109003517,0.0006589796,0.011090289,0.07285009
7406.791,6.219549,-0.003863215,220770,890.9047067911154,138.07827532535967,6861.3667,5.244563,3151.4912,2.0550787,7406.791,6.219549,0,,,,,890.9047067911154,0.0005195074,138.07827532535967,0.00065921654,0.013217474,0.07118143
7402.922,6.2219043,-0.003863093,220771,890.9035104355893,138.07963885475309,6856.8926,5.2465487,3157.1648,2.0571177,7402.922,6.2219043,0,,,,,890.9035104355893,0.0005201862,138.07963885475309,0.0006600201,0.011748542,0.072691195
7403.345,6.224115,-0.003862971,220772,890.9027213394722,138.08028605162485,6859.9253,5.248413,3160.3884,2.058699,7403.345,6.224115,0,,,,,890.9027213394722,0.00051977986,138.08028605162485,0.0006601371,0.010669514,0.073767655
7388.7563,6.2236543,-0.003862849,220773,890.9024705944032,138.07929574163842,6846.5513,5.248024,3167.0417,2.0600514,7388.7563,6.2236543,0,,,,,890.9024705944032,0.0005208072,138.07929574163842,0.0006611485,0.011172205,0.07188071
7397.725,6.2278857,-0.0038627267,220774,890.9023450815482,138.07913399762805,6854.0396,5.251592,3171.2937,2.0614016,7397.725,6.2278857,0,,,,,890.9023450815482,0.0005205069,138.07913399762805,0.00066109595,0.010436767,0.07276223
7397.66,6.2260675,-0.0038626045,220775,890.9039228383408,138.07832746244253,6853.549,5.250059,3170.656,2.0608609,7397.66,6.2260675,0,,,,,890.9039228383408,0.0005205654,138.07832746244253,0.00066096906,0.012362519,0.07242853
7404.2583,6.2278147,-0.0038624823,220776,890.9028497237713,138.0798107785579,6858.915,5.2515326,3172.9236,2.061259,7404.2583,6.2278147,0,,,,,890.9028497237713,0.0005202642,138.0798107785579,0.0006604644,0.011192211,0.07239389
7397.9136,6.229416,-0.00386236,220777,890.9026384055538,138.0789397109229,6853.237,5.252883,3177.3403,2.0634813,7397.9136,6.229416,0,,,,,890.9026384055538,0.0005207332,138.0789397109229,0.00066124374,0.0110554835,0.07357993
7408.7817,6.2308297,-0.0038622378,220778,890.9033729437161,138.07907370486618,6863.174,5.254075,3175.0378,2.0623426,7408.7817,6.2308297,0,,,,,890.9033729437161,0.0005202432,138.07907370486618,0.00066030724,0.012089767,0.07236558
7399.743,6.228145,-0.0038621153,220779,890.9029062462785,138.0794017098598,6854.321,5.251811,3176.705,2.0632753,7399.743,6.228145,0,,,,,890.9029062462785,0.00052050565,138.0794017098598,0.00066099496,0.010260216,0.072252885
7397.4053,6.2277737,-0.003861993,220780,890.9030660854861,138.07965157318426,6854.4136,5.2514977,3175.375,2.0619547,7397.4053,6.2277737,0,,,,,890.9030660854861,0.00052048796,138.07965157318426,0.00066093565,0.011442346,0.07311904
7396.894,6.2308035,-0.0038618706,220781,890.9035290620131,138.07850853666272,6853.2334,5.254053,3175.778,2.0629506,7396.894,6.2308035,0,,,,,890.9035290620131,0.00052069465,138.07850853666272,0.0006613599,0.011738955,0.07149451
7395.423,6.2266855,-0.0038617481,220782,890.904682911258,138.07849386448243,6851.4663,5.2505803,3175.908,2.0618815,7395.423,6.2266855,0,,,,,890.904682911258,0.00052076596,138.07849386448243,0.0006609786,0.012385753,0.072051436
7408.5605,6.230365,-0.0038616254,220783,890.9022206148873,138.0790552815993,6863.401,5.253683,3174.4385,2.061304,7408.5605,6.230365,0,,,,,890.9022206148873,0.00052013935,138.0790552815993,0.0006604406,0.010495731,0.07264287
7398.1836,6.2303433,-0.003861503,220784,890.9033239585051,138.07861240543122,6854.799,5.253665,3174.477,2.0621228,7398.1836,6.2303433,0,,,,,890.9033239585051,0.0005207937,138.07861240543122,0.00066145085,0.010635974,0.07297676
7393.083,6.2242985,-0.0038613803,220785,890.9030055225991,138.0787427474233,6849.556,5.2485676,3170.1494,2.0598483,7393.083,6.2242985,0,,,,,890.9030055225991,0.0005204988,138.0787427474233,0.000661106,0.011294355,0.071871564
7398.748,6.225855,-0.0038612576,220786,890.9032453816831,138.07789965246593,6855.333,5.24988,3166.8577,2.0610075,7398.748,6.225855,0,,,,,890.9032453816831,0.00052048615,138.07789965246593,0.0006604903,0.011961115,0.07210374
7388.7656,6.2204704,-0.0038611349,220787,890.903653115835,138.07936145049683,6847.148,5.24534,3162.8865,2.058214,7388.7656,6.2204704,0,,,,,890.903653115835,0.0005203894,138.07936145049683,0.0006607981,0.011392409,0.07231766
7401.1123,6.2193584,-0.003861012,220788,890.9040784989127,138.07951232507367,6857.25,5.244402,3152.382,2.055426,7401.1123,6.2193584,0,,,,,890.9040784989127,0.0005198424,138.07951232507367,0.00065974164,0.012547747,0.07146229
7397.2637,6.217096,-0.0038608892,220789,890.9031495362085,138.07968248854266,6852.3726,5.242494,3147.668,2.055023,7397.2637,6.217096,0,,,,,890.9031495362085,0.0005197996,138.07968248854266,0.0006599689,0.0107395975,0.07401929
7398.7393,6.214472,-0.0038607663,220790,890.9025348382719,138.08104845770686,6854.7515,5.240281,3141.715,2.0519154,7398.7393,6.214472,0,,,,,890.9025348382719,0.0005195941,138.08104845770686,0.0006592623,0.010851583,0.073533155
7407.568,6.215171,-0.0038606434,220791,890.9031124972929,138.07919740932985,6862.705,5.240871,3136.6946,2.0514987,7407.568,6.215171,0,,,,,890.9031124972929,0.00051890267,138.07919740932985,0.00065858196,0.011116111,0.0720743
7393.42,6.209001,-0.0038605204,220792,890.9038194643067,138.0791487604055,6851.7183,5.235668,3126.346,2.0487754,7393.42,6.209001,0,,,,,890.9038194643067,0.0005191634,138.0791487604055,0.0006588681,0.011525009,0.07227375
7403.704,6.207998,-0.0038603975,220793,890.9040231424945,138.07796353947887,6859.996,5.234822,3121.7063,2.047324,7403.704,6.207998,0,,,,,890.9040231424945,0.0005188302,138.07796353947887,0.00065781444,0.012035869,0.0724118
7388.4214,6.20401,-0.0038602743,220794,890.9036497061373,138.0785059094224,6846.529,5.2314596,3118.7708,2.0467205,7388.4214,6.20401,0,,,,,890.9036497061373,0.00051930395,138.0785059094224,0.0006589065,0.011810604,0.07213844
7396.727,6.2032013,-0.0038601512,220795,890.9038966060323,138.07947441503217,6852.4814,5.2307777,3111.9102,2.0441551,7396.727,6.2032013,0,,,,,890.9038966060323,0.00051883556,138.07947441503217,0.00065820775,0.011419515,0.07197256
7388.812,6.1986866,-0.003860028,220796,890.9034114040556,138.07844798952567,6848.299,5.2269707,3103.3562,2.042778,7388.812,6.1986866,0,,,,,890.9034114040556,0.00051857874,138.07844798952567,0.00065797754,0.011489263,0.07300736
7389.308,6.197915,-0.0038599048,220797,890.9029283903744,138.08057214960945,6847.836,5.2263203,3101.7993,2.0414617,7389.308,6.197915,0,,,,,890.9029283903744,0.0005185394,138.08057214960945,0.0006578301,0.0102238385,0.07351894
7403.786,6.198271,-0.0038597817,220798,890.9034925365285,138.07881005815156,6859.2866,5.2266197,3095.855,2.0397344,7403.786,6.198271,0,,,,,890.9034925365285,0.00051793817,138.07881005815156,0.0006570262,0.011351787,0.072127886
7390.8643,6.1939716,-0.0038596583,220799,890.9026989104489,138.07831748945173,6849.1196,5.222995,3094.1094,2.0389442,7390.8643,6.1939716,0,,,,,890.9026989104489,0.0005181237,138.07831748945173,0.00065729854,0.01248336,0.07233885
7387.4956,6.1925764,-0.0038595349,220800,890.9042413003763,138.07883114711402,6846.268,5.2218184,3087.7683,2.0369043,7387.4956,6.1925764,0,,,,,890.9042413003763,0.0005183902,138.07883114711402,0.00065718655,0.011907804,0.07171581
7394.3687,6.1911073,-0.0038594115,220801,890.9039239236675,138.07929212026542,6851.4,5.2205796,3084.1877,2.0365744,7394.3687,6.1911073,0,,,,,890.9039239236675,0.00051778724,138.07929212026542,0.0006566585,0.011127074,0.072818995
7393.667,6.1902933,-0.003859288,220802,890.903634351376,138.08005723335532,6851.1064,5.219893,3081.5159,2.036397,7393.667,6.1902933,0,,,,,890.903634351376,0.00051774253,138.08005723335532,0.00065625797,0.010498146,0.07412258
7386.4673,6.1896863,-0.0038591647,220803,890.9031971177237,138.07827862494165,6844.7407,5.2193813,3077.8728,2.0348265,7386.4673,6.1896863,0,,,,,890.9031971177237,0.0005182938,138.07827862494165,0.0006571681,0.0112837795,0.07243487
7398.489,6.1889405,-0.003859041,220804,890.9037703683564,138.07864445331657,6854.2456,5.2187524,3072.4695,2.033624,7398.489,6.1889405,0,,,,,890.9037703683564,0.0005175841,138.07864445331657,0.00065644423,0.011717736,0.07225186
7396.1777,6.1875944,-0.0038589176,220805,890.9032724293652,138.07979568533236,6852.9067,5.2176175,3072.156,2.0340474,7396.1777,6.1875944,0,,,,,890.9032724293652,0.0005176959,138.07979568533236,0.00065593544,0.010594666,0.072654925
7399.2466,6.1872606,-0.003858794,220806,890.9031358475113,138.0799189217867,6855.204,5.217336,3067.951,2.0327506,7399.2466,6.1872606,0,,,,,890.9031358475113,0.00051698566,138.0799189217867,0.00065583934,0.011379053,0.07336352
7399.037,6.185052,-0.0038586701,220807,890.9028655272851,138.07845918200925,6854.682,5.2154737,3063.3188,2.031246,7399.037,6.185052,0,,,,,890.9028655272851,0.0005169544,138.07845918200925,0.00065582525,0.011174428,0.07199239
7391.8345,6.1840997,-0.0038585465,220808,890.9028647556544,138.07864830322973,6847.4756,5.21467,3065.0466,2.0331495,7391.8345,6.1840997,0,,,,,890.9028647556544,0.0005175111,138.07864830322973,0.0006565187,0.011304052,0.07241092
7407.1934,6.184603,-0.0038584229,220809,890.9034736622327,138.07830245704332,6861.1494,5.215095,3059.3025,2.0297284,7407.1934,6.184603,0,,,,,890.9034736622327,0.00051663833,138.07830245704332,0.00065511704,0.012478061,0.07130732
7390.527,6.180129,-0.003858299,220810,890.9027265834757,138.080478139042,6848.647,5.2113223,3055.1997,2.0281007,7390.527,6.180129,0,,,,,890.9027265834757,0.0005171916,138.080478139042,0.0006556678,0.010722595,0.074167706
7391.878,6.1783676,-0.0038581751,220811,890.9044057967523,138.0783580994231,6849.3213,5.2098365,3049.2104,2.02662,7391.878,6.1783676,0,,,,,890.9044057967523,0.0005171893,138.0783580994231,0.000655473,0.012013612,0.07208148
7406.362,6.1813045,-0.0038580513,220812,890.9032657640868,138.07979974570551,6861.0015,5.2123137,3045.9768,2.02765,7406.362,6.1813045,0,,,,,890.9032657640868,0.0005163217,138.07979974570551,0.0006544621,0.010616521,0.07329253
7391.759,6.1765327,-0.0038579272,220813,890.9026820094443,138.07942029481526,6849.5723,5.2082896,3042.458,2.0254636,7391.759,6.1765327,0,,,,,890.9026820094443,0.000516756,138.07942029481526,0.00065522967,0.011182484,0.07275422
7389.8145,6.171713,-0.0038578033,220814,890.903150949636,138.07963816289902,6847.5273,5.204225,3035.0276,2.0228999,7389.8145,6.171713,0,,,,,890.903150949636,0.00051663135,138.07963816289902,0.0006548488,0.01055595,0.07253095
7392.4478,6.172183,-0.0038576792,220815,890.9040603296991,138.07961815243195,6849.178,5.204622,3034.3315,2.022248,7392.4478,6.172183,0,,,,,890.9040603296991,0.000516541,138.07961815243195,0.0006545552,0.012154967,0.07272507
7392.752,6.167069,-0.003857555,220816,890.9037938957528,138.07902143370504,6850.0625,5.2003093,3023.6387,2.0191586,7392.752,6.167069,0,,,,,890.9037938957528,0.00051635434,138.07902143370504,0.000653881,0.010773486,0.07212163
7404.5503,6.167839,-0.003857431,220817,890.9041689760456,138.0780295938442,6859.5054,5.2009587,3016.898,2.0174546,7404.5503,6.167839,0,,,,,890.9041689760456,0.0005154605,138.0780295938442,0.0006532926,0.011939395,0.0719529
7407.783,6.1656322,-0.003857307,220818,890.9039043861941,138.07956984213962,6862.299,5.199098,3008.964,2.0167274,7407.783,6.1656322,0,,,,,890.9039043861941,0.00051502127,138.07956984213962,0.00065235404,0.012199285,0.07359281
7413.7383,6.1631594,-0.0038571826,220819,890.9027190804375,138.07939633204163,6866.0034,5.197013,2999.9866,2.0135112,7413.7383,6.1631594,0,,,,,890.9027190804375,0.0005146125,138.07939633204163,0.0006518231,0.010846805,0.07209072
7404.8125,6.157682,-0.0038570582,220820,890.9042828357811,138.07786448190845,6859.1265,5.192394,2992.7263,2.0107343,7404.8125,6.157682,0,,,,,890.9042828357811,0.000514586,138.07786448190845,0.00065194076,0.012085185,0.070407644
7395.939,6.152429,-0.003856934,220821,890.9031476147583,138.08073503224907,6851.9155,5.1879644,2985.3987,2.0080144,7395.939,6.152429,0,,,,,890.9031476147583,0.0005148717,138.08073503224907,0.00065205345,0.011280046,0.07368137
7385.439,6.1463084,-0.0038568096,220822,890.9029138724438,138.07964785063106,6844.5176,5.182803,2973.4639,2.0053217,7385.439,6.1463084,0,,,,,890.9029138724438,0.00051470665,138.07964785063106,0.00065196,0.0107225105,0.073447384
7389.547,6.1427236,-0.0038566852,220823,890.9036239811212,138.0786353443405,6845.82,5.1797805,2965.604,2.0024552,7389.547,6.1427236,0,,,,,890.9036239811212,0.0005144211,138.0786353443405,0.0006514852,0.011750775,0.0737797
7396.5923,6.1414027,-0.0038565607,220824,890.9037171640248,138.08030212699794,6852.3394,5.1786666,2955.3733,2.0005727,7396.5923,6.1414027,0,,,,,890.9037171640248,0.0005136673,138.08030212699794,0.0006506625,0.011425485,0.07308923
7388.4287,6.1357193,-0.0038564363,220825,890.9017524947,138.07929204246005,6845.822,5.1738744,2946.7048,1.9969442,7388.4287,6.1357193,0,,,,,890.9017524947,0.0005138445,138.07929204246005,0.00065091223,0.010071716,0.07301037
7402.7188,6.13547,-0.0038563118,220826,890.9041719341741,138.07929380459552,6857.731,5.1736636,2935.348,1.9942379,7402.7188,6.13547,0,,,,,890.9041719341741,0.00051325496,138.07929380459552,0.0006496163,0.012686592,0.071957394
7392.6973,6.1291494,-0.0038561872,220827,890.9036441361495,138.07995440445507,6849.7915,5.168334,2927.1367,1.991479,7392.6973,6.1291494,0,,,,,890.9036441361495,0.00051306863,138.07995440445507,0.0006491149,0.011021789,0.07348818
7392.084,6.126287,-0.0038560624,220828,890.9029818019891,138.07949399108003,6849.1123,5.1659207,2918.204,1.9900414,7392.084,6.126287,0,,,,,890.9029818019891,0.0005127278,138.07949399108003,0.0006492318,0.011319655,0.07216575
7396.724,6.1221104,-0.0038559379,220829,890.9040025587578,138.08037150011057,6851.357,5.162399,2905.905,1.9867598,7396.724,6.1221104,0,,,,,890.9040025587578,0.00051243923,138.08037150011057,0.00064849836,0.012322168,0.07343282
7405.281,6.1187143,-0.003855813,220830,890.9037283826021,138.07915872040942,6858.215,5.159535,2893.5515,1.9837087,7405.281,6.1187143,0,,,,,890.9037283826021,0.00051183207,138.07915872040942,0.0006474912,0.010858995,0.07102142
7391.8315,6.1161137,-0.0038556883,220831,890.9037191419609,138.07886092120103,6848.9683,5.157342,2888.684,1.9825706,7391.8315,6.1161137,0,,,,,890.9037191419609,0.00051218166,138.07886092120103,0.0006475364,0.010776971,0.07392776
7399.658,6.1103544,-0.0038555635,220832,890.904225663252,138.07830497251607,6854.965,5.152486,2878.202,1.9766009,7399.658,6.1103544,0,,,,,890.904225663252,0.0005112743,138.07830497251607,0.0006470025,0.012128137,0.07172157
7394.865,6.106262,-0.0038554387,220833,890.904883562209,138.07797217817904,6850.5815,5.1490345,2867.1055,1.975215,7394.865,6.106262,0,,,,,890.904883562209,0.000511336,138.07797217817904,0.00064641604,0.012223804,0.071864754
7403.431,6.1065083,-0.0038553136,220834,890.9039657901911,138.079902550684,6857.844,5.1492424,2862.4854,1.9734392,7403.431,6.1065083,0,,,,,890.9039657901911,0.0005107534,138.079902550684,0.0006455949,0.01096095,0.07415736
7392.885,6.1009283,-0.0038551886,220835,890.903582548452,138.0799208204703,6848.075,5.144537,2857.5334,1.9708643,7392.885,6.1009283,0,,,,,890.903582548452,0.000510896,138.0799208204703,0.00064668333,0.011392801,0.072068386
7397.949,6.1014686,-0.0038550638,220836,890.9043568563317,138.07856848290808,6852.442,5.144993,2848.238,1.9694341,7397.949,6.1014686,0,,,,,890.9043568563317,0.0005109293,138.07856848290808,0.0006458388,0.011709817,0.07229424
7397.1763,6.098642,-0.0038549388,220837,890.9041982234992,138.0792434084355,6853.0054,5.142609,2843.73,1.9683555,7397.1763,6.098642,0,,,,,890.9041982234992,0.0005107131,138.0792434084355,0.00064557494,0.012321634,0.07106593
7396.664,6.0987573,-0.0038548135,220838,890.9039608811232,138.079095575203,6852.3374,5.142706,2842.6436,1.967942,7396.664,6.0987573,0,,,,,890.9039608811232,0.0005106351,138.079095575203,0.00064518163,0.011273736,0.0736593
7394.958,6.093517,-0.0038546885,220839,890.9034272689784,138.08021475587896,6848.786,5.138287,2835.412,1.9651127,7394.958,6.093517,0,,,,,890.9034272689784,0.0005105186,138.08021475587896,0.0006454163,0.012166393,0.072921626
7406.794,6.094425,-0.0038545632,220840,890.9040163319164,138.0810289347869,6859.6313,5.1390533,2831.2644,1.9638789,7406.794,6.094425,0,,,,,890.9040163319164,0.00050984096,138.0810289347869,0.0006441471,0.011490159,0.073313326
7397.2495,6.0925417,-0.003854438,220841,890.9045349278837,138.07837708762833,6851.4565,5.1374655,2830.5427,1.9646194,7397.2495,6.0925417,0,,,,,890.9045349278837,0.00051013625,138.07837708762833,0.0006447832,0.012370997,0.07078245
7397.7144,6.0919304,-0.0038543127,220842,890.9033087881463,138.08037816176042,6851.804,5.1369495,2828.9683,1.963596,7397.7144,6.0919304,0,,,,,890.9033087881463,0.00050999934,138.08037816176042,0.0006447787,0.010586989,0.07285626
7390.6025,6.090967,-0.0038541874,220843,890.9037083292424,138.079993039209,6846.84,5.136137,2830.2488,1.9646835,7390.6025,6.090967,0,,,,,890.9037083292424,0.00051002926,138.079993039209,0.00064517517,0.011538949,0.07352093
7406.7036,6.091616,-0.0038540622,220844,890.9043147755931,138.07934865214798,6859.0146,5.136685,2821.8293,1.962164,7406.7036,6.091616,0,,,,,890.9043147755931,0.00050958426,138.07934865214798,0.000644138,0.012526499,0.07244325
7397.298,6.090165,-0.0038539367,220845,890.9036532243695,138.07988364659295,6853.0225,5.135461,2826.3171,1.9621545,7397.298,6.090165,0,,,,,890.9036532243695,0.0005099239,138.07988364659295,0.00064418884,0.011338179,0.07311352
7391.7964,6.08922,-0.0038538112,220846,890.9040872634096,138.0790402098377,6847.42,5.134664,2828.1763,1.9627364,7391.7964,6.08922,0,,,,,890.9040872634096,0.0005099368,138.0790402098377,0.00064466905,0.010419605,0.07351211
7396.0957,6.090774,-0.0038536857,220847,890.9039756902514,138.07814715832205,6851.2725,5.135975,2826.4084,1.9626102,7396.0957,6.090774,0,,,,,890.9039756902514,0.00050990016,138.07814715832205,0.00064464705,0.012038306,0.07163024
7387.5337,6.0913143,-0.0038535602,220848,890.9050492071291,138.07918003810127,6843.6016,5.13643,2832.7034,1.9656925,7387.5337,6.0913143,0,,,,,890.9050492071291,0.000510205,138.07918003810127,0.00064548675,0.012455534,0.07212908
7407.9863,6.096445,-0.0038534345,220849,890.9043632380273,138.07853508839509,6860.442,5.140757,2837.3086,1.9652305,7407.9863,6.096445,0,,,,,890.9043632380273,0.000509644,138.07853508839509,0.0006444907,0.0118362345,0.07213771
7394.87,6.094759,-0.003853309,220850,890.9031471727778,138.07895220285522,6850.0127,5.1393347,2838.0498,1.9656441,7394.87,6.094759,0,,,,,890.9031471727778,0.0005105382,138.07895220285522,0.0006452668,0.011237249,0.07247705
7393.193,6.0979824,-0.0038531832,220851,890.9041573415521,138.07976915447097,6848.602,5.142053,2842.5178,1.9678639,7393.193,6.0979824,0,,,,,890.9041573415521,0.000510597,138.07976915447097,0.00064585084,0.011032543,0.07262102
7391.992,6.097122,-0.0038530575,220852,890.9043603972957,138.0797394145887,6847.836,5.141328,2846.876,1.9682599,7391.992,6.097122,0,,,,,890.9043603972957,0.0005105214,138.0797394145887,0.00064546743,0.010874092,0.07292614
7403.1533,6.1007137,-0.0038529318,220853,890.9040617377614,138.08045193610448,6856.9487,5.144356,2848.8354,1.9692589,7403.1533,6.1007137,0,,,,,890.9040617377614,0.00051028957,138.08045193610448,0.00064526836,0.011522708,0.0728093
7410.0215,6.1033306,-0.0038528058,220854,890.9046699893339,138.0796371078209,6863.197,5.146563,2851.906,1.9699117,7410.0215,6.1033306,0,,,,,890.9046699893339,0.00051014824,138.0796371078209,0.000645133,0.012626584,0.07277928
7403.685,6.1044903,-0.00385268,220855,890.9040487646724,138.08071692312498,6855.483,5.1475406,2857.1511,1.9730759,7403.685,6.1044903,0,,,,,890.9040487646724,0.00051082193,138.08071692312498,0.0006460219,0.01264024,0.07323676
7388.592,6.103323,-0.0038525541,220856,890.9039342568547,138.07839542730343,6845.561,5.1465564,2861.0813,1.9725164,7388.592,6.103323,0,,,,,890.9039342568547,0.0005115688,138.07839542730343,0.0006466828,0.012189706,0.07183763
7401.0044,6.1046762,-0.0038524282,220857,890.9036633829263,138.07954181900303,6854.0283,5.1476974,2863.4685,1.9725088,7401.0044,6.1046762,0,,,,,890.9036633829263,0.00051086786,138.07954181900303,0.00064613903,0.011008681,0.07383716
7407.3315,6.105601,-0.0038523022,220858,890.9028207777964,138.07951572543277,6860.527,5.148477,2862.102,1.9720913,7407.3315,6.105601,0,,,,,890.9028207777964,0.0005106115,138.07951572543277,0.0006455812,0.011024765,0.07301585
7388.8647,6.1033254,-0.0038521762,220859,890.9053792545966,138.07787108340847,6842.947,5.1465583,2865.3638,1.973557,7388.8647,6.1033254,0,,,,,890.9053792545966,0.0005116614,138.07787108340847,0.0006471251,0.01280646,0.07173021
7402.548,6.105198,-0.00385205,220860,890.9037947828896,138.07989195485575,6853.5684,5.148137,2862.1978,1.97245,7402.548,6.105198,0,,,,,890.9037947828896,0.0005110971,138.07989195485575,0.0006462929,0.011491007,0.072674185
7395.17,6.102561,-0.0038519239,220861,890.9039313330494,138.08043621987667,6850.2427,5.145914,2862.5432,1.9718319,7395.17,6.102561,0,,,,,890.9039313330494,0.00051090907,138.08043621987667,0.00064604764,0.011659803,0.07384719
7392.4214,6.101081,-0.0038517977,220862,890.9031461737914,138.0782929306356,6847.0947,5.1446657,2857.8374,1.9713466,7392.4214,6.101081,0,,,,,890.9031461737914,0.0005108416,138.0782929306356,0.00064619153,0.011022246,0.07234485
7402.9546,6.1014695,-0.0038516715,220863,890.9043257974778,138.08020685605442,6854.6655,5.1449933,2851.2485,1.9699296,7402.9546,6.1014695,0,,,,,890.9043257974778,0.00051071745,138.08020685605442,0.00064584357,0.012451578,0.07386792
7400.0117,6.0996523,-0.0038515453,220864,890.9034706980059,138.0789859121259,6852.5703,5.1434608,2848.5994,1.9690379,7400.0117,6.0996523,0,,,,,890.9034706980059,0.0005106741,138.0789859121259,0.0006461839,0.01098612,0.071213484
7399.6475,6.0950556,-0.0038514188,220865,890.9040397986756,138.07972458475606,6852.7793,5.139585,2839.0227,1.9657915,7399.6475,6.0950556,0,,,,,890.9040397986756,0.00051004114,138.07972458475606,0.0006454182,0.012594044,0.07227077
7406.361,6.0945673,-0.0038512927,220866,890.9049115350178,138.07960198754574,6859.6416,5.1391735,2831.4119,1.9642205,7406.361,6.0945673,0,,,,,890.9049115350178,0.0005098088,138.07960198754574,0.0006442803,0.011935701,0.071951166
7398.901,6.0886436,-0.0038511662,220867,890.9046852793558,138.0790640326412,6852.6367,5.134178,2821.8853,1.9616773,7398.901,6.0886436,0,,,,,890.9046852793558,0.0005099293,138.0790640326412,0.000644211,0.012402889,0.07246038
7399.1904,6.0832477,-0.0038510398,220868,890.9051833892233,138.07962999191614,6853.294,5.129628,2809.125,1.9576962,7399.1904,6.0832477,0,,,,,890.9051833892233,0.0005093692,138.07962999191614,0.0006436321,0.012002519,0.072665796
7402.28,6.081674,-0.0038509131,220869,890.9030637850108,138.07919619630601,6855.2114,5.128301,2801.4224,1.9550009,7402.28,6.081674,0,,,,,890.9030637850108,0.00050896616,138.07919619630601,0.0006434991,0.010040053,0.07198755
7400.74,6.0771074,-0.0038507867,220870,890.9033154560038,138.07924928671636,6856.0063,5.1244507,2793.7139,1.9525816,7400.74,6.0771074,0,,,,,890.9033154560038,0.0005084858,138.07924928671636,0.00064233335,0.011584128,0.073070414
7396.4683,6.073319,-0.00385066,220871,890.9052090744873,138.07956878213227,6851.677,5.121256,2784.372,1.949869,7396.4683,6.073319,0,,,,,890.9052090744873,0.0005085015,138.07956878213227,0.0006426639,0.012339351,0.072458886
7395.004,6.0664234,-0.0038505334,220872,890.9053566012216,138.07927199602037,6849.292,5.1154413,2771.3857,1.945438,7395.004,6.0664234,0,,,,,890.9053566012216,0.00050801114,138.07927199602037,0.0006418579,0.012304136,0.07236309
7398.864,6.064661,-0.0038504067,220873,890.9041333720156,138.07950152419562,6853.5474,5.1139555,2761.8774,1.9445168,7398.864,6.064661,0,,,,,890.9041333720156,0.0005078112,138.07950152419562,0.000641127,0.011252152,0.07285437
7403.2427,6.0612817,-0.00385028,220874,890.9039315367629,138.07933438363037,6854.5337,5.1111054,2753.0396,1.9406018,7403.2427,6.0612817,0,,,,,890.9039315367629,0.00050746865,138.07933438363037,0.00064100296,0.011639996,0.073443234
7395.1626,6.057936,-0.0038501534,220875,890.9045723295826,138.0789203018478,6848.89,5.1082845,2746.6082,1.9380192,7395.1626,6.057936,0,,,,,890.9045723295826,0.0005077008,138.0789203018478,0.0006410726,0.010773986,0.07374127
7399.558,6.054929,-0.0038500265,220876,890.9057139854021,138.0784958542049,6853.5376,5.1057487,2738.3862,1.9365408,7399.558,6.054929,0,,,,,890.9057139854021,0.00050720153,138.0784958542049,0.00063982134,0.0120906,0.07207561
7388.2153,6.0476313,-0.0038498996,220877,890.9042130453622,138.07865953921169,6844.4253,5.099595,2726.239,1.9327266,7388.2153,6.0476313,0,,,,,890.9042130453622,0.00050707365,138.07865953921169,0.0006399773,0.012288414,0.072917596
7398.8193,6.046337,-0.0038497727,220878,890.9045419194467,138.07844845731432,6852.855,5.098504,2716.5962,1.9295886,7398.8193,6.046337,0,,,,,890.9045419194467,0.00050640496,138.07844845731432,0.00063913275,0.0122182425,0.0723447
7395.3145,6.043577,-0.0038496458,220879,890.9039796678722,138.07867690615757,6848.2485,5.0961766,2709.503,1.9299793,7395.3145,6.043577,0,,,,,890.9039796678722,0.0005064959,138.07867690615757,0.0006390882,0.011606807,0.072720416
7394.4575,6.0384817,-0.003849519,220880,890.9049898461806,138.07871032322907,6844.962,5.09188,2701.3677,1.9249542,7394.4575,6.0384817,0,,,,,890.9049898461806,0.00050652446,138.07871032322907,0.0006390124,0.0125207305,0.07289681
7400.7393,6.0370317,-0.0038493918,220881,890.903759302832,138.0795369607175,6854.7637,5.0906568,2691.1997,1.9222071,7400.7393,6.0370317,0,,,,,890.903759302832,0.00050540856,138.0795369607175,0.0006377679,0.010320861,0.07349124
7398.0996,6.034227,-0.0038492647,220882,890.9047327666377,138.07881720484875,6852.4126,5.0882916,2687.0308,1.9206797,7398.0996,6.034227,0,,,,,890.9047327666377,0.00050525786,138.07881720484875,0.00063761516,0.012265221,0.07242698
7392.7334,6.0305204,-0.0038491376,220883,890.9050705187094,138.07881942888272,6847.5522,5.0851665,2679.214,1.919118,7392.7334,6.0305204,0,,,,,890.9050705187094,0.0005054877,138.07881942888272,0.0006381937,0.013171584,0.07170903
7394.022,6.030572,-0.0038490104,220884,890.9050372996418,138.07987175267206,6849.6113,5.08521,2674.4365,1.917992,7394.022,6.030572,0,,,,,890.9050372996418,0.000505292,138.07987175267206,0.00063762604,0.012682848,0.07349556
7408.9507,6.0299487,-0.0038488833,220885,890.9049035889562,138.07942642937488,6861.0723,5.0846844,2669.8638,1.9157076,7408.9507,6.0299487,0,,,,,890.9049035889562,0.0005043861,138.07942642937488,0.0006360852,0.010709213,0.0729925
7388.2095,6.024962,-0.003848756,220886,890.9032966639111,138.07905082393063,6842.1353,5.0804796,2668.977,1.915683,7388.2095,6.024962,0,,,,,890.9032966639111,0.00050533464,138.07905082393063,0.0006374895,0.010999702,0.07369222
7403.9414,6.0265117,-0.0038486288,220887,890.9052197749199,138.0781090419103,6854.916,5.081786,2663.975,1.9153187,7403.9414,6.0265117,0,,,,,890.9052197749199,0.0005047349,138.0781090419103,0.0006364715,0.01250409,0.07134167
7392.007,6.0237985,-0.0038485015,220888,890.9033947695349,138.07931672353834,6846.4346,5.0794983,2664.7227,1.9152508,7392.007,6.0237985,0,,,,,890.9033947695349,0.0005047917,138.07931672353834,0.0006369491,0.011724991,0.073161975
7407.03,6.027607,-0.0038483741,220889,890.905401621832,138.0795110737449,6858.164,5.08271,2665.6526,1.914665,7407.03,6.027607,0,,,,,890.905401621832,0.00050470326,138.0795110737449,0.0006365189,0.012954154,0.072792776
7405.3096,6.0278764,-0.0038482465,220890,890.9052206714842,138.0776696918912,6858.595,5.082937,2665.0708,1.9147369,7405.3096,6.0278764,0,,,,,890.9052206714842,0.000504368,138.0776696918912,0.0006362584,0.012222648,0.071714394
7400.399,6.0267444,-0.0038481192,220891,890.9043625865211,138.07941925613298,6852.79,5.081982,2668.7185,1.9158142,7400.399,6.0267444,0,,,,,890.9043625865211,0.00050483085,138.07941925613298,0.0006364325,0.010613829,0.07394704
7399.558,6.028597,-0.0038479916,220892,890.9048777565987,138.08039481175175,6852.917,5.0835447,2672.0195,1.9168067,7399.558,6.028597,0,,,,,890.9048777565987,0.00050501944,138.08039481175175,0.00063692825,0.011171416,0.07297758
7403.2803,6.0328035,-0.003847864,220893,890.9042208082298,138.0793389622144,6856.0654,5.087092,2677.9253,1.9183041,7403.2803,6.0328035,0,,,,,890.9042208082298,0.00050500396,138.0793389622144,0.00063729007,0.01198255,0.073117584
7400.4644,6.033716,-0.0038477364,220894,890.9046768569033,138.0787313104307,6855.8853,5.0878615,2682.521,1.9194645,7400.4644,6.033716,0,,,,,890.9046768569033,0.0005051938,138.0787313104307,0.00063733995,0.012103731,0.072585166
7398.8413,6.0350327,-0.0038476088,220895,890.9049043134933,138.0789017920494,6852.763,5.0889716,2686.7485,1.9211061,7398.8413,6.0350327,0,,,,,890.9049043134933,0.0005054353,138.0789017920494,0.0006377552,0.012209385,0.07255964
7393.444,6.038118,-0.0038474812,220896,890.9044439898801,138.0794282357744,6849.0493,5.091573,2699.296,1.9244517,7393.444,6.038118,0,,,,,890.9044439898801,0.0005058867,138.0794282357744,0.0006386226,0.011361946,0.07239685
7392.4487,6.0425935,-0.0038473534,220897,890.9042337781126,138.07852430043138,6846.8643,5.095347,2710.4307,1.9283715,7392.4487,6.0425935,0,,,,,890.9042337781126,0.00050641305,138.07852430043138,0.0006391422,0.012054206,0.07320967
7408.84,6.0508094,-0.0038472256,220898,890.9038370271217,138.0793215315029,6860.173,5.102275,2723.535,1.9320046,7408.84,6.0508094,0,,,,,890.9038370271217,0.00050616375,138.0793215315029,0.0006390181,0.011761129,0.072664455
7394.7505,6.0533385,-0.0038470977,220899,890.9042107838306,138.08046471133247,6849.6333,5.104408,2734.4543,1.9366193,7394.7505,6.0533385,0,,,,,890.9042107838306,0.0005071752,138.08046471133247,0.0006402297,0.011827632,0.07381277
7393.035,6.0563226,-0.00384697,220900,890.9049239251988,138.07743562855205,6848.6875,5.106924,2745.181,1.937909,7393.035,6.0563226,0,,,,,890.9049239251988,0.00050753175,138.07743562855205,0.00064072385,0.01236059,0.070729166
7399.0483,6.063927,-0.003846842,220901,890.9044801469618,138.07911786855655,6853.9883,5.1133366,2759.768,1.9420998,7399.0483,6.063927,0,,,,,890.9044801469618,0.000507817,138.07911786855655,0.00064088753,0.0120050805,0.07341579
7393.254,6.068075,-0.003846714,220902,890.9041189082003,138.07977143927405,6849.2866,5.116834,2774.4197,1.9475939,7393.254,6.068075,0,,,,,890.9041189082003,0.00050843373,138.07977143927405,0.0006418002,0.011794812,0.07302519
7406.4507,6.07654,-0.0038465862,220903,890.9046734360618,138.07988396529487,6860.396,5.123972,2789.2925,1.9510703,7406.4507,6.07654,0,,,,,890.9046734360618,0.0005080691,138.07988396529487,0.00064221915,0.011369989,0.07314171
7397.6147,6.083336,-0.0038464582,220904,890.9045089102349,138.07888115380877,6853.656,5.1297026,2805.4524,1.95748,7397.6147,6.083336,0,,,,,890.9045089102349,0.0005089544,138.07888115380877,0.00064355455,0.012056288,0.07259305
7400.53,6.089718,-0.0038463299,220905,890.9044331690635,138.07916162070387,6855.7085,5.135084,2822.1091,1.9626364,7400.53,6.089718,0,,,,,890.9044331690635,0.00050944963,138.07916162070387,0.0006439587,0.012412468,0.072522305
7385.4355,6.0907454,-0.0038462018,220906,890.9036059881142,138.0796404615939,6841.354,5.1359506,2836.5156,1.9650438,7385.4355,6.0907454,0,,,,,890.9036059881142,0.0005104545,138.0796404615939,0.0006456157,0.01057659,0.07368696
7393.643,6.0988226,-0.0038460738,220907,890.9039203769315,138.0784025186581,6848.6367,5.142761,2850.1611,1.9690837,7393.643,6.0988226,0,,,,,890.9039203769315,0.00051089324,138.0784025186581,0.0006458744,0.012283406,0.07180671
7396.4336,6.1067905,-0.0038459455,220908,890.904642491583,138.07838858348535,6851.9136,5.1494803,2865.7715,1.973818,7396.4336,6.1067905,0,,,,,890.904642491583,0.00051129604,138.07838858348535,0.00064644375,0.012540403,0.07208894
7390.134,6.1104636,-0.0038458172,220909,890.9047288391125,138.07854173334368,6847.0547,5.1525774,2880.694,1.9791253,7390.134,6.1104636,0,,,,,890.9047288391125,0.0005117599,138.07854173334368,0.00064731477,0.012034742,0.0726912
7393.544,6.1179786,-0.003845689,220910,890.9034401229145,138.07977252108205,6848.532,5.1589146,2894.5474,1.9817885,7393.544,6.1179786,0,,,,,890.9034401229145,0.00051276956,138.07977252108205,0.00064832804,0.010912316,0.07405922
7400.7324,6.122093,-0.0038455606,220911,890.9042666959705,138.07887515495895,6855.6797,5.1623845,2907.5327,1.9851255,7400.7324,6.122093,0,,,,,890.9042666959705,0.0005121632,138.07887515495895,0.00064856594,0.012397734,0.07141776
7399.113,6.1295705,-0.003845432,220912,890.9048895198339,138.07861919209017,6853.421,5.1686893,2926.94,1.991282,7399.113,6.1295705,0,,,,,890.9048895198339,0.0005129809,138.07861919209017,0.0006493611,0.012906036,0.07141377
7396.308,6.1350293,-0.0038453038,220913,890.9043456715789,138.0812613645874,6853.1646,5.1732926,2939.7656,1.9952815,7396.308,6.1350293,0,,,,,890.9043456715789,0.00051317975,138.0812613645874,0.00064985035,0.0119169075,0.07442397
7397.556,6.139295,-0.0038451753,220914,890.9045157048927,138.07745759702973,6852.58,5.1768894,2950.334,2.0004945,7397.556,6.139295,0,,,,,890.9045157048927,0.00051386433,138.07745759702973,0.0006502798,0.011980225,0.07090472
7395.8022,6.14253,-0.0038450467,220915,890.9034954411568,138.0796244331893,6851.9883,5.179617,2961.8906,2.0012918,7395.8022,6.14253,0,,,,,890.9034954411568,0.00051402784,138.0796244331893,0.00065114896,0.011205786,0.07394866
7396.054,6.1471853,-0.0038449182,220916,890.9036627373087,138.07921400038705,6852.1675,5.183543,2973.6453,2.0044222,7396.054,6.1471853,0,,,,,890.9036627373087,0.00051436975,138.07921400038705,0.0006516339,0.012144312,0.072174124
7389.709,6.1498876,-0.0038447895,220917,890.9029652382023,138.07940386998524,6846.7246,5.185821,2983.7568,2.0071492,7389.709,6.1498876,0,,,,,890.9029652382023,0.0005147643,138.07940386998524,0.0006522276,0.011355717,0.073781684
7403.172,6.156296,-0.003844661,220918,890.9037532758368,138.079624042773,6859.5146,5.191225,2988.2148,2.0096931,7403.172,6.156296,0,,,,,890.9037532758368,0.0005144854,138.079624042773,0.000651736,0.012367087,0.072587214
7400.111,6.1589603,-0.0038445322,220919,890.9031701675085,138.0789558365492,6855.4595,5.1934724,2994.9006,2.011089,7400.111,6.1589603,0,,,,,890.9031701675085,0.0005151122,138.0789558365492,0.0006527234,0.012055711,0.072353676
7409.1733,6.160442,-0.0038444034,220920,890.9043964257526,138.0804627258646,6863.7036,5.194721,2997.9734,2.0110097,7409.1733,6.160442,0,,,,,890.9043964257526,0.00051478716,138.0804627258646,0.0006523096,0.011829811,0.0731866
7394.1587,6.161881,-0.0038442747,220921,890.900994728852,138.0801073014651,6850.4893,5.195935,3009.5598,2.015326,7394.1587,6.161881,0,,,,,890.900994728852,0.0005152412,138.0801073014651,0.0006533336,0.010520941,0.07352608
7385.8984,6.1608715,-0.003844146,220922,890.9048200527043,138.0788998569539,6843.1865,5.195084,3012.3247,2.0163784,7385.8984,6.1608715,0,,,,,890.9048200527043,0.00051630876,138.0788998569539,0.0006538451,0.012680506,0.072609656
7406.3696,6.167215,-0.003844017,220923,890.9042509559138,138.07841289824478,6861.6826,5.2004323,3016.3218,2.0166326,7406.3696,6.167215,0,,,,,890.9042509559138,0.0005153744,138.07841289824478,0.00065293926,0.012298605,0.071236
7398.313,6.1649704,-0.0038438882,220924,890.9044404027153,138.07894194110733,6854.9893,5.1985397,3014.483,2.016321,7398.313,6.1649704,0,,,,,890.9044404027153,0.00051579066,138.07894194110733,0.0006530961,0.011176566,0.073438354
7390.4287,6.168238,-0.0038437592,220925,890.9033892758557,138.07936599610224,6846.981,5.2012954,3019.53,2.0198824,7390.4287,6.168238,0,,,,,890.9033892758557,0.000516264,138.07936599610224,0.0006548555,0.01248611,0.07184699
7391.7983,6.1685386,-0.0038436302,220926,890.9046643225572,138.07925132649711,6848.3857,5.2015486,3026.2412,2.0193052,7391.7983,6.1685386,0,,,,,890.9046643225572,0.0005166311,138.07925132649711,0.0006543314,0.01270732,0.0722733
7394.9883,6.1698594,-0.003843501,220927,890.9031035202021,138.08069720487617,6851.3423,5.2026625,3025.809,2.0215418,7394.9883,6.1698594,0,,,,,890.9031035202021,0.00051644864,138.08069720487617,0.00065409736,0.010391069,0.07538431
7387.7837,6.1695127,-0.003843372,220928,890.9048463932785,138.0773321123446,6845.334,5.20237,3029.9976,2.021805,7387.7837,6.1695127,0,,,,,890.9048463932785,0.00051656854,138.0773321123446,0.000654739,0.012788756,0.07009189
7399.6104,6.170308,-0.0038432428,220929,890.9032195331156,138.07815368047343,6855.7153,5.2030406,3024.7556,2.0208776,7399.6104,6.170308,0,,,,,890.9032195331156,0.00051588664,138.07815368047343,0.000654088,0.0110834865,0.07161953
7390.2812,6.167918,-0.0038431138,220930,890.904781537048,138.07828561796057,6847.182,5.2010255,3026.1077,2.0196643,7390.2812,6.167918,0,,,,,890.904781537048,0.00051666825,138.07828561796057,0.00065420393,0.013219507,0.07355687
7397.4404,6.1681075,-0.0038429846,220931,890.9028287858215,138.07848973608668,6851.344,5.201185,3025.4856,2.019141,7397.4404,6.1681075,0,,,,,890.9028287858215,0.0005162378,138.07848973608668,0.00065424765,0.010639273,0.073005
7392.547,6.1674023,-0.003842855,220932,890.9037108597671,138.0790862223523,6848.7715,5.2005906,3023.3545,2.018971,7392.547,6.1674023,0,,,,,890.9037108597671,0.0005162108,138.0790862223523,0.00065444224,0.012539117,0.07205166
7393.6846,6.1662235,-0.003842726,220933,890.9032161778923,138.07884373523726,6850.327,5.199597,3022.2449,2.0187135,7393.6846,6.1662235,0,,,,,890.9032161778923,0.0005158747,138.07884373523726,0.0006538164,0.01107972,0.07258291
7403.2314,6.1699123,-0.0038425967,220934,890.9032196161663,138.07919724219894,6860.3696,5.2027073,3015.054,2.0183442,7403.2314,6.1699123,0,,,,,890.9032196161663,0.00051579217,138.07919724219894,0.00065344083,0.011385126,0.07257072
7393.633,6.1630964,-0.0038424672,220935,890.9043821332193,138.07937658198006,6850.1235,5.1969595,3014.845,2.0158205,7393.633,6.1630964,0,,,,,890.9043821332193,0.000515927,138.07937658198006,0.00065337546,0.012222082,0.07258249
7407.865,6.164247,-0.0038423378,220936,890.9039180946393,138.0796689445193,6863.7246,5.1979303,3009.061,2.0149093,7407.865,6.164247,0,,,,,890.9039180946393,0.0005147751,138.0796689445193,0.00065251195,0.011684369,0.072596684
7401.2856,6.1628127,-0.0038422083,220937,890.9045693466378,138.07828869213245,6857.059,5.19672,3009.2222,2.0145605,7401.2856,6.1628127,0,,,,,890.9045693466378,0.0005153123,138.07828869213245,0.00065274315,0.012419864,0.07266104
7392.4116,6.1585894,-0.0038420788,220938,890.9032905747906,138.07806854386396,6848.023,5.193159,3003.6462,2.012775,7392.4116,6.1585894,0,,,,,890.9032905747906,0.0005154668,138.07806854386396,0.0006534121,0.011785946,0.07134693
7389.8213,6.156833,-0.0038419492,220939,890.9033583671023,138.07936644548457,6847.8936,5.191678,2995.8936,2.011204,7389.8213,6.156833,0,,,,,890.9033583671023,0.0005154263,138.07936644548457,0.00065349974,0.011970844,0.07261486
7403.0693,6.157252,-0.0038418195,220940,890.9038396227005,138.0803560881239,6859.343,5.192031,2993.2026,2.0101917,7403.0693,6.157252,0,,,,,890.9038396227005,0.00051462505,138.0803560881239,0.0006521639,0.012421221,0.073254295
7400.8096,6.1548557,-0.00384169,220941,890.9056108996649,138.07797491745262,6856.2017,5.1900105,2989.802,2.0088725,7400.8096,6.1548557,0,,,,,890.9056108996649,0.00051481515,138.07797491745262,0.00065216096,0.012882668,0.070712544
7392.4263,6.1555133,-0.0038415603,220942,890.9046500215301,138.0783944125168,6848.4194,5.190565,2992.793,2.0102522,7392.4263,6.1555133,0,,,,,890.9046500215301,0.0005155148,138.0783944125168,0.0006525583,0.012365854,0.07189482
7397.5244,6.1547813,-0.0038414304,220943,890.9031082720228,138.07920080808702,6853.344,5.189948,2989.6978,2.0092132,7397.5244,6.1547813,0,,,,,890.9031082720228,0.00051493134,138.07920080808702,0.00065204554,0.010571835,0.074641205
7397.759,6.152955,-0.0038413007,220944,890.9039332221662,138.07833334971002,6853.7144,5.188408,2988.9788,2.0083344,7397.759,6.152955,0,,,,,890.9039332221662,0.0005148297,138.07833334971002,0.0006521217,0.011830346,0.07228423
7400.489,6.1530175,-0.0038411708,220945,890.9035010576798,138.07890344097356,6855.421,5.1884604,2987.482,2.0081215,7400.489,6.1530175,0,,,,,890.9035010576798,0.0005146432,138.07890344097356,0.00065206684,0.012452128,0.071194746
7401.8745,6.154997,-0.0038410411,220946,890.9031587021153,138.0792363500324,6857.0977,5.1901298,2989.4792,2.009119,7401.8745,6.154997,0,,,,,890.9031587021153,0.0005145079,138.0792363500324,0.0006516446,0.010662272,0.07333676
7394.3726,6.1541524,-0.0038409112,220947,890.9049901600363,138.07938543045918,6848.1675,5.1894174,2992.6506,2.0109339,7394.3726,6.1541524,0,,,,,890.9049901600363,0.0005151241,138.07938543045918,0.0006529534,0.014167995,0.072454795
7409.243,6.1579437,-0.0038407813,220948,890.9034488382649,138.0799758629331,6863.0493,5.1926146,2991.2056,2.0091867,7409.243,6.1579437,0,,,,,890.9034488382649,0.0005143415,138.0799758629331,0.0006517503,0.011713443,0.07259031
7393.764,6.1541905,-0.0038406511,220949,890.9037509088587,138.07839757107467,6850.0864,5.18945,2991.935,2.009205,7393.764,6.1541905,0,,,,,890.9037509088587,0.00051516964,138.07839757107467,0.00065272395,0.011998452,0.07163428
7388.54,6.1523986,-0.0038405212,220950,890.9031127419597,138.07945007504915,6845.4824,5.187939,2991.2908,2.0092187,7388.54,6.1523986,0,,,,,890.9031127419597,0.0005155776,138.07945007504915,0.000652833,0.011180903,0.07281465
7394.747,6.155277,-0.003840391,220951,890.9048995673841,138.07805532841883,6849.8623,5.190366,2991.1855,2.0106127,7394.747,6.155277,0,,,,,890.9048995673841,0.0005149924,138.07805532841883,0.0006531464,0.013373805,0.07098699
7397.494,6.152077,-0.003840261,220952,890.9026351897728,138.0784730936887,6852.987,5.187668,2986.0664,2.0077271,7397.494,6.152077,0,,,,,890.9026351897728,0.00051493396,138.0784730936887,0.00065215264,0.0109715955,0.072327904
7390.172,6.153821,-0.0038401308,220953,890.9041515940798,138.07818648743415,6847.5674,5.189138,2993.4453,2.0096872,7390.172,6.153821,0,,,,,890.9041515940798,0.00051523844,138.07818648743415,0.0006523843,0.01270583,0.07183734
7392.177,6.151485,-0.0038400006,220954,890.9034171892298,138.07888949456282,6846.1504,5.187168,2987.3135,2.0090623,7392.177,6.151485,0,,,,,890.9034171892298,0.0005150946,138.07888949456282,0.0006530325,0.011278877,0.072560735
7400.2993,6.1546497,-0.0038398704,220955,890.9038324992642,138.07925791730946,6851.8193,5.189837,2989.9163,2.0096326,7400.2993,6.1546497,0,,,,,890.9038324992642,0.00051513896,138.07925791730946,0.00065256073,0.010858505,0.073613115
7386.1357,6.151623,-0.00383974,220956,890.9049770561983,138.07840204447405,6842.8696,5.187285,2985.7957,2.00832,7386.1357,6.151623,0,,,,,890.9049770561983,0.00051567797,138.07840204447405,0.0006530484,0.012838874,0.07100498
7395.3594,6.150421,-0.0038396097,220957,890.9025855576137,138.08038738367281,6849.9233,5.186271,2983.0293,2.0068564,7395.3594,6.150421,0,,,,,890.9025855576137,0.0005148797,138.08038738367281,0.0006524042,0.010663944,0.07259999
7389.2446,6.1483235,-0.0038394793,220958,890.9042664866654,138.07931045045314,6846.213,5.1845026,2978.8896,2.006832,7389.2446,6.1483235,0,,,,,890.9042664866654,0.00051499,138.07931045045314,0.0006522675,0.011786109,0.07319692
7390.893,6.1474004,-0.003839349,220959,890.9038980040564,138.07701099472447,6847.751,5.183724,2976.4841,2.0050528,7390.893,6.1474004,0,,,,,890.9038980040564,0.0005147908,138.07701099472447,0.00065194606,0.01237477,0.07024509
7388.825,6.1453476,-0.0038392185,220960,890.9037899122966,138.07834117303884,6843.891,5.181993,2972.4363,2.0039399,7388.825,6.1453476,0,,,,,890.9037899122966,0.0005149956,138.07834117303884,0.0006522226,0.011876297,0.07263289
7400.497,6.144742,-0.003839088,220961,890.903528952348,138.0799471645426,6855.6807,5.1814823,2964.9136,2.001554,7400.497,6.144742,0,,,,,890.903528952348,0.0005142857,138.0799471645426,0.00065102277,0.011577474,0.07397619
7395.6133,6.140006,-0.0038389575,220962,890.902642621498,138.0794540684812,6851.8594,5.177489,2955.372,1.9990739,7395.6133,6.140006,0,,,,,890.902642621498,0.00051383936,138.0794540684812,0.00065081747,0.011479689,0.07279953
7392.4463,6.140869,-0.003838827,220963,890.90537772456,138.07769723381816,6849.9536,5.178217,2958.3252,1.9998822,7392.4463,6.140869,0,,,,,890.90537772456,0.0005141589,138.07769723381816,0.0006510007,0.012307254,0.07240212
7382.2446,6.1335316,-0.0038386963,220964,890.9042153704615,138.0775171851329,6839.435,5.17203,2946.957,1.9961897,7382.2446,6.1335316,0,,,,,890.9042153704615,0.0005144087,138.0775171851329,0.00065146346,0.012825232,0.071151234
7395.81,6.135319,-0.0038385654,220965,890.9043609773832,138.08007945517446,6851.4287,5.173537,2939.8772,1.9967318,7395.81,6.135319,0,,,,,890.9043609773832,0.0005135883,138.08007945517446,0.00065038976,0.011438979,0.07336398
7401.813,6.1311674,-0.0038384348,220966,890.9018259066238,138.07940219715653,6856.7407,5.170036,2928.6597,1.9913335,7401.813,6.1311674,0,,,,,890.9018259066238,0.00051289366,138.07940219715653,0.00064928154,0.010698911,0.07422704
7388.003,6.1249466,-0.003838304,220967,890.9050903178274,138.0780388518001,6846.4883,5.16479,2918.2764,1.9884918,7388.003,6.1249466,0,,,,,890.9050903178274,0.0005132893,138.0780388518001,0.0006494041,0.013186424,0.07169937
7394.01,6.1210027,-0.0038381733,220968,890.9030343024649,138.07871462905794,6850.307,5.1614647,2909.0278,1.9851736,7394.01,6.1210027,0,,,,,890.9030343024649,0.0005124242,138.07871462905794,0.0006487454,0.0108312415,0.0710161
7408.7974,6.1186113,-0.0038380425,220969,890.904737230829,138.0796428864237,6858.988,5.159448,2896.696,1.9823333,7408.7974,6.1186113,0,,,,,890.904737230829,0.00051179755,138.0796428864237,0.0006478478,0.013103734,0.0722666
7395.641,6.1132584,-0.0038379114,220970,890.9042103120329,138.07895874630333,6851.756,5.1549344,2888.5647,1.9798794,7395.641,6.1132584,0,,,,,890.9042103120329,0.0005117775,138.07895874630333,0.0006474134,0.011730791,0.072752886
7390.892,6.108421,-0.0038377806,220971,890.9041016393579,138.07891062085432,6846.9165,5.1508555,2880.0708,1.9767941,7390.892,6.108421,0,,,,,890.9041016393579,0.0005116959,138.07891062085432,0.00064723723,0.012179227,0.072368115
7394.775,6.105234,-0.0038376497,220972,890.9038512716365,138.07965480018555,6852.219,5.148168,2865.2705,1.9728556,7394.775,6.105234,0,,,,,890.9038512716365,0.00051115657,138.07965480018555,0.0006461961,0.011999341,0.07271159
7394.0625,6.101378,-0.0038375186,220973,890.9040733837228,138.07815660871282,6850.515,5.1449165,2858.115,1.9711571,7394.0625,6.101378,0,,,,,890.9040733837228,0.0005111436,138.07815660871282,0.0006460917,0.011292333,0.07180441
7395.462,6.098987,-0.0038373875,220974,890.9040894115813,138.08188243937045,6850.5273,5.1429005,2850.3105,1.9694525,7395.462,6.098987,0,,,,,890.9040894115813,0.00051082385,138.08188243937045,0.00064589427,0.011672453,0.073732965
7390.065,6.0977025,-0.0038372565,220975,890.904795059061,138.0779987768074,6847.2607,5.1418166,2839.9395,1.9679863,7390.065,6.0977025,0,,,,,890.904795059061,0.0005107069,138.0779987768074,0.00064599165,0.011645833,0.0722916
7396.725,6.0918107,-0.0038371254,220976,890.9045748178812,138.07887932143814,6850.6484,5.136849,2832.7322,1.9635041,7396.725,6.0918107,0,,,,,890.9045748178812,0.00051031006,138.07887932143814,0.0006452354,0.012979739,0.07219341
7397.711,6.089596,-0.003836994,220977,890.9033756119311,138.07851964486017,6851.468,5.134981,2826.652,1.9627367,7397.711,6.089596,0,,,,,890.9033756119311,0.0005098764,138.07851964486017,0.0006444171,0.011098511,0.07307176
7393.9473,6.086857,-0.003836863,220978,890.9043822048919,138.07909148908294,6851.3403,5.1326714,2817.7231,1.959329,7393.9473,6.086857,0,,,,,890.9043822048919,0.00050990086,138.07909148908294,0.00064388156,0.012275976,0.07259648
7393.478,6.0835543,-0.0038367317,220979,890.9054853937853,138.077881211867,6851.109,5.1298866,2811.341,1.9572911,7393.478,6.0835543,0,,,,,890.9054853937853,0.000509362,138.077881211867,0.0006436799,0.011466207,0.07224878
7391.915,6.078307,-0.0038366003,220980,890.9048238783579,138.0781076333308,6847.498,5.125462,2801.6128,1.9544588,7391.915,6.078307,0,,,,,890.9048238783579,0.00050924445,138.0781076333308,0.0006436185,0.01264079,0.07087588
7395.91,6.076804,-0.003836469,220981,890.905065622545,138.07898596428933,6850.726,5.1241946,2796.2732,1.9531687,7395.91,6.076804,0,,,,,890.905065622545,0.0005089617,138.07898596428933,0.0006428298,0.012155789,0.07359176
7401.6094,6.0777664,-0.0038363375,220982,890.9032091850154,138.08014828859845,6853.455,5.1250057,2794.9395,1.9527984,7401.6094,6.0777664,0,,,,,890.9032091850154,0.0005088818,138.08014828859845,0.0006432539,0.011099089,0.07267377
7400.4453,6.0752435,-0.0038362062,220983,890.9042136035949,138.07938711826722,6853.126,5.122879,2789.345,1.9519473,7400.4453,6.0752435,0,,,,,890.9042136035949,0.00050853513,138.07938711826722,0.0006429054,0.012473917,0.07249655
7400.565,6.075124,-0.0038360746,220984,890.9044427962094,138.07835088440441,6856.2583,5.122778,2788.435,1.9510025,7400.565,6.075124,0,,,,,890.9044427962094,0.0005083767,138.07835088440441,0.00064210786,0.012573854,0.07096291
7390.1636,6.073418,-0.003835943,220985,890.9052343625374,138.07800492378695,6847.754,5.12134,2783.7947,1.9497057,7390.1636,6.073418,0,,,,,890.9052343625374,0.0005091046,138.07800492378695,0.00064342486,0.012274955,0.07057957
7402.4272,6.0731163,-0.0038358115,220986,890.9030841683809,138.08048476100532,6856.9546,5.1210847,2785.4106,1.9489521,7402.4272,6.0731163,0,,,,,890.9030841683809,0.0005080987,138.08048476100532,0.00064205367,0.010635968,0.07553658
7395.914,6.0706506,-0.00383568,220987,890.9043661783221,138.0779079234317,6850.514,5.1190057,2780.6575,1.9493693,7395.914,6.0706506,0,,,,,890.9043661783221,0.0005086132,138.0779079234317,0.00064225215,0.012418211,0.07158759
7386.558,6.069885,-0.0038355484,220988,890.9045004733359,138.0776918157205,6842.7046,5.11836,2782.3398,1.9488678,7386.558,6.069885,0,,,,,890.9045004733359,0.0005090561,138.0776918157205,0.0006435212,0.012326947,0.06999614
7390.3486,6.0689216,-0.0038354166,220989,890.9040258306305,138.07991993503347,6846.5835,5.1175475,2781.4402,1.9479917,7390.3486,6.0689216,0,,,,,890.9040258306305,0.0005086446,138.07991993503347,0.0006424263,0.011115505,0.07399467
7402.165,6.072699,-0.0038352848,220990,890.9033128189946,138.07947919016394,6856.118,5.120733,2784.094,1.9487642,7402.165,6.072699,0,,,,,890.9033128189946,0.00050826755,138.07947919016394,0.00064249034,0.01105015,0.07309796
7389.456,6.071057,-0.003835153,220991,890.9033760201064,138.07936944413956,6845.196,5.1193485,2784.036,1.9507769,7389.456,6.071057,0,,,,,890.9033760201064,0.000508808,138.07936944413956,0.00064276793,0.0113615645,0.07351825
7392.7935,6.0719504,-0.0038350213,220992,890.9039622023738,138.07652585881527,6848.549,5.120102,2785.197,1.9501572,7392.7935,6.0719504,0,,,,,890.9039622023738,0.00050860166,138.07652585881527,0.00064272777,0.01299675,0.07157909
7375.6123,6.070515,-0.0038348895,220993,890.9034700804214,138.0799588921858,6833.713,5.1188917,2789.2427,1.9511029,7375.6123,6.070515,0,,,,,890.9034700804214,0.0005096087,138.0799588921858,0.00064432836,0.011396414,0.073942125
7354.8203,6.0660663,-0.0038347575,220994,890.9045628118052,138.0790681189425,6817.223,5.11514,2792.1572,1.9523793,7354.8203,6.0660663,0,,,,,890.9045628118052,0.00051046076,138.0790681189425,0.0006452127,0.011605025,0.07245521
7342.3057,6.0649934,-0.0038346257,220995,890.9036804470857,138.0779781289633,6807.335,5.1142354,2795.0278,1.9531736,7342.3057,6.0649934,0,,,,,890.9036804470857,0.00051108573,138.0779781289633,0.0006458286,0.011332379,0.07273382
7345.6885,6.0657163,-0.0038344937,220996,890.9042031514689,138.07802411460315,6809.0396,5.1148453,2795.5476,1.9533346,7345.6885,6.0657163,0,,,,,890.9042031514689,0.0005112686,138.07802411460315,0.00064574945,0.011355162,0.07258458
7345.2964,6.066673,-0.0038343617,220997,890.9034385053474,138.0774564257162,6809.736,5.115651,2798.27,1.9531674,7345.2964,6.066673,0,,,,,890.9034385053474,0.00051136635,138.0774564257162,0.00064582314,0.011739189,0.07228404
7338.573,6.066803,-0.0038342297,220998,890.9041842584695,138.07725941678794,6801.118,5.1157613,2802.731,1.9565073,7338.573,6.066803,0,,,,,890.9041842584695,0.000511797,138.07725941678794,0.0006470369,0.012382918,0.07216639
7335.6436,6.0675697,-0.0038340974,220999,890.904192632744,138.07791969574035,6799.6055,5.1164074,2805.2256,1.9551843,7335.6436,6.0675697,0,,,,,890.904192632744,0.0005119185,138.07791969574035,0.00064716866,0.012010294,0.07184071
7330.457,6.0663743,-0.0038339654,221000,890.9037112197644,138.07957824009787,6796.4595,5.1154,2806.707,1.955809,7330.457,6.0663743,0,,,,,890.9037112197644,0.0005121146,138.07957824009787,0.0006473451,0.010989106,0.072649024
7339.177,6.069862,-0.0038338332,221001,890.9035576504801,138.07814961053617,6805.308,5.118341,2809.309,1.9567163,7339.177,6.069862,0,,,,,890.9035576504801,0.00051188393,138.07814961053617,0.00064676366,0.0121501,0.07248211
7344.957,6.070973,-0.003833701,221002,890.9043049434464,138.07915150767073,6808.048,5.1192775,2812.2322,1.9569657,7344.957,6.070973,0,,,,,890.9043049434464,0.0005116526,138.07915150767073,0.00064712367,0.0110697,0.07213869
7338.7056,6.071332,-0.0038335687,221003,890.9043330465697,138.078680170879,6803.2905,5.1195803,2817.7092,1.9582071,7338.7056,6.071332,0,,,,,890.9043330465697,0.00051207666,138.078680170879,0.00064724626,0.012513211,0.07297884
7352.0166,6.0748158,-0.0038334362,221004,890.9045680399743,138.07746211014359,6812.981,5.1225176,2817.8757,1.9588603,7352.0166,6.0748158,0,,,,,890.9045680399743,0.00051153806,138.07746211014359,0.0006470704,0.012335588,0.07144066
7343.823,6.074084,-0.003833304,221005,890.9039108906711,138.08017341189858,6806.659,5.1219006,2818.465,1.9609149,7343.823,6.074084,0,,,,,890.9039108906711,0.00051156787,138.08017341189858,0.000647173,0.010806216,0.07400143
7335.02,6.0723634,-0.0038331714,221006,890.9044329815029,138.0765320501616,6798.573,5.1204505,2817.146,1.961233,7335.02,6.0723634,0,,,,,890.9044329815029,0.0005126414,138.0765320501616,0.00064802455,0.013157471,0.07116703
7352.248,6.075326,-0.003833039,221007,890.9037753795606,138.07938952997645,6816.03,5.122948,2813.7534,1.9578962,7352.248,6.075326,0,,,,,890.9037753795606,0.00051161327,138.07938952997645,0.0006465009,0.011439596,0.073227026
7342.622,6.0714455,-0.0038329065,221008,890.9030541590575,138.0781736432788,6807.1313,5.119676,2812.3474,1.9573709,7342.622,6.0714455,0,,,,,890.9030541590575,0.0005117011,138.0781736432788,0.00064714334,0.011528727,0.071907766
7342.671,6.072458,-0.003832774,221009,890.903700928248,138.0780288648715,6807.5396,5.1205297,2815.0505,1.9591367,7342.671,6.072458,0,,,,,890.903700928248,0.00051165157,138.0780288648715,0.00064706645,0.012242764,0.07127865
7343.5513,6.0705113,-0.0038326415,221010,890.9042042420684,138.07934677219617,6809.1553,5.1188884,2807.3364,1.9573214,7343.5513,6.0705113,0,,,,,890.9042042420684,0.00051120785,138.07934677219617,0.0006465592,0.011956327,0.07417554
7377.0693,6.0753074,-0.0038325088,221011,890.9037720738695,138.07867002008476,6836.144,5.1229324,2802.7812,1.9545584,7377.0693,6.0753074,0,,,,,890.9037720738695,0.0005099844,138.07867002008476,0.00064466824,0.012612362,0.07263513
7394.938,6.0791006,-0.0038323763,221012,890.9037097162067,138.0781044848275,6851.515,5.126131,2803.347,1.9542863,7394.938,6.0791006,0,,,,,890.9037097162067,0.0005091598,138.0781044848275,0.000643288,0.012138812,0.07187025
7389.72,6.079149,-0.0038322436,221013,890.9034790700431,138.0793770134182,6846.2476,5.1261716,2803.0645,1.9556764,7389.72,6.079149,0,,,,,890.9034790700431,0.0005092692,138.0793770134182,0.0006440089,0.011589212,0.07235433
7388.4434,6.077048,-0.003832111,221014,890.9040558159434,138.0795924442383,6846.948,5.1244,2795.1377,1.9525886,7388.4434,6.077048,0,,,,,890.9040558159434,0.0005094932,138.0795924442383,0.0006432437,0.011372678,0.07216474
7393.96,6.0741186,-0.003831978,221015,890.903607660408,138.0803061339701,6849.187,5.12193,2789.3918,1.9508344,7393.96,6.0741186,0,,,,,890.903607660408,0.0005088035,138.0803061339701,0.00064343784,0.012525089,0.07444978
7391.5493,6.0703926,-0.0038318452,221016,890.9044082688799,138.07805872107653,6849.088,5.1187882,2782.643,1.9480623,7391.5493,6.0703926,0,,,,,890.9044082688799,0.00050844345,138.07805872107653,0.00064286706,0.012881441,0.070246615
7393.5884,6.0684752,-0.0038317123,221017,890.9040896044773,138.07999171314506,6850.233,5.117172,2772.4714,1.9461278,7393.5884,6.0684752,0,,,,,890.9040896044773,0.0005083757,138.07999171314506,0.00064197305,0.01087574,0.075101495
7394.4507,6.0645285,-0.0038315793,221018,890.9050406368301,138.07838839941863,6850.3896,5.1138434,2767.1763,1.9439757,7394.4507,6.0645285,0,,,,,890.9050406368301,0.0005079142,138.07838839941863,0.00064152287,0.012748728,0.07371085
7399.43,6.066382,-0.0038314464,221019,890.9042316446388,138.07721154154376,6855.7896,5.1154065,2757.7217,1.9424282,7399.43,6.066382,0,,,,,890.9042316446388,0.0005077634,138.07721154154376,0.0006413874,0.012593069,0.07046385
7396.7676,6.059083,-0.0038313135,221020,890.903758383953,138.07849569329477,6852.342,5.1092515,2749.052,1.9397323,7396.7676,6.059083,0,,,,,890.903758383953,0.0005072789,138.07849569329477,0.00064083125,0.012339236,0.07302465
7392.722,6.0543847,-0.0038311805,221021,890.9038475236192,138.0794058761872,6849.03,5.10529,2741.7153,1.9373506,7392.722,6.0543847,0,,,,,890.9038475236192,0.00050699693,138.0794058761872,0.00064059097,0.011648721,0.07213537
7392.446,6.0509706,-0.0038310473,221022,890.9044975908546,138.07908199385705,6850.7285,5.102411,2733.376,1.934002,7392.446,6.0509706,0,,,,,890.9044975908546,0.00050688017,138.07908199385705,0.000640026,0.012134506,0.07222789
7399.6855,6.0497065,-0.0038309144,221023,890.904952901218,138.0790538568776,6855.6543,5.101345,2724.738,1.9316599,7399.6855,6.0497065,0,,,,,890.904952901218,0.0005064591,138.0790538568776,0.00063944014,0.013266765,0.07300015
7375.1304,6.043695,-0.0038307812,221024,890.9031703611006,138.07984172701717,6835.792,5.096276,2718.8755,1.9307332,7375.1304,6.043695,0,,,,,890.9031703611006,0.00050714146,138.07984172701717,0.0006405622,0.010829688,0.073510535
7395.0938,6.0416775,-0.003830648,221025,890.9053449120713,138.07778264036682,6851.704,5.094575,2708.1948,1.9266505,7395.0938,6.0416775,0,,,,,890.9053449120713,0.00050592044,138.07778264036682,0.000638669,0.012260064,0.07247365
7385.0923,6.036675,-0.0038305148,221026,890.9046487935049,138.07822765732325,6843.8716,5.0903563,2699.621,1.9244963,7385.0923,6.036675,0,,,,,890.9046487935049,0.0005065106,138.07822765732325,0.0006386038,0.012548013,0.07196677
7391.737,6.037116,-0.0038303814,221027,890.9037916247343,138.07912462702885,6848.854,5.0907283,2696.2957,1.9233962,7391.737,6.037116,0,,,,,890.9037916247343,0.0005059207,138.07912462702885,0.00063864747,0.012521744,0.0726937
7385.8174,6.0383296,-0.0038302483,221028,890.9060669397584,138.0776754434948,6843.9565,5.0917516,2692.2554,1.9232886,7385.8174,6.0383296,0,,,,,890.9060669397584,0.00050663174,138.0776754434948,0.0006394115,0.013505596,0.07140025
7396.337,6.032727,-0.0038301148,221029,890.9052336041842,138.08070646815543,6852.3726,5.087027,2681.8508,1.9198214,7396.337,6.032727,0,,,,,890.9052336041842,0.0005054865,138.08070646815543,0.00063764665,0.01137331,0.07424688
7397.698,6.0333557,-0.0038299814,221030,890.9053590233797,138.07699108802953,6854.3604,5.0875573,2684.2083,1.9198098,7397.698,6.0333557,0,,,,,890.9053590233797,0.00050520594,138.07699108802953,0.00063704286,0.011841476,0.07103632
7404.945,6.0302706,-0.003829848,221031,890.9034825432735,138.079760577871,6859.0356,5.0849557,2676.4036,1.9163249,7404.945,6.0302706,0,,,,,890.9034825432735,0.00050491106,138.079760577871,0.0006366316,0.0108089885,0.07343115
7392.4155,6.02696,-0.0038297146,221032,890.9046666408746,138.07862406014652,6846.945,5.082164,2672.5967,1.9160672,7392.4155,6.02696,0,,,,,890.9046666408746,0.00050550856,138.07862406014652,0.0006374936,0.0121722855,0.072768524
7393.252,6.02939,-0.003829581,221033,890.904997632101,138.07860165517332,6851.033,5.0842133,2675.4302,1.9171501,7393.252,6.02939,0,,,,,890.904997632101,0.0005052539,138.07860165517332,0.00063733937,0.012406663,0.071545765
7397.9863,6.0276337,-0.0038294476,221034,890.9038450705609,138.0793050041515,6853.357,5.082732,2671.9438,1.9160528,7397.9863,6.0276337,0,,,,,890.9038450705609,0.0005047416,138.0793050041515,0.0006371007,0.011766882,0.07295927
7395.3677,6.0296226,-0.003829314,221035,890.9049039304608,138.0786036235897,6849.963,5.084409,2679.6372,1.9188868,7395.3677,6.0296226,0,,,,,890.9049039304608,0.00050525856,138.0786036235897,0.0006371998,0.012204712,0.072974816
7385.893,6.0301228,-0.0038291803,221036,890.9044311030523,138.07911933925942,6844.523,5.084831,2682.2666,1.9187841,7385.893,6.0301228,0,,,,,890.9044311030523,0.0005057015,138.07911933925942,0.0006376095,0.010641414,0.07424935
7390.6816,6.0309854,-0.0038290466,221037,890.9055829906483,138.07840692285276,6847.1313,5.0855584,2682.2603,1.9205648,7390.6816,6.0309854,0,,,,,890.9055829906483,0.0005057491,138.07840692285276,0.0006376954,0.012689699,0.07142258
7389.5947,6.0335956,-0.0038289127,221038,890.9039373830889,138.07830214478514,6848.0054,5.0877595,2687.8315,1.9222293,7389.5947,6.0335956,0,,,,,890.9039373830889,0.0005057122,138.07830214478514,0.00063828507,0.01246258,0.072116815
7394.645,6.0379624,-0.003828779,221039,890.9055114599352,138.0779431245946,6853.1743,5.0914416,2696.5273,1.9232945,7394.645,6.0379624,0,,,,,890.9055114599352,0.00050546427,138.0779431245946,0.0006381629,0.012643621,0.07206312
7391.5874,6.0405087,-0.0038286452,221040,890.9051933023371,138.0783108388561,6848.2563,5.093589,2706.3257,1.9267838,7391.5874,6.0405087,0,,,,,890.9051933023371,0.0005061901,138.0783108388561,0.00063926313,0.01271286,0.07254011
7400.1694,6.0433617,-0.0038285113,221041,890.9038854776448,138.08002109792596,6856.693,5.095995,2708.0898,1.9272453,7400.1694,6.0433617,0,,,,,890.9038854776448,0.0005059268,138.08002109792596,0.0006384528,0.011772901,0.07295764
7395.9487,6.049206,-0.0038283775,221042,890.9048672688007,138.07869269766738,6852.8164,5.1009226,2725.7883,1.9324057,7395.9487,6.049206,0,,,,,890.9048672688007,0.00050664716,138.07869269766738,0.0006392562,0.012168311,0.07143084
7390.344,6.052851,-0.0038282436,221043,890.9040938755996,138.0799427920527,6848.4824,5.1039968,2734.7168,1.9354388,7390.344,6.052851,0,,,,,890.9040938755996,0.0005070475,138.0799427920527,0.0006405065,0.011227185,0.07335378
7391.106,6.057173,-0.0038281095,221044,890.9046393476663,138.07976353727105,6848.9873,5.1076407,2748.7495,1.939759,7391.106,6.057173,0,,,,,890.9046393476663,0.0005075321,138.07976353727105,0.0006407672,0.0123174805,0.072406806
7390.746,6.0611935,-0.0038279756,221045,890.9053300596233,138.0788622162365,6846.2974,5.111031,2759.1062,1.9417441,7390.746,6.0611935,0,,,,,890.9053300596233,0.0005082151,138.0788622162365,0.00064202334,0.012730816,0.07302151
7393.6665,6.0665684,-0.0038278415,221046,890.9048091888795,138.0779155575492,6852.436,5.1155634,2769.4417,1.9451307,7393.6665,6.0665684,0,,,,,890.9048091888795,0.00050801795,138.0779155575492,0.0006419554,0.012479628,0.07014018
7394.939,6.0708194,-0.0038277074,221047,890.9044917183077,138.07871406552775,6849.871,5.1191483,2780.6526,1.9481184,7394.939,6.0708194,0,,,,,890.9044917183077,0.00050856196,138.07871406552775,0.0006426457,0.012754288,0.073768795
7380.7886,6.0754323,-0.0038275733,221048,890.9043323747476,138.07794742675253,6839.5146,5.123038,2795.569,1.9534256,7380.7886,6.0754323,0,,,,,890.9043323747476,0.0005099842,138.07794742675253,0.00064410316,0.011863282,0.071693145
7391.3296,6.082698,-0.0038274392,221049,890.9050559533931,138.07917103318837,6848.0483,5.129164,2810.2173,1.9567771,7391.3296,6.082698,0,,,,,890.9050559533931,0.0005098141,138.07917103318837,0.0006444085,0.012956691,0.07179476
7392.8506,6.0865035,-0.0038273048,221050,890.904021908797,138.08133246745177,6850.062,5.1323733,2821.74,1.9617416,7392.8506,6.0865035,0,,,,,890.904021908797,0.0005097076,138.08133246745177,0.00064424006,0.011246434,0.073620595
7396.279,6.0925684,-0.0038271707,221051,890.9050086366796,138.07786921854355,6851.2314,5.137488,2838.3418,1.9646517,7396.279,6.0925684,0,,,,,890.9050086366796,0.00051001494,138.07786921854355,0.0006453539,0.01209709,0.071016565
7387.9717,6.0992413,-0.0038270364,221052,890.9038853247947,138.07899268686035,6846.591,5.1431146,2853.6733,1.96901,7387.9717,6.0992413,0,,,,,890.9038853247947,0.0005112211,138.07899268686035,0.00064611016,0.012268917,0.073580086
7385.7617,6.101133,-0.003826902,221053,890.9032167055778,138.07827669937248,6844.5522,5.144709,2865.6,1.9720427,7385.7617,6.101133,0,,,,,890.9032167055778,0.00051116926,138.07827669937248,0.0006469157,0.012427292,0.071978614
7402.148,6.110408,-0.0038267677,221054,890.904097628342,138.07983911127045,6859.3804,5.15253,2876.4563,1.975308,7402.148,6.110408,0,,,,,890.904097628342,0.0005111062,138.07983911127045,0.0006468768,0.0120766405,0.07165481
7390.7617,6.1151667,-0.0038266333,221055,890.9054041833814,138.07867198544287,6848.2144,5.1565433,2899.0454,1.9818131,7390.7617,6.1151667,0,,,,,890.9054041833814,0.0005123613,138.07867198544287,0.00064828567,0.012624004,0.07134025
7391.7896,6.120068,-0.0038264988,221056,890.9064315288207,138.07690373730324,6847.8286,5.1606765,2908.581,1.9859236,7391.7896,6.120068,0,,,,,890.9064315288207,0.00051287026,138.07690373730324,0.0006483944,0.013580525,0.07046827
7394.2783,6.1278973,-0.0038263642,221057,890.9036563354716,138.08019428397003,6852.3354,5.1672783,2925.8445,1.990095,7394.2783,6.1278973,0,,,,,890.9036563354716,0.0005128666,138.08019428397003,0.00064899714,0.010273628,0.07515803
7391.152,6.132135,-0.0038262296,221058,890.9040679227695,138.0782147804745,6850.054,5.1708517,2938.8157,1.9942818,7391.152,6.132135,0,,,,,890.9040679227695,0.00051343977,138.0782147804745,0.00064996973,0.012241922,0.07209041
7386.7026,6.137559,-0.003826095,221059,890.9042294866133,138.07998952119317,6846.862,5.1754255,2953.1526,1.9973264,7386.7026,6.137559,0,,,,,890.9042294866133,0.00051412464,138.07998952119317,0.0006510439,0.011442081,0.0739437
7396.693,6.141835,-0.0038259604,221060,890.9036932836633,138.07943433806494,6854.298,5.1790314,2963.1543,2.0002356,7396.693,6.141835,0,,,,,890.9036932836633,0.00051367696,138.07943433806494,0.00065081293,0.011020617,0.07266086
7388.2017,6.146231,-0.0038258259,221061,890.9045576920598,138.07790133698654,6846.5483,5.1827383,2976.8374,2.0052824,7388.2017,6.146231,0,,,,,890.9045576920598,0.0005147391,138.07790133698654,0.00065213063,0.013313415,0.07234311
7399.336,6.1529393,-0.003825691,221062,890.9050804923578,138.07827055044936,6853.946,5.1883945,2990.0837,2.0083852,7399.336,6.1529393,0,,,,,890.9050804923578,0.00051488524,138.07827055044936,0.000652486,0.013999473,0.07032265
7389.833,6.156028,-0.0038255565,221063,890.9037904191431,138.07994581960833,6848.161,5.1909995,2999.5054,2.012107,7389.833,6.156028,0,,,,,890.9037904191431,0.0005154088,138.07994581960833,0.0006529782,0.011348761,0.07368291
7387.7646,6.1596975,-0.0038254217,221064,890.9028763952772,138.08045124555528,6846.5156,5.1940937,3012.816,2.0146232,7387.7646,6.1596975,0,,,,,890.9028763952772,0.00051591074,138.08045124555528,0.0006538902,0.011089875,0.071657546
7393.3423,6.163453,-0.0038252869,221065,890.9054211728229,138.07898255319176,6850.8555,5.1972604,3017.791,2.0160956,7393.3423,6.163453,0,,,,,890.9054211728229,0.00051599153,138.07898255319176,0.00065353775,0.012131435,0.07250974
7388.2583,6.168211,-0.0038251518,221066,890.9033779843701,138.08073354084422,6848.0083,5.201272,3029.6204,2.0195386,7388.2583,6.168211,0,,,,,890.9033779843701,0.00051629014,138.08073354084422,0.0006548386,0.011296104,0.073342174
7392.4136,6.1712,-0.003825017,221067,890.9042423808912,138.0790785352427,6851.141,5.2037926,3035.3337,2.0207865,7392.4136,6.1712,0,,,,,890.9042423808912,0.00051631924,138.0790785352427,0.0006547643,0.013280434,0.072193
7401.914,6.1758933,-0.003824882,221068,890.9050774310713,138.07861772601447,6859.694,5.2077503,3039.1782,2.0227127,7401.914,6.1758933,0,,,,,890.9050774310713,0.0005161783,138.07861772601447,0.0006545338,0.01273498,0.071290135
7399.0415,6.1766443,-0.0038247472,221069,890.9033040959295,138.07931640056398,6856.0054,5.2083836,3048.4817,2.0242395,7399.0415,6.1766443,0,,,,,890.9033040959295,0.0005165875,138.07931640056398,0.0006547454,0.01123577,0.07368954
7381.808,6.1741433,-0.0038246121,221070,890.9027869082317,138.07939557641262,6842.6973,5.2062745,3051.5254,2.0249715,7381.808,6.1741433,0,,,,,890.9027869082317,0.00051718793,138.07939557641262,0.00065587054,0.01124968,0.07261158
7389.622,6.176756,-0.003824477,221071,890.9038002799571,138.07853000636172,6848.1006,5.2084775,3054.4424,2.025841,7389.622,6.176756,0,,,,,890.9038002799571,0.0005171252,138.07853000636172,0.00065550307,0.012606515,0.071351014
7395.492,6.1798444,-0.0038243418,221072,890.9034957932896,138.07857877191387,6854.7695,5.2110825,3057.4238,2.0270677,7395.492,6.1798444,0,,,,,890.9034957932896,0.000516607,138.07857877191387,0.00065531797,0.01175335,0.07193561
7384.8184,6.177015,-0.0038242068,221073,890.9035715964782,138.0784613365884,6844.5503,5.208696,3057.0854,2.0269182,7384.8184,6.177015,0,,,,,890.9035715964782,0.00051737844,138.0784613365884,0.000655936,0.011505557,0.072777495
7384.428,6.1797404,-0.0038240715,221074,890.9035959459878,138.07919740424546,6844.8604,5.2109942,3065.329,2.0287542,7384.428,6.1797404,0,,,,,890.9035959459878,0.0005175101,138.07919740424546,0.0006561092,0.012153502,0.07338531
7394.1274,6.1800623,-0.0038239362,221075,890.9040691987284,138.0789743615256,6852.733,5.211266,3059.6326,2.02751,7394.1274,6.1800623,0,,,,,890.9040691987284,0.0005171685,138.0789743615256,0.00065546785,0.01167686,0.072757155
7387.764,6.1800714,-0.003823801,221076,890.9039394625422,138.08009836111736,6847.155,5.2112737,3060.1963,2.0287118,7387.764,6.1800714,0,,,,,890.9039394625422,0.0005172504,138.08009836111736,0.0006561637,0.0116829835,0.07394776
7383.87,6.180131,-0.0038236657,221077,890.9037798024854,138.078898489195,6843.594,5.2113237,3065.2637,2.0290644,7383.87,6.180131,0,,,,,890.9037798024854,0.0005177379,138.078898489195,0.0006562672,0.012240773,0.0727466
7393.281,6.1801457,-0.0038235304,221078,890.9046522216586,138.07736399989122,6849.729,5.211336,3063.439,2.0282185,7393.281,6.1801457,0,,,,,890.9046522216586,0.00051732094,138.07736399989122,0.0006560866,0.013042536,0.0705563
7393.566,6.1815042,-0.003823395,221079,890.9039531912391,138.0793414331597,6849.9937,5.212482,3065.191,2.028878,7393.566,6.1815042,0,,,,,890.9039531912391,0.00051734573,138.0793414331597,0.0006559576,0.012732447,0.073274806
7397.8237,6.1829543,-0.0038232596,221080,890.9043538470816,138.0778533021788,6855.1245,5.2137046,3066.2388,2.0290105,7397.8237,6.1829543,0,,,,,890.9043538470816,0.0005171204,138.0778533021788,0.0006555853,0.01310387,0.07055054
7388.7505,6.180984,-0.003823124,221081,890.902581851553,138.07962577210733,6846.9756,5.2120433,3066.3228,2.0293999,7388.7505,6.180984,0,,,,,890.902581851553,0.0005173109,138.07962577210733,0.0006561493,0.010121076,0.07267764
7393.7617,6.183088,-0.0038229886,221082,890.9052992385995,138.0780253788704,6852.5283,5.213817,3064.4438,2.0318604,7393.7617,6.183088,0,,,,,890.9052992385995,0.00051721616,138.0780253788704,0.00065583625,0.013299755,0.07066464
7388.9663,6.1821876,-0.003822853,221083,890.9053622047004,138.07917428586285,6847.185,5.2130585,3068.7717,2.0308733,7388.9663,6.1821876,0,,,,,890.9053622047004,0.00051765726,138.07917428586285,0.00065630395,0.012567983,0.07256915
7390.565,6.1824565,-0.0038227173,221084,890.9031905208285,138.08034396676015,6849.619,5.213285,3068.5198,2.0300436,7390.565,6.1824565,0,,,,,890.9031905208285,0.0005173563,138.08034396676015,0.0006561518,0.011302578,0.07521011
7400.193,6.1862392,-0.0038225818,221085,890.9033042939842,138.07882819183862,6858.186,5.2164745,3071.1636,2.0323312,7400.193,6.1862392,0,,,,,890.9033042939842,0.0005171421,138.07882819183862,0.0006557104,0.012317012,0.071251914
7398.7188,6.184654,-0.003822446,221086,890.90420924978,138.0779529907858,6856.5283,5.215138,3069.7327,2.031436,7398.7188,6.184654,0,,,,,890.90420924978,0.0005172367,138.0779529907858,0.0006553549,0.011401939,0.07257814
7394.5195,6.1847496,-0.0038223104,221087,890.9052248348543,138.07903811569832,6851.377,5.215218,3072.1702,2.0312042,7394.5195,6.1847496,0,,,,,890.9052248348543,0.0005177824,138.07903811569832,0.0006562905,0.013362107,0.07119006
7398.228,6.1859236,-0.0038221746,221088,890.9038294298188,138.08092732384284,6854.2983,5.2162085,3071.4192,2.0329423,7398.228,6.1859236,0,,,,,890.9038294298188,0.0005174591,138.08092732384284,0.0006562884,0.011318869,0.07365991
7386.696,6.1857886,-0.0038220389,221089,890.9040123338045,138.0790176829273,6846.215,5.216095,3074.9197,2.0318925,7386.696,6.1857886,0,,,,,890.9040123338045,0.00051822315,138.0790176829273,0.0006567435,0.011804243,0.07183723
7400.026,6.188843,-0.0038219031,221090,890.9022317529241,138.07894431924154,6858.281,5.21867,3080.5256,2.033125,7400.026,6.188843,0,,,,,890.9022317529241,0.0005171974,138.07894431924154,0.0006559248,0.011394742,0.07322268
7391.069,6.1870513,-0.0038217672,221091,890.9038216433812,138.07877371946822,6846.9897,5.2171593,3083.4448,2.0338783,7391.069,6.1870513,0,,,,,890.9038216433812,0.000518073,138.07877371946822,0.0006569519,0.0122403065,0.07184243
7392.3013,6.1875277,-0.0038216312,221092,890.905132444496,138.07825126061013,6850.2847,5.2175612,3081.302,2.0332544,7392.3013,6.1875277,0,,,,,890.905132444496,0.0005178284,138.07825126061013,0.0006568643,0.013050315,0.07145139
7386.1025,6.1877284,-0.0038214952,221093,890.9041235067721,138.07935510334195,6846.2627,5.21773,3084.8555,2.035588,7386.1025,6.1877284,0,,,,,890.9041235067721,0.0005177971,138.07935510334195,0.00065674476,0.011769457,0.07292568
7395.029,6.1892157,-0.0038213592,221094,890.9045183775861,138.07888364967047,6852.207,5.218984,3082.894,2.0349684,7395.029,6.1892157,0,,,,,890.9045183775861,0.0005178353,138.07888364967047,0.0006565531,0.011947016,0.072527885
7389.9834,6.1886044,-0.0038212233,221095,890.9044054878964,138.07875298825343,6848.9175,5.2184687,3084.4314,2.03531,7389.9834,6.1886044,0,,,,,890.9044054878964,0.0005182024,138.07875298825343,0.0006568535,0.012229833,0.07149781
7401.177,6.1883545,-0.0038210873,221096,890.902769244565,138.081105237877,6854.0703,5.2182584,3082.1616,2.033335,7401.177,6.1883545,0,,,,,890.902769244565,0.00051757024,138.081105237877,0.00065649237,0.011841182,0.074188046
7388.7993,6.188242,-0.003820951,221097,890.9027460913046,138.07928866354834,6848.171,5.218163,3085.741,2.0348978,7388.7993,6.188242,0,,,,,890.9027460913046,0.00051774486,138.07928866354834,0.0006568805,0.011633631,0.07326952
7385.1167,6.185358,-0.003820815,221098,890.9042338328165,138.07741555558894,6842.8506,5.2157316,3080.3323,2.0333035,7385.1167,6.185358,0,,,,,890.9042338328165,0.0005182398,138.07741555558894,0.00065723195,0.013460933,0.069456235
7405.4106,6.1874723,-0.0038206787,221099,890.9037429260818,138.07970809154256,6861.067,5.2175145,3075.047,2.0316322,7405.4106,6.1874723,0,,,,,890.9037429260818,0.00051711005,138.07970809154256,0.0006554771,0.011664082,0.07310279
7386.1064,6.1848183,-0.0038205425,221100,890.9042136685399,138.07711291692752,6844.3877,5.2152762,3074.3284,2.0334423,7386.1064,6.1848183,0,,,,,890.9042136685399,0.00051812606,138.07711291692752,0.00065709057,0.012418665,0.069751404
7395.143,6.185429,-0.0038204063,221101,890.903310556395,138.07938176431526,6852.686,5.2157917,3072.3813,2.0311184,7395.143,6.185429,0,,,,,890.903310556395,0.0005174498,138.07938176431526,0.0006562225,0.010837961,0.07415525
7399.2896,6.181327,-0.00382027,221102,890.9035634289082,138.08031180414963,6854.1606,5.212332,3063.769,2.0285175,7399.2896,6.181327,0,,,,,890.9035634289082,0.0005170134,138.08031180414963,0.0006555784,0.011419551,0.07313125
7395.0967,6.182803,-0.0038201336,221103,890.9049622943531,138.07857805638844,6850.456,5.2135773,3060.2139,2.0295563,7395.0967,6.182803,0,,,,,890.9049622943531,0.0005172985,138.07857805638844,0.0006563421,0.013805169,0.071091175
7381.415,6.176548,-0.0038199972,221104,890.9038180462461,138.07767808937032,6839.1006,5.2083025,3056.1377,2.026914,7381.415,6.176548,0,,,,,890.9038180462461,0.00051757233,138.07767808937032,0.00065683573,0.01173188,0.07091933
7399.2783,6.1732326,-0.0038198608,221105,890.9042811095235,138.0805936639801,6855.4443,5.205507,3041.7422,2.02235,7399.2783,6.1732326,0,,,,,890.9042811095235,0.00051636784,138.0805936639801,0.00065424276,0.011236779,0.07348771
7389.424,6.1705313,-0.0038197243,221106,890.9049842139619,138.07667328382706,6845.698,5.203229,3038.1594,2.0219414,7389.424,6.1705313,0,,,,,890.9049842139619,0.0005171142,138.07667328382706,0.00065526576,0.013136756,0.06958748
7398.067,6.1507316,-0.0038190414,221111,890.9046631694457,138.07912219750654,6857.682,5.1865335,2982.8286,2.006735,7398.067,6.1507316,0,,,,,890.9046631694457,0.0005142292,138.07912219750654,0.0006509868,0.012575722,0.07251557
7392.42,6.1457686,-0.0038189047,221112,890.9050515807949,138.07865189948095,6854.191,5.1823483,2971.7935,2.0034072,7392.42,6.1457686,0,,,,,890.9050515807949,0.000513945,138.07865189948095,0.00065098866,0.013260804,0.07219926
7405.554,6.1453633,-0.0038187678,221113,890.9039500366056,138.07993330211173,6864.717,5.1820064,2964.4475,2.000998,7405.554,6.1453633,0,,,,,890.9039500366056,0.0005133145,138.07993330211173,0.00064988685,0.011146436,0.07299859
7385.0815,6.1389422,-0.0038186312,221114,890.9047598610447,138.07922785468068,6847.042,5.176592,2955.471,1.9986707,7385.0815,6.1389422,0,,,,,890.9047598610447,0.00051410345,138.07922785468068,0.00065094605,0.011858034,0.07255724
7400.7754,6.1370497,-0.0038184943,221115,890.9046116600846,138.07848070263242,6860.3784,5.174996,2946.1375,1.9955007,7400.7754,6.1370497,0,,,,,890.9046116600846,0.0005130854,138.07848070263242,0.0006491173,0.012608004,0.07218932
7380.856,6.130027,-0.0038183576,221116,890.904815432255,138.07934191411093,6843.9907,5.169074,2939.5469,1.9935868,7380.856,6.130027,0,,,,,890.904815432255,0.00051372044,138.07934191411093,0.0006501163,0.012582587,0.0721992
7399.5093,6.12979,-0.0038182207,221117,890.9046429047181,138.0788928137114,6858.8174,5.1688743,2928.5269,1.9914587,7399.5093,6.12979,0,,,,,890.9046429047181,0.00051252975,138.0788928137114,0.00064862,0.0124953855,0.072316095
7395.565,6.129679,-0.0038180836,221118,890.9043832170921,138.079159029124,6855.776,5.168781,2923.9246,1.9890317,7395.565,6.129679,0,,,,,890.9043832170921,0.0005128872,138.079159029124,0.0006487424,0.011894369,0.07268144
7398.111,6.123832,-0.0038179467,221119,890.9047876171857,138.07907425246964,6857.553,5.163851,2915.1775,1.9866364,7398.111,6.123832,0,,,,,890.9047876171857,0.000512227,138.07907425246964,0.00064808055,0.011599004,0.072615564
7394.113,6.1231127,-0.0038178097,221120,890.904611403783,138.07733461265383,6853.971,5.163244,2914.0483,1.9861368,7394.113,6.1231127,0,,,,,890.904611403783,0.0005124329,138.07733461265383,0.000648183,0.012939171,0.07255264
7394.507,6.1197057,-0.0038176726,221121,890.9038750971577,138.07812337113822,6854.1865,5.160371,2906.0828,1.9836348,7394.507,6.1197057,0,,,,,890.9038750971577,0.000512043,138.07812337113822,0.00064768316,0.011665708,0.07229228
7396.922,6.1176777,-0.0038175355,221122,890.9046472563906,138.07833408147542,6856.863,5.1586604,2899.8481,1.9815317,7396.922,6.1176777,0,,,,,890.9046472563906,0.0005116288,138.07833408147542,0.00064733793,0.0125652915,0.07298687
7395.5356,6.1146903,-0.0038173983,221123,890.9047275230802,138.0785465375029,6855.0835,5.156142,2892.9858,1.9798638,7395.5356,6.1146903,0,,,,,890.9047275230802,0.00051161257,138.0785465375029,0.0006470679,0.012374544,0.07288006
7396.1567,6.1152554,-0.0038172612,221124,890.9038713959234,138.07860025100896,6856.153,5.1566176,2893.2153,1.9801611,7396.1567,6.1152554,0,,,,,890.9038713959234,0.00051162665,138.07860025100896,0.00064697035,0.012153743,0.07252197
7387.4937,6.114892,-0.0038171238,221125,890.9039010993862,138.0789175824601,6849.0674,5.1563115,2892.442,1.9800277,7387.4937,6.114892,0,,,,,890.9039010993862,0.0005121253,138.0789175824601,0.0006477102,0.011512946,0.07239086
7400.396,6.1145787,-0.0038169867,221126,890.9048189502163,138.07855493666992,6859.097,5.1560473,2890.6902,1.9789628,7400.396,6.1145787,0,,,,,890.9048189502163,0.00051163405,138.07855493666992,0.0006469487,0.012400384,0.07288613
7396.829,6.1134696,-0.0038168493,221127,890.9045895243188,138.0787293673221,6855.8257,5.1551127,2889.2234,1.9792593,7396.829,6.1134696,0,,,,,890.9045895243188,0.0005115353,138.0787293673221,0.000646703,0.012270804,0.07240559
7399.7466,6.1150036,-0.003816712,221128,890.9045498177325,138.07837681627882,6858.7695,5.1564054,2888.9067,1.9801099,7399.7466,6.1150036,0,,,,,890.9045498177325,0.0005113729,138.07837681627882,0.0006465031,0.01300189,0.07240553
7395.974,6.119685,-0.0038165746,221129,890.9041457584063,138.0783908864421,6856.191,5.160354,2890.7097,1.9806129,7395.974,6.119685,0,,,,,890.9041457584063,0.0005118889,138.0783908864421,0.00064774894,0.01148505,0.07248016
7392.473,6.1127057,-0.0038164372,221130,890.9044022218582,138.0780446303146,6853.4224,5.154468,2887.4907,1.9777597,7392.473,6.1127057,0,,,,,890.9044022218582,0.0005115134,138.0780446303146,0.0006469753,0.012203818,0.07197736
7387.801,6.110898,-0.0038162998,221131,890.9044002098655,138.07985652233083,6848.1694,5.152944,2887.6804,1.978251,7387.801,6.110898,0,,,,,890.9044002098655,0.00051169406,138.07985652233083,0.00064724096,0.011547911,0.07308396
7390.937,6.1108,-0.0038161622,221132,890.9033328192843,138.07811426536233,6851.415,5.152861,2884.4666,1.9776094,7390.937,6.1108,0,,,,,890.9033328192843,0.0005116029,138.07811426536233,0.0006467572,0.011975198,0.072711565
7390.3394,6.111957,-0.0038160249,221133,890.9049658072599,138.08011372498754,6851.7275,5.153837,2888.2847,1.9785718,7390.3394,6.111957,0,,,,,890.9049658072599,0.00051173917,138.08011372498754,0.00064714457,0.012652437,0.07257891
7393.566,6.114464,-0.0038158873,221134,890.9041965180053,138.0785519674508,6853.303,5.155951,2892.8042,1.9800895,7393.566,6.114464,0,,,,,890.9041965180053,0.00051173486,138.0785519674508,0.0006470413,0.012068643,0.07277342
7392.11,6.1141376,-0.0038157497,221135,890.9044409176425,138.07802593261428,6852.113,5.1556754,2892.9268,1.9798139,7392.11,6.1141376,0,,,,,890.9044409176425,0.00051182753,138.07802593261428,0.00064724765,0.012621485,0.07171738
7398.587,6.1169415,-0.003815612,221136,890.9049863911148,138.07685913179108,6858.16,5.15804,2895.5469,1.980864,7398.587,6.1169415,0,,,,,890.9049863911148,0.0005114957,138.07685913179108,0.0006465481,0.011598888,0.07258456
7401.1226,6.119867,-0.0038154742,221137,890.9042054495453,138.07835036323658,6859.707,5.1605067,2896.454,1.9826,7401.1226,6.119867,0,,,,,890.9042054495453,0.00051187235,138.07835036323658,0.00064719317,0.011512962,0.072851114
7397.1865,6.119979,-0.0038153366,221138,890.9051449661675,138.07841431952528,6856.513,5.160601,2904.654,1.9838254,7397.1865,6.119979,0,,,,,890.9051449661675,0.00051183684,138.07841431952528,0.00064753665,0.012339153,0.07245463
7397.468,6.122821,-0.0038151988,221139,890.90438524503,138.07852390387774,6856.9565,5.1629977,2908.293,1.984797,7397.468,6.122821,0,,,,,890.90438524503,0.00051237684,138.07852390387774,0.00064805464,0.012237655,0.07262558
7387.648,6.1217227,-0.003815061,221140,890.9044763644704,138.07825743500652,6847.992,5.162072,2914.92,1.9866031,7387.648,6.1217227,0,,,,,890.9044763644704,0.0005127054,138.07825743500652,0.00064858043,0.012433037,0.07202573
7382.515,6.1225953,-0.003814923,221141,890.9049462861817,138.0783616077884,6844.113,5.1628075,2917.8767,1.9884374,7382.515,6.1225953,0,,,,,890.9049462861817,0.0005130733,138.0783616077884,0.0006490353,0.011966925,0.072547525
7395.2764,6.1288857,-0.0038147853,221142,890.904648442004,138.0788133262722,6855.0664,5.168112,2926.5286,1.9912275,7395.2764,6.1288857,0,,,,,890.904648442004,0.00051255967,138.0788133262722,0.0006485242,0.011201651,0.07256752
7382.5967,6.127035,-0.0038146474,221143,890.9037833546187,138.07953983086279,6843.8843,5.1665516,2930.8687,1.9906704,7382.5967,6.127035,0,,,,,890.9037833546187,0.0005134056,138.07953983086279,0.00064933684,0.011930138,0.07297344
7400.79,6.132063,-0.0038145094,221144,890.9048035010883,138.078180801137,6859.8916,5.170791,2934.4006,1.9916306,7400.79,6.132063,0,,,,,890.9048035010883,0.00051271706,138.078180801137,0.0006487282,0.0124694,0.07306076
7402.2944,6.133921,-0.0038143713,221145,890.9047590489738,138.0784340936349,6859.816,5.172358,2936.1372,1.9945918,7402.2944,6.133921,0,,,,,890.9047590489738,0.0005128429,138.0784340936349,0.0006489839,0.011676415,0.072520755
7401.1084,6.133836,-0.0038142332,221146,890.9047125573394,138.078832146918,6859.5586,5.172286,2939.8428,1.9932206,7401.1084,6.133836,0,,,,,890.9047125573394,0.0005126568,138.078832146918,0.000648904,0.011949361,0.071909614
7396.3223,6.1357875,-0.0038140952,221147,890.9046386426415,138.07758087502265,6854.655,5.1739316,2944.5178,1.9966251,7396.3223,6.1357875,0,,,,,890.9046386426415,0.00051305373,138.07758087502265,0.0006494105,0.0117454585,0.07212045
7396.822,6.135541,-0.003813957,221148,890.903922463933,138.0788378295886,6856.0776,5.173724,2945.6855,1.9949721,7396.822,6.135541,0,,,,,890.903922463933,0.00051293743,138.0788378295886,0.0006493961,0.012573401,0.0730307
7400.204,6.135409,-0.003813819,221149,890.9041773208239,138.0789595452986,6858.7754,5.1736126,2943.0684,1.9941791,7400.204,6.135409,0,,,,,890.9041773208239,0.00051289616,138.0789595452986,0.00064915174,0.011316465,0.072097234
7407.832,6.1408587,-0.0038136807,221150,890.9032324223682,138.0785763182046,6865.0703,5.178208,2951.6677,1.9970542,7407.832,6.1408587,0,,,,,890.9032324223682,0.0005129321,138.0785763182046,0.0006493161,0.011761028,0.07259305
7397.8843,6.139141,-0.0038135427,221151,890.9043045600705,138.07950307320704,6856.962,5.1767592,2952.8435,1.997778,7397.8843,6.139141,0,,,,,890.9043045600705,0.0005133188,138.07950307320704,0.00064972555,0.01225149,0.0725662
7406.1797,6.1398044,-0.0038134044,221152,890.9048879398008,138.07869341963118,6863.3066,5.177319,2950.689,1.9967341,7406.1797,6.1398044,0,,,,,890.9048879398008,0.00051323796,138.07869341963118,0.0006492115,0.012164054,0.07234865
7382.6206,6.1377225,-0.003813266,221153,890.9040000974512,138.07946123848143,6843.6274,5.1755633,2960.0232,1.9993827,7382.6206,6.1377225,0,,,,,890.9040000974512,0.0005143679,138.07946123848143,0.00065111654,0.011529866,0.07223511
7401.361,6.140305,-0.0038131278,221154,890.9041319796814,138.07812187924682,6859.0015,5.177741,2955.9817,1.9981884,7401.361,6.140305,0,,,,,890.9041319796814,0.0005135575,138.07812187924682,0.0006495393,0.012033943,0.072733074
7387.428,6.1379766,-0.0038129892,221155,890.9047637895134,138.0777651869825,6847.7373,5.1757774,2955.258,1.9992696,7387.428,6.1379766,0,,,,,890.9047637895134,0.0005137077,138.0777651869825,0.0006504432,0.01222539,0.07221319
7391.6855,6.137686,-0.003812851,221156,890.9047672053237,138.0784517998588,6851.38,5.175532,2952.134,1.9989777,7391.6855,6.137686,0,,,,,890.9047672053237,0.0005134794,138.0784517998588,0.000650118,0.011856704,0.07239031
7399.2983,6.1366634,-0.0038127124,221157,890.9051492762935,138.07841727703337,6858.505,5.1746707,2946.565,1.9954815,7399.2983,6.1366634,0,,,,,890.9051492762935,0.00051295484,138.07841727703337,0.00064976694,0.013005748,0.072447985
7394.971,6.1335793,-0.0038125739,221158,890.904690151506,138.07902577027156,6853.8477,5.172069,2942.783,1.9952885,7394.971,6.1335793,0,,,,,890.904690151506,0.0005131987,138.07902577027156,0.00064946833,0.012222735,0.07255921
7398.8125,6.1332326,-0.0038124353,221159,890.9049092842142,138.07946704993438,6858.3296,5.1717777,2937.552,1.9929246,7398.8125,6.1332326,0,,,,,890.9049092842142,0.0005128318,138.07946704993438,0.0006490179,0.0117307175,0.07181546
7385.987,6.1310544,-0.0038122968,221160,890.9048029109737,138.0786810118693,6846.562,5.169941,2938.5583,1.9935309,7385.987,6.1310544,0,,,,,890.9048029109737,0.0005135593,138.0786810118693,0.0006497852,0.012040593,0.07299873
7385.8086,6.129847,-0.0038121582,221161,890.9049554156313,138.07825713709974,6846.764,5.1689224,2933.7175,1.993161,7385.8086,6.129847,0,,,,,890.9049554156313,0.00051338103,138.07825713709974,0.00064938894,0.0120854825,0.07263535
7394.748,6.131558,-0.0038120195,221162,890.9043238528523,138.07848742338814,6854.3584,5.1703653,2924.735,1.9901835,7394.748,6.131558,0,,,,,890.9043238528523,0.00051304547,138.07848742338814,0.0006490734,0.012554614,0.071932964
7395.9146,6.12565,-0.0038118807,221163,890.9030902666201,138.07959532054645,6854.8237,5.165384,2919.5896,1.9882933,7395.9146,6.12565,0,,,,,890.9030902666201,0.0005123272,138.07959532054645,0.0006484585,0.011306124,0.072941
7396.5005,6.12174,-0.003811742,221164,890.9053436315971,138.07819908214458,6855.674,5.1620865,2910.1797,1.9855969,7396.5005,6.12174,0,,,,,890.9053436315971,0.00051210437,138.07819908214458,0.00064759474,0.012845567,0.072262846
7398.2793,6.1196313,-0.0038116032,221165,890.9034147409359,138.07804602723326,6857.0176,5.1603084,2903.5457,1.9833997,7398.2793,6.1196313,0,,,,,890.9034147409359,0.0005117227,138.07804602723326,0.00064725976,0.011218593,0.07242381
7391.2715,6.114317,-0.0038114644,221166,890.9043555123894,138.0787644871882,6852.1797,5.155827,2893.511,1.9798127,7391.2715,6.114317,0,,,,,890.9043555123894,0.00051180343,138.0787644871882,0.00064723985,0.011235925,0.07230697
7400.465,6.113647,-0.0038113256,221167,890.9045986039725,138.07905170340132,6859.2114,5.155262,2886.587,1.9781467,7400.465,6.113647,0,,,,,890.9045986039725,0.0005114032,138.07905170340132,0.0006465473,0.012593072,0.07277091
7389.014,6.1099515,-0.0038111866,221168,890.904705313629,138.07865725094354,6849.535,5.152146,2880.6533,1.9778521,7389.014,6.1099515,0,,,,,890.904705313629,0.00051157904,138.07865725094354,0.00064692524,0.012302071,0.07200513
7396.0034,6.109246,-0.0038110479,221169,890.9039016764779,138.07945074606616,6855.627,5.151551,2870.5789,1.9739238,7396.0034,6.109246,0,,,,,890.9039016764779,0.000510907,138.07945074606616,0.0006466404,0.0117323985,0.07266475
7401.277,6.1058574,-0.0038109089,221170,890.9045142396973,138.07829682539978,6858.8906,5.1486936,2867.8489,1.9725063,7401.277,6.1058574,0,,,,,890.9045142396973,0.0005107047,138.07829682539978,0.0006453562,0.012289055,0.072147824
7394.368,6.1024585,-0.0038107699,221171,890.9044189539842,138.07781854307777,6853.9375,5.1458273,2861.2053,1.9712721,7394.368,6.1024585,0,,,,,890.9044189539842,0.00051071635,138.07781854307777,0.0006455875,0.012273489,0.07241631
7400.8906,6.101048,-0.0038106309,221172,890.9038057439972,138.07876756655173,6859.4634,5.144638,2852.6487,1.9683418,7400.8906,6.101048,0,,,,,890.9038057439972,0.00051035505,138.07876756655173,0.0006449124,0.011790634,0.072798766
7390.3276,6.0979037,-0.0038104916,221173,890.9044622786938,138.07953893157492,6850.2554,5.141987,2849.8765,1.9679216,7390.3276,6.0979037,0,,,,,890.9044622786938,0.0005105043,138.07953893157492,0.0006456565,0.011860912,0.0724919
7393.8633,6.097171,-0.0038103526,221174,890.9051538729773,138.07864346056888,6853.1855,5.1413684,2846.577,1.9669667,7393.8633,6.097171,0,,,,,890.9051538729773,0.00051054126,138.07864346056888,0.0006448986,0.0121119395,0.07218702
7403.175,6.097355,-0.0038102134,221175,890.9053947677885,138.07838144878517,6860.378,5.141524,2842.2473,1.966062,7403.175,6.097355,0,,,,,890.9053947677885,0.0005101308,138.07838144878517,0.00064469554,0.012959307,0.07229198
7389.3745,6.097142,-0.0038100742,221176,890.9046362074572,138.07941220268515,6850.199,5.1413445,2845.0776,1.9665638,7389.3745,6.097142,0,,,,,890.9046362074572,0.0005107647,138.07941220268515,0.0006458905,0.011506895,0.07255165
7397.5317,6.097217,-0.003809935,221177,890.9044499140349,138.07832219664212,6856.827,5.1414075,2844.2964,1.966375,7397.5317,6.097217,0,,,,,890.9044499140349,0.00051010406,138.07832219664212,0.00064492045,0.012243473,0.07231312
7388.4937,6.0959496,-0.0038097957,221178,890.904032378018,138.0792401981103,6849.696,5.140339,2846.2078,1.9672818,7388.4937,6.0959496,0,,,,,890.904032378018,0.0005105587,138.0792401981103,0.0006452593,0.011277383,0.07306417
7397.7183,6.0997424,-0.0038096565,221179,890.9054956108099,138.0784343884817,6856.247,5.1435375,2849.71,1.9676975,7397.7183,6.0997424,0,,,,,890.9054956108099,0.0005105391,138.0784343884817,0.00064510945,0.013005847,0.07250896
7392.1055,6.0997715,-0.0038095172,221180,890.9056404895116,138.0800076883958,6852.5415,5.1435614,2854.9287,1.9692092,7392.1055,6.0997715,0,,,,,890.9056404895116,0.00051074533,138.0800076883958,0.00064549665,0.012358413,0.07233133
7394.4316,6.1046853,-0.0038093778,221181,890.9046069618006,138.07909783533765,6854.214,5.147705,2863.332,1.972969,7394.4316,6.1046853,0,,,,,890.9046069618006,0.0005108594,138.07909783533765,0.00064605527,0.011968389,0.07296723
7391.004,6.1061187,-0.0038092383,221182,890.9039908537766,138.07882207541408,6851.303,5.148914,2869.6619,1.9748781,7391.004,6.1061187,0,,,,,890.9039908537766,0.00051123207,138.07882207541408,0.00064608926,0.011614206,0.072162546
7389.5625,6.1097007,-0.0038090989,221183,890.9035704039671,138.0793245328107,6848.1235,5.151934,2873.9937,1.9751401,7389.5625,6.1097007,0,,,,,890.9035704039671,0.00051158393,138.0793245328107,0.0006478225,0.011623264,0.072056286
7395.637,6.1137476,-0.0038089594,221184,890.9052096702954,138.0794397283098,6855.1963,5.155347,2889.5247,1.9795629,7395.637,6.1137476,0,,,,,890.9052096702954,0.00051169336,138.0794397283098,0.00064678554,0.01203461,0.072717324
7386.059,6.114272,-0.00380882,221185,890.9044949026948,138.0781093381741,6846.046,5.1557894,2898.6787,1.9812515,7386.059,6.114272,0,,,,,890.9044949026948,0.0005122506,138.0781093381741,0.00064781937,0.012751452,0.07279834
7386.141,6.1195025,-0.0038086802,221186,890.904262669652,138.07772265685728,6846.682,5.160199,2910.6401,1.9847382,7386.141,6.1195025,0,,,,,890.904262669652,0.00051271485,138.07772265685728,0.00064832356,0.0122044645,0.072293214
7398.063,6.127283,-0.0038085408,221187,890.9043791963492,138.07929099052959,6858.221,5.16676,2920.2786,1.9891195,7398.063,6.127283,0,,,,,890.9043791963492,0.0005123003,138.07929099052959,0.0006480805,0.012144131,0.072452255
7391.353,6.131126,-0.003808401,221188,890.9046786804005,138.07941899617578,6852.2085,5.170001,2935.454,1.9941456,7391.353,6.131126,0,,,,,890.9046786804005,0.00051316124,138.07941899617578,0.00064942805,0.012049778,0.07210721
7380.655,6.135117,-0.0038082614,221189,890.9041645688658,138.07912942436192,6843.05,5.1733665,2952.8333,1.9977459,7380.655,6.135117,0,,,,,890.9041645688658,0.0005141543,138.07912942436192,0.0006508227,0.011606947,0.07279414
7397.3696,6.1453333,-0.0038081217,221190,890.9038975562905,138.0784098423888,6857.1455,5.1819816,2962.946,2.0027132,7397.3696,6.1453333,0,,,,,890.9038975562905,0.0005139769,138.0784098423888,0.00065077655,0.011807986,0.07243642
7398.1733,6.148789,-0.003807982,221191,890.9045789456277,138.0785421679236,6858.479,5.184895,2979.2322,2.004331,7398.1733,6.148789,0,,,,,890.9045789456277,0.00051406026,138.0785421679236,0.0006507802,0.012048325,0.07262376
7403.098,6.1572976,-0.003807842,221192,890.9051779286027,138.0792447287068,6862.037,5.1920695,2997.1548,2.0092862,7403.098,6.1572976,0,,,,,890.9051779286027,0.00051436137,138.0792447287068,0.0006514888,0.011691654,0.072595894
7395.2593,6.1649904,-0.0038077023,221193,890.9039604255967,138.07907938499517,6855.7207,5.198557,3017.6487,2.0156364,7395.2593,6.1649904,0,,,,,890.9039604255967,0.0005156472,138.07907938499517,0.0006529817,0.012471018,0.07227478
7396.369,6.1706657,-0.0038075624,221194,890.9042638796017,138.07819353894945,6856.918,5.203342,3034.311,2.019877,7396.369,6.1706657,0,,,,,890.9042638796017,0.0005158277,138.07819353894945,0.00065375963,0.0125701595,0.072778076
7403.184,6.1791415,-0.0038074225,221195,890.9036803528944,138.079015328213,6862.662,5.2104897,3047.8672,2.0249157,7403.184,6.1791415,0,,,,,890.9036803528944,0.00051608816,138.079015328213,0.00065419625,0.0115732085,0.07238122
7394.099,6.1845064,-0.0038072825,221196,890.9043002612462,138.0783454855691,6854.9185,5.2150135,3070.0396,2.03052,7394.099,6.1845064,0,,,,,890.9043002612462,0.0005171297,138.0783454855691,0.0006554749,0.011994548,0.07203927
7397.8853,6.191387,-0.0038071426,221197,890.9043121434847,138.07895447671154,6858.2407,5.2208157,3088.2126,2.0348802,7397.8853,6.191387,0,,,,,890.9043121434847,0.0005176993,138.07895447671154,0.0006558136,0.012179179,0.072962016
7398.389,6.199849,-0.0038070024,221198,890.9043106698651,138.078756856645,6858.9404,5.227951,3107.8154,2.0414472,7398.389,6.199849,0,,,,,890.9043106698651,0.0005180926,138.078756856645,0.0006571425,0.011990376,0.07271388
7397.4263,6.2069464,-0.0038068625,221199,890.9041302431332,138.08000471128625,6857.6865,5.233936,3127.1648,2.0470102,7397.4263,6.2069464,0,,,,,890.9041302431332,0.0005187022,138.08000471128625,0.0006583143,0.012374698,0.072380096
7397.719,6.214003,-0.0038067224,221200,890.9044478500239,138.0789264590852,6858.044,5.2398863,3147.4875,2.0515103,7397.719,6.214003,0,,,,,890.9044478500239,0.00051911856,138.0789264590852,0.00065879215,0.011703101,0.07272094
7404.835,6.222886,-0.0038065822,221201,890.9046526684263,138.07881841878142,6863.763,5.247377,3163.4478,2.0557978,7404.835,6.222886,0,,,,,890.9046526684263,0.0005195739,138.07881841878142,0.00065951486,0.012369946,0.07240623
7394.408,6.2269516,-0.003806442,221202,890.9040561153697,138.07900793798382,6854.8545,5.2508044,3182.8318,2.0612009,7394.408,6.2269516,0,,,,,890.9040561153697,0.0005206382,138.07900793798382,0.0006605359,0.0115687065,0.07238527
7382.425,6.2330375,-0.0038063019,221203,890.9040935780321,138.0780297426184,6844.64,5.2559366,3207.1372,2.0675871,7382.425,6.2330375,0,,,,,890.9040935780321,0.0005219507,138.0780297426184,0.00066215463,0.012703372,0.0730027
7400.7183,6.243646,-0.0038061615,221204,890.9040522345651,138.0780979355206,6860.0522,5.264882,3221.0176,2.073969,7400.7183,6.243646,0,,,,,890.9040522345651,0.00052137754,138.0780979355206,0.0006621177,0.011830253,0.07210027
7399.28,6.2498946,-0.0038060213,221205,890.9038889341147,138.0783823020624,6859.415,5.2701516,3238.7302,2.0775042,7399.28,6.2498946,0,,,,,890.9038889341147,0.0005220852,138.0783823020624,0.00066307443,0.012278114,0.07253441
7385.7363,6.2551475,-0.003805881,221206,890.9048723616654,138.07722075142772,6848.2285,5.2745805,3255.8872,2.0817091,7385.7363,6.2551475,0,,,,,890.9048723616654,0.00052320806,138.07722075142772,0.0006648644,0.011815818,0.07239017
7390.2812,6.25996,-0.0038057405,221207,890.904813518561,138.07783780816743,6852.2417,5.278639,3270.91,2.0854695,7390.2812,6.25996,0,,,,,890.904813518561,0.00052323996,138.07783780816743,0.0006646703,0.012446782,0.072206266
7390.745,6.266116,-0.0038056,221208,890.902837353835,138.07875009657937,6852.4805,5.2838297,3284.7456,2.090273,7390.745,6.266116,0,,,,,890.902837353835,0.00052361476,138.07875009657937,0.0006658138,0.011433954,0.07248443
7387.131,6.273543,-0.0038054597,221209,890.9043472651053,138.07781517168672,6850.0015,5.290092,3304.6685,2.0946496,7387.131,6.273543,0,,,,,890.9043472651053,0.0005246878,138.07781517168672,0.0006666977,0.012976172,0.07232701
7386.555,6.2759047,-0.0038053193,221210,890.9031748796834,138.07749157241093,6848.129,5.2920837,3315.6128,2.09766,7386.555,6.2759047,0,,,,,890.9031748796834,0.00052499026,138.07749157241093,0.00066719507,0.011924536,0.07205262
7390.8613,6.2815666,-0.0038051787,221211,890.9033723299284,138.0785086737059,6853.209,5.2968583,3327.668,2.1007113,7390.8613,6.2815666,0,,,,,890.9033723299284,0.0005249164,138.0785086737059,0.0006674363,0.012312352,0.07259806
7405.8857,6.287853,-0.0038050383,221212,890.9042095777302,138.07861108369616,6866.216,5.302159,3334.1592,2.1027787,7405.8857,6.287853,0,,,,,890.9042095777302,0.0005244168,138.07861108369616,0.00066693086,0.011535457,0.07236483
7403.128,6.288946,-0.0038048977,221213,890.9048601425351,138.0784361101936,6862.4805,5.303081,3340.9163,2.1041114,7403.128,6.288946,0,,,,,890.9048601425351,0.00052501995,138.0784361101936,0.0006676389,0.013434926,0.07263497
7394.1465,6.291615,-0.003804757,221214,890.9032092698675,138.07803261136627,6855.221,5.305331,3349.9104,2.1067245,7394.1465,6.291615,0,,,,,890.9032092698675,0.0005256519,138.07803261136627,0.00066867314,0.011863234,0.07251783
7400.2627,6.29483,-0.0038046164,221215,890.9040449285599,138.07793673282364,6860.2085,5.3080425,3355.9863,2.109251,7400.2627,6.29483,0,,,,,890.9040449285599,0.00052533747,138.07793673282364,0.0006683211,0.012534758,0.0722612
7392.493,6.2945194,-0.0038044755,221216,890.9048384390213,138.07855068570765,6854.5015,5.3077807,3362.0645,2.110016,7392.493,6.2945194,0,,,,,890.9048384390213,0.00052595313,138.07855068570765,0.00066868134,0.012193391,0.07183403
7401.0054,6.300577,-0.003804335,221217,890.9028891364184,138.07962790602946,6861.4673,5.3128886,3362.9746,2.1114166,7401.0054,6.300577,0,,,,,890.9028891364184,0.00052600336,138.07962790602946,0.00066909473,0.01198695,0.07199725
7394.579,6.2992024,-0.003804194,221218,890.9035143199729,138.07878225334395,6856.0615,5.31173,3366.2307,2.1120858,7394.579,6.2992024,0,,,,,890.9035143199729,0.00052622956,138.07878225334395,0.00066958636,0.012265204,0.071636006
7398.2686,6.2993035,-0.0038040534,221219,890.9027727928479,138.07846523021558,6859.3145,5.311815,3368.9812,2.1122768,7398.2686,6.2993035,0,,,,,890.9027727928479,0.0005259063,138.07846523021558,0.0006686703,0.011527289,0.07299663
7401.0527,6.3020988,-0.0038039126,221220,890.903636230746,138.07918974543082,6861.6416,5.314172,3373.9329,2.1127112,7401.0527,6.3020988,0,,,,,890.903636230746,0.0005258269,138.07918974543082,0.0006692605,0.0120532885,0.07289113
7400.3174,6.302566,-0.0038037717,221221,890.9039980878691,138.07791347274406,6860.587,5.3145657,3378.5005,2.114086,7400.3174,6.302566,0,,,,,890.9039980878691,0.0005261132,138.07791347274406,0.00066907186,0.012322135,0.07241516
7395.167,6.3004203,-0.0038036306,221222,890.9039940547354,138.07902667972115,6856.048,5.3127565,3373.7888,2.113541,7395.167,6.3004203,0,,,,,890.9039940547354,0.00052630744,138.07902667972115,0.00066963944,0.011855827,0.072169
7395.5703,6.305285,-0.0038034897,221223,890.9032983180612,138.0778636332565,6857.406,5.316859,3380.854,2.11585,7395.5703,6.305285,0,,,,,890.9032983180612,0.00052666746,138.0778636332565,0.0006700062,0.012229227,0.07219712
7402.9883,6.3037944,-0.0038033486,221224,890.9045289524987,138.07833760261178,6864.031,5.315602,3379.4702,2.1143422,7402.9883,6.3037944,0,,,,,890.9045289524987,0.0005258113,138.07833760261178,0.0006693749,0.011760186,0.07211787
7406.1094,6.3075304,-0.0038032078,221225,890.9038489198322,138.07771560895367,6865.225,5.318752,3381.9824,2.115425,7406.1094,6.3075304,0,,,,,890.9038489198322,0.0005262982,138.07771560895367,0.0006696438,0.011532906,0.07214077
7400.8486,6.3050556,-0.0038030667,221226,890.9035619313918,138.07832414198668,6861.2095,5.316665,3380.8354,2.1152072,7400.8486,6.3050556,0,,,,,890.9035619313918,0.0005265775,138.07832414198668,0.0006699678,0.012967983,0.07133601
7399.4526,6.3059554,-0.0038029256,221227,890.9037382085896,138.0778098749359,6860.3936,5.317424,3385.1218,2.1160867,7399.4526,6.3059554,0,,,,,890.9037382085896,0.0005265261,138.0778098749359,0.0006695656,0.01188615,0.07281198
7394.396,6.3050995,-0.0038027845,221228,890.9036567471118,138.07753811686177,6856.694,5.316702,3387.3564,2.1161716,7394.396,6.3050995,0,,,,,890.9036567471118,0.000526375,138.07753811686177,0.0006701874,0.012451716,0.07157593
7396.4526,6.304379,-0.0038026432,221229,890.9034384353208,138.07967235742376,6857.9033,5.3160944,3384.8752,2.1158078,7396.4526,6.304379,0,,,,,890.9034384353208,0.00052643643,138.07967235742376,0.0006697956,0.011792288,0.07283017
7409.2437,6.3086925,-0.003802502,221230,890.9037140680791,138.0788613206381,6869.021,5.3197317,3389.552,2.1169317,7409.2437,6.3086925,0,,,,,890.9037140680791,0.0005261004,138.0788613206381,0.00066911586,0.011917178,0.07167077
7392.9346,6.307614,-0.0038023607,221231,890.9032482185943,138.0787395684151,6855.28,5.3188224,3395.294,2.1184227,7392.9346,6.307614,0,,,,,890.9032482185943,0.0005268284,138.0787395684151,0.00067068514,0.011232371,0.07210266
7411.873,6.310116,-0.0038022194,221232,890.9037138327418,138.0794928341966,6870.747,5.3209324,3393.0989,2.117772,7411.873,6.310116,0,,,,,890.9037138327418,0.0005260421,138.0794928341966,0.0006695392,0.01251393,0.07250539
7395.2793,6.309508,-0.003802078,221233,890.903221982126,138.07870412490615,6857.2593,5.3204193,3396.5322,2.1189594,7395.2793,6.309508,0,,,,,890.903221982126,0.0005269649,138.07870412490615,0.0006707009,0.01178496,0.071818404
7401.266,6.311898,-0.0038019367,221234,890.903693663722,138.07913369573924,6862.22,5.3224354,3402.389,2.1209133,7401.266,6.311898,0,,,,,890.903693663722,0.0005267128,138.07913369573924,0.00067000324,0.012278951,0.07243397
7398.7715,6.313663,-0.0038017954,221235,890.9030725284005,138.07793932753555,6859.629,5.323923,3405.9277,2.1218975,7398.7715,6.313663,0,,,,,890.9030725284005,0.0005271288,138.07793932753555,0.00067106175,0.011896476,0.07216639
7396.7207,6.3119535,-0.0038016539,221236,890.9037877581583,138.0779682415967,6857.8887,5.322482,3403.8215,2.1217275,7396.7207,6.3119535,0,,,,,890.9037877581583,0.00052694656,138.0779682415967,0.00067113165,0.012335957,0.07145693
7397.6284,6.3118715,-0.0038015125,221237,890.9031986239224,138.07894832391236,6859.788,5.3224125,3404.1643,2.1207678,7397.6284,6.3118715,0,,,,,890.9031986239224,0.00052695995,138.07894832391236,0.00067053706,0.011265516,0.07255304
7394.832,6.3135095,-0.003801371,221238,890.903552632783,138.07933160993713,6857.458,5.3237934,3407.7388,2.123483,7394.832,6.3135095,0,,,,,890.903552632783,0.000527145,138.07933160993713,0.00067103974,0.012619243,0.07208228
7398.9946,6.3146906,-0.0038012294,221239,890.9025033484832,138.07980893345828,6861.241,5.3247895,3407.1875,2.1229994,7398.9946,6.3146906,0,,,,,890.9025033484832,0.0005270399,138.07980893345828,0.0006705793,0.011342743,0.07146821
7387.23,6.312357,-0.0038010878,221240,890.9033660415182,138.07921706139012,6850.1743,5.322822,3410.7915,2.1226134,7387.23,6.312357,0,,,,,890.9033660415182,0.0005277263,138.07921706139012,0.00067158777,0.012338619,0.07278411
7394.256,6.3134117,-0.0038009463,221241,890.9037554521491,138.07925294671526,6856.3677,5.3237114,3407.6392,2.1221237,7394.256,6.3134117,0,,,,,890.9037554521491,0.00052726216,138.07925294671526,0.00067108846,0.01235043,0.07230176
7393.4175,6.31253,-0.0038008045,221242,890.9024094339348,138.07778114430843,6854.7246,5.322968,3405.0173,2.1211107,7393.4175,6.31253,0,,,,,890.9024094339348,0.00052731944,138.07778114430843,0.00067111343,0.012045203,0.07179807
7392.065,6.310519,-0.003800663,221243,890.9041421365245,138.0787544846508,6854.3213,5.3212724,3403.466,2.1213844,7392.065,6.310519,0,,,,,890.9041421365245,0.0005271265,138.0787544846508,0.00067098223,0.01179995,0.072184704
7396.5205,6.311353,-0.0038005211,221244,890.9046870160579,138.07673371511095,6858.5337,5.321975,3402.0667,2.1209266,7396.5205,6.311353,0,,,,,890.9046870160579,0.000526987,138.07673371511095,0.00067044806,0.011793786,0.07203134
7396.825,6.308335,-0.0038003793,221245,890.9034369211638,138.0781352815215,6858.928,5.3194304,3395.9822,2.1183848,7396.825,6.308335,0,,,,,890.9034369211638,0.0005268684,138.0781352815215,0.0006701061,0.012457791,0.07209583
7395.8975,6.304143,-0.0038002376,221246,890.9040772281138,138.07832564508308,6857.627,5.3158956,3385.8826,2.1156132,7395.8975,6.304143,0,,,,,890.9040772281138,0.0005265181,138.07832564508308,0.0006699286,0.012222549,0.07236718
7389.942,6.3001685,-0.0038000958,221247,890.904139617642,138.0784377599856,6853.5107,5.3125443,3376.7463,2.115361,7389.942,6.3001685,0,,,,,890.904139617642,0.00052632415,138.0784377599856,0.00066953665,0.011635997,0.07235579
7397.0015,6.297055,-0.0037999537,221248,890.9030885955208,138.07895405008136,6858.8184,5.3099184,3361.1438,2.1095924,7397.0015,6.297055,0,,,,,890.9030885955208,0.00052599865,138.07895405008136,0.0006690463,0.012614731,0.07203989
7387.3584,6.2916274,-0.003799812,221249,890.9034619971737,138.079135685301,6850.0522,5.3053417,3354.4512,2.1081305,7387.3584,6.2916274,0,,,,,890.9034619971737,0.00052627706,138.079135685301,0.0006689521,0.011439572,0.07200228
7404.699,6.2877727,-0.00379967,221250,890.9039272569678,138.07735470373166,6864.831,5.302091,3338.424,2.1034005,7404.699,6.2877727,0,,,,,890.9039272569678,0.00052455405,138.07735470373166,0.0006671381,0.012390839,0.07181874
7391.9277,6.28333,-0.0037995279,221251,890.9030057765997,138.0783027844487,6854.6743,5.298345,3334.7227,2.1017492,7391.9277,6.28333,0,,,,,890.9030057765997,0.0005250412,138.0783027844487,0.0006675764,0.012028896,0.07216731
7385.512,6.276761,-0.003799386,221252,890.9032303671721,138.07873258995053,6848.6387,5.2928057,3317.5842,2.0976267,7385.512,6.276761,0,,,,,890.9032303671721,0.0005249034,138.07873258995053,0.0006676583,0.012095003,0.072218135
7392.136,6.2741513,-0.0037992438,221253,890.9042914597551,138.0784689735894,6855.2026,5.2906055,3307.3582,2.0946534,7392.136,6.2741513,0,,,,,890.9042914597551,0.00052452896,138.0784689735894,0.0006662245,0.0116926,0.07203561
7402.5566,6.272897,-0.0037991018,221254,890.9039851087449,138.07904280735698,6863.5386,5.2895474,3294.9404,2.0924141,7402.5566,6.272897,0,,,,,890.9039851087449,0.0005237563,138.07904280735698,0.0006652007,0.012115715,0.07225558
7405.193,6.2658453,-0.0037989598,221255,890.9029862032498,138.07819135341032,6865.8057,5.2836018,3278.4856,2.0866895,7405.193,6.2658453,0,,,,,890.9029862032498,0.00052291295,138.07819135341032,0.0006645419,0.011305139,0.07196123
7396.742,6.2628293,-0.0037988175,221256,890.9028418195935,138.07927721568643,6858.8037,5.2810583,3272.3252,2.0856276,7396.742,6.2628293,0,,,,,890.9028418195935,0.00052319793,138.07927721568643,0.0006647316,0.012542279,0.07229801
7393.712,6.2566237,-0.0037986753,221257,890.9047889149787,138.07786915212625,6855.463,5.2758255,3259.0015,2.0825312,7393.712,6.2566237,0,,,,,890.9047889149787,0.0005227504,138.07786915212625,0.0006640062,0.012626713,0.072057284
7388.3745,6.248781,-0.003798533,221258,890.9030955034513,138.0799227231152,6851.7476,5.2692122,3244.1543,2.0777464,7388.3745,6.248781,0,,,,,890.9030955034513,0.00052255625,138.0799227231152,0.00066358974,0.011362,0.073123395
7392.2524,6.2465262,-0.0037983907,221259,890.904544593694,138.07754008832237,6854.6675,5.267311,3235.7253,2.0753317,7392.2524,6.2465262,0,,,,,890.904544593694,0.0005218919,138.07754008832237,0.0006632461,0.012574422,0.07099351
7400.1963,6.242029,-0.0037982485,221260,890.9032732907664,138.0791353713523,6861.115,5.263519,3217.8188,2.0708957,7400.1963,6.242029,0,,,,,890.9032732907664,0.0005211081,138.0791353713523,0.00066211546,0.010502562,0.071385995
7392.2505,6.23699,-0.0037981062,221261,890.9047611813065,138.07937056768745,6855.148,5.259269,3209.0488,2.0679836,7392.2505,6.23699,0,,,,,890.9047611813065,0.00052131875,138.07937056768745,0.00066193065,0.012274134,0.07287973
7399.699,6.2354937,-0.0037979637,221262,890.9042860622362,138.0788729167207,6860.966,5.258008,3204.5889,2.0660622,7399.699,6.2354937,0,,,,,890.9042860622362,0.0005209022,138.0788729167207,0.00066088693,0.012271492,0.0722354
7397.5776,6.232364,-0.0037978215,221263,890.904480071089,138.07738816898095,6859.01,5.2553687,3195.4993,2.0650024,7397.5776,6.232364,0,,,,,890.904480071089,0.00052050815,138.07738816898095,0.00066077325,0.012212561,0.07229383
7384.565,6.226779,-0.003797679,221264,890.9046321597045,138.0774919040225,6849.2793,5.2506595,3189.0425,2.0619605,7384.565,6.226779,0,,,,,890.9046321597045,0.0005210185,138.0774919040225,0.00066136604,0.012360779,0.07164976
7396.298,6.2255793,-0.0037975365,221265,890.9041178981859,138.0785270267841,6857.905,5.2496476,3179.6743,2.0608733,7396.298,6.2255793,0,,,,,890.9041178981859,0.0005202216,138.0785270267841,0.0006602785,0.01171085,0.07242355
7387.6567,6.223399,-0.003797394,221266,890.9036007113627,138.07809807296888,6851.171,5.2478094,3179.3154,2.0597665,7387.6567,6.223399,0,,,,,890.9036007113627,0.00052062154,138.07809807296888,0.00066079095,0.012377969,0.072042555
7392.6113,6.2230906,-0.0037972513,221267,890.9033689945765,138.07798942456012,6855.079,5.247549,3176.3274,2.058964,7392.6113,6.2230906,0,,,,,890.9033689945765,0.0005200313,138.07798942456012,0.0006604002,0.011375781,0.072703086
7406.019,6.222492,-0.0037971088,221268,890.904977260243,138.07849421966128,6865.5396,5.2470446,3167.5557,2.0570412,7406.019,6.222492,0,,,,,890.904977260243,0.0005194846,138.07849421966128,0.00065905246,0.013123111,0.071614236
7395.686,6.2193155,-0.003796966,221269,890.9033754832288,138.07836550627064,6857.6646,5.2443657,3163.731,2.0556183,7395.686,6.2193155,0,,,,,890.9033754832288,0.0005196972,138.07836550627064,0.0006595385,0.011918142,0.07237214
7402.1924,6.2195086,-0.0037968236,221270,890.9045607312408,138.07858742401316,6863.561,5.2445283,3158.612,2.0543864,7402.1924,6.2195086,0,,,,,890.9045607312408,0.0005193073,138.07858742401316,0.0006589423,0.011976612,0.07219364
7393.389,6.216464,-0.0037966808,221271,890.9037850467806,138.07832916532863,6856.18,5.241961,3157.9058,2.0534875,7393.389,6.216464,0,,,,,890.9037850467806,0.0005196395,138.07832916532863,0.0006594331,0.011010541,0.07274589
7396.503,6.215373,-0.003796538,221272,890.9046883301082,138.07766729670257,6858.4463,5.241041,3154.4143,2.0526683,7396.503,6.215373,0,,,,,890.9046883301082,0.0005194077,138.07766729670257,0.0006587851,0.012520147,0.07177099
7389.194,6.213139,-0.0037963951,221273,890.9034594230077,138.07875245857815,6852.2524,5.2391577,3152.1028,2.0517964,7389.194,6.213139,0,,,,,890.9034594230077,0.0005194665,138.07875245857815,0.0006592567,0.01125203,0.07250182
7395.6816,6.2150846,-0.0037962524,221274,890.9051178652874,138.07747293203667,6856.383,5.240798,3152.942,2.051674,7395.6816,6.2150846,0,,,,,890.9051178652874,0.0005197256,138.07747293203667,0.0006591081,0.01289241,0.0724301
7405.143,6.2167187,-0.0037961095,221275,890.903592037991,138.07782478163585,6865.948,5.242176,3147.8762,2.0510328,7405.143,6.2167187,0,,,,,890.903592037991,0.00051901705,138.07782478163585,0.0006584658,0.012000652,0.07124816
7404.653,6.2150316,-0.0037959667,221276,890.9038533800655,138.07832416590472,6865.822,5.240753,3146.572,2.0506234,7404.653,6.2150316,0,,,,,890.9038533800655,0.000518969,138.07832416590472,0.00065849675,0.011639252,0.071821496
7392.411,6.215747,-0.0037958238,221277,890.9046863135754,138.07828669931143,6855.541,5.2413564,3148.8118,2.0528185,7392.411,6.215747,0,,,,,890.9046863135754,0.0005196266,138.07828669931143,0.00065938407,0.012937265,0.07201824
7393.179,6.2131934,-0.0037956808,221278,890.9027199666314,138.07805439437087,6855.8135,5.2392035,3145.2886,2.05012,7393.179,6.2131934,0,,,,,890.9027199666314,0.0005197539,138.07805439437087,0.0006587428,0.011703617,0.07222988
7387.995,6.2105837,-0.0037955379,221279,890.9037713171142,138.07829467794414,6850.7393,5.2370024,3144.9792,2.0517807,7387.995,6.2105837,0,,,,,890.9037713171142,0.0005194072,138.07829467794414,0.0006587877,0.011490404,0.07245356
7390.423,6.210466,-0.003795395,221280,890.9039650918728,138.0788575748978,6853.7407,5.236903,3144.01,2.0502799,7390.423,6.210466,0,,,,,890.9039650918728,0.000519353,138.0788575748978,0.00065877795,0.0122443875,0.07202018
7397.2944,6.212821,-0.0037952517,221281,890.9051655162141,138.0780881934145,6859.401,5.238889,3146.2632,2.0504892,7397.2944,6.212821,0,,,,,890.9051655162141,0.0005191028,138.0780881934145,0.00065857114,0.012588364,0.071401775
7405.644,6.215996,-0.0037951088,221282,890.9053449622712,138.07843544978738,6865.6646,5.2415667,3140.6182,2.0502453,7405.644,6.215996,0,,,,,890.9053449622712,0.0005186672,138.07843544978738,0.0006586003,0.013119048,0.072116576
7382.8066,6.210382,-0.0037949656,221283,890.9043520986395,138.07849465960157,6846.416,5.2368326,3147.167,2.0508182,7382.8066,6.210382,0,,,,,890.9043520986395,0.0005198713,138.07849465960157,0.00065951474,0.011755265,0.07249241
7394.0195,6.2118077,-0.0037948224,221284,890.9042680443683,138.07842687917505,6856.3027,5.238035,3145.6033,2.0503578,7394.0195,6.2118077,0,,,,,890.9042680443683,0.00051929767,138.07842687917505,0.0006589242,0.011919156,0.07214404
7394.027,6.21217,-0.0037946792,221285,890.9042147183013,138.0779599028364,6855.259,5.2383404,3147.0947,2.0506687,7394.027,6.21217,0,,,,,890.9042147183013,0.00051945174,138.0779599028364,0.0006588659,0.012089081,0.07173022
7390.31,6.2114177,-0.003794536,221286,890.904534411273,138.0778026626236,6852.7305,5.237706,3145.657,2.0502906,7390.31,6.2114177,0,,,,,890.904534411273,0.00051950413,138.0778026626236,0.00065901765,0.012699363,0.07262808
7401.543,6.215802,-0.0037943926,221287,890.903453322909,138.07943004926906,6863.134,5.241403,3148.3455,2.0519855,7401.543,6.215802,0,,,,,890.903453322909,0.0005188855,138.07943004926906,0.00065855373,0.011544474,0.07197695
7391.073,6.2146497,-0.0037942494,221288,890.9041699401076,138.07869244642097,6854.698,5.2404313,3149.495,2.052241,7391.073,6.2146497,0,,,,,890.9041699401076,0.00051936705,138.07869244642097,0.0006594966,0.012443253,0.071475476
7395.658,6.2133284,-0.003794106,221289,890.9037092928229,138.07971941414667,6858.506,5.2393174,3148.9849,2.0514102,7395.658,6.2133284,0,,,,,890.9037092928229,0.0005190108,138.07971941414667,0.0006587446,0.010605304,0.072507024
7389.6187,6.2160344,-0.0037939625,221290,890.9049604384892,138.07728604095897,6852.553,5.241599,3155.7168,2.0528002,7389.6187,6.2160344,0,,,,,890.9049604384892,0.0005201909,138.07728604095897,0.00065941206,0.0122257,0.07184842
7403.446,6.2158184,-0.003793819,221291,890.9037590169311,138.07849103748256,6864.662,5.2414165,3151.2473,2.0516798,7403.446,6.2158184,0,,,,,890.9037590169311,0.0005190862,138.07849103748256,0.0006586225,0.011710142,0.07227584
7402.941,6.21731,-0.0037936757,221292,890.9045428593041,138.07785304659555,6863.86,5.2426744,3152.807,2.052178,7402.941,6.21731,0,,,,,890.9045428593041,0.00051916594,138.07785304659555,0.00065838353,0.01181375,0.07259876
7397.541,6.215391,-0.0037935323,221293,890.9035597006192,138.07876066854243,6859.833,5.2410564,3153.4487,2.0526369,7397.541,6.215391,0,,,,,890.9035597006192,0.0005193214,138.07876066854243,0.0006585477,0.012305573,0.072093725
7402.0977,6.216203,-0.0037933888,221294,890.9037508801422,138.07770752113453,6864.015,5.241741,3153.0493,2.0519397,7402.0977,6.216203,0,,,,,890.9037508801422,0.00051911955,138.07770752113453,0.00065841235,0.011672739,0.0719231
7391.88,6.216679,-0.0037932452,221295,890.9050764546473,138.0796852655131,6855.6123,5.2421427,3156.0493,2.0535312,7391.88,6.216679,0,,,,,890.9050764546473,0.00051983324,138.0796852655131,0.0006594187,0.01224551,0.07156502
7400.333,6.21454,-0.0037931015,221296,890.9042824367164,138.07783384533812,6862.3013,5.240339,3149.2856,2.0519252,7400.333,6.21454,0,,,,,890.9042824367164,0.0005190082,138.07783384533812,0.00065826,0.012543545,0.07256808
7395.201,6.2144847,-0.0037929579,221297,890.9037332350642,138.07843558755266,6857.882,5.240292,3150.3018,2.0517378,7395.201,6.2144847,0,,,,,890.9037332350642,0.00051923504,138.07843558755266,0.0006590603,0.01130375,0.07245049
7391.374,6.2125177,-0.0037928142,221298,890.9047339068896,138.07736016380787,6854.9365,5.2386336,3147.0847,2.051713,7391.374,6.2125177,0,,,,,890.9047339068896,0.00051943003,138.07736016380787,0.00065878674,0.012097889,0.07170891
7400.415,6.2159686,-0.0037926706,221299,890.9041401692147,138.07811007955365,6862.0117,5.241544,3144.6777,2.0503855,7400.415,6.2159686,0,,,,,890.9041401692147,0.0005194558,138.07811007955365,0.0006585408,0.012178759,0.07192064
7394.1274,6.2116804,-0.003792527,221300,890.9040241878259,138.0780068387766,6856.552,5.237928,3143.2834,2.0496206,7394.1274,6.2116804,0,,,,,890.9040241878259,0.0005194276,138.0780068387766,0.00065867224,0.012078755,0.07237765
7394.98,6.211626,-0.003792383,221301,890.903866983405,138.07812821305185,6857.198,5.2378817,3142.9697,2.0497036,7394.98,6.211626,0,,,,,890.903866983405,0.000519379,138.07812821305185,0.0006586344,0.0120948125,0.0719952
7390.491,6.2109323,-0.0037922394,221302,890.9050655906784,138.0769678660465,6853.861,5.2372966,3143.3223,2.050656,7390.491,6.2109323,0,,,,,890.9050655906784,0.0005192726,138.0769678660465,0.00065885676,0.012121384,0.07202655
7398.42,6.209262,-0.0037920955,221303,890.904606096484,138.07780571167984,6861.2993,5.2358885,3135.7969,2.0476131,7398.42,6.209262,0,,,,,890.904606096484,0.0005185012,138.07780571167984,0.00065789785,0.011114463,0.07182251
7392.9775,6.204873,-0.0037919516,221304,890.9044882010097,138.07840862368766,6855.763,5.2321873,3127.5195,2.0454333,7392.9775,6.204873,0,,,,,890.9044882010097,0.00051884947,138.07840862368766,0.0006578585,0.01161748,0.07125781
7396.532,6.2010565,-0.0037918077,221305,890.9042308772142,138.07815288246127,6858.468,5.2289686,3115.8145,2.0419755,7396.532,6.2010565,0,,,,,890.9042308772142,0.0005181207,138.07815288246127,0.0006573475,0.011301536,0.07164041
7393.37,6.1985965,-0.0037916638,221306,890.9039041880261,138.07853652368195,6856.3706,5.2268944,3109.0562,2.0403666,7393.37,6.1985965,0,,,,,890.9039041880261,0.00051810103,138.07853652368195,0.0006569569,0.011981481,0.072947465
7383.637,6.1928663,-0.00379152,221307,890.9037787614986,138.07873262803434,6847.821,5.2220626,3101.3293,2.0381591,7383.637,6.1928663,0,,,,,890.9037787614986,0.00051838957,138.07873262803434,0.0006572139,0.011466743,0.07240496
7387.023,6.191877,-0.0037913758,221308,890.9050271409649,138.07715802111565,6851.297,5.221228,3090.969,2.034872,7387.023,6.191877,0,,,,,890.9050271409649,0.00051836384,138.07715802111565,0.00065689767,0.012391969,0.07085341
7404.6333,6.1908937,-0.0037912317,221309,890.9036787282377,138.07815304868222,6866.1396,5.220399,3080.3977,2.0334125,7404.6333,6.1908937,0,,,,,890.9036787282377,0.00051688135,138.07815304868222,0.00065533177,0.011307277,0.0720542
7392.9404,6.1839175,-0.0037910878,221310,890.9036965323301,138.07964134658127,6856.022,5.214517,3073.054,2.0303094,7392.9404,6.1839175,0,,,,,890.9036965323301,0.0005169569,138.07964134658127,0.00065550406,0.0118614305,0.071929954
7386.1235,6.1797743,-0.0037909437,221311,890.9035614238618,138.07909461889776,6850.826,5.211023,3064.3105,2.0279045,7386.1235,6.1797743,0,,,,,890.9035614238618,0.00051705167,138.07909461889776,0.00065545255,0.011473467,0.072821975
7393.9556,6.1787033,-0.0037907995,221312,890.9041708560677,138.0787443020025,6856.06,5.21012,3055.6611,2.0252414,7393.9556,6.1787033,0,,,,,890.9041708560677,0.0005168065,138.0787443020025,0.0006550053,0.011601412,0.072050825
7394.3438,6.173698,-0.0037906552,221313,890.9041673031326,138.0778750133144,6857.1655,5.2058992,3045.4478,2.0224435,7394.3438,6.173698,0,,,,,890.9041673031326,0.0005161787,138.0778750133144,0.00065392687,0.01272144,0.07090876
7392.8047,6.1698794,-0.003790511,221314,890.9037227689585,138.07941322333548,6855.318,5.202679,3032.148,2.0187135,7392.8047,6.1698794,0,,,,,890.9037227689585,0.00051614566,138.07941322333548,0.0006537427,0.011663728,0.073285505
7397.215,6.168054,-0.0037903667,221315,890.9046632298326,138.07888901376703,6859.797,5.20114,3021.789,2.018926,7397.215,6.168054,0,,,,,890.9046632298326,0.00051561685,138.07888901376703,0.000652983,0.012748703,0.072201155
7384.6226,6.16134,-0.0037902226,221316,890.9045475042312,138.077418434187,6848.6953,5.195479,3018.094,2.014889,7384.6226,6.16134,0,,,,,890.9045475042312,0.0005157507,138.077418434187,0.00065337284,0.011537398,0.07163013
7389.9097,6.1579437,-0.0037900782,221317,890.9049040960579,138.07827764968712,6853.7354,5.1926146,3007.5771,2.0126612,7389.9097,6.1579437,0,,,,,890.9049040960579,0.0005150775,138.07827764968712,0.0006524999,0.01227005,0.07209056
7393.3813,6.157756,-0.0037899339,221318,890.9030381651851,138.07907861707378,6856.9644,5.192456,3004.4424,2.0117056,7393.3813,6.157756,0,,,,,890.9030381651851,0.0005150209,138.07907861707378,0.0006521451,0.010852731,0.07306898
7397.814,6.1561074,-0.0037897895,221319,890.9044876360682,138.07826382631504,6859.634,5.1910663,2999.066,2.0089247,7397.814,6.1561074,0,,,,,890.9044876360682,0.0005147065,138.07826382631504,0.00065196556,0.012266719,0.071599014
7389.999,6.153281,-0.003789645,221320,890.9042321581342,138.07848666381997,6853.5425,5.1886835,2995.9487,2.008543,7389.999,6.153281,0,,,,,890.9042321581342,0.0005147624,138.07848666381997,0.0006520393,0.011388846,0.07194264
7400.9414,6.153186,-0.0037895006,221321,890.9033720225397,138.07888161879302,6863.4106,5.188603,2989.6992,2.0065005,7400.9414,6.153186,0,,,,,890.9033720225397,0.0005140249,138.07888161879302,0.0006512893,0.011566788,0.072517015
7392.789,6.1529036,-0.003789356,221322,890.904793109299,138.07894701182167,6856.7236,5.188365,2995.9292,2.0076416,7392.789,6.1529036,0,,,,,890.904793109299,0.0005145362,138.07894701182167,0.0006515821,0.012572303,0.07221538
7386.0425,6.153068,-0.0037892116,221323,890.9050062121141,138.07766198099048,6849.341,5.1885037,2998.0107,2.0083983,7386.0425,6.153068,0,,,,,890.9050062121141,0.0005151963,138.07766198099048,0.0006523251,0.011416669,0.071511306
7387.9595,6.153399,-0.003789067,221324,890.9043666538447,138.07810917189792,6852.403,5.1887827,2998.1477,2.0087395,7387.9595,6.153399,0,,,,,890.9043666538447,0.0005149773,138.07810917189792,0.00065192813,0.012067411,0.072732724
7400.235,6.1576962,-0.0037889224,221325,890.9047109975097,138.07881061385672,6862.3413,5.192406,2999.124,2.0090876,7400.235,6.1576962,0,,,,,890.9047109975097,0.00051463896,138.07881061385672,0.00065144536,0.011525682,0.0719031
7396.2295,6.160086,-0.0037887776,221326,890.9050975387794,138.07848940294394,6858.8794,5.1944213,3006.3748,2.01238,7396.2295,6.160086,0,,,,,890.9050975387794,0.0005152118,138.07848940294394,0.0006520475,0.012380133,0.07141364
7391.1494,6.158622,-0.003788633,221327,890.9046283342727,138.07895621425283,6854.53,5.1931868,3008.9258,2.0117922,7391.1494,6.158622,0,,,,,890.9046283342727,0.0005152725,138.07895621425283,0.00065242196,0.011858096,0.07226541
7391.1123,6.1634326,-0.0037884885,221328,890.9040082048815,138.07849830744195,6854.4854,5.197243,3020.8826,2.0159733,7391.1123,6.1634326,0,,,,,890.9040082048815,0.0005153816,138.07849830744195,0.0006530848,0.010893645,0.07245335
7402.963,6.1696153,-0.0037883436,221329,890.9046058772814,138.07812740790467,6864.4067,5.202457,3030.1077,2.0179918,7402.963,6.1696153,0,,,,,890.9046058772814,0.0005154025,138.07812740790467,0.00065275776,0.0125381695,0.07206534
7390.1284,6.1716523,-0.0037881988,221330,890.9045621604483,138.0786837377939,6854.004,5.2041745,3041.1523,2.0221138,7390.1284,6.1716523,0,,,,,890.9045621604483,0.00051612104,138.0786837377939,0.0006540419,0.011582028,0.07159993
7395.563,6.1789937,-0.003788054,221331,890.9048274499722,138.0775764614541,6858.3906,5.210365,3053.9097,2.025549,7395.563,6.1789937,0,,,,,890.9048274499722,0.00051661854,138.0775764614541,0.00065471005,0.012050487,0.07232088
7392.234,6.18263,-0.0037879092,221332,890.9034690177905,138.07885208503816,6855.886,5.2134314,3068.4565,2.0292783,7392.234,6.18263,0,,,,,890.9034690177905,0.00051691564,138.07885208503816,0.00065511017,0.012144925,0.0717372
7403.91,6.1882854,-0.0037877643,221333,890.9055640398789,138.07697389349806,6864.7944,5.2181997,3078.8357,2.0315976,7403.91,6.1882854,0,,,,,890.9055640398789,0.00051702466,138.07697389349806,0.000655116,0.012395312,0.0714644
7384.955,6.190511,-0.0037876195,221334,890.9051966117488,138.07866149308018,6849.633,5.220077,3095.6667,2.0359044,7384.955,6.190511,0,,,,,890.9051966117488,0.00051809096,138.07866149308018,0.0006564685,0.011918006,0.07224544
7390.3486,6.2013607,-0.0037874745,221335,890.9042293748886,138.07833193049194,6854.2485,5.2292256,3115.4004,2.041996,7390.3486,6.2013607,0,,,,,890.9042293748886,0.00051864795,138.07833193049194,0.00065769284,0.011460691,0.07219585
7387.857,6.2050877,-0.0037873297,221336,890.9039671114347,138.07840825063204,6852.3965,5.2323685,3131.152,2.0465412,7387.857,6.2050877,0,,,,,890.9039671114347,0.00051893387,138.07840825063204,0.000658232,0.012136914,0.07241392
7389.6846,6.2150497,-0.0037871846,221337,890.9038878578854,138.07780692420752,6853.8965,5.240769,3156.2222,2.0532737,7389.6846,6.2150497,0,,,,,890.9038878578854,0.00051959534,138.07780692420752,0.0006591191,0.011886815,0.07115195
7387.109,6.221037,-0.0037870395,221338,890.9034847767371,138.07742870930437,6851.5913,5.2458177,3172.1973,2.0577502,7387.109,6.221037,0,,,,,890.9034847767371,0.0005201868,138.07742870930437,0.0006604081,0.011585985,0.07183943
7394.5303,6.2285,-0.0037868945,221339,890.903952935491,138.0779971001306,6857.06,5.2521105,3187.9956,2.062057,7394.5303,6.2285,0,,,,,890.903952935491,0.0005205243,138.0779971001306,0.00066082337,0.011312637,0.072049834
7392.613,6.237508,-0.0037867494,221340,890.9049918918023,138.0781713491763,6855.919,5.259706,3211.4253,2.0689423,7392.613,6.237508,0,,,,,890.9049918918023,0.0005213204,138.0781713491763,0.0006617563,0.012283144,0.071403064
7391.355,6.2447276,-0.0037866042,221341,890.9040704615883,138.07783862156646,6855.021,5.2657943,3230.8408,2.073625,7391.355,6.2447276,0,,,,,890.9040704615883,0.0005217641,138.07783862156646,0.0006627978,0.012671669,0.07190152
7394.073,6.25295,-0.003786459,221342,890.9037459692878,138.07883380053974,6856.458,5.2727275,3252.0144,2.0791597,7394.073,6.25295,0,,,,,890.9037459692878,0.0005224409,138.07883380053974,0.0006638123,0.011214413,0.072018564
7395.5083,6.2626877,-0.0037863138,221343,890.9041334591616,138.07769659180252,6858.8174,5.280939,3274.6711,2.0855472,7395.5083,6.2626877,0,,,,,890.9041334591616,0.00052312185,138.07769659180252,0.0006646125,0.012171704,0.07103734
7392.162,6.2678986,-0.0037861685,221344,890.9040999251196,138.07739384286893,6855.1157,5.2853327,3290.7656,2.0902448,7392.162,6.2678986,0,,,,,890.9040999251196,0.0005236892,138.07739384286893,0.0006657696,0.012617225,0.07169887
7398.875,6.2774706,-0.0037860232,221345,890.904724826396,138.07759539776987,6861.3096,5.2934046,3310.0664,2.0950603,7398.875,6.2774706,0,,,,,890.904724826396,0.0005238112,138.07759539776987,0.00066649454,0.011793702,0.071658336
7388.8384,6.2813406,-0.003785878,221346,890.904217235586,138.0783265048135,6852.2803,5.296668,3328.6106,2.1019876,7388.8384,6.2813406,0,,,,,890.904217235586,0.00052493636,138.0783265048135,0.00066755567,0.012104948,0.07198125
7401.6465,6.292279,-0.0037857327,221347,890.903582131871,138.07867852370381,6863.029,5.305891,3348.179,2.1058939,7401.6465,6.292279,0,,,,,890.903582131871,0.0005253835,138.07867852370381,0.0006677286,0.01111729,0.072344445
7393.8506,6.2977242,-0.0037855874,221348,890.9040679819444,138.07708921270873,6856.969,5.310483,3370.0881,2.111375,7393.8506,6.2977242,0,,,,,890.9040679819444,0.00052603864,138.07708921270873,0.00066897454,0.011646346,0.07186616
7397.3765,6.304813,-0.0037854419,221349,890.9029382262183,138.07791483332795,6859.9487,5.3164606,3387.7434,2.115818,7397.3765,6.304813,0,,,,,890.9029382262183,0.0005263489,138.07791483332795,0.000669514,0.01197097,0.07180903
7396.8257,6.3140144,-0.0037852966,221350,890.9044646909111,138.07759317377344,6859.8135,5.3242197,3409.0159,2.1217077,7396.8257,6.3140144,0,,,,,890.9044646909111,0.0005272404,138.07759317377344,0.0006707301,0.011297798,0.0714505
7405.415,6.322445,-0.003785151,221351,890.9038785113858,138.07725592031989,6866.289,5.3313284,3428.4578,2.1271946,7405.415,6.322445,0,,,,,890.9038785113858,0.0005272132,138.07725592031989,0.00067105365,0.012159367,0.071768954
7394.9585,6.3261747,-0.0037850055,221352,890.9043080759794,138.07816781753846,6858.5127,5.3344736,3443.8257,2.131575,7394.9585,6.3261747,0,,,,,890.9043080759794,0.0005283174,138.07816781753846,0.0006724427,0.012268126,0.070695855
7412.6685,6.3369193,-0.00378486,221353,890.9041080118249,138.07789957232782,6872.6655,5.3435335,3459.3872,2.135394,7412.6685,6.3369193,0,,,,,890.9041080118249,0.0005281529,138.07789957232782,0.0006725483,0.011554443,0.07202177
7403.0776,6.341228,-0.0037847145,221354,890.9029359324694,138.07726335977404,6864.335,5.347167,3479.0496,2.1408384,7403.0776,6.341228,0,,,,,890.9029359324694,0.00052883424,138.07726335977404,0.0006733812,0.011344401,0.07121386
7388.5317,6.342711,-0.0037845687,221355,890.9033928698575,138.07802898345713,6851.448,5.3484173,3493.6248,2.1448498,7388.5317,6.342711,0,,,,,890.9033928698575,0.00053024443,138.07802898345713,0.00067496416,0.012308478,0.07161729
7396.4873,6.3492,-0.0037844232,221356,890.9035831306447,138.07762258327762,6858.2227,5.353889,3505.0308,2.1481853,7396.4873,6.3492,0,,,,,890.9035831306447,0.0005299549,138.07762258327762,0.0006752787,0.011488127,0.07122474
7402.118,6.3548574,-0.0037842775,221357,890.9031071435476,138.07828123543078,6864.5317,5.35866,3516.0369,2.1502411,7402.118,6.3548574,0,,,,,890.9031071435476,0.0005300058,138.07828123543078,0.0006751896,0.012117482,0.071949326
7397.671,6.3589654,-0.0037841317,221358,890.90367904871,138.0769751978117,6860.795,5.362124,3529.304,2.1534042,7397.671,6.3589654,0,,,,,890.90367904871,0.00053057354,138.0769751978117,0.00067635725,0.011948363,0.07079066
7402.451,6.362015,-0.003783986,221359,890.9033573761174,138.07913549397887,6864.215,5.3646955,3536.6172,2.155374,7402.451,6.362015,0,,,,,890.9033573761174,0.00053057144,138.07913549397887,0.0006758568,0.011574951,0.072496034
7388.43,6.365077,-0.0037838402,221360,890.902710808745,138.0778436452094,6852.9004,5.3672776,3548.5098,2.1588652,7388.43,6.365077,0,,,,,890.902710808745,0.0005317289,138.0778436452094,0.0006775708,0.011470336,0.07194971
7405.801,6.3695097,-0.0037836945,221361,890.9025024281437,138.07890033381656,6867.572,5.371015,3552.9866,2.159809,7405.801,6.3695097,0,,,,,890.9025024281437,0.000530922,138.07890033381656,0.00067680696,0.011026316,0.072144195
7396.987,6.368182,-0.0037835487,221362,890.9033101950296,138.07777031444076,6859.4033,5.3698955,3556.8535,2.160609,7396.987,6.368182,0,,,,,890.9033101950296,0.00053150236,138.07777031444076,0.00067776395,0.011593729,0.07151183
7396.735,6.372263,-0.0037834027,221363,890.9038258022731,138.07730963254127,6858.2085,5.373337,3564.136,2.1624284,7396.735,6.372263,0,,,,,890.9038258022731,0.00053208333,138.07730963254127,0.00067816593,0.011934364,0.070934236
7388.2764,6.37254,-0.003783257,221364,890.9042658890069,138.0776380293523,6851.8467,5.3735704,3571.488,2.1642833,7388.2764,6.37254,0,,,,,890.9042658890069,0.0005322721,138.0776380293523,0.0006787139,0.012316382,0.071174815
7388.163,6.3745127,-0.003783111,221365,890.9034708693517,138.07785018439574,6852.3535,5.375234,3575.3716,2.1663356,7388.163,6.3745127,0,,,,,890.9034708693517,0.0005323207,138.07785018439574,0.00067891297,0.012058171,0.07217422
7397.213,6.3777437,-0.003782965,221366,890.9039309176602,138.07771620711708,6859.7217,5.377959,3579.879,2.1665947,7397.213,6.3777437,0,,,,,890.9039309176602,0.0005321865,138.07771620711708,0.0006786529,0.012363238,0.07184813
7391.257,6.3790803,-0.003782819,221367,890.9048245911687,138.07622794271526,6854.503,5.3790855,3583.0994,2.1693716,7391.257,6.3790803,0,,,,,890.9048245911687,0.00053279253,138.07622794271526,0.00067905674,0.011687946,0.07029627
7392.4233,6.3806534,-0.003782673,221368,890.9043484374064,138.07809891159346,6855.6245,5.380412,3590.9153,2.1699646,7392.4233,6.3806534,0,,,,,890.9043484374064,0.0005327929,138.07809891159346,0.0006791972,0.012345475,0.07182358
7410.2026,6.3844657,-0.0037825268,221369,890.903177350682,138.07856454546345,6870.588,5.383627,3591.2705,2.1697927,7410.2026,6.3844657,0,,,,,890.903177350682,0.00053200935,138.07856454546345,0.000678472,0.0119009325,0.07134222
7401.0127,6.383477,-0.0037823808,221370,890.9035295550274,138.07836190158898,6862.562,5.382793,3595.6565,2.1703892,7401.0127,6.383477,0,,,,,890.9035295550274,0.0005323679,138.07836190158898,0.00067898375,0.011304781,0.071867175
7403.958,6.3858023,-0.0037822346,221371,890.9030469766831,138.07803019220947,6865.1934,5.3847537,3597.9478,2.1715884,7403.958,6.3858023,0,,,,,890.9030469766831,0.00053238065,138.07803019220947,0.0006787111,0.012085718,0.07232826
7380.907,6.3831553,-0.0037820884,221372,890.9040325182054,138.0775618480317,6846.023,5.382522,3602.48,2.173328,7380.907,6.3831553,0,,,,,890.9040325182054,0.000533542,138.0775618480317,0.00068071677,0.01229059,0.07156936
7405.413,6.3878255,-0.0037819422,221373,890.9028006271583,138.07875510532864,6866.5776,5.38646,3602.8206,2.1728122,7405.413,6.3878255,0,,,,,890.9028006271583,0.0005326048,138.07875510532864,0.00067891186,0.011955023,0.071550064
7399.9697,6.3877926,-0.003781796,221374,890.9024879742323,138.07834779539863,6862.233,5.386432,3604.0752,2.1732888,7399.9697,6.3877926,0,,,,,890.9024879742323,0.00053268956,138.07834779539863,0.0006795831,0.011693845,0.071203
7397.888,6.38688,-0.0037816497,221375,890.9040573791304,138.07820782928317,6861.0845,5.3856626,3604.8044,2.1733391,7397.888,6.38688,0,,,,,890.9040573791304,0.0005327926,138.07820782928317,0.0006793639,0.012096522,0.07155068
7405.286,6.3899975,-0.0037815035,221376,890.903504138434,138.07751330309898,6866.4453,5.3882914,3607.9214,2.1740167,7405.286,6.3899975,0,,,,,890.903504138434,0.0005329263,138.07751330309898,0.0006792479,0.011907588,0.071474485
7404.0747,6.3909388,-0.003781357,221377,890.9030170606253,138.0791569077881,6865.4272,5.3890853,3610.869,2.1749775,7404.0747,6.3909388,0,,,,,890.9030170606253,0.000532802,138.0791569077881,0.00067986426,0.012284495,0.07126915
7394.8057,6.391699,-0.0037812109,221378,890.9025976114625,138.07831149760838,6858.2715,5.3897257,3617.4292,2.176777,7394.8057,6.391699,0,,,,,890.9025976114625,0.00053324853,138.07831149760838,0.00068056665,0.012107774,0.07159689
7395.4565,6.392063,-0.0037810644,221379,890.9028039602309,138.0778375257194,6858.427,5.3900332,3613.075,2.176174,7395.4565,6.392063,0,,,,,890.9028039602309,0.0005337473,138.0778375257194,0.00068041496,0.011674843,0.071330026
7403.56,6.3927307,-0.003780918,221380,890.9016783660323,138.07849138606704,6865.0835,5.3905964,3616.941,2.1766756,7403.56,6.3927307,0,,,,,890.9016783660323,0.00053294864,138.07849138606704,0.00068007014,0.0111831045,0.071337834
7393.615,6.389651,-0.0037807715,221381,890.9037682254655,138.0789263285899,6856.9487,5.387999,3616.2817,2.1757448,7393.615,6.389651,0,,,,,890.9037682254655,0.00053355226,138.0789263285899,0.0006803071,0.012174707,0.07204448
7399.0063,6.3907013,-0.003780625,221382,890.9038273248303,138.07853185424864,6861.0024,5.388885,3613.8953,2.1753116,7399.0063,6.3907013,0,,,,,890.9038273248303,0.00053318724,138.07853185424864,0.00067994435,0.011466133,0.0716825
7407.499,6.394271,-0.0037804786,221383,890.9037743347287,138.07845201825984,6867.8623,5.391895,3617.4316,2.1771073,7407.499,6.394271,0,,,,,890.9037743347287,0.00053310697,138.07845201825984,0.0006797808,0.0122237075,0.07192539
7393.9395,6.3901405,-0.003780332,221384,890.9031935495876,138.0777197728865,6857.4214,5.3884115,3614.9873,2.1770375,7393.9395,6.3901405,0,,,,,890.9031935495876,0.0005331471,138.0777197728865,0.0006801241,0.0118569145,0.07108298
7403.268,6.3916435,-0.0037801855,221385,890.9031003792547,138.07922885849183,6865.43,5.38968,3614.864,2.1756089,7403.268,6.3916435,0,,,,,890.9031003792547,0.0005330263,138.07922885849183,0.0006795743,0.011334514,0.07208528
7404.2925,6.392655,-0.0037800388,221386,890.9027988558158,138.0786058379052,6866.728,5.390532,3615.6472,2.1756077,7404.2925,6.392655,0,,,,,890.9027988558158,0.00053284504,138.0786058379052,0.00067945203,0.011584143,0.07229303
7401.5625,6.39406,-0.003779892,221387,890.9028845451046,138.0775771348124,6862.6714,5.391717,3613.641,2.176219,7401.5625,6.39406,0,,,,,890.9028845451046,0.0005330515,138.0775771348124,0.0006805816,0.011352239,0.07134216
7399.01,6.3889494,-0.0037797454,221388,890.9039760274669,138.0771711121315,6861.475,5.387408,3610.4604,2.1747224,7399.01,6.3889494,0,,,,,890.9039760274669,0.0005330136,138.0771711121315,0.00067956204,0.012548521,0.07180246
7394.998,6.3873863,-0.0037795987,221389,890.9032053917919,138.0774001912417,6857.3394,5.3860893,3606.5784,2.1739588,7394.998,6.3873863,0,,,,,890.9032053917919,0.00053308916,138.0774001912417,0.00067984563,0.011869146,0.07143243
7400.6226,6.387053,-0.003779452,221390,890.9032745137326,138.07844691326443,6862.7104,5.3858085,3602.9526,2.1726246,7400.6226,6.387053,0,,,,,890.9032745137326,0.0005327594,138.07844691326443,0.000679453,0.011837682,0.07104513
7395.767,6.3842525,-0.0037793051,221391,890.9023189170351,138.07814911620233,6859.1924,5.383447,3594.7292,2.171592,7395.767,6.3842525,0,,,,,890.9023189170351,0.0005328862,138.07814911620233,0.0006796467,0.01096375,0.07167786
7399.1895,6.382779,-0.0037791585,221392,890.9034442701727,138.07675816266863,6861.1934,5.3822045,3592.7053,2.170348,7399.1895,6.382779,0,,,,,890.9034442701727,0.0005326369,138.07675816266863,0.0006790164,0.012029686,0.071418844
7399.0845,6.3796625,-0.0037790115,221393,890.9035301348928,138.07772732183992,6861.762,5.3795767,3582.6152,2.1674745,7399.0845,6.3796625,0,,,,,890.9035301348928,0.0005321344,138.07772732183992,0.0006785016,0.011624136,0.07169668
7402.6353,6.3797345,-0.0037788646,221394,890.9039990098736,138.07826407614948,6864.0874,5.3796372,3574.4924,2.1661246,7402.6353,6.3797345,0,,,,,890.9039990098736,0.00053173484,138.07826407614948,0.00067828485,0.012294437,0.07157024
7391.8643,6.370425,-0.0037787177,221395,890.9035180253837,138.07782654185596,6855.8325,5.3717875,3562.2456,2.1626294,7391.8643,6.370425,0,,,,,890.9035180253837,0.0005318288,138.07782654185596,0.00067787204,0.011625026,0.07142185
7395.2646,6.366807,-0.0037785708,221396,890.9034683114426,138.077704995188,6857.317,5.3687363,3553.1814,2.1604369,7395.2646,6.366807,0,,,,,890.9034683114426,0.0005314981,138.077704995188,0.00067737454,0.012117214,0.07148281
7396.068,6.3622184,-0.0037784239,221397,890.9036780230713,138.07688015247632,6858.0186,5.3648667,3539.841,2.1566095,7396.068,6.3622184,0,,,,,890.9036780230713,0.0005310299,138.07688015247632,0.00067675766,0.011272679,0.07131641
7398.952,6.3575487,-0.0037782767,221398,890.9039088537593,138.07788201901178,6861.062,5.3609295,3523.187,2.152523,7398.952,6.3575487,0,,,,,890.9039088537593,0.00053072505,138.07788201901178,0.0006758008,0.011225613,0.07163147
7402.4487,6.3550034,-0.0037781298,221399,890.9043754847618,138.07678610481975,6863.624,5.358783,3517.9023,2.150939,7402.4487,6.3550034,0,,,,,890.9043754847618,0.0005299059,138.07678610481975,0.0006747995,0.012606169,0.070695296
7404.954,6.352069,-0.0037779827,221400,890.902886747158,138.07926986935846,6866.6626,5.3563085,3502.3853,2.1475115,7404.954,6.352069,0,,,,,890.902886747158,0.00052951335,138.07926986935846,0.00067485153,0.011280736,0.07299505
7390.0654,6.342053,-0.0037778358,221401,890.9035063973489,138.07709139751876,6853.357,5.3478627,3484.5317,2.1417296,7390.0654,6.342053,0,,,,,890.9035063973489,0.00053018256,138.07709139751876,0.000674818,0.011838716,0.07145402
7394.6904,6.3373046,-0.0037776886,221402,890.9037298047535,138.0782239336576,6858.0596,5.3438587,3473.83,2.1393561,7394.6904,6.3373046,0,,,,,890.9037298047535,0.00052919256,138.0782239336576,0.00067397446,0.011979923,0.07117558
7393.806,6.33502,-0.0037775415,221403,890.9033539892087,138.07725336626854,6857.312,5.3419323,3460.5261,2.1363657,7393.806,6.33502,0,,,,,890.9033539892087,0.0005285275,138.07725336626854,0.00067368086,0.011738141,0.071640186
7405.1157,6.328649,-0.003777394,221404,890.9038412132672,138.0772403326714,6865.7495,5.3365602,3446.4187,2.131338,7405.1157,6.328649,0,,,,,890.9038412132672,0.0005279606,138.0772403326714,0.0006719065,0.011367696,0.07164864
7409.932,6.3272424,-0.003777247,221405,890.9027776072337,138.07924730614135,6870.804,5.335374,3433.5625,2.1286273,7409.932,6.3272424,0,,,,,890.9027776072337,0.0005272502,138.07924730614135,0.0006714656,0.011566234,0.07189683
7401.749,6.3192525,-0.0037770998,221406,890.9041991869551,138.07789102056068,6863.0024,5.328636,3421.7478,2.126082,7401.749,6.3192525,0,,,,,890.9041991869551,0.0005275016,138.07789102056068,0.00067112676,0.012233667,0.071351096
7404.2817,6.314269,-0.0037769524,221407,890.9040334583867,138.07890629237104,6865.949,5.3244343,3408.4927,2.1211712,7404.2817,6.314269,0,,,,,890.9040334583867,0.0005268279,138.07890629237104,0.0006700474,0.011302672,0.0716967
7388.5557,6.3099194,-0.003776805,221408,890.9035542799285,138.07726193482597,6852.6606,5.3207664,3401.021,2.1233797,7388.5557,6.3099194,0,,,,,890.9035542799285,0.0005272585,138.07726193482597,0.00067057705,0.011809576,0.07134002
7393.6,6.305377,-0.0037766576,221409,890.9036848503166,138.07687319603298,6856.7827,5.3169365,3392.1707,2.116906,7393.6,6.305377,0,,,,,890.9036848503166,0.0005267251,138.07687319603298,0.00067009183,0.011679302,0.071723334
7385.8774,6.300232,-0.0037765102,221410,890.904822270383,138.07789558729024,6850.462,5.3125978,3383.044,2.1145113,7385.8774,6.300232,0,,,,,890.904822270383,0.0005267779,138.07789558729024,0.00066989555,0.012756111,0.071765065
7401.074,6.3011913,-0.0037763629,221411,890.9036838726512,138.07753135593234,6864.183,5.313407,3373.194,2.112673,7401.074,6.3011913,0,,,,,890.9036838726512,0.00052582345,138.07753135593234,0.00066879444,0.011163251,0.07140591
7393.357,6.296567,-0.0037762155,221412,890.9041262127085,138.07736417450704,6856.2085,5.3095074,3369.9539,2.1112947,7393.357,6.296567,0,,,,,890.9041262127085,0.00052585267,138.07736417450704,0.0006689286,0.011875059,0.07139335
7394.581,6.295178,-0.003776068,221413,890.9036225272622,138.07878066733983,6857.7847,5.308336,3363.8997,2.1097128,7394.581,6.295178,0,,,,,890.9036225272622,0.0005257404,138.07878066733983,0.0006686021,0.011010204,0.07160229
7399.1763,6.2979126,-0.0037759205,221414,890.9042618426573,138.07718809993767,6861.7,5.310642,3360.7617,2.1109264,7399.1763,6.2979126,0,,,,,890.9042618426573,0.00052576885,138.07718809993767,0.0006686679,0.012398888,0.07149972
7404.1016,6.2917905,-0.003775773,221415,890.9045438572966,138.079618556841,6865.4624,5.3054795,3350.2651,2.1060598,7404.1016,6.2917905,0,,,,,890.9045438572966,0.0005249,138.079618556841,0.0006679589,0.011869822,0.07151557
7406.9214,6.292168,-0.0037756255,221416,890.9034313329029,138.0789704281603,6868.083,5.305798,3348.4949,2.1052332,7406.9214,6.292168,0,,,,,890.9034313329029,0.00052495534,138.0789704281603,0.00066718855,0.011560066,0.07254972
7400.119,6.288541,-0.0037754779,221417,890.9037273154834,138.0774735141892,6861.639,5.3027396,3345.2822,2.1043468,7400.119,6.288541,0,,,,,890.9037273154834,0.0005249137,138.0774735141892,0.00066753925,0.011533672,0.07139646
7396.1636,6.2886286,-0.0037753303,221418,890.9038998135054,138.07723221266477,6859.266,5.302813,3344.5615,2.1048794,7396.1636,6.2886286,0,,,,,890.9038998135054,0.0005252119,138.07723221266477,0.00066774717,0.012022872,0.071310535
7393.402,6.2857585,-0.0037751826,221419,890.9042541292307,138.0772431180111,6855.818,5.300393,3339.963,2.102941,7393.402,6.2857585,0,,,,,890.9042541292307,0.00052522187,138.0772431180111,0.00066775817,0.011856123,0.07159073
7400.2437,6.2865477,-0.0037750348,221420,890.9041377692747,138.0768124513827,6862.0527,5.3010583,3337.8027,2.1023538,7400.2437,6.2865477,0,,,,,890.9041377692747,0.00052478834,138.0768124513827,0.00066723704,0.012159284,0.07116101
7394.7993,6.28461,-0.0037748872,221421,890.9042555197066,138.07664232219872,6857.4873,5.299424,3337.1626,2.1022391,7394.7993,6.28461,0,,,,,890.9042555197066,0.0005249308,138.07664232219872,0.00066755095,0.011922122,0.071034126
7395.946,6.282593,-0.0037747393,221422,890.9045177817062,138.07816637471043,6858.4688,5.297724,3328.9514,2.1000967,7395.946,6.282593,0,,,,,890.9045177817062,0.00052475056,138.07816637471043,0.000667209,0.011189493,0.07178123
7385.6606,6.28356,-0.0037745917,221423,890.9038815451398,138.0770883250524,6850.84,5.298539,3330.0896,2.101112,7385.6606,6.28356,0,,,,,890.9038815451398,0.00052517495,138.0770883250524,0.00066799246,0.011857897,0.0717264
7396.622,6.284274,-0.0037744439,221424,890.9046852489794,138.07651327873592,6859.114,5.2991414,3326.3145,2.1008902,7396.622,6.284274,0,,,,,890.9046852489794,0.00052473595,138.07651327873592,0.0006671816,0.011570748,0.07147339
7395.8564,6.281351,-0.003774296,221425,890.9037787241474,138.07756417885935,6858.826,5.2966766,3326.5796,2.0993595,7395.8564,6.281351,0,,,,,890.9037787241474,0.00052455295,138.07756417885935,0.00066704524,0.0119098285,0.07169527
7397.1855,6.280513,-0.0037741482,221426,890.9039528744077,138.07718185706253,6859.9087,5.2959695,3323.6624,2.0985649,7397.1855,6.280513,0,,,,,890.9039528744077,0.0005244801,138.07718185706253,0.0006668231,0.012251893,0.07127815
7397.678,6.281851,-0.003774,221427,890.9041776138199,138.0773216311114,6859.541,5.2970977,3321.3467,2.0983748,7397.678,6.281851,0,,,,,890.9041776138199,0.00052456965,138.0773216311114,0.000667099,0.012559574,0.07160795
7396.9536,6.279217,-0.0037738523,221428,890.9041472434664,138.0769470524883,6860.1357,5.294877,3316.0215,2.0960808,7396.9536,6.279217,0,,,,,890.9041472434664,0.0005247706,138.0769470524883,0.00066628325,0.011527081,0.07185547
7397.6763,6.277442,-0.0037737044,221429,890.9047443954552,138.0773351165462,6860.8,5.2933803,3314.7751,2.0961344,7397.6763,6.277442,0,,,,,890.9047443954552,0.00052422617,138.0773351165462,0.00066641043,0.012147641,0.07126683
7404.56,6.2828794,-0.0037735563,221430,890.9043168994483,138.077139283375,6865.5757,5.297965,3315.3354,2.0971243,7404.56,6.2828794,0,,,,,890.9043168994483,0.0005244191,138.077139283375,0.00066664704,0.012168053,0.07137341
7399.658,6.278612,-0.0037734082,221431,890.9031899611782,138.07774017395266,6862.025,5.294367,3312.2646,2.095884,7399.658,6.278612,0,,,,,890.9031899611782,0.00052408426,138.07774017395266,0.0006667531,0.011323903,0.07188515
7405.7856,6.2780786,-0.0037732602,221432,890.9044148956958,138.07808554296133,6867.478,5.293917,3312.3564,2.095846,7405.7856,6.2780786,0,,,,,890.9044148956958,0.00052373426,138.07808554296133,0.00066575484,0.011577722,0.07085271
7394.96,6.2750416,-0.003773112,221433,890.9034109076985,138.07761403137584,6857.63,5.291356,3310.1387,2.0947218,7394.96,6.2750416,0,,,,,890.9034109076985,0.00052420393,138.07761403137584,0.00066647783,0.01143285,0.0716677
7399.3994,6.2769284,-0.003772964,221434,890.9038973274533,138.07822331739052,6861.6694,5.2929473,3307.8936,2.0950289,7399.3994,6.2769284,0,,,,,890.9038973274533,0.0005241337,138.07822331739052,0.00066616136,0.01166132,0.07173831
7396.6055,6.2762427,-0.003772816,221435,890.9042408500147,138.07726098850347,6858.227,5.292369,3310.0574,2.0950983,7396.6055,6.2762427,0,,,,,890.9042408500147,0.0005241499,138.07726098850347,0.00066672417,0.012068997,0.071762376
7395.308,6.275845,-0.0037726676,221436,890.9036565314559,138.07742464507365,6858.3096,5.2920337,3309.3384,2.0947883,7395.308,6.275845,0,,,,,890.9036565314559,0.00052406505,138.07742464507365,0.000666298,0.011632985,0.07106283
7391.378,6.272616,-0.0037725195,221437,890.9040760178071,138.07769415611986,6854.614,5.289311,3305.5054,2.0938354,7391.378,6.272616,0,,,,,890.9040760178071,0.0005241468,138.07769415611986,0.0006660024,0.012070694,0.07104036
7395.6646,6.2735558,-0.0037723712,221438,890.9036145210516,138.07876486527758,6857.859,5.290103,3305.702,2.0936978,7395.6646,6.2735558,0,,,,,890.9036145210516,0.00052398595,138.07876486527758,0.0006661695,0.011391127,0.0721373
7404.197,6.2751775,-0.003772223,221439,890.9049322492632,138.07773938418424,6865.9536,5.2914705,3305.1616,2.09354,7404.197,6.2751775,0,,,,,890.9049322492632,0.0005238207,138.07773938418424,0.0006652042,0.012149173,0.071664274
7402.7256,6.2734094,-0.0037720746,221440,890.9045204598061,138.0779942205157,6864.7026,5.2899795,3302.826,2.09273,7402.7256,6.2734094,0,,,,,890.9045204598061,0.0005235941,138.0779942205157,0.0006652442,0.012156074,0.071906686
7387.9795,6.272527,-0.0037719263,221441,890.903935621181,138.07715935934803,6852.2246,5.2892356,3306.4849,2.0945563,7387.9795,6.272527,0,,,,,890.903935621181,0.0005242408,138.07715935934803,0.0006665696,0.011519939,0.07095525
7401.6387,6.2727923,-0.003771778,221442,890.903957051707,138.07813801055144,6863.1445,5.289459,3300.9507,2.0924263,7401.6387,6.2727923,0,,,,,890.903957051707,0.0005237137,138.07813801055144,0.0006653956,0.012453806,0.07175584
7386.0376,6.269427,-0.0037716297,221443,890.9045007398288,138.0775199651455,6850.1274,5.2866216,3297.2974,2.0922809,7386.0376,6.269427,0,,,,,890.9045007398288,0.00052445,138.0775199651455,0.0006662811,0.011836047,0.07139053
7404.3364,6.2721276,-0.003771481,221444,890.9035673980708,138.07664077682958,6865.82,5.2888994,3290.8525,2.09186,7404.3364,6.2721276,0,,,,,890.9035673980708,0.0005232726,138.07664077682958,0.0006650227,0.011658219,0.0717544
7399.1855,6.267244,-0.0037713328,221445,890.9043884726061,138.07811626678145,6861.8364,5.284781,3282.285,2.0891578,7399.1855,6.267244,0,,,,,890.9043884726061,0.00052329444,138.07811626678145,0.00066483166,0.011631405,0.071637966
7399.09,6.2649193,-0.0037711842,221446,890.9046436255273,138.0783359179183,6861.6167,5.28282,3281.9575,2.0871756,7399.09,6.2649193,0,,,,,890.9046436255273,0.0005230518,138.0783359179183,0.00066444173,0.0119659435,0.07169475
7403.4336,6.265031,-0.0037710357,221447,890.9036453389501,138.07606711157067,6864.8804,5.282914,3277.9421,2.0866709,7403.4336,6.265031,0,,,,,890.9036453389501,0.00052287575,138.07606711157067,0.00066441117,0.011753622,0.07105165
7393.552,6.260823,-0.0037708872,221448,890.9052142154061,138.07822604504247,6856.413,5.2793665,3271.8044,2.0854802,7393.552,6.260823,0,,,,,890.9052142154061,0.00052304415,138.07822604504247,0.00066439057,0.012380376,0.07117888
7403.31,6.25966,-0.0037707386,221449,890.9041268729434,138.07727021740854,6863.707,5.2783856,3265.7769,2.083022,7403.31,6.25966,0,,,,,890.9041268729434,0.00052230654,138.07727021740854,0.0006639582,0.011679169,0.07179135
7397.667,6.256962,-0.00377059,221450,890.9043296677082,138.07879940586585,6860.32,5.2761106,3259.9866,2.0817282,7397.667,6.256962,0,,,,,890.9043296677082,0.0005224622,138.07879940586585,0.0006639582,0.011261658,0.071539626
7414.899,6.2527575,-0.0037704415,221451,890.9045734297222,138.07739247435933,6874.6304,5.2725654,3240.1638,2.0762649,7414.899,6.2527575,0,,,,,890.9045734297222,0.00052129786,138.07739247435933,0.0006617494,0.011939345,0.072091706
7395.2075,6.2468357,-0.0037702927,221452,890.9039000892022,138.07676136467464,6858.3774,5.267572,3233.4993,2.0743902,7395.2075,6.2468357,0,,,,,890.9039000892022,0.00052190997,138.07676136467464,0.00066280144,0.011817713,0.071400166
7387.299,6.240294,-0.0037701442,221453,890.9039643071121,138.07667618219872,6851.659,5.2620554,3222.0967,2.0714755,7387.299,6.240294,0,,,,,890.9039643071121,0.0005219635,138.07667618219872,0.00066268636,0.011725846,0.07121681
7389.014,6.235519,-0.0037699954,221454,890.9049422510465,138.07712169276923,6852.342,5.258029,3211.7876,2.0684173,7389.014,6.235519,0,,,,,890.9049422510465,0.00052145973,138.07712169276923,0.0006620638,0.011850029,0.07105372
7408.573,6.2351866,-0.0037698466,221455,890.9044819861999,138.07938610372128,6868.9014,5.2577486,3196.5107,2.0645452,7408.573,6.2351866,0,,,,,890.9044819861999,0.00052038353,138.07938610372128,0.00066054484,0.01223902,0.07245349
7399.593,6.231232,-0.0037696979,221456,890.9038455970781,138.0788285825541,6860.954,5.2544146,3186.9626,2.0623608,7399.593,6.231232,0,,,,,890.9038455970781,0.00052011036,138.0788285825541,0.00066088483,0.011642746,0.07149395
7394.1846,6.222433,-0.003769549,221457,890.9037183514422,138.07850035917588,6857.251,5.2469945,3173.9712,2.0579274,7394.1846,6.222433,0,,,,,890.9037183514422,0.00051994063,138.07850035917588,0.0006601006,0.012045153,0.07139595
7408.763,6.221193,-0.0037694003,221458,890.9040944527017,138.07743325993465,6870.0522,5.245949,3157.7388,2.0535555,7408.763,6.221193,0,,,,,890.9040944527017,0.00051886094,138.07743325993465,0.00065870734,0.011798187,0.0721086
7401.51,6.2148414,-0.0037692515,221459,890.9038006131182,138.0778627868076,6863.0615,5.240593,3149.4304,2.0521166,7401.51,6.2148414,0,,,,,890.9038006131182,0.0005189843,138.0778627868076,0.00065823586,0.010996652,0.071114294
7398.4785,6.212785,-0.0037691025,221460,890.9042712044952,138.0783207061405,6861.1367,5.238859,3140.628,2.049153,7398.4785,6.212785,0,,,,,890.9042712044952,0.0005189927,138.0783207061405,0.0006585893,0.0120997885,0.07192964
7408.2075,6.20841,-0.0037689537,221461,890.9050583751297,138.07757094373892,6867.8687,5.23517,3131.2512,2.0463212,7408.2075,6.20841,0,,,,,890.9050583751297,0.0005182279,138.07757094373892,0.00065741333,0.012327012,0.07212854
7394.309,6.204758,-0.0037688047,221462,890.9033515216081,138.0773958168364,6857.2427,5.2320905,3124.1558,2.0444186,7394.309,6.204758,0,,,,,890.9033515216081,0.00051876827,138.0773958168364,0.00065813167,0.012443513,0.071793355
7405.3613,6.2022696,-0.0037686557,221463,890.9040937373584,138.0776429890913,6865.542,5.229992,3114.935,2.0433822,7405.3613,6.2022696,0,,,,,890.9040937373584,0.00051782717,138.0776429890913,0.0006568997,0.0125332335,0.07099123
7388.0083,6.1981025,-0.0037685067,221464,890.9048981600671,138.07800956556014,6851.9795,5.2264786,3112.1582,2.041479,7388.0083,6.1981025,0,,,,,890.9048981600671,0.00051859533,138.07800956556014,0.0006575126,0.012334576,0.07218817
7398.596,6.1981854,-0.0037683577,221465,890.9049713621579,138.07810816459855,6861.408,5.2265477,3108.7014,2.039869,7398.596,6.1981854,0,,,,,890.9049713621579,0.00051771116,138.07810816459855,0.0006567844,0.0124672875,0.07158387
7387.6406,6.192691,-0.0037682087,221466,890.9035244495066,138.0779761722231,6851.601,5.221915,3101.2043,2.0373857,7387.6406,6.192691,0,,,,,890.9035244495066,0.0005180853,138.0779761722231,0.0006567346,0.011603636,0.07188113
7390.365,6.194233,-0.0037680594,221467,890.9040344735807,138.078763436702,6854.289,5.223215,3101.0698,2.0384374,7390.365,6.194233,0,,,,,890.9040344735807,0.0005180473,138.078763436702,0.0006567967,0.010996514,0.071828455
7398.65,6.194424,-0.0037679104,221468,890.9044767179042,138.0790509143382,6860.8745,5.2233763,3098.6147,2.0373433,7398.65,6.194424,0,,,,,890.9044767179042,0.0005175375,138.0790509143382,0.00065605965,0.011717827,0.07252484
7382.4116,6.192877,-0.0037677612,221469,890.9052936714842,138.07664676054827,6847.038,5.222071,3100.0957,2.0382652,7382.4116,6.192877,0,,,,,890.9052936714842,0.0005185396,138.07664676054827,0.00065717887,0.01224865,0.0709498
7404.1255,6.1976132,-0.0037676122,221470,890.904750457393,138.07710141439804,6865.572,5.226065,3100.9827,2.0380313,7404.1255,6.1976132,0,,,,,890.904750457393,0.000517435,138.07710141439804,0.00065601803,0.01241373,0.07203231
7401.762,6.194648,-0.003767463,221471,890.9043858584685,138.077972081576,6864.0127,5.223565,3098.492,2.0367975,7401.762,6.194648,0,,,,,890.9043858584685,0.00051732827,138.077972081576,0.0006560751,0.011851775,0.07196508
7402.8994,6.198763,-0.0037673137,221472,890.9048312979102,138.0778375523037,6864.05,5.227035,3106.3215,2.0400407,7402.8994,6.198763,0,,,,,890.9048312979102,0.00051759026,138.0778375523037,0.0006562694,0.013011303,0.07165443
7397.412,6.2008696,-0.0037671644,221473,890.9044786196039,138.07775354023667,6859.19,5.2288113,3111.5957,2.0416958,7397.412,6.2008696,0,,,,,890.9044786196039,0.000518065,138.07775354023667,0.00065694796,0.01178351,0.07199818
7400.926,6.203346,-0.0037670152,221474,890.9033315439834,138.07711511883983,6863.3574,5.2308993,3114.7832,2.042083,7400.926,6.203346,0,,,,,890.9033315439834,0.0005180287,138.07711511883983,0.0006569231,0.010482243,0.0716994
7408.225,6.204493,-0.0037668657,221475,890.9039066500592,138.07855617394682,6868.778,5.231867,3118.9595,2.042622,7408.225,6.204493,0,,,,,890.9039066500592,0.0005179073,138.07855617394682,0.0006568335,0.012422209,0.07176758
7403.907,6.2092175,-0.0037667165,221476,890.9051019496951,138.0786017500375,6865.0854,5.2358503,3133.6323,2.046859,7403.907,6.2092175,0,,,,,890.9051019496951,0.0005184753,138.0786017500375,0.00065759814,0.012389046,0.0720205
7405.814,6.211451,-0.003766567,221477,890.9044189064177,138.0771201781854,6867.386,5.2377343,3138.9878,2.0479975,7405.814,6.211451,0,,,,,890.9044189064177,0.0005184735,138.0771201781854,0.0006577375,0.011868658,0.07148686
7399.272,6.2133408,-0.0037664177,221478,890.903924159691,138.07755844808273,6861.286,5.239328,3149.2078,2.0506763,7399.272,6.2133408,0,,,,,890.903924159691,0.0005189327,138.07755844808273,0.00065866875,0.011653394,0.07181889
7396.5215,6.2168837,-0.0037662683,221479,890.9055678637051,138.0780666728306,6859.452,5.2423153,3157.7334,2.0536516,7396.5215,6.2168837,0,,,,,890.9055678637051,0.0005193772,138.0780666728306,0.0006591622,0.011806516,0.07124864
7391.6743,6.2229266,-0.0037661188,221480,890.9054562530486,138.07634321350326,6855.3047,5.247411,3173.362,2.058045,7391.6743,6.2229266,0,,,,,890.9054562530486,0.00052030914,138.07634321350326,0.0006601361,0.012222255,0.071772255
7391.6743,6.224518,-0.0037659693,221481,890.9049697419333,138.07700494978837,6854.859,5.2487526,3179.254,2.0612094,7391.6743,6.224518,0,,,,,890.9049697419333,0.00052047387,138.07700494978837,0.00066021027,0.01197742,0.072333395
7400.667,6.230759,-0.0037658198,221482,890.9038769462126,138.07631653909132,6862.647,5.254015,3191.9636,2.0631266,7400.667,6.230759,0,,,,,890.9038769462126,0.0005203654,138.07631653909132,0.00066056603,0.012180223,0.070997015
7396.996,6.235556,-0.0037656701,221483,890.9039044341056,138.0782465908058,6859.554,5.2580605,3205.5337,2.0665686,7396.996,6.235556,0,,,,,890.9039044341056,0.00052095426,138.0782465908058,0.0006612319,0.012405115,0.07199737
7400.1353,6.2409525,-0.0037655206,221484,890.9045427161301,138.07763442139841,6863.083,5.262611,3218.733,2.069962,7400.1353,6.2409525,0,,,,,890.9045427161301,0.0005211545,138.07763442139841,0.00066165254,0.012148191,0.07158946
7403.496,6.2464447,-0.0037653712,221485,890.9040623842914,138.07867848038447,6864.84,5.267242,3230.4573,2.0728838,7403.496,6.2464447,0,,,,,890.9040623842914,0.0005214413,138.07867848038447,0.00066238904,0.011140916,0.07163306
7405.5977,6.252974,-0.0037652215,221486,890.9047789145939,138.0764230721283,6865.277,5.272748,3246.01,2.0783222,7405.5977,6.252974,0,,,,,890.9047789145939,0.0005219165,138.0764230721283,0.0006629442,0.013020957,0.071745045
7407.1465,6.25675,-0.0037650717,221487,890.9043889070219,138.0771904128515,6867.9165,5.2759323,3254.179,2.0800838,7407.1465,6.25675,0,,,,,890.9043889070219,0.00052198913,138.0771904128515,0.000663394,0.011714084,0.07154284
7408.73,6.265253,-0.003764922,221488,890.9040113106499,138.07636612635466,6869.0464,5.283102,3276.6194,2.0860846,7408.73,6.265253,0,,,,,890.9040113106499,0.00052257796,138.07636612635466,0.00066398975,0.011924314,0.07178919
7410.421,6.2705846,-0.0037647723,221489,890.9037834716454,138.07711042053626,6870.7676,5.2875977,3289.995,2.0898116,7410.421,6.2705846,0,,,,,890.9037834716454,0.0005229782,138.07711042053626,0.000664433,0.011349125,0.071557805
7410.501,6.275308,-0.0037646226,221490,890.9048684483183,138.0768580022052,6870.8345,5.2915807,3303.7957,2.0936847,7410.501,6.275308,0,,,,,890.9048684483183,0.0005232545,138.0768580022052,0.0006648974,0.012446227,0.071862124
7399.193,6.27976,-0.003764473,221491,890.9045668853956,138.07628448224733,6861.593,5.295335,3321.7327,2.0980673,7399.193,6.27976,0,,,,,890.9045668853956,0.000524146,138.07628448224733,0.0006659487,0.011986593,0.0713016
7399.308,6.282862,-0.0037643232,221492,890.904168060392,138.07883949930607,6862.872,5.2979507,3328.8088,2.0996056,7399.308,6.282862,0,,,,,890.904168060392,0.0005243162,138.07883949930607,0.0006666653,0.011726679,0.071678594
7406.096,6.28861,-0.0037641732,221493,890.9033570680391,138.07838096585,6867.4263,5.302798,3342.0337,2.1032705,7406.096,6.28861,0,,,,,890.9033570680391,0.0005244673,138.07838096585,0.0006669235,0.012303467,0.07222836
7400.2734,6.2957754,-0.0037640235,221494,890.905030311624,138.07693414910563,6861.893,5.3088393,3359.0615,2.10837,7400.2734,6.2957754,0,,,,,890.905030311624,0.00052580866,138.07693414910563,0.0006678975,0.011870253,0.071290456
7408.3027,6.299045,-0.0037638736,221495,890.9047408772451,138.07714180097364,6869.5747,5.311597,3367.7969,2.1100247,7408.3027,6.299045,0,,,,,890.9047408772451,0.0005252603,138.07714180097364,0.00066804205,0.012402665,0.07183668
7410.645,6.3045974,-0.0037637237,221496,890.904184049273,138.0775328587981,6872.2495,5.316279,3378.0989,2.1131275,7410.645,6.3045974,0,,,,,890.904184049273,0.0005253754,138.0775328587981,0.0006682921,0.011698628,0.071386285
7398.9766,6.3097663,-0.0037635737,221497,890.9040223348071,138.07751705367662,6861.0684,5.320637,3392.9282,2.1185987,7398.9766,6.3097663,0,,,,,890.9040223348071,0.00052705704,138.07751705367662,0.0006700182,0.0120854555,0.07167215
7394.0137,6.309538,-0.0037634238,221498,890.9042585707421,138.07743531534024,6857.4487,5.320445,3402.3147,2.1198564,7394.0137,6.309538,0,,,,,890.9042585707421,0.0005269619,138.07743531534024,0.000670363,0.012192056,0.07140381
7413.4233,6.3148975,-0.0037632738,221499,890.9041515460657,138.07635012686458,6873.2085,5.3249645,3405.6416,2.120788,7413.4233,6.3148975,0,,,,,890.9041515460657,0.0005263932,138.07635012686458,0.0006698079,0.012509195,0.07149914
7407.795,6.318331,-0.0037631239,221500,890.9036125448366,138.07783927653952,6868.1733,5.327859,3418.0015,2.1234698,7407.795,6.318331,0,,,,,890.9036125448366,0.0005270062,138.07783927653952,0.00067109324,0.012172352,0.0714628
7406.709,6.322502,-0.0037629737,221501,890.904648731977,138.07707525171907,6867.3057,5.3313766,3426.5518,2.126155,7406.709,6.322502,0,,,,,890.904648731977,0.0005271776,138.07707525171907,0.0006711379,0.012263626,0.07129171
7411.081,6.323693,-0.0037628238,221502,890.9037177719714,138.07726339331333,6871.3384,5.332381,3429.2468,2.126746,7411.081,6.323693,0,,,,,890.9037177719714,0.0005269072,138.07726339331333,0.0006709102,0.012118258,0.07194655
7407.8955,6.3263464,-0.0037626736,221503,890.9042857063558,138.07703837076153,6868.6963,5.334618,3436.967,2.1289637,7407.8955,6.3263464,0,,,,,890.9042857063558,0.0005273491,138.07703837076153,0.00067143043,0.011794252,0.07138081
7405.968,6.328652,-0.0037625234,221504,890.9035978742821,138.07764413829995,6868.2715,5.3365626,3445.3938,2.131081,7405.968,6.328652,0,,,,,890.9035978742821,0.00052767823,138.07764413829995,0.00067198934,0.011460134,0.07211911
7405.5723,6.3286777,-0.0037623732,221505,890.9044650797927,138.0771071247861,6865.9297,5.336584,3445.283,2.1317387,7405.5723,6.3286777,0,,,,,890.9044650797927,0.0005276404,138.0771071247861,0.00067225145,0.012501722,0.07136645
7405.4146,6.331407,-0.003762223,221506,890.903077801673,138.0777875040469,6866.387,5.3388853,3452.902,2.133249,7405.4146,6.331407,0,,,,,890.903077801673,0.0005282085,138.0777875040469,0.0006722155,0.010967055,0.07133262
7396.216,6.331046,-0.0037620729,221507,890.9037341251359,138.07737375035128,6858.583,5.338581,3458.364,2.1344166,7396.216,6.331046,0,,,,,890.9037341251359,0.0005284992,138.07737375035128,0.00067284255,0.011608038,0.07192915
7412.854,6.3385153,-0.0037619227,221508,890.9044064200876,138.0771604655801,6872.739,5.3448796,3459.6816,2.1355925,7412.854,6.3385153,0,,,,,890.9044064200876,0.0005285913,138.0771604655801,0.0006725916,0.012039561,0.07175257
7404.8535,6.337118,-0.0037617725,221509,890.9032912171396,138.0770171281182,6865.673,5.3437014,3463.75,2.1389709,7404.8535,6.337118,0,,,,,890.9032912171396,0.0005285896,138.0770171281182,0.0006728875,0.012235031,0.07192598
7395.7793,6.333994,-0.0037616221,221510,890.9041580676034,138.07731504466236,6857.518,5.341067,3465.5098,2.1364489,7395.7793,6.333994,0,,,,,890.9041580676034,0.0005289636,138.07731504466236,0.0006735051,0.012495934,0.0715766
7408.687,6.337944,-0.003761472,221511,890.9038036366951,138.077314315189,6869.6597,5.344398,3468.3672,2.1372738,7408.687,6.337944,0,,,,,890.9038036366951,0.00052813196,138.077314315189,0.0006727205,0.012079604,0.07148947
7412.5293,6.340402,-0.0037613215,221512,890.9043914092932,138.0783936866677,6871.9727,5.3464704,3468.506,2.1374469,7412.5293,6.340402,0,,,,,890.9043914092932,0.00052863255,138.0783936866677,0.00067286345,0.012359501,0.07132574
7420.546,6.340089,-0.0037611711,221513,890.903002829334,138.07885824289013,6879.045,5.3462067,3468.4883,2.1376426,7420.546,6.340089,0,,,,,890.903002829334,0.00052778795,138.07885824289013,0.0006722019,0.011323002,0.071997374
7415.0493,6.340365,-0.0037610207,221514,890.9037206209766,138.07710335876666,6874.6255,5.3464394,3469.6504,2.1380312,7415.0493,6.340365,0,,,,,890.9037206209766,0.0005281464,138.07710335876666,0.0006728165,0.012477344,0.07115921
7413.257,6.340184,-0.0037608703,221515,890.9033677564181,138.07829655688406,6872.1426,5.346287,3473.435,2.139065,7413.257,6.340184,0,,,,,890.9033677564181,0.00052835175,138.07829655688406,0.00067291147,0.01240226,0.071296886
7407.3105,6.3398294,-0.00376072,221516,890.9029517467645,138.07755663859868,6868.167,5.345988,3473.7031,2.1396446,7407.3105,6.3398294,0,,,,,890.9029517467645,0.00052857876,138.07755663859868,0.00067303004,0.01267114,0.0717698
7398.1514,6.3392777,-0.0037605695,221517,890.9037351318676,138.07735016410103,6859.758,5.345523,3478.646,2.140247,7398.1514,6.3392777,0,,,,,890.9037351318676,0.00052901707,138.07735016410103,0.0006740107,0.011734249,0.072067425
7410.5806,6.339875,-0.003760419,221518,890.9034054307225,138.07775376167118,6870.6616,5.346026,3474.1348,2.1386638,7410.5806,6.339875,0,,,,,890.9034054307225,0.0005283853,138.07775376167118,0.0006729975,0.011310073,0.07153563
7411.7915,6.3397064,-0.0037602684,221519,890.9041854751803,138.0768810800948,6870.539,5.345884,3470.6401,2.1379893,7411.7915,6.3397064,0,,,,,890.9041854751803,0.0005286271,138.0768810800948,0.00067316025,0.013195673,0.07073082
7401.3047,6.337383,-0.003760118,221520,890.9039837811832,138.07834465004422,6862.3384,5.343925,3471.4253,2.1382813,7401.3047,6.337383,0,,,,,890.9039837811832,0.0005288373,138.07834465004422,0.00067343615,0.011752175,0.07173842
7416.454,6.3396153,-0.0037599674,221521,890.9039423596989,138.07740398087225,6874.756,5.3458076,3469.3608,2.138301,7416.454,6.3396153,0,,,,,890.9039423596989,0.00052811275,138.07740398087225,0.00067242055,0.012371805,0.07119674
7406.132,6.339875,-0.0037598168,221522,890.9032722196159,138.07833110214997,6867.4033,5.346026,3471.372,2.1406655,7406.132,6.339875,0,,,,,890.9032722196159,0.0005283512,138.07833110214997,0.0006732651,0.011402561,0.07251091
7419.5137,6.3420277,-0.003759666,221523,890.9045709682539,138.07714542192917,6877.8394,5.3478413,3471.4995,2.1381123,7419.5137,6.3420277,0,,,,,890.9045709682539,0.0005281661,138.07714542192917,0.000672574,0.012680183,0.07102511
7404.21,6.338474,-0.0037595155,221524,890.9053026170678,138.077605718341,6864.371,5.3448443,3474.0256,2.1390321,7404.21,6.338474,0,,,,,890.9053026170678,0.00052876375,138.077605718341,0.00067336485,0.012677401,0.07231716
7412.4727,6.3401985,-0.0037593648,221525,890.9036142554008,138.0775327467604,6871.9844,5.346299,3469.551,2.1381042,7412.4727,6.3401985,0,,,,,890.9036142554008,0.00052854477,138.0775327467604,0.0006730185,0.011539225,0.07176752
7410.023,6.3394732,-0.0037592142,221526,890.9042676677451,138.07742243334943,6869.4507,5.345687,3471.96,2.1380599,7410.023,6.3394732,0,,,,,890.9042676677451,0.000528585,138.07742243334943,0.0006732186,0.012719429,0.07144349
7411.493,6.3392563,-0.0037590635,221527,890.903554440409,138.07803248432114,6871.0615,5.3455043,3471.2063,2.1383824,7411.493,6.3392563,0,,,,,890.903554440409,0.00052825373,138.07803248432114,0.00067270605,0.011490816,0.07215687
7408.6274,6.3383956,-0.0037589127,221528,890.9035902310026,138.07794985723544,6868.3022,5.3447785,3468.2163,2.1374621,7408.6274,6.3383956,0,,,,,890.9035902310026,0.0005284812,138.07794985723544,0.0006728604,0.01168759,0.07152629
7411.372,6.343432,-0.003758762,221529,890.904355606362,138.0779585210042,6871.0107,5.3490257,3476.924,2.1397505,7411.372,6.343432,0,,,,,890.904355606362,0.0005287853,138.0779585210042,0.0006732764,0.013684259,0.07101446
7421.9424,6.341616,-0.0037586112,221530,890.9041066911471,138.07695183721904,6880.4175,5.347494,3471.382,2.1383705,7421.9424,6.341616,0,,,,,890.9041066911471,0.00052785204,138.07695183721904,0.00067224115,0.011713116,0.07092127
7406.417,6.3389215,-0.0037584603,221531,890.9034908043534,138.07767328306122,6866.551,5.345222,3473.6345,2.1391752,7406.417,6.3389215,0,,,,,890.9034908043534,0.0005286554,138.07767328306122,0.0006732404,0.0127138365,0.07208522
7412.195,6.3392234,-0.0037583094,221532,890.9039354527454,138.07757659537646,6871.4507,5.3454766,3470.1016,2.1388543,7412.195,6.3392234,0,,,,,890.9039354527454,0.0005283752,138.07757659537646,0.0006728917,0.011578144,0.07156646
7407.7974,6.3392663,-0.0037581585,221533,890.903170649553,138.07752187878074,6867.9717,5.345513,3466.5042,2.1378064,7407.7974,6.3392663,0,,,,,890.903170649553,0.00052884413,138.07752187878074,0.0006731681,0.011848245,0.072068
7404.5,6.3366094,-0.0037580077,221534,890.9043492847535,138.0769899862554,6864.291,5.343272,3466.0664,2.1369994,7404.5,6.3366094,0,,,,,890.9043492847535,0.0005284646,138.0769899862554,0.0006732718,0.012140273,0.07118296
7397.7217,6.3344393,-0.0037578568,221535,890.9035100000883,138.07669865586067,6859.86,5.3414426,3462.4084,2.1362133,7397.7217,6.3344393,0,,,,,890.9035100000883,0.0005288603,138.07669865586067,0.0006737143,0.012008839,0.07123472
7417.441,6.331582,-0.003757706,221536,890.9040293864033,138.07789332898318,6875.3643,5.339033,3447.9658,2.1320198,7417.441,6.331582,0,,,,,890.9040293864033,0.00052767445,138.07789332898318,0.0006713976,0.01194181,0.07189418
7412.096,6.3286386,-0.0037575548,221537,890.903657085696,138.07608111786473,6870.458,5.336551,3444.9246,2.1307764,7412.096,6.3286386,0,,,,,890.903657085696,0.0005276402,138.07608111786473,0.00067161483,0.01106775,0.07119005
7408.4414,6.3253665,-0.003757404,221538,890.903933606093,138.07635920269297,6868.972,5.3337917,3434.4788,2.1283941,7408.4414,6.3253665,0,,,,,890.903933606093,0.0005275122,138.07635920269297,0.0006713762,0.012406487,0.0717975
7424.348,6.32616,-0.0037572528,221539,890.9042409584217,138.0785623912898,6881.782,5.3344607,3419.7397,2.124616,7424.348,6.32616,0,,,,,890.9042409584217,0.00052664353,138.0785623912898,0.00067028933,0.011723557,0.07183623
7400.39,6.3156905,-0.0037571017,221540,890.9041050865768,138.0778846501088,6861.2476,5.325633,3413.5312,2.123368,7400.39,6.3156905,0,,,,,890.9041050865768,0.0005272092,138.0778846501088,0.0006710794,0.012079269,0.0715992
7377.0195,6.3033104,-0.0037569508,221541,890.9030136621507,138.07735603312568,6841.285,5.315193,3395.7844,2.117959,7377.0195,6.3033104,0,,,,,890.9030136621507,0.0005277683,138.07735603312568,0.00067161024,0.0126267625,0.07112095
7364.3354,6.2964716,-0.0037567997,221542,890.9039961468926,138.07793438225534,6830.2993,5.309427,3382.8892,2.1154358,7364.3354,6.2964716,0,,,,,890.9039961468926,0.00052796485,138.07793438225534,0.0006721733,0.0125036985,0.07277348
7345.9517,6.2887783,-0.0037566486,221543,890.9047269010086,138.07672189156116,6815.582,5.3029394,3370.1118,2.1123338,7345.9517,6.2887783,0,,,,,890.9047269010086,0.0005286128,138.07672189156116,0.00067261746,0.012567118,0.071057804
7357.9,6.2845373,-0.0037564973,221544,890.9034609450682,138.07654397516185,6824.9326,5.299363,3355.617,2.107275,7357.9,6.2845373,0,,,,,890.9034609450682,0.0005275067,138.07654397516185,0.0006708566,0.010830898,0.07192665
7356.1074,6.2778554,-0.0037563462,221545,890.9048697772382,138.07682130503457,6823.9487,5.293729,3340.7983,2.1032631,7356.1074,6.2778554,0,,,,,890.9048697772382,0.00052716106,138.07682130503457,0.00067044504,0.013093622,0.07137386
7345.211,6.270577,-0.003756195,221546,890.9039643851601,138.07624534714023,6814.607,5.287591,3325.2593,2.0990484,7345.211,6.270577,0,,,,,890.9039643851601,0.00052727456,138.07624534714023,0.0006701621,0.012002866,0.071539536
7357.594,6.2670965,-0.0037560437,221547,890.9037064734002,138.07578067803007,6825.5967,5.2846565,3307.956,2.0957046,7357.594,6.2670965,0,,,,,890.9037064734002,0.000526085,138.07578067803007,0.0006689275,0.012051254,0.07152269
7350.715,6.2620983,-0.0037558926,221548,890.9030030571647,138.07708978961873,6818.782,5.2804418,3295.0344,2.0912154,7350.715,6.2620983,0,,,,,890.9030030571647,0.0005260032,138.07708978961873,0.0006691678,0.011168862,0.071270764
7348.481,6.2532034,-0.0037557413,221549,890.9037928347481,138.0767729769211,6817.9976,5.272941,3276.6624,2.0861075,7348.481,6.2532034,0,,,,,890.9037928347481,0.0005252833,138.0767729769211,0.0006679841,0.01235353,0.07159209
7337.601,6.244194,-0.00375559,221550,890.9035743620937,138.07628166644008,6809.2183,5.265344,3258.5574,2.0836608,7337.601,6.244194,0,,,,,890.9035743620937,0.0005255416,138.07628166644008,0.00066777837,0.012022539,0.071362026
7357.249,6.240167,-0.0037554386,221551,890.9038345189336,138.07690607467217,6823.809,5.2619486,3242.007,2.0763154,7357.249,6.240167,0,,,,,890.9038345189336,0.0005240629,138.07690607467217,0.0006659647,0.012613171,0.07217332
7348.279,6.231281,-0.0037552873,221552,890.9045593493191,138.07660888804256,6816.5635,5.2544556,3223.582,2.0716105,7348.279,6.231281,0,,,,,890.9045593493191,0.00052378315,138.07660888804256,0.000665255,0.011839441,0.07171027
7352.431,6.227499,-0.003755136,221553,890.9039605373208,138.07741603984,6821.0684,5.2512665,3209.6206,2.0676162,7352.431,6.227499,0,,,,,890.9039605373208,0.00052340876,138.07741603984,0.0006644027,0.012249568,0.07236446
7349.884,6.2196784,-0.0037549846,221554,890.9049314113851,138.0758366277915,6818.3164,5.2446713,3192.1147,2.0631871,7349.884,6.2196784,0,,,,,890.9049314113851,0.0005229815,138.0758366277915,0.00066369167,0.012494883,0.06987423
7339.6846,6.212571,-0.0037548332,221555,890.9042516912659,138.0783927529671,6810.4175,5.238679,3178.3403,2.0589416,7339.6846,6.212571,0,,,,,890.9042516912659,0.0005229007,138.0783927529671,0.0006638074,0.012536204,0.07252277
7356.192,6.2106514,-0.0037546817,221556,890.9042838812921,138.07737154405703,6823.6436,5.23706,3160.5356,2.0561311,7356.192,6.2106514,0,,,,,890.9042838812921,0.00052169396,138.07737154405703,0.00066178484,0.011734268,0.0712968
7358.2646,6.205852,-0.0037545303,221557,890.9049001757485,138.076885287235,6826.39,5.233013,3150.5764,2.051324,7358.2646,6.205852,0,,,,,890.9049001757485,0.0005211585,138.076885287235,0.0006613053,0.012010303,0.07130148
7362.9536,6.201441,-0.0037543788,221558,890.9029306584971,138.0779022274609,6829.4165,5.229293,3137.5125,2.0475967,7362.9536,6.201441,0,,,,,890.9029306584971,0.00052042503,138.0779022274609,0.0006604583,0.011332771,0.07254715
7388.7856,6.202713,-0.0037542274,221559,890.9045252221662,138.0769196562596,6851.5464,5.230366,3122.6775,2.045524,7388.7856,6.202713,0,,,,,890.9045252221662,0.0005187757,138.0769196562596,0.000658296,0.011436793,0.07164513
7419.094,6.2009816,-0.0037540758,221560,890.9048825770734,138.07770268685883,6877.009,5.228906,3104.4875,2.0387464,7419.094,6.2009816,0,,,,,890.9048825770734,0.000517206,138.07770268685883,0.00065570284,0.01306753,0.07148537
7406.8813,6.1935534,-0.0037539243,221561,890.9043098363628,138.0767475610975,6866.857,5.222642,3093.8784,2.03576,7406.8813,6.1935534,0,,,,,890.9043098363628,0.0005172274,138.0767475610975,0.0006554314,0.011815294,0.07262278
7404.808,6.189953,-0.0037537727,221562,890.9040294193928,138.0777704999925,6865.701,5.219606,3078.978,2.0325446,7404.808,6.189953,0,,,,,890.9040294193928,0.0005167474,138.0777704999925,0.0006553434,0.012553745,0.07128531
7404.0557,6.186975,-0.0037536211,221563,890.9035696561127,138.0781146235986,6864.9243,5.217095,3075.2297,2.0308712,7404.0557,6.186975,0,,,,,890.9035696561127,0.0005167679,138.0781146235986,0.0006548077,0.011841197,0.07238464
7403.248,6.1799507,-0.0037534693,221564,890.9044554752963,138.07787210832956,6863.5723,5.211172,3058.2195,2.0257428,7403.248,6.1799507,0,,,,,890.9044554752963,0.0005162504,138.07787210832956,0.00065416814,0.0113710025,0.07147899
7401.289,6.174357,-0.0037533178,221565,890.9049284325379,138.07774892595728,6862.196,5.206455,3044.8176,2.0219867,7401.289,6.174357,0,,,,,890.9049284325379,0.0005160083,138.07774892595728,0.00065379724,0.012080049,0.071564734
7394.9307,6.169823,-0.0037531662,221566,890.9051910273184,138.07623321478522,6856.3086,5.2026315,3031.7866,2.0201495,7394.9307,6.169823,0,,,,,890.9051910273184,0.0005156303,138.07623321478522,0.00065351685,0.012442213,0.071217984
7399.068,6.1651053,-0.0037530144,221567,890.9052473732855,138.07722362649685,6859.9097,5.1986537,3020.3894,2.0153244,7399.068,6.1651053,0,,,,,890.9052473732855,0.0005153756,138.07722362649685,0.00065263885,0.012482237,0.07201928
7403.7065,6.1607766,-0.0037528628,221568,890.9057339761566,138.07773136950533,6863.815,5.1950035,3009.1501,2.0116305,7403.7065,6.1607766,0,,,,,890.9057339761566,0.0005148304,138.07773136950533,0.0006515693,0.012781995,0.07217845
7389.709,6.154746,-0.003752711,221569,890.9044740239623,138.07730613355332,6852.149,5.1899185,3000.4702,2.0103292,7389.709,6.154746,0,,,,,890.9044740239623,0.00051498984,138.07730613355332,0.00065220305,0.011987307,0.07152298
7393.83,6.15133,-0.0037525592,221570,890.9037089546224,138.07819401145986,6855.6763,5.187038,2990.49,2.0070624,7393.83,6.15133,0,,,,,890.9037089546224,0.0005145059,138.07819401145986,0.00065156067,0.011192296,0.072330706
7408.6807,6.150455,-0.0037524074,221571,890.9047143616006,138.0776734204578,6867.9883,5.1863003,2975.6636,2.0051446,7408.6807,6.150455,0,,,,,890.9047143616006,0.0005135605,138.0776734204578,0.000650147,0.012391126,0.07161757
7395.8857,6.1496024,-0.0037522556,221572,890.9030164914334,138.07808390202226,6857.163,5.1855807,2972.2168,2.0033014,7395.8857,6.1496024,0,,,,,890.9030164914334,0.00051421236,138.07808390202226,0.0006513502,0.011145804,0.072013706
7401.6377,6.1404605,-0.0037521038,221573,890.9051099511448,138.0768660400646,6861.935,5.177872,2958.2385,1.9982475,7401.6377,6.1404605,0,,,,,890.9051099511448,0.0005133532,138.0768660400646,0.0006497162,0.012410927,0.07184934
7396.0474,6.135185,-0.003751952,221574,890.9055759833567,138.07773863799977,6856.406,5.1734233,2949.3044,1.9953684,7396.0474,6.135185,0,,,,,890.9055759833567,0.00051316555,138.07773863799977,0.00064936036,0.012372959,0.07124123
7397.617,6.132781,-0.0037518002,221575,890.9054864034997,138.0768489440978,6858.9434,5.1713967,2940.128,1.9928957,7397.617,6.132781,0,,,,,890.9054864034997,0.0005128941,138.0768489440978,0.0006492235,0.011737515,0.07155243
7399.9873,6.1305943,-0.0037516481,221576,890.9038057169258,138.0780474267925,6861.4014,5.1695523,2932.8953,1.9908022,7399.9873,6.1305943,0,,,,,890.9038057169258,0.0005125224,138.0780474267925,0.0006484959,0.01184841,0.07184761
7381.549,6.122791,-0.0037514963,221577,890.9051544297234,138.0773753944098,6844.7124,5.1629725,2924.9744,1.9881709,7381.549,6.122791,0,,,,,890.9051544297234,0.0005129747,138.0773753944098,0.0006489952,0.01149082,0.072075464
7401.42,6.1223874,-0.0037513443,221578,890.9047308879561,138.07846357888775,6861.3022,5.162632,2913.117,1.9844835,7401.42,6.1223874,0,,,,,890.9047308879561,0.0005118186,138.07846357888775,0.0006479475,0.011971337,0.07235335
7408.147,6.12223,-0.0037511925,221579,890.905622571166,138.07839290036617,6867.2866,5.1624994,2905.6018,1.9846311,7408.147,6.12223,0,,,,,890.905622571166,0.0005115201,138.07839290036617,0.000646821,0.012454778,0.07131693
7401.182,6.1158147,-0.0037510404,221580,890.9039580549636,138.0795215739799,6861.684,5.15709,2893.007,1.9793161,7401.182,6.1158147,0,,,,,890.9039580549636,0.0005116048,138.0795215739799,0.00064688217,0.012026293,0.07183329
7389.912,6.110625,-0.0037508884,221581,890.90469368683,138.07689930326762,6851.8535,5.1527133,2884.1538,1.9785048,7389.912,6.110625,0,,,,,890.90469368683,0.000511601,138.07689930326762,0.0006468853,0.012472617,0.070956595
7399.306,6.1111064,-0.0037507364,221582,890.9049462717658,138.07878293159143,6859.425,5.1531196,2875.148,1.9751816,7399.306,6.1111064,0,,,,,890.9049462717658,0.0005114774,138.07878293159143,0.0006457364,0.01160409,0.0731524
7406.6187,6.1076684,-0.0037505843,221583,890.9049017166352,138.07635890258797,6865.9434,5.1502204,2864.4697,1.9714093,7406.6187,6.1076684,0,,,,,890.9049017166352,0.00051038177,138.07635890258797,0.00064519874,0.011856395,0.07149716
7418.378,6.1051235,-0.0037504323,221584,890.905465819368,138.0771814462449,6876.5586,5.148075,2854.8506,1.9691955,7418.378,6.1051235,0,,,,,890.905465819368,0.00050938583,138.0771814462449,0.00064394047,0.011769939,0.07204223
7399.8506,6.100247,-0.0037502802,221585,890.9054027863594,138.07717279992056,6859.62,5.143963,2846.4001,1.967,7399.8506,6.100247,0,,,,,890.9054027863594,0.00051000144,138.07717279992056,0.00064502103,0.011360384,0.0719908
7402.0254,6.0953584,-0.003750128,221586,890.9055379138712,138.07788064561223,6863.2207,5.1398406,2834.239,1.9627836,7402.0254,6.0953584,0,,,,,890.9055379138712,0.0005093752,138.07788064561223,0.00064408884,0.011484663,0.07204016
7390.977,6.0875497,-0.003749976,221587,890.9048817396294,138.07676472080004,6853.3506,5.133256,2826.922,1.9601605,7390.977,6.0875497,0,,,,,890.9048817396294,0.00050973636,138.07676472080004,0.00064391986,0.012427487,0.07192741
7404.643,6.090199,-0.0037498237,221588,890.9056856489563,138.07690752576326,6864.2954,5.13549,2818.6729,1.9594668,7404.643,6.090199,0,,,,,890.9056856489563,0.00050891505,138.07690752576326,0.00064339105,0.01146467,0.070948586
7407.0864,6.080998,-0.0037496716,221589,890.9055573677116,138.07755407745114,6866.971,5.127731,2801.7812,1.9527633,7407.0864,6.080998,0,,,,,890.9055573677116,0.0005082157,138.07755407745114,0.0006417977,0.012443097,0.07263097
7386.696,6.073848,-0.0037495194,221590,890.9047401121563,138.07850262016478,6848.4346,5.1217017,2793.9968,1.9516143,7386.696,6.073848,0,,,,,890.9047401121563,0.0005089923,138.07850262016478,0.0006428354,0.011907923,0.071975
7408.077,6.0713167,-0.003749367,221591,890.9047401434829,138.07822565993428,6866.5366,5.1195674,2777.4272,1.9467314,7408.077,6.0713167,0,,,,,890.9047401434829,0.0005075491,138.07822565993428,0.0006406494,0.012055709,0.07171592
7398.34,6.0663877,-0.0037492148,221592,890.9049622081624,138.07697941794228,6859.563,5.115411,2769.104,1.9437369,7398.34,6.0663877,0,,,,,890.9049622081624,0.0005075659,138.07697941794228,0.00064062024,0.01184692,0.07167992
7403.8115,6.0632434,-0.0037490625,221593,890.9051141876973,138.0762123527315,6864.5737,5.1127596,2756.101,1.9412457,7403.8115,6.0632434,0,,,,,890.9051141876973,0.0005070218,138.0762123527315,0.0006396532,0.012207769,0.07250028
7403.2686,6.0622745,-0.0037489103,221594,890.9054078319618,138.07755383093638,6863.082,5.1119423,2747.1853,1.9385233,7403.2686,6.0622745,0,,,,,890.9054078319618,0.00050732016,138.07755383093638,0.00063991983,0.011813652,0.07159673
7400.92,6.053131,-0.003748758,221595,890.9052555392816,138.0779099755503,6861.5576,5.104233,2733.122,1.9327724,7400.92,6.053131,0,,,,,890.9052555392816,0.0005064727,138.0779099755503,0.0006389398,0.012445999,0.071471386
7394.758,6.0463886,-0.0037486057,221596,890.9057067962875,138.07915991375285,6856.264,5.098547,2721.2024,1.9292653,7394.758,6.0463886,0,,,,,890.9057067962875,0.00050625374,138.07915991375285,0.00063902163,0.011910237,0.0723967
7392.8457,6.04218,-0.0037484535,221597,890.9049948753301,138.0785112227148,6854.7427,5.094998,2708.979,1.9257913,7392.8457,6.04218,0,,,,,890.9049948753301,0.00050616683,138.0785112227148,0.0006383877,0.011559989,0.07124608
7381.122,6.033664,-0.003748301,221598,890.9050413898037,138.07672442943354,6844.033,5.0878177,2698.0015,1.9224147,7381.122,6.033664,0,,,,,890.9050413898037,0.00050605554,138.07672442943354,0.00063821475,0.0122444285,0.071383566
7383.066,6.0293107,-0.0037481487,221599,890.9051415921448,138.0788059458156,6846.327,5.0841465,2683.2266,1.918454,7383.066,6.0293107,0,,,,,890.9051415921448,0.0005055022,138.0788059458156,0.0006375642,0.011794885,0.07215855
7407.636,6.028987,-0.0037479962,221600,890.9055331330079,138.07815537985203,6866.7207,5.0838733,2669.41,1.9145488,7407.636,6.028987,0,,,,,890.9055331330079,0.0005043104,138.07815537985203,0.0006354085,0.011802089,0.072141476
7391.298,6.0229,-0.0037478437,221601,890.9048356884564,138.07755162250524,6853.713,5.0787406,2664.0955,1.9134715,7391.298,6.0229,0,,,,,890.9048356884564,0.0005043651,138.07755162250524,0.00063589984,0.011753118,0.07219975
7386.795,6.0150404,-0.0037476914,221602,890.905104976304,138.07719538181863,6848.5396,5.072113,2648.3145,1.9072609,7386.795,6.0150404,0,,,,,890.905104976304,0.0005044041,138.07719538181863,0.0006358868,0.012167933,0.07130595
7398.966,6.0144043,-0.003747539,221603,890.9057418074625,138.07744522753066,6859.8286,5.0715766,2638.957,1.9048986,7398.966,6.0144043,0,,,,,890.9057418074625,0.0005032995,138.07744522753066,0.00063455524,0.011661424,0.07265185
7398.8057,6.013482,-0.0037473864,221604,890.9063957344404,138.07772336934877,6859.129,5.0707994,2630.5508,1.903045,7398.8057,6.013482,0,,,,,890.9063957344404,0.00050380995,138.07772336934877,0.00063442596,0.012520419,0.07168971
7391.515,6.0059376,-0.003747234,221605,890.9050422212525,138.07780052093116,6853.48,5.0644374,2620.908,1.9007233,7391.515,6.0059376,0,,,,,890.9050422212525,0.000502938,138.07780052093116,0.00063390884,0.011495203,0.07302428
7388.5474,6.004785,-0.0037470814,221606,890.90421174747,138.07784758828294,6850.8057,5.063465,2614.9763,1.8988467,7388.5474,6.004785,0,,,,,890.90421174747,0.00050309923,138.07784758828294,0.00063411536,0.011731507,0.07245572
7392.7793,6.000755,-0.0037469289,221607,890.9046946477998,138.07633533937246,6855.028,5.0600667,2604.1272,1.8953576,7392.7793,6.000755,0,,,,,890.9046946477998,0.0005029034,138.07633533937246,0.00063324254,0.0121345855,0.071158834
7393.9663,5.9970975,-0.0037467761,221608,890.9060224006796,138.0778463206696,6854.4043,5.056983,2600.1128,1.8932753,7393.9663,5.9970975,0,,,,,890.9060224006796,0.0005026443,138.0778463206696,0.0006328289,0.012191849,0.072362676
7402.194,5.997212,-0.0037466236,221609,890.9051037122612,138.07738079989676,6862.7393,5.0570793,2591.4966,1.8914281,7402.194,5.997212,0,,,,,890.9051037122612,0.0005019393,138.07738079989676,0.0006317046,0.011851475,0.07206149
7393.231,5.995099,-0.003746471,221610,890.9051230580326,138.07734161085702,6853.9717,5.055298,2588.1497,1.891867,7393.231,5.995099,0,,,,,890.9051230580326,0.00050222035,138.07734161085702,0.0006325763,0.0122770695,0.07175256
7398.432,5.990979,-0.0037463184,221611,890.9042860970751,138.0783221094603,6860.1396,5.051824,2578.8281,1.8879632,7398.432,5.990979,0,,,,,890.9042860970751,0.00050138234,138.0783221094603,0.00063156296,0.011433518,0.071727104
7398.5103,5.990263,-0.0037461657,221612,890.9045635022203,138.078523948609,6859.839,5.0512195,2577.63,1.886729,7398.5103,5.990263,0,,,,,890.9045635022203,0.0005014275,138.078523948609,0.0006316981,0.011676906,0.07182905
7403.0205,5.990986,-0.0037460132,221613,890.9042026103264,138.07681150311498,6862.409,5.0518293,2571.7915,1.8863101,7403.0205,5.990986,0,,,,,890.9042026103264,0.0005012517,138.07681150311498,0.00063142,0.0112956045,0.071324006
7387.9067,5.986123,-0.0037458604,221614,890.9052310279329,138.07772974101405,6850.5244,5.047729,2574.1313,1.884902,7387.9067,5.986123,0,,,,,890.9052310279329,0.00050201773,138.07772974101405,0.0006319385,0.011440118,0.07204011
7394.097,5.9851065,-0.0037457077,221615,890.9060422120763,138.07768932887927,6854.9478,5.0468717,2566.2002,1.8841095,7394.097,5.9851065,0,,,,,890.9060422120763,0.00050138694,138.07768932887927,0.0006313643,0.012264016,0.071454756
7388.952,5.9829483,-0.003745555,221616,890.9059200233937,138.07773997292176,6850.9863,5.0450516,2563.8696,1.8832948,7388.952,5.9829483,0,,,,,890.9059200233937,0.0005014603,138.07773997292176,0.00063151884,0.012651355,0.07100182
7382.291,5.982655,-0.0037454022,221617,890.9055362571218,138.0772296738119,6846.5586,5.044805,2566.9421,1.8831106,7382.291,5.982655,0,,,,,890.9055362571218,0.00050201954,138.0772296738119,0.00063192745,0.011973254,0.07230553
7390.788,5.984104,-0.0037452495,221618,890.9052284492714,138.0779687304013,6852.7944,5.0460267,2559.0476,1.8815763,7390.788,5.984104,0,,,,,890.9052284492714,0.00050177396,138.0779687304013,0.00063144544,0.011618979,0.07152471
7396.329,5.9848795,-0.0037450967,221619,890.9058489962819,138.07623228714144,6856.935,5.04668,2563.994,1.883616,7396.329,5.9848795,0,,,,,890.9058489962819,0.0005011517,138.07623228714144,0.0006309502,0.012348659,0.07144827
7393.316,5.985811,-0.0037449438,221620,890.9059499119314,138.0773515330946,6855.237,5.0474663,2563.753,1.883573,7393.316,5.985811,0,,,,,890.9059499119314,0.0005016643,138.0773515330946,0.00063126686,0.011962332,0.0732386
7383.757,5.982601,-0.003744791,221621,890.9046679266179,138.07720126137463,6847.0474,5.0447593,2561.8442,1.8822445,7383.757,5.982601,0,,,,,890.9046679266179,0.0005020193,138.07720126137463,0.0006319567,0.011210787,0.07148843
7391.9033,5.9820123,-0.0037446383,221622,890.9063157789017,138.07881491381525,6853.403,5.044263,2561.7427,1.8821723,7391.9033,5.9820123,0,,,,,890.9063157789017,0.000501434,138.07881491381525,0.0006310131,0.011925971,0.07304432
7395.001,5.983915,-0.0037444853,221623,890.9055127471337,138.07793755718916,6856.91,5.045867,2564.2402,1.8828249,7395.001,5.983915,0,,,,,890.9055127471337,0.0005011874,138.07793755718916,0.0006309161,0.011932575,0.07136381
7401.391,5.985522,-0.0037443324,221624,890.9056786976641,138.07917872644526,6860.6167,5.047222,2567.136,1.8834354,7401.391,5.985522,0,,,,,890.9056786976641,0.000501234,138.07917872644526,0.00063113985,0.011927363,0.07299012
7389.9854,5.9843807,-0.0037441796,221625,890.9051350136298,138.0769827096472,6851.739,5.04626,2568.4236,1.8841223,7389.9854,5.9843807,0,,,,,890.9051350136298,0.0005015959,138.0769827096472,0.0006315397,0.011058196,0.071459025
7393.44,5.986846,-0.0037440266,221626,890.9042070397791,138.0776583871324,6855.0825,5.0483384,2570.3967,1.8863281,7393.44,5.986846,0,,,,,890.9042070397791,0.00050173013,138.0776583871324,0.0006313569,0.011677545,0.0728167
7398.567,5.988707,-0.0037438737,221627,890.9052311219118,138.07752937895364,6858.7056,5.0499077,2572.9084,1.8863077,7398.567,5.988707,0,,,,,890.9052311219118,0.00050167047,138.07752937895364,0.0006313978,0.012399932,0.071579576
7390.2944,5.987843,-0.0037437207,221628,890.9056505933355,138.07716375408847,6852.6177,5.0491796,2574.836,1.8864894,7390.2944,5.987843,0,,,,,890.9056505933355,0.000501695,138.07716375408847,0.0006322891,0.011398957,0.0718849
7390.746,5.9869714,-0.0037435677,221629,890.9066251936896,138.0766887402432,6852.276,5.0484443,2575.31,1.8858743,7390.746,5.9869714,0,,,,,890.9066251936896,0.00050169305,138.0766887402432,0.00063192105,0.012226677,0.07192108
7403.375,5.991879,-0.0037434148,221630,890.9060784972033,138.07749286478224,6863.0977,5.0525823,2578.7126,1.8876718,7403.375,5.991879,0,,,,,890.9060784972033,0.0005015996,138.07749286478224,0.00063159195,0.011968687,0.07082153
7407.362,5.994241,-0.0037432618,221631,890.9052417265395,138.0768385491243,6865.3237,5.0545745,2582.099,1.8897367,7407.362,5.994241,0,,,,,890.9052417265395,0.0005014438,138.0768385491243,0.0006315758,0.011325337,0.0717276
7411.287,5.9952064,-0.0037431088,221632,890.9064303512328,138.07681535922686,6870.8247,5.0553885,2580.1565,1.8874581,7411.287,5.9952064,0,,,,,890.9064303512328,0.0005012547,138.07681535922686,0.00063141994,0.012001253,0.07127696
7402.0103,5.994208,-0.0037429559,221633,890.9050123332794,138.078230739162,6861.4785,5.0545464,2585.789,1.8891709,7402.0103,5.994208,0,,,,,890.9050123332794,0.00050167437,138.078230739162,0.000632233,0.012215915,0.072049424
7399.6606,5.9934545,-0.0037428027,221634,890.9055769854134,138.07728708937998,6859.474,5.053911,2585.8472,1.8886876,7399.6606,5.9934545,0,,,,,890.9055769854134,0.00050171174,138.07728708937998,0.0006320175,0.011680194,0.071708284
7401.0186,5.9951677,-0.0037426497,221635,890.904525232981,138.07697290196268,6860.951,5.055356,2586.6025,1.889824,7401.0186,5.9951677,0,,,,,890.904525232981,0.0005018377,138.07697290196268,0.00063193217,0.010788036,0.071714774
7398.5596,5.994492,-0.0037424965,221636,890.9054808180085,138.0779070444591,6858.1733,5.0547857,2589.6565,1.8910937,7398.5596,5.994492,0,,,,,890.9054808180085,0.0005019731,138.0779070444591,0.00063204573,0.011980419,0.07238937
7393.498,5.9956427,-0.0037423435,221637,890.9055091499002,138.07681854171213,6854.541,5.055756,2591.521,1.890333,7393.498,5.9956427,0,,,,,890.9055091499002,0.00050251617,138.07681854171213,0.00063267525,0.012061097,0.07147363
7400.23,5.99517,-0.0037421903,221638,890.9058876530012,138.07796933015152,6861.0396,5.0553575,2588.4597,1.8900461,7400.23,5.99517,0,,,,,890.9058876530012,0.00050183514,138.07796933015152,0.0006319408,0.012088616,0.07236003
7400.064,5.996089,-0.003742037,221639,890.9049752336272,138.07705432723577,6859.803,5.056133,2592.2983,1.8910884,7400.064,5.996089,0,,,,,890.9049752336272,0.00050209794,138.07705432723577,0.00063223095,0.011435394,0.07208471
7407.421,5.9994564,-0.003741884,221640,890.9040114206639,138.07871881532498,6865.9224,5.058972,2593.9917,1.894073,7407.421,5.9994564,0,,,,,890.9040114206639,0.0005014827,138.07871881532498,0.00063226337,0.010580491,0.07238675
7393.6455,5.9957542,-0.0037417307,221641,890.9065158953894,138.07805998294108,6854.7163,5.05585,2594.4895,1.8929392,7393.6455,5.9957542,0,,,,,890.9065158953894,0.0005023598,138.07805998294108,0.00063266815,0.012544256,0.07178902
7392.593,5.9938684,-0.0037415775,221642,890.9058339377201,138.07687746562775,6853.4927,5.05426,2590.5847,1.8903358,7392.593,5.9938684,0,,,,,890.9058339377201,0.0005023113,138.07687746562775,0.00063262554,0.012041424,0.07134808
7386.8296,5.993215,-0.0037414243,221643,890.9055756180185,138.07760330629048,6848.595,5.0537095,2592.8955,1.8910753,7386.8296,5.993215,0,,,,,890.9055756180185,0.0005025957,138.07760330629048,0.000633095,0.012309049,0.07199819
7401.802,5.994285,-0.003741271,221644,890.9057739141106,138.0777464500332,6861.2036,5.0546117,2587.1853,1.8891346,7401.802,5.994285,0,,,,,890.9057739141106,0.00050183,138.0777464500332,0.000631827,0.012334348,0.0712394
7388.353,5.9915814,-0.003741118,221645,890.9060180913326,138.07857550115585,6849.946,5.0523314,2585.1921,1.8890485,7388.353,5.9915814,0,,,,,890.9060180913326,0.0005023199,138.07857550115585,0.00063260685,0.012110441,0.07240471
7395.29,5.9924235,-0.0037409647,221646,890.9057883122197,138.07704893607334,6854.981,5.0530415,2580.3035,1.8903059,7395.29,5.9924235,0,,,,,890.9057883122197,0.00050173316,138.07704893607334,0.0006319224,0.011393125,0.0717649
7383.2407,5.987468,-0.0037408115,221647,890.9047692888762,138.0776976570798,6846.1665,5.0488625,2579.2742,1.8872138,7383.2407,5.987468,0,,,,,890.9047692888762,0.0005023485,138.0776976570798,0.000632268,0.011171324,0.07232944
7385.4307,5.9852543,-0.003740658,221648,890.905726603728,138.07681532811097,6846.667,5.0469966,2573.3167,1.8852866,7385.4307,5.9852543,0,,,,,890.905726603728,0.0005021287,138.07681532811097,0.00063243805,0.012416401,0.07117742
7397.69,5.9868383,-0.0037405048,221649,890.9050485994719,138.0774433665509,6857.7227,5.0483317,2569.2732,1.8847558,7397.69,5.9868383,0,,,,,890.9050485994719,0.0005013383,138.0774433665509,0.0006315547,0.012654903,0.07219825
7388.501,5.983372,-0.0037403514,221650,890.9052191115529,138.07855328686935,6851.235,5.0454097,2564.4116,1.8834254,7388.501,5.983372,0,,,,,890.9052191115529,0.00050144456,138.07855328686935,0.0006314477,0.011600285,0.07231557
7408.0117,5.98392,-0.0037401982,221651,890.9059065288448,138.0772259363803,6865.6255,5.0458713,2558.0537,1.881126,7408.0117,5.98392,0,,,,,890.9059065288448,0.0005006479,138.0772259363803,0.00063023745,0.012186321,0.07148731
7399.1743,5.9801526,-0.0037400448,221652,890.9057300630895,138.0775222359245,6859.1265,5.042694,2552.6946,1.8791101,7399.1743,5.9801526,0,,,,,890.9057300630895,0.0005009217,138.0775222359245,0.00063021906,0.012050833,0.072834395
7402.34,5.9769244,-0.0037398913,221653,890.905483552022,138.07744535041937,6859.7,5.039972,2545.0815,1.8768955,7402.34,5.9769244,0,,,,,890.905483552022,0.0005006967,138.07744535041937,0.0006298248,0.011670504,0.072051585
7396.0957,5.9747496,-0.003739738,221654,890.9067378345329,138.07735486700622,6855.616,5.0381384,2539.7878,1.8757924,7396.0957,5.9747496,0,,,,,890.9067378345329,0.0005006863,138.07735486700622,0.00063038326,0.0125820795,0.070649765
7399.8345,5.97185,-0.0037395847,221655,890.905990596643,138.07686775649006,6858.872,5.035693,2533.294,1.8730681,7399.8345,5.97185,0,,,,,890.905990596643,0.000500086,138.07686775649006,0.0006291538,0.012032655,0.07215713
7402.042,5.9716673,-0.0037394313,221656,890.9056782275684,138.07715104507238,6860.552,5.035539,2529.4624,1.8742033,7402.042,5.9716673,0,,,,,890.9056782275684,0.00049990957,138.07715104507238,0.00062886375,0.0114802485,0.071237125
7404.274,5.9686694,-0.0037392778,221657,890.9056447172388,138.07707829828354,6862.334,5.0330114,2520.038,1.8703489,7404.274,5.9686694,0,,,,,890.9056447172388,0.00049961696,138.07707829828354,0.0006282674,0.012619091,0.07295736
7399.816,5.966353,-0.0037391244,221658,890.9061518596634,138.07688562029634,6858.4897,5.031058,2514.8938,1.8681817,7399.816,5.966353,0,,,,,890.9061518596634,0.00049992866,138.07688562029634,0.00062850787,0.012089449,0.07236776
7398.1504,5.96046,-0.0037389707,221659,890.9061101229249,138.07724788935695,6857.079,5.0260887,2505.612,1.8650005,7398.1504,5.96046,0,,,,,890.9061101229249,0.00049953203,138.07724788935695,0.000628207,0.012598759,0.07117614
7396.696,5.9597907,-0.0037388173,221660,890.9047537807935,138.0772194499342,6855.7188,5.025524,2502.8967,1.8640773,7396.696,5.9597907,0,,,,,890.9047537807935,0.0004992968,138.0772194499342,0.0006281425,0.011163331,0.072936304
7396.726,5.9573703,-0.0037386639,221661,890.9051661435508,138.07716084337517,6856.7544,5.0234838,2492.6414,1.8617063,7396.726,5.9573703,0,,,,,890.9051661435508,0.0004993113,138.07716084337517,0.00062784925,0.012462618,0.07179413
7401.2744,5.9535146,-0.0037385104,221662,890.9045502403756,138.07833688915082,6860.584,5.020232,2483.245,1.8584431,7401.2744,5.9535146,0,,,,,890.9045502403756,0.00049859664,138.07833688915082,0.00062697206,0.01158756,0.07205891
7398.3022,5.949969,-0.0037383568,221663,890.9047972164235,138.07735502806577,6858.304,5.0172424,2474.094,1.8552495,7398.3022,5.949969,0,,,,,890.9047972164235,0.0004987674,138.07735502806577,0.0006266144,0.0109696565,0.07186139
7392.072,5.946711,-0.0037382033,221664,890.905878675063,138.07680781323688,6852.0454,5.0144954,2472.219,1.8549054,7392.072,5.946711,0,,,,,890.905878675063,0.00049860426,138.07680781323688,0.0006265984,0.012604495,0.0712439
7403.1636,5.942988,-0.0037380497,221665,890.9045118455966,138.0763411963703,6860.912,5.011356,2459.4104,1.8510251,7403.1636,5.942988,0,,,,,890.9045118455966,0.0004977884,138.0763411963703,0.00062530476,0.011741261,0.07218618
7393.7715,5.9388504,-0.0037378962,221666,890.9051042680883,138.07690433308167,6854.065,5.007867,2451.0635,1.8495314,7393.7715,5.9388504,0,,,,,890.9051042680883,0.00049783185,138.07690433308167,0.00062559824,0.011880269,0.07271748
7394.6797,5.9347787,-0.0037377425,221667,890.9057564800194,138.07657589406728,6854.5137,5.004433,2441.4292,1.8457748,7394.6797,5.9347787,0,,,,,890.9057564800194,0.0004975102,138.07657589406728,0.0006249133,0.011272372,0.071020626
7402.3066,5.93399,-0.0037375889,221668,890.9056847761394,138.07750258212326,6861.088,5.0037684,2430.881,1.8432356,7402.3066,5.93399,0,,,,,890.9056847761394,0.0004967294,138.07750258212326,0.00062429276,0.011570026,0.072207786
7396.718,5.9282103,-0.0037374354,221669,890.9056607982425,138.07709380358733,6855.964,4.998894,2422.8484,1.8416523,7396.718,5.9282103,0,,,,,890.9056607982425,0.0004967694,138.07709380358733,0.000624169,0.01134261,0.071615204
7407.9795,5.921957,-0.0037372818,221670,890.9060036630531,138.07838262415652,6864.153,4.993622,2405.7168,1.8340183,7407.9795,5.921957,0,,,,,890.9060036630531,0.00049591553,138.07838262415652,0.0006228191,0.012675044,0.07165947
7404.866,5.918542,-0.003737128,221671,890.9056701938974,138.0784556439491,6862.4297,4.990742,2394.3003,1.8311945,7404.866,5.918542,0,,,,,890.9056701938974,0.00049569784,138.0784556439491,0.00062252226,0.012342764,0.07242954
7396.1084,5.9116964,-0.0037369744,221672,890.9052195498161,138.0769083563706,6855.8125,4.984969,2383.6746,1.82788,7396.1084,5.9116964,0,,,,,890.9052195498161,0.00049543876,138.0769083563706,0.00062219787,0.011807693,0.07147696
7393.257,5.9082346,-0.0037368208,221673,890.9054902407568,138.07775824062497,6852.283,4.98205,2370.7148,1.8256503,7393.257,5.9082346,0,,,,,890.9054902407568,0.0004953172,138.07775824062497,0.0006224218,0.011954794,0.07229387
7407.597,5.903086,-0.003736667,221674,890.9050127676561,138.0768119230361,6863.518,4.977709,2355.4583,1.819208,7407.597,5.903086,0,,,,,890.9050127676561,0.000494406,138.0768119230361,0.0006204644,0.010978819,0.071556285
7388.5845,5.8932424,-0.0037365134,221675,890.9063519139565,138.07741803327323,6849.645,4.9694085,2338.701,1.8143284,7388.5845,5.8932424,0,,,,,890.9063519139565,0.0004946613,138.07741803327323,0.0006206251,0.012229334,0.072078526
7394.395,5.887115,-0.0037363598,221676,890.9052833014365,138.07740505195636,6853.496,4.9642415,2324.2708,1.8092014,7394.395,5.887115,0,,,,,890.9052833014365,0.0004938587,138.07740505195636,0.00061950745,0.011637286,0.07281157
7388.64,5.8779697,-0.003736206,221677,890.9049700198307,138.0769556142001,6847.798,4.95653,2305.2966,1.8036201,7388.64,5.8779697,0,,,,,890.9049700198307,0.00049344014,138.0769556142001,0.0006189502,0.011108638,0.07153658
7405.094,5.874423,-0.0037360522,221678,890.9060752989282,138.0774789025976,6861.659,4.9535394,2288.6409,1.7984748,7405.094,5.874423,0,,,,,890.9060752989282,0.00049228244,138.0774789025976,0.00061690353,0.012311384,0.071535155
7382.228,5.86329,-0.0037358985,221679,890.9050778381825,138.07742394321875,6842.209,4.9441514,2272.507,1.7936364,7382.228,5.86329,0,,,,,890.9050778381825,0.0004927912,138.07742394321875,0.0006176837,0.012078625,0.07255657
7395.7383,5.8572655,-0.0037357449,221680,890.9056447016262,138.07604949086598,6854.5977,4.939071,2248.4578,1.7855548,7395.7383,5.8572655,0,,,,,890.9056447016262,0.0004916052,138.07604949086598,0.0006156502,0.012122797,0.0712512
7401.5054,5.8499846,-0.003735591,221681,890.9060458634467,138.07776504889026,6859.405,4.932932,2228.7078,1.779418,7401.5054,5.8499846,0,,,,,890.9060458634467,0.00049051514,138.07776504889026,0.0006144137,0.011852567,0.071721315
7391.2427,5.840894,-0.0037354373,221682,890.9054258868457,138.0780993784594,6851.3887,4.9252663,2210.1396,1.7740985,7391.2427,5.840894,0,,,,,890.9054258868457,0.00049010676,138.0780993784594,0.0006137931,0.01156188,0.07321168
7388.752,5.830637,-0.0037352834,221683,890.905695070269,138.07771036301168,6847.537,4.916617,2189.526,1.7670641,7388.752,5.830637,0,,,,,890.905695070269,0.00048981386,138.07771036301168,0.00061314326,0.011181985,0.07206551
7398.4443,5.8233647,-0.0037351297,221684,890.9067017775056,138.07645258743094,6855.8384,4.910485,2166.2239,1.7600394,7398.4443,5.8233647,0,,,,,890.9067017775056,0.0004886367,138.07645258743094,0.00061105995,0.011539473,0.071779445
7389.5635,5.812435,-0.0037349758,221685,890.9061597410346,138.07809935934688,6847.757,4.9012685,2144.3042,1.752226,7389.5635,5.812435,0,,,,,890.9061597410346,0.0004884368,138.07809935934688,0.0006112675,0.012285653,0.07112516
7396.723,5.8060093,-0.003734822,221686,890.9062195867479,138.07875608904865,6853.6914,4.89585,2125.8145,1.7465551,7396.723,5.8060093,0,,,,,890.9062195867479,0.0004872738,138.07875608904865,0.000609512,0.0125811165,0.07180068
7390.8325,5.798102,-0.003734668,221687,890.9061308094966,138.0778415033495,6849.9316,4.889182,2102.5022,1.7398037,7390.8325,5.798102,0,,,,,890.9061308094966,0.00048724597,138.0778415033495,0.0006091342,0.012027335,0.07201896
7389.747,5.7914762,-0.0037345144,221688,890.9051305418583,138.07845905622275,6848.53,4.8835955,2085.4358,1.7344167,7389.747,5.7914762,0,,,,,890.9051305418583,0.00048665813,138.07845905622275,0.00060827815,0.0112897055,0.07260694
7386.0576,5.7798624,-0.0037343604,221689,890.9072325671557,138.0770298716041,6844.588,4.873802,2063.734,1.7287732,7386.0576,5.7798624,0,,,,,890.9072325671557,0.000485659,138.0770298716041,0.000607229,0.0124167735,0.0710249
7387.575,5.770476,-0.0037342065,221690,890.9060939651488,138.07812745349824,6846.343,4.865887,2042.748,1.7191429,7387.575,5.770476,0,,,,,890.9060939651488,0.00048502398,138.07812745349824,0.00060577993,0.011263418,0.07203914
7394.3345,5.7637753,-0.0037340526,221691,890.9057422956427,138.07902392655296,6851.456,4.8602366,2023.7505,1.7139246,7394.3345,5.7637753,0,,,,,890.9057422956427,0.00048423494,138.07902392655296,0.00060473324,0.012284157,0.072733425
7389.321,5.7561817,-0.0037338987,221692,890.9053049787852,138.07775191884613,6847.0044,4.8538337,2009.1539,1.708105,7389.321,5.7561817,0,,,,,890.9053049787852,0.00048392563,138.07775191884613,0.0006039985,0.012479743,0.07148864
7385.178,5.749604,-0.0037337448,221693,890.905504124456,138.07857970328465,6844.0127,4.848287,1992.5309,1.7025228,7385.178,5.749604,0,,,,,890.905504124456,0.00048362676,138.07857970328465,0.0006037789,0.012349642,0.0719196
7399.3003,5.7442718,-0.003733591,221694,890.9056658325188,138.07919943215308,6855.617,4.8437905,1975.053,1.6971087,7399.3003,5.7442718,0,,,,,890.9056658325188,0.0004822769,138.07919943215308,0.0006019729,0.011685111,0.072356954
7396.042,5.738846,-0.003733437,221695,890.9060390901111,138.07864531583138,6853.5596,4.8392158,1958.8887,1.6925191,7396.042,5.738846,0,,,,,890.9060390901111,0.00048219468,138.07864531583138,0.00060116575,0.01196915,0.07257354
7381.6987,5.7298613,-0.003733283,221696,890.9062214328524,138.07888799737862,6841.0884,4.831639,1946.0225,1.6883113,7381.6987,5.7298613,0,,,,,890.9062214328524,0.000482455,138.07888799737862,0.00060152105,0.012400749,0.07197172
7393.327,5.723891,-0.003733129,221697,890.9059242500264,138.0784529300486,6849.885,4.826605,1931.3552,1.6814243,7393.327,5.723891,0,,,,,890.9059242500264,0.0004811415,138.0784529300486,0.0005995776,0.010586354,0.07215658
7388.6772,5.7195845,-0.003732975,221698,890.9049151755135,138.078266395193,6845.126,4.8229733,1922.0374,1.6791227,7388.6772,5.7195845,0,,,,,890.9049151755135,0.00048096688,138.078266395193,0.0005998004,0.011114257,0.072585694
7390.3765,5.714469,-0.0037328212,221699,890.9068328780048,138.07864809311522,6847.395,4.81866,1908.4484,1.6742946,7390.3765,5.714469,0,,,,,890.9068328780048,0.00048063535,138.07864809311522,0.00059880305,0.012813559,0.07200562
7388.2627,5.709024,-0.003732667,221700,890.9067299408053,138.07821256637828,6845.9526,4.8140683,1897.5328,1.6707867,7388.2627,5.709024,0,,,,,890.9067299408053,0.00048027467,138.07821256637828,0.0005984258,0.012867642,0.07172481
7393.454,5.70697,-0.0037325132,221701,890.906376545329,138.07714022685553,6849.795,4.8123364,1888.2904,1.6685816,7393.454,5.70697,0,,,,,890.906376545329,0.0004799142,138.07714022685553,0.0005978282,0.012186236,0.072295874
7401.6177,5.7034383,-0.003732359,221702,890.9056717407593,138.0794518880804,6856.1333,4.809358,1879.388,1.6640482,7401.6177,5.7034383,0,,,,,890.9056717407593,0.00047910947,138.0794518880804,0.0005970878,0.011540976,0.07223462
7392.754,5.697597,-0.0037322051,221703,890.9059091229317,138.07928544890544,6849.36,4.804433,1868.6168,1.6605508,7392.754,5.697597,0,,,,,890.9059091229317,0.0004790669,138.07928544890544,0.00059698534,0.011482501,0.072358
7390.976,5.6945896,-0.003732051,221704,890.9057566992777,138.07734961700527,6847.7065,4.8018966,1860.8147,1.6588923,7390.976,5.6945896,0,,,,,890.9057566992777,0.00047869986,138.07734961700527,0.0005963889,0.012190033,0.07216516
7386.782,5.6903534,-0.003731897,221705,890.9063450960986,138.0777263575277,6843.164,4.7983246,1854.528,1.6553719,7386.782,5.6903534,0,,,,,890.9063450960986,0.00047900877,138.0777263575277,0.0005963566,0.011621329,0.0709614
7401.8857,5.687459,-0.003731743,221706,890.9063782070664,138.0780981992291,6854.6973,4.7958837,1840.0591,1.6518915,7401.8857,5.687459,0,,,,,890.9063782070664,0.000477853,138.0780981992291,0.00059503905,0.012179326,0.0712938
7384.773,5.6810293,-0.0037315888,221707,890.9068750574093,138.07815794699738,6840.7812,4.7904625,1833.5831,1.6481663,7384.773,5.6810293,0,,,,,890.9068750574093,0.00047834765,138.07815794699738,0.0005953042,0.012466545,0.072157316
7398.238,5.6800485,-0.003731435,221708,890.9060889424691,138.07868240882738,6852.9434,4.7896347,1824.8528,1.6451713,7398.238,5.6800485,0,,,,,890.9060889424691,0.00047736906,138.07868240882738,0.00059422024,0.011814674,0.07269336
7399.807,5.6781545,-0.0037312808,221709,890.9047340014803,138.0781133326765,6854.5186,4.788038,1815.5743,1.6420603,7399.807,5.6781545,0,,,,,890.9047340014803,0.00047740893,138.0781133326765,0.0005937537,0.010959029,0.07135881
7389.1187,5.671962,-0.0037311267,221710,890.9068328063697,138.07816745033543,6845.843,4.782816,1807.3247,1.6406648,7389.1187,5.671962,0,,,,,890.9068328063697,0.00047723198,138.07816745033543,0.00059370074,0.012555099,0.07293771
7384.4536,5.6681037,-0.0037309725,221711,890.9057971349802,138.0787557583763,6840.201,4.779563,1799.7655,1.6367872,7384.4536,5.6681037,0,,,,,890.9057971349802,0.0004774498,138.0787557583763,0.0005944106,0.010867296,0.0725904
7402.519,5.6672645,-0.0037308184,221712,890.9065206126123,138.07876800529647,6855.059,4.778855,1793.6384,1.6343467,7402.519,5.6672645,0,,,,,890.9065206126123,0.00047639216,138.07876800529647,0.00059226766,0.010725062,0.07268167
7381.9673,5.6602674,-0.0037306645,221713,890.9067889706425,138.0779309631116,6837.2695,4.772955,1785.1105,1.6326529,7381.9673,5.6602674,0,,,,,890.9067889706425,0.00047705596,138.0779309631116,0.000593183,0.011800083,0.07199911
7392.465,5.6580076,-0.0037305104,221714,890.9049726895399,138.0784034395316,6846.3853,4.7710495,1776.2205,1.6288817,7392.465,5.6580076,0,,,,,890.9049726895399,0.00047623,138.0784034395316,0.0005922969,0.011276124,0.07154392
7386.988,5.653831,-0.0037303562,221715,890.9072209616182,138.0790105317522,6843.005,4.7675276,1766.0581,1.6260419,7386.988,5.653831,0,,,,,890.9072209616182,0.00047600866,138.0790105317522,0.0005922807,0.011768281,0.071694754
7394.8643,5.6529617,-0.003730202,221716,890.9069884858931,138.07800985231412,6848.974,4.766794,1761.0745,1.6242818,7394.8643,5.6529617,0,,,,,890.9069884858931,0.00047554914,138.07800985231412,0.000591246,0.011932405,0.07201508
7380.709,5.647585,-0.003730048,221717,890.9059503349783,138.0781808670965,6836.9995,4.762261,1756.7148,1.6233741,7380.709,5.647585,0,,,,,890.9059503349783,0.00047589312,138.0781808670965,0.00059140543,0.012065362,0.07245144
7394.6685,5.647279,-0.0037298938,221718,890.9056492708378,138.07834885352378,6847.9897,4.7620025,1749.0411,1.6193852,7394.6685,5.647279,0,,,,,890.9056492708378,0.00047541977,138.07834885352378,0.00059066655,0.011096919,0.07292815
7402.258,5.6450887,-0.0037297395,221719,890.9062803773118,138.07814210240642,6855.4717,4.7601557,1742.0752,1.6163414,7402.258,5.6450887,0,,,,,890.9062803773118,0.00047447087,138.07814210240642,0.0005898593,0.011697062,0.07131084
7393.8027,5.6421432,-0.0037295853,221720,890.9058077116542,138.07808723301164,6848.3193,4.757672,1737.3306,1.614871,7393.8027,5.6421432,0,,,,,890.9058077116542,0.00047470527,138.07808723301164,0.0005899826,0.011613491,0.07253273
7394.9917,5.6386857,-0.0037294312,221721,890.9060597297541,138.07794582412188,6848.7,4.7547565,1730.3895,1.6127284,7394.9917,5.6386857,0,,,,,890.9060597297541,0.00047438304,138.07794582412188,0.0005894448,0.012389872,0.072280996
7392.6143,5.639872,-0.003729277,221722,890.9062085833104,138.07889369185978,6846.6875,4.755757,1724.4619,1.6130071,7392.6143,5.639872,0,,,,,890.9062085833104,0.0004744326,138.07889369185978,0.0005898237,0.011448131,0.07252076
7394.164,5.6361995,-0.003729123,221723,890.906823340603,138.07830294196188,6848.004,4.7526603,1716.9053,1.6080406,7394.164,5.6361995,0,,,,,890.906823340603,0.00047413277,138.07830294196188,0.00058977853,0.012538183,0.07139514
7393.4355,5.6325045,-0.0037289686,221724,890.9062574315407,138.07819109637072,6847.249,4.749544,1714.8545,1.6070093,7393.4355,5.6325045,0,,,,,890.9062574315407,0.00047414415,138.07819109637072,0.0005888912,0.011860866,0.07272058
7394.0923,5.629878,-0.0037288144,221725,890.9059779712451,138.07836667415347,6846.854,4.747329,1707.721,1.6069909,7394.0923,5.629878,0,,,,,890.9059779712451,0.00047389482,138.07836667415347,0.0005885438,0.011350025,0.07225383
7400.6704,5.628422,-0.0037286603,221726,890.9053945026126,138.0775842613739,6852.106,4.7461014,1702.3801,1.6029278,7400.6704,5.628422,0,,,,,890.9053945026126,0.00047344924,138.0775842613739,0.0005878681,0.011807464,0.071848154
7394.6963,5.6268716,-0.003728506,221727,890.9064990082836,138.07835093357306,6847.9243,4.7447944,1698.0095,1.6027912,7394.6963,5.6268716,0,,,,,890.9064990082836,0.0004736464,138.07835093357306,0.0005880955,0.0125870975,0.071365386
7395.4863,5.624094,-0.0037283518,221728,890.9054570369901,138.07821619335667,6847.943,4.742452,1692.4697,1.6000055,7395.4863,5.624094,0,,,,,890.9054570369901,0.00047316524,138.07821619335667,0.00058779976,0.010679439,0.07297545
7398.4106,5.6223993,-0.0037281977,221729,890.9062056987099,138.07860949476193,6849.6816,4.741023,1688.3511,1.5975419,7398.4106,5.6223993,0,,,,,890.9062056987099,0.00047315357,138.07860949476193,0.0005877497,0.012323624,0.07228914
7390.0283,5.61885,-0.0037280433,221730,890.9068721362238,138.07817435429072,6843.031,4.7380304,1684.2886,1.5965053,7390.0283,5.61885,0,,,,,890.9068721362238,0.00047331123,138.07817435429072,0.0005875933,0.0124658095,0.07246622
7383.9185,5.615884,-0.0037278892,221731,890.9056520034634,138.0775917000476,6837.8853,4.735529,1681.6572,1.595702,7383.9185,5.615884,0,,,,,890.9056520034634,0.0004733865,138.0775917000476,0.00058753684,0.011524522,0.07163422
7393.263,5.6157017,-0.0037277348,221732,890.9070049209531,138.07758698793586,6844.972,4.7353754,1674.4037,1.5935951,7393.263,5.6157017,0,,,,,890.9070049209531,0.0004729576,138.07758698793586,0.00058696105,0.011859124,0.071323365
7389.375,5.614109,-0.0037275807,221733,890.9064350527351,138.07889000803507,6841.5396,4.7340326,1670.2568,1.5913371,7389.375,5.614109,0,,,,,890.9064350527351,0.00047324869,138.07889000803507,0.00058731454,0.0114005245,0.07215066
7398.1675,5.613764,-0.0037274263,221734,890.9062852280153,138.07776295175904,6849.3115,4.7337413,1666.826,1.5925694,7398.1675,5.613764,0,,,,,890.9062852280153,0.0004723617,138.07776295175904,0.0005862025,0.012900713,0.07128425
7398.5537,5.611949,-0.0037272722,221735,890.9064217632256,138.07921521174762,6849.9043,4.7322106,1663.3774,1.5896345,7398.5537,5.611949,0,,,,,890.9064217632256,0.00047218474,138.07921521174762,0.00058583316,0.011659152,0.07353993
7395.762,5.6105433,-0.0037271178,221736,890.9071526056147,138.0770541998471,6848.258,4.7310257,1661.0968,1.5887532,7395.762,5.6105433,0,,,,,890.9071526056147,0.00047238468,138.0770541998471,0.00058589067,0.012235461,0.07126446
7389.694,5.6072817,-0.0037269634,221737,890.9063361338197,138.07831188655416,6842.858,4.7282753,1655.3936,1.5893112,7389.694,5.6072817,0,,,,,890.9063361338197,0.00047236684,138.07831188655416,0.00058614695,0.011542651,0.07294795
7405.282,5.610255,-0.0037268093,221738,890.9056957067489,138.07816097089378,6855.5986,4.7307825,1651.2244,1.5852757,7405.282,5.610255,0,,,,,890.9056957067489,0.0004718967,138.07816097089378,0.0005856969,0.012009166,0.07155476
7399.247,5.608229,-0.003726655,221739,890.9055403724593,138.078351496816,6851.113,4.7290745,1651.182,1.5851948,7399.247,5.608229,0,,,,,890.9055403724593,0.0004719479,138.078351496816,0.00058591855,0.011983074,0.07250688
7399.6377,5.604824,-0.0037265006,221740,890.905837556302,138.07981203106948,6850.022,4.726203,1645.913,1.5828876,7399.6377,5.604824,0,,,,,890.905837556302,0.0004716224,138.07981203106948,0.00058515865,0.010278587,0.07309868
7389.8584,5.5998254,-0.0037263464,221741,890.9063268858981,138.07780014184053,6842.0664,4.7219877,1640.7164,1.5805888,7389.8584,5.5998254,0,,,,,890.9063268858981,0.00047204053,138.07780014184053,0.0005851293,0.012069939,0.07167808
7396.7344,5.601331,-0.003726192,221742,890.9063249743754,138.0787861401899,6847.486,4.723258,1640.7225,1.5818995,7396.7344,5.601331,0,,,,,890.9063249743754,0.00047154757,138.0787861401899,0.0005848499,0.011502805,0.07207004
7400.242,5.6018643,-0.0037260377,221743,890.907535875137,138.07624026670572,6851.1826,4.723707,1638.7272,1.5800494,7400.242,5.6018643,0,,,,,890.907535875137,0.00047132582,138.07624026670572,0.000584553,0.013224892,0.071589604
7403.003,5.6013565,-0.0037258836,221744,890.9058076202487,138.07820912219708,6852.2896,4.723279,1638.8118,1.5800188,7403.003,5.6013565,0,,,,,890.9058076202487,0.00047149125,138.07820912219708,0.00058423396,0.011275238,0.072441146
7390.9736,5.597954,-0.0037257292,221745,890.9065419663394,138.0769689701063,6843.481,4.72041,1636.7845,1.5795366,7390.9736,5.597954,0,,,,,890.9065419663394,0.00047183482,138.0769689701063,0.00058463844,0.011474109,0.07155315
7396.693,5.597445,-0.0037255748,221746,890.9071079080232,138.07727605590793,6848.1787,4.7199807,1631.8627,1.5776417,7396.693,5.597445,0,,,,,890.9071079080232,0.00047140013,138.07727605590793,0.0005843906,0.011712311,0.07185487
7398.94,5.6015806,-0.0037254205,221747,890.9055144490408,138.07714400048337,6849.912,4.7234683,1632.1414,1.5781858,7398.94,5.6015806,0,,,,,890.9055144490408,0.0004711162,138.07714400048337,0.00058477145,0.011409903,0.07294463
7401.518,5.59682,-0.003725266,221748,890.9065548388402,138.076674328647,6851.2944,4.7194533,1628.2589,1.5773675,7401.518,5.59682,0,,,,,890.9065548388402,0.00047104032,138.076674328647,0.00058383256,0.01161963,0.07200083
7402.8,5.600155,-0.003725112,221749,890.9066420615,138.07701448752965,6853.012,4.7222657,1626.0797,1.5783957,7402.8,5.600155,0,,,,,890.9066420615,0.00047080402,138.07701448752965,0.00058441336,0.012245791,0.07121865
7400.7095,5.5953846,-0.0037249576,221750,890.905267279491,138.07887668865285,6851.179,4.718243,1624.1471,1.5751728,7400.7095,5.5953846,0,,,,,890.905267279491,0.00047080423,138.07887668865285,0.00058391143,0.011022658,0.07244976
7391.6455,5.5927415,-0.0037248032,221751,890.9061921704155,138.0776413999975,6843.5894,4.7160144,1622.8156,1.5757831,7391.6455,5.5927415,0,,,,,890.9061921704155,0.00047117553,138.0776413999975,0.00058393757,0.011943688,0.0721637
7402.2964,5.5962725,-0.0037246489,221752,890.9069450240844,138.07681200161016,6853.846,4.7189918,1622.1337,1.5768951,7402.2964,5.5962725,0,,,,,890.9069450240844,0.00047079512,138.07681200161016,0.00058355747,0.011605227,0.071486674
7395.604,5.591755,-0.0037244945,221753,890.9057598624448,138.07883818695484,6846.89,4.715183,1619.9575,1.5737616,7395.604,5.591755,0,,,,,890.9057598624448,0.00047089218,138.07883818695484,0.00058358884,0.011342512,0.07228908
7413.469,5.593556,-0.0037243401,221754,890.9068746442687,138.07862191128777,6860.509,4.7167015,1611.5114,1.570995,7413.469,5.593556,0,,,,,890.9068746442687,0.00047063778,138.07862191128777,0.000582883,0.012279398,0.07251642
7389.2954,5.5884247,-0.0037241857,221755,890.906541112435,138.07725399033606,6841.6265,4.712374,1614.9288,1.571363,7389.2954,5.5884247,0,,,,,890.906541112435,0.0004710056,138.07725399033606,0.0005836516,0.0116724335,0.071178615
7394.617,5.590542,-0.0037240316,221756,890.9066316810458,138.07740442511655,6845.6914,4.7141595,1613.7809,1.5718937,7394.617,5.590542,0,,,,,890.9066316810458,0.00047111037,138.07740442511655,0.00058371125,0.011595283,0.07216119
7390.794,5.587835,-0.0037238772,221757,890.9058579581745,138.07867642809643,6841.03,4.711877,1614.4668,1.5709492,7390.794,5.587835,0,,,,,890.9058579581745,0.00047107993,138.07867642809643,0.0005839422,0.011028031,0.07302175
7396.8354,5.5878243,-0.0037237229,221758,890.9068400192998,138.07825292388216,6847.037,4.7118683,1609.3718,1.5698539,7396.8354,5.5878243,0,,,,,890.9068400192998,0.0004706159,138.07825292388216,0.00058329,0.011313526,0.07210296
7400.345,5.589808,-0.0037235685,221759,890.9071323704848,138.07810374608255,6850.096,4.713541,1611.1628,1.5705715,7400.345,5.589808,0,,,,,890.9071323704848,0.00047048644,138.07810374608255,0.0005834855,0.012156553,0.071462385
7398.6265,5.589201,-0.0037234141,221760,890.9063309352617,138.07856816106363,6849.105,4.713029,1609.0896,1.5727303,7398.6265,5.589201,0,,,,,890.9063309352617,0.00047036004,138.07856816106363,0.0005831835,0.011247034,0.07185467
7390.9717,5.5878367,-0.0037232598,221761,890.9064395009898,138.077570751887,6842.369,4.711879,1611.1176,1.5722299,7390.9717,5.5878367,0,,,,,890.9064395009898,0.00047096564,138.077570751887,0.0005835311,0.012202069,0.071411334
7393.557,5.586233,-0.0037231054,221762,890.9060408370682,138.0768136004665,6843.939,4.7105265,1607.9115,1.5691882,7393.557,5.586233,0,,,,,890.9060408370682,0.00047047448,138.0768136004665,0.00058341946,0.011672967,0.07220415
7397.801,5.587427,-0.003722951,221763,890.9063054484923,138.07737211621267,6848.062,4.711533,1608.4447,1.5691196,7397.801,5.587427,0,,,,,890.9063054484923,0.00047060705,138.07737211621267,0.00058320333,0.011849833,0.07182387
7390.958,5.5853157,-0.0037227967,221764,890.9061496805117,138.07837809152494,6842.2715,4.7097526,1608.1643,1.5695516,7390.958,5.5853157,0,,,,,890.9061496805117,0.00047054744,138.07837809152494,0.0005834171,0.011288975,0.07231726
7398.6616,5.5866537,-0.0037226423,221765,890.9069465188321,138.07817652857383,6848.8926,4.7108808,1605.6715,1.5693899,7398.6616,5.5866537,0,,,,,890.9069465188321,0.00047017887,138.07817652857383,0.000582991,0.011820479,0.071515925
7395.054,5.587219,-0.003722488,221766,890.905832939381,138.0766791779581,6846.276,4.711358,1606.5122,1.5692866,7395.054,5.587219,0,,,,,890.905832939381,0.00047083036,138.0766791779581,0.00058330916,0.011810282,0.07265388
7408.342,5.587787,-0.0037223336,221767,890.9065586219647,138.07737109884448,6856.3403,4.7118363,1604.2903,1.5676621,7408.342,5.587787,0,,,,,890.9065586219647,0.0004699623,138.07737109884448,0.0005825117,0.01129847,0.072112195
7396.6963,5.5848823,-0.0037221792,221768,890.9066185536551,138.07682543626026,6846.2583,4.7093873,1603.7805,1.5684928,7396.6963,5.5848823,0,,,,,890.9066185536551,0.000470622,138.07682543626026,0.0005830798,0.011486405,0.07134964
7391.8643,5.585729,-0.003722025,221769,890.9056519159061,138.0783511172218,6844.2476,4.710101,1606.7219,1.5685427,7391.8643,5.585729,0,,,,,890.9056519159061,0.0004707108,138.0783511172218,0.00058331585,0.011566175,0.07373721
7388.6997,5.5830264,-0.0037218707,221770,890.9075325561828,138.07734688499627,6840.1587,4.7078223,1604.1809,1.5681702,7388.6997,5.5830264,0,,,,,890.9075325561828,0.00047063103,138.07734688499627,0.0005829487,0.012160018,0.07128574
7402.6978,5.586441,-0.0037217163,221771,890.9073221723957,138.0781070574316,6852.278,4.7107015,1604.7638,1.5669919,7402.6978,5.586441,0,,,,,890.9073221723957,0.00047027666,138.0781070574316,0.00058284204,0.011186196,0.0722592
7403.754,5.5868373,-0.003721562,221772,890.90664001696,138.07668740650968,6853.2207,4.7110357,1602.6971,1.5672457,7403.754,5.5868373,0,,,,,890.90664001696,0.00046990928,138.07668740650968,0.00058238336,0.011586861,0.07100941
7398.7925,5.586953,-0.0037214076,221773,890.9057145081186,138.078377459021,6848.574,4.7111335,1604.4075,1.5675,7398.7925,5.586953,0,,,,,890.9057145081186,0.00047046953,138.078377459021,0.00058316777,0.011582773,0.072364174
7399.4136,5.586488,-0.0037212532,221774,890.9058106697855,138.07941931476543,6849.1885,4.710741,1601.6566,1.5682454,7399.4136,5.586488,0,,,,,890.9058106697855,0.0004700745,138.07941931476543,0.00058330595,0.011219017,0.073041774
7396.545,5.58443,-0.0037210989,221775,890.9067226117254,138.07821082284633,6845.6016,4.7090063,1598.8031,1.5665017,7396.545,5.58443,0,,,,,890.9067226117254,0.0004706468,138.07821082284633,0.00058311684,0.01258761,0.071433894
7395.499,5.585784,-0.0037209445,221776,890.9052290931443,138.07864638600304,6846.833,4.710148,1603.629,1.5682294,7395.499,5.585784,0,,,,,890.9052290931443,0.0004703691,138.07864638600304,0.00058276794,0.011318031,0.0732125
7400.7466,5.584178,-0.0037207901,221777,890.9071596365136,138.0770350136348,6850.426,4.7087936,1600.6469,1.5673077,7400.7466,5.584178,0,,,,,890.9071596365136,0.00047029235,138.0770350136348,0.0005825014,0.012428999,0.0710974
7402.022,5.5845113,-0.0037206358,221778,890.9066470610576,138.07642942832365,6851.052,4.7090745,1601.3888,1.5663146,7402.022,5.5845113,0,,,,,890.9066470610576,0.00047005247,138.07642942832365,0.0005826228,0.011774237,0.07076783
7393.506,5.583089,-0.0037204814,221779,890.9060669333837,138.07894640884152,6843.986,4.707875,1602.4054,1.5666744,7393.506,5.583089,0,,,,,890.9060669333837,0.0004704924,138.07894640884152,0.00058292184,0.0105431825,0.07457622
7388.617,5.583119,-0.0037203273,221780,890.9073872509435,138.07664880761973,6838.8433,4.7079005,1601.7256,1.5678053,7388.617,5.583119,0,,,,,890.9073872509435,0.00047096796,138.07664880761973,0.00058375386,0.012150681,0.070180595
7404.8135,5.589111,-0.003720173,221781,890.905361333347,138.07771528746028,6853.438,4.712953,1603.2961,1.5681645,7404.8135,5.589111,0,,,,,890.905361333347,0.0004700351,138.07771528746028,0.0005831675,0.010672397,0.07198586
7407.7734,5.58695,-0.0037200185,221782,890.906166192083,138.07714810998635,6856.333,4.7111306,1600.0397,1.568126,7407.7734,5.58695,0,,,,,890.906166192083,0.00046957142,138.07714810998635,0.0005825652,0.011724722,0.07151404
7402.357,5.5850563,-0.0037198642,221783,890.9059913680563,138.07830985479325,6850.1274,4.709534,1600.8073,1.5671698,7402.357,5.5850563,0,,,,,890.9059913680563,0.0004703456,138.07830985479325,0.0005828568,0.011784208,0.0717089
7405.4243,5.5871406,-0.0037197098,221784,890.906519437177,138.07871447830024,6852.8926,4.711292,1602.6271,1.567179,7405.4243,5.5871406,0,,,,,890.906519437177,0.0004703133,138.07871447830024,0.0005826412,0.011577903,0.0728023
7395.7676,5.583994,-0.0037195554,221785,890.9068207298668,138.07750309399745,6846.648,4.708638,1603.794,1.5675819,7395.7676,5.583994,0,,,,,890.9068207298668,0.00047044028,138.07750309399745,0.0005823761,0.012113278,0.07236641
7408.3706,5.585546,-0.0037194013,221786,890.9056779120046,138.07787196918937,6855.392,4.7099466,1599.8964,1.5662868,7408.3706,5.585546,0,,,,,890.9056779120046,0.0004697953,138.07787196918937,0.0005820924,0.0113200955,0.07179799
7397.795,5.5837193,-0.003719247,221787,890.9056326132304,138.07756638068827,6847.234,4.7084064,1598.5995,1.566118,7397.795,5.5837193,0,,,,,890.9056326132304,0.00047031324,138.07756638068827,0.0005828528,0.0103345625,0.07124814
7397.5815,5.582601,-0.0037190926,221788,890.9071424395036,138.078043576787,6846.6685,4.7074637,1599.1846,1.5661811,7397.5815,5.582601,0,,,,,890.9071424395036,0.0004703382,138.078043576787,0.00058300066,0.012037276,0.07275582
7405.984,5.584015,-0.0037189382,221789,890.9060740136129,138.07814125691158,6853.906,4.708656,1597.2188,1.5657587,7405.984,5.584015,0,,,,,890.9060740136129,0.0004699063,138.07814125691158,0.0005822948,0.010852142,0.07274184
7402.1553,5.584392,-0.003718784,221790,890.9059168708828,138.07743082762715,6851.9707,4.708974,1599.5278,1.5661892,7402.1553,5.584392,0,,,,,890.9059168708828,0.00046985093,138.07743082762715,0.00058284693,0.011227045,0.07073744
7401.7734,5.584416,-0.0037186297,221791,890.9062506768188,138.07785718761568,6851.4453,4.708994,1598.5974,1.5657787,7401.7734,5.584416,0,,,,,890.9062506768188,0.00047010859,138.07785718761568,0.00058262213,0.011918626,0.071758844
7403.117,5.5817785,-0.0037184753,221792,890.9060734455239,138.07919561042493,6852.604,4.7067704,1593.233,1.5631016,7403.117,5.5817785,0,,,,,890.9060734455239,0.00046989918,138.07919561042493,0.0005822472,0.010927043,0.07265456
7392.448,5.5807905,-0.0037183212,221793,890.906122127168,138.07839497717578,6843.485,4.705937,1596.8784,1.5652794,7392.448,5.5807905,0,,,,,890.906122127168,0.00047032503,138.07839497717578,0.00058303046,0.011453731,0.07068125
7400.8623,5.5823255,-0.0037181668,221794,890.9047477982798,138.07922819648982,6849.2456,4.707231,1596.2206,1.5644658,7400.8623,5.5823255,0,,,,,890.9047477982798,0.00046994083,138.07922819648982,0.00058287504,0.011244463,0.072221704
7392.5503,5.581387,-0.0037180125,221795,890.9064030145832,138.07782879432082,6842.61,4.70644,1595.7773,1.5674196,7392.5503,5.581387,0,,,,,890.9064030145832,0.00047043664,138.07782879432082,0.00058279297,0.010808985,0.07151738
7389.598,5.5808873,-0.0037178583,221796,890.9066668940787,138.07677767323213,6840.731,4.7060184,1598.8539,1.566643,7389.598,5.5808873,0,,,,,890.9066668940787,0.0004705185,138.07677767323213,0.00058290747,0.011814554,0.07075966
7397.753,5.5817456,-0.003717704,221797,890.9062840237253,138.07859719169366,6846.3257,4.7067423,1596.566,1.5643547,7397.753,5.5817456,0,,,,,890.9062840237253,0.00047048106,138.07859719169366,0.0005827229,0.011753115,0.0720988
7397.545,5.5821223,-0.0037175498,221798,890.9061296282064,138.07873195769122,6847.879,4.70706,1597.0936,1.5648013,7397.545,5.5821223,0,,,,,890.9061296282064,0.0004702279,138.07873195769122,0.000582652,0.010753993,0.0719779
7385.9116,5.5790644,-0.0037173955,221799,890.9062565375694,138.07767164277882,6837.844,4.7044816,1596.1804,1.5651257,7385.9116,5.5790644,0,,,,,890.9062565375694,0.00047048263,138.07767164277882,0.0005832541,0.012423377,0.071956255
7405.548,5.582922,-0.0037172413,221800,890.9066467267262,138.0783069093788,6852.147,4.7077346,1596.02,1.5646565,7405.548,5.582922,0,,,,,890.9066467267262,0.0004697492,138.0783069093788,0.0005826514,0.010941501,0.071706295
7400.622,5.5819373,-0.003717087,221801,890.906803180542,138.0783081093663,6850.3555,4.706904,1596.5941,1.5644499,7400.622,5.5819373,0,,,,,890.906803180542,0.0004698593,138.0783081093663,0.00058229885,0.011514099,0.07174044
7403.593,5.5831804,-0.0037169328,221802,890.906609138461,138.07766327331748,6851.159,4.7079525,1596.4121,1.5664275,7403.593,5.5831804,0,,,,,890.906609138461,0.00047014953,138.07766327331748,0.00058226136,0.011253333,0.07235696
7398.6865,5.582244,-0.0037167785,221803,890.9062076988221,138.07603159932626,6847.4316,4.707163,1597.2701,1.566174,7398.6865,5.582244,0,,,,,890.9062076988221,0.00047041135,138.07603159932626,0.0005824396,0.011972737,0.06905756
7400.7466,5.583062,-0.0037166243,221804,890.9054488591897,138.07863696055477,6850.315,4.7078524,1592.6287,1.5635178,7400.7466,5.583062,0,,,,,890.9054488591897,0.00046997773,138.07863696055477,0.0005826286,0.010409784,0.072347425
7394.6553,5.58218,-0.0037164702,221805,890.9064100976757,138.0766328785282,6845.5312,4.7071085,1597.1423,1.5647523,7394.6553,5.58218,0,,,,,890.9064100976757,0.00047061118,138.0766328785282,0.000582494,0.011801935,0.07114848
7403.7354,5.5816717,-0.003716316,221806,890.9050523131995,138.07854794884844,6852.248,4.70668,1594.4661,1.5637914,7403.7354,5.5816717,0,,,,,890.9050523131995,0.00046987552,138.07854794884844,0.0005821465,0.010760248,0.07256675
7391.714,5.579325,-0.0037161617,221807,890.9064806513908,138.07685333130988,6841.9355,4.7047014,1593.0159,1.5630362,7391.714,5.579325,0,,,,,890.9064806513908,0.0004705251,138.07685333130988,0.00058276573,0.012155321,0.07056583
7382.375,5.578324,-0.0037160076,221808,890.9067183155631,138.07695608402736,6835.0317,4.7038574,1595.3914,1.5657408,7382.375,5.578324,0,,,,,890.9067183155631,0.00047041933,138.07695608402736,0.00058316067,0.0117999,0.07151364
7395.045,5.578445,-0.0037158534,221809,890.9067450693557,138.07840541817706,6845.8066,4.703959,1592.1338,1.5628836,7395.045,5.578445,0,,,,,890.9067450693557,0.000470087,138.07840541817706,0.000582491,0.011575329,0.07191371
7397.0337,5.579968,-0.0037156993,221810,890.9056729378896,138.0772938053804,6846.0967,4.7052436,1594.2362,1.5634909,7397.0337,5.579968,0,,,,,890.9056729378896,0.00046992794,138.0772938053804,0.00058251375,0.011412158,0.07129493
7396.0327,5.579863,-0.0037155452,221811,890.9057329601703,138.0777870327977,6846.275,4.705155,1594.1382,1.5639144,7396.0327,5.579863,0,,,,,890.9057329601703,0.00046997744,138.0777870327977,0.0005825475,0.0110475905,0.07223676
7395.3037,5.5782623,-0.003715391,221812,890.9073476671018,138.0773751475428,6844.0923,4.7038054,1591.1554,1.5633025,7395.3037,5.5782623,0,,,,,890.9073476671018,0.0004702049,138.0773751475428,0.0005821665,0.011034733,0.07135907
7400.483,5.580516,-0.003715237,221813,890.9053687013438,138.0784668832887,6850.7524,4.705705,1592.9099,1.5628825,7400.483,5.580516,0,,,,,890.9053687013438,0.0004696695,138.0784668832887,0.000581994,0.010892527,0.07154154
7398.1724,5.579113,-0.0037150828,221814,890.9065312565695,138.07709694992073,6847.6245,4.7045226,1591.3887,1.5633547,7398.1724,5.579113,0,,,,,890.9065312565695,0.00047004997,138.07709694992073,0.00058203546,0.0115016755,0.07135028
7391.157,5.580641,-0.0037149286,221815,890.9061254045578,138.0776730612626,6841.216,4.7058105,1593.8348,1.5642571,7391.157,5.580641,0,,,,,890.9061254045578,0.00047020006,138.0776730612626,0.00058310525,0.010452347,0.071328074
7395.55,5.5816765,-0.0037147745,221816,890.9058014155944,138.07721721518803,6844.7085,4.706684,1592.876,1.5662395,7395.55,5.5816765,0,,,,,890.9058014155944,0.0004702905,138.07721721518803,0.0005825866,0.011630741,0.07218446
7398.931,5.57888,-0.0037146204,221817,890.906819494444,138.07819869063852,6848.2617,4.7043257,1591.5371,1.5624814,7398.931,5.57888,0,,,,,890.906819494444,0.00046963533,138.07819869063852,0.00058185734,0.011558467,0.07250026
7394.98,5.5778575,-0.0037144662,221818,890.90651845901,138.07751620228206,6844.9277,4.7034636,1591.7499,1.5618201,7394.98,5.5778575,0,,,,,890.90651845901,0.00046997645,138.07751620228206,0.0005820599,0.010590452,0.07169989
7396.528,5.580505,-0.003714312,221819,890.90656194487,138.0768516117683,6845.8823,4.705696,1594.0664,1.5637964,7396.528,5.580505,0,,,,,890.90656194487,0.00047013862,138.0768516117683,0.0005823347,0.011969916,0.07122064
7397.482,5.58091,-0.0037141582,221820,890.9055045272928,138.07734113086207,6845.7173,4.706038,1592.939,1.563828,7397.482,5.58091,0,,,,,890.9055045272928,0.00047008815,138.07734113086207,0.0005827934,0.01150112,0.07116646
7397.0728,5.578309,-0.003714004,221821,890.9059305807918,138.07912275563055,6846.737,4.7038445,1590.4427,1.5621897,7397.0728,5.578309,0,,,,,890.9059305807918,0.00046985113,138.07912275563055,0.0005821009,0.011325385,0.071442015
7403.836,5.5817885,-0.00371385,221822,890.9058656829543,138.0775215929274,6853.301,4.7067785,1590.7739,1.5638502,7403.836,5.5817885,0,,,,,890.9058656829543,0.0004700218,138.0775215929274,0.0005817344,0.011148564,0.07082075
7397.166,5.579315,-0.003713696,221823,890.9070032112331,138.0786903564788,6848.4053,4.7046924,1591.143,1.5622096,7397.166,5.579315,0,,,,,890.9070032112331,0.00046987706,138.0786903564788,0.00058213563,0.011903373,0.071894616
7400.404,5.5815845,-0.003713542,221824,890.9059504341357,138.07847981146577,6848.8457,4.7066064,1590.8215,1.5626557,7400.404,5.5815845,0,,,,,890.9059504341357,0.0004701589,138.07847981146577,0.0005827265,0.011170861,0.07211852
7394.3984,5.5767226,-0.003713388,221825,890.9071090165482,138.07847773021223,6844.4336,4.7025065,1590.458,1.5615342,7394.3984,5.5767226,0,,,,,890.9071090165482,0.0004699167,138.07847773021223,0.00058210065,0.011321801,0.07267631
7404.743,5.5806794,-0.003713234,221826,890.9064297153351,138.07715618500018,6853.0386,4.7058434,1589.6018,1.5638084,7404.743,5.5806794,0,,,,,890.9064297153351,0.00046952287,138.07715618500018,0.0005820546,0.011934566,0.07091061
7405.466,5.580489,-0.00371308,221827,890.9057427629054,138.07802470265582,6852.8125,4.7056828,1587.665,1.5615768,7405.466,5.580489,0,,,,,890.9057427629054,0.0004695216,138.07802470265582,0.00058232574,0.01036474,0.07162554
7411.018,5.582104,-0.003712926,221828,890.9060011258804,138.0777655503143,6858.232,4.7070446,1590.7069,1.5628605,7411.018,5.582104,0,,,,,890.9060011258804,0.00046952203,138.0777655503143,0.0005814818,0.011315798,0.07138097
7400.427,5.579246,-0.0037127722,221829,890.9057798184472,138.07845762229906,6849.535,4.7046347,1590.235,1.5615196,7400.427,5.579246,0,,,,,890.9057798184472,0.00046964257,138.07845762229906,0.0005824764,0.011381288,0.07145177
7400.352,5.579442,-0.0037126183,221830,890.9065998389158,138.07673084865473,6850.4663,4.7048,1589.4,1.5625684,7400.352,5.579442,0,,,,,890.9065998389158,0.00046969388,138.07673084865473,0.00058167434,0.0119599495,0.07122927
7389.1045,5.575393,-0.0037124644,221831,890.9056919840403,138.07813257863558,6838.11,4.7013855,1588.685,1.561811,7389.1045,5.575393,0,,,,,890.9056919840403,0.00047023763,138.07813257863558,0.00058312324,0.011481528,0.07071716
7404.6787,5.5824556,-0.0037123105,221832,890.905353600115,138.0773555851853,6853.2617,4.707341,1591.4669,1.5635173,7404.6787,5.5824556,0,,,,,890.905353600115,0.00046986114,138.0773555851853,0.00058221637,0.011171623,0.07171129
7403.837,5.5805717,-0.0037121566,221833,890.90674160705,138.0756547028374,6850.6997,4.7057524,1590.9941,1.5620264,7403.837,5.5805717,0,,,,,890.90674160705,0.00046983047,138.0756547028374,0.0005820873,0.0117061455,0.07006543
7388.969,5.5765295,-0.0037120027,221834,890.9060992334595,138.07703010289814,6839.1875,4.7023435,1589.8287,1.5632061,7388.969,5.5765295,0,,,,,890.9060992334595,0.00047026263,138.07703010289814,0.00058264635,0.011108166,0.071107976
7404.687,5.581192,-0.0037118488,221835,890.9067111448744,138.0774615656067,6852.238,4.7062755,1587.9214,1.5613036,7404.687,5.581192,0,,,,,890.9067111448744,0.00046986522,138.0774615656067,0.00058208464,0.01160301,0.071329534
7400.924,5.577324,-0.0037116949,221836,890.905384217566,138.0767283753214,6850.413,4.7030134,1586.6726,1.5607243,7400.924,5.577324,0,,,,,890.905384217566,0.0004695492,138.0767283753214,0.0005817131,0.011423993,0.07101391
7412.0117,5.5808396,-0.003711541,221837,890.9056854338282,138.07816480798158,6857.7114,4.705978,1587.4056,1.5618368,7412.0117,5.5808396,0,,,,,890.9056854338282,0.00046930567,138.07816480798158,0.00058175134,0.0103755705,0.07077486
7405.3774,5.5786114,-0.0037113873,221838,890.9054288320162,138.07721725089874,6853.9814,4.704099,1586.0632,1.5609096,7405.3774,5.5786114,0,,,,,890.9054288320162,0.0004694449,138.07721725089874,0.0005814331,0.010565876,0.07221136
7404.455,5.579825,-0.0037112334,221839,890.9067179343615,138.07721015496728,6850.909,4.7051225,1588.005,1.5619911,7404.455,5.579825,0,,,,,890.9067179343615,0.00047003827,138.07721015496728,0.0005816418,0.012111541,0.07161488
7393.9565,5.578864,-0.0037110797,221840,890.9059124291834,138.07724726621527,6843.3496,4.7043123,1588.9537,1.5621489,7393.9565,5.578864,0,,,,,890.9059124291834,0.00047047948,138.07724726621527,0.0005821395,0.0104565555,0.070842475
7402.311,5.579045,-0.0037109258,221841,890.9058841343033,138.07766484376606,6850.7974,4.704465,1588.5118,1.5610714,7402.311,5.579045,0,,,,,890.9058841343033,0.00046971784,138.07766484376606,0.0005818918,0.011137724,0.07219411
7400.699,5.5768166,-0.0037107721,221842,890.9061490691275,138.07542097624795,6848.567,4.702586,1584.5332,1.560682,7400.699,5.5768166,0,,,,,890.9061490691275,0.00046972625,138.07542097624795,0.00058222236,0.011687384,0.06923429
7397.869,5.5772805,-0.0037106185,221843,890.9041914747412,138.07926643120896,6845.942,4.702977,1586.743,1.5613289,7397.869,5.5772805,0,,,,,890.9041914747412,0.00046991202,138.07926643120896,0.00058233005,0.009820223,0.07312613
7399.7197,5.5776057,-0.0037104646,221844,890.9064832001436,138.0776069782301,6849.2236,4.7032514,1588.3499,1.5615122,7399.7197,5.5776057,0,,,,,890.9064832001436,0.00046964578,138.0776069782301,0.0005816198,0.011783046,0.07184775
7394.1323,5.5797763,-0.003710311,221845,890.9048429520337,138.07773904823205,6843.612,4.705082,1588.1625,1.5629462,7394.1323,5.5797763,0,,,,,890.9048429520337,0.00047037602,138.07773904823205,0.0005828233,0.010793316,0.071894996
7406.4087,5.578768,-0.0037101572,221846,890.9069934733703,138.07774941014682,6854.2856,4.7042313,1585.9688,1.561043,7406.4087,5.578768,0,,,,,890.9069934733703,0.00046938093,138.07774941014682,0.0005815308,0.010923402,0.07152129
7402.8193,5.5770288,-0.0037100036,221847,890.9068239019952,138.07735361965902,6850.7666,4.702765,1584.5903,1.560994,7402.8193,5.5770288,0,,,,,890.9068239019952,0.0004694192,138.07735361965902,0.00058170175,0.011130621,0.07056166
7405.2803,5.5784063,-0.00370985,221848,890.9056570507184,138.07719717270544,6852.9893,4.7039266,1588.091,1.560393,7405.2803,5.5784063,0,,,,,890.9056570507184,0.00046933087,138.07719717270544,0.00058169494,0.010677647,0.07153223
7394.2324,5.5758777,-0.0037096965,221849,890.9054268818062,138.07822144669746,6843.392,4.701794,1586.1714,1.5613676,7394.2324,5.5758777,0,,,,,890.9054268818062,0.00046980797,138.07822144669746,0.00058189646,0.010583994,0.072073534
7402.122,5.5774527,-0.0037095428,221850,890.9060811172455,138.07684163353898,6847.7075,4.7031226,1585.898,1.5607058,7402.122,5.5774527,0,,,,,890.9060811172455,0.00046954138,138.07684163353898,0.0005822844,0.011119011,0.07029913
7402.357,5.577802,-0.0037093891,221851,890.9052987036506,138.0784901402003,6849.06,4.703417,1586.2511,1.5618217,7402.357,5.577802,0,,,,,890.9052987036506,0.0004696348,138.0784901402003,0.0005820154,0.010214816,0.07143993
7397.7495,5.576721,-0.0037092357,221852,890.9060061985247,138.0778595248637,6845.5825,4.7025056,1585.9327,1.5609571,7397.7495,5.576721,0,,,,,890.9060061985247,0.0004697168,138.0778595248637,0.0005822705,0.011674061,0.07103686
7398.7236,5.5806694,-0.003709082,221853,890.9057982150275,138.0789127020664,6847.4204,4.705835,1589.1514,1.5626918,7398.7236,5.5806694,0,,,,,890.9057982150275,0.00047046467,138.0789127020664,0.00058248214,0.010678912,0.07250139
7395.9775,5.576214,-0.0037089286,221854,890.9059617839762,138.07612531757903,6845.8794,4.702078,1585.8016,1.5608022,7395.9775,5.576214,0,,,,,890.9059617839762,0.0004696302,138.07612531757903,0.0005820728,0.011292023,0.071034715
7401.8145,5.5768,-0.003708775,221855,890.9062401920919,138.07658673789805,6849.3115,4.702572,1585.7645,1.5597221,7401.8145,5.5768,0,,,,,890.9062401920919,0.0004697527,138.07658673789805,0.00058154546,0.011077678,0.07013666
7406.8286,5.5794897,-0.0037086215,221856,890.9059805459183,138.077441223361,6854.5127,4.70484,1586.172,1.5606403,7406.8286,5.5794897,0,,,,,890.9059805459183,0.00046950034,138.077441223361,0.00058169325,0.010253611,0.07179454
7386.3984,5.5739417,-0.003708468,221857,890.9063713885398,138.07738346367833,6835.851,4.700162,1587.2377,1.560764,7386.3984,5.5739417,0,,,,,890.9063713885398,0.00047034936,138.07738346367833,0.00058259827,0.010893542,0.07171407
7395.8125,5.5765643,-0.0037083146,221858,890.905459395637,138.0768449585588,6843.732,4.7023735,1586.7843,1.5611155,7395.8125,5.5765643,0,,,,,890.905459395637,0.00046976312,138.0768449585588,0.0005822587,0.010836058,0.069835804
7411.9644,5.579448,-0.0037081612,221859,890.905341610604,138.07672362162174,6858.177,4.704805,1584.4598,1.5603557,7411.9644,5.579448,0,,,,,890.905341610604,0.00046934187,138.07672362162174,0.0005812462,0.011598567,0.070354216
7408.6665,5.578163,-0.0037080077,221860,890.9063328958928,138.07786555822045,6854.733,4.7037215,1583.5452,1.5593561,7408.6665,5.578163,0,,,,,890.9063328958928,0.00046930002,138.07786555822045,0.00058207236,0.011873139,0.06995341
7399.8105,5.576435,-0.0037078545,221861,890.9067880037622,138.07758749655994,6849.3613,4.702264,1583.6669,1.5603085,7399.8105,5.576435,0,,,,,890.9067880037622,0.00046960326,138.07758749655994,0.0005816336,0.0117377415,0.070882425
7399.8164,5.5775375,-0.003707701,221862,890.9056418063197,138.07730680295217,6848.7847,4.703194,1585.0486,1.5621635,7399.8164,5.5775375,0,,,,,890.9056418063197,0.00046944505,138.07730680295217,0.00058161234,0.010734299,0.07224021
7396.7847,5.5740957,-0.003707548,221863,890.9052076055974,138.07710877626675,6845.454,4.7002916,1580.945,1.5583688,7396.7847,5.5740957,0,,,,,890.9052076055974,0.00046963914,138.07710877626675,0.00058209663,0.010595161,0.07063617
7397.277,5.5778847,-0.0037073945,221864,890.9072779015831,138.07800227494215,6845.807,4.703487,1585.0978,1.5618111,7397.277,5.5778847,0,,,,,890.9072779015831,0.0004700774,138.07800227494215,0.0005826441,0.01273485,0.07179931
7402.333,5.578195,-0.0037072413,221865,890.9056446926887,138.07720516072416,6850.361,4.703748,1585.5209,1.5624886,7402.333,5.578195,0,,,,,890.9056446926887,0.00046947642,138.07720516072416,0.00058174215,0.010040503,0.07084028
7404.0884,5.579284,-0.003707088,221866,890.9053081064228,138.07708564449916,6851.3184,4.704667,1586.1161,1.5622231,7404.0884,5.579284,0,,,,,890.9053081064228,0.00046972907,138.07708564449916,0.0005817792,0.010945871,0.07150729
7399.2505,5.5765038,-0.0037069346,221867,890.9067919668257,138.07815529314504,6846.416,4.702322,1586.1847,1.5606141,7399.2505,5.5765038,0,,,,,890.9067919668257,0.0004697071,138.07815529314504,0.0005821629,0.010479893,0.07078402
7396.0034,5.577066,-0.0037067814,221868,890.9066102474994,138.07699014967412,6845.058,4.7027965,1588.1726,1.5623851,7396.0034,5.577066,0,,,,,890.9066102474994,0.0004698916,138.07699014967412,0.0005821111,0.010903916,0.07094508
7402.187,5.577229,-0.0037066282,221869,890.9054079828873,138.07792179679595,6850.5938,4.702934,1584.7319,1.5602738,7402.187,5.577229,0,,,,,890.9054079828873,0.0004695178,138.07792179679595,0.0005816119,0.009734393,0.07193042
7400.441,5.578909,-0.0037064753,221870,890.906375137271,138.07736643104025,6847.352,4.70435,1583.9836,1.562048,7400.441,5.578909,0,,,,,890.906375137271,0.0004698778,138.07736643104025,0.0005828177,0.011526608,0.07035114
7394.828,5.576023,-0.003706322,221871,890.9055440067411,138.07696897984744,6843.245,4.7019167,1587.6666,1.5611846,7394.828,5.576023,0,,,,,890.9055440067411,0.00046960992,138.07696897984744,0.0005823132,0.011254685,0.070509344
7395.217,5.5764594,-0.0037061688,221872,890.9057681771403,138.0771014523389,6843.508,4.7022853,1584.6836,1.5612009,7395.217,5.5764594,0,,,,,890.9057681771403,0.00047018126,138.0771014523389,0.0005824947,0.011403761,0.07042649
7408.3477,5.576506,-0.0037060159,221873,890.9059179783961,138.0784398912815,6853.737,4.702324,1581.4825,1.5592762,7408.3477,5.576506,0,,,,,890.9059179783961,0.00046934045,138.0784398912815,0.0005818193,0.011231953,0.071187764
7403.333,5.5772815,-0.003705863,221874,890.9057180494896,138.07709950006964,6850.105,4.702978,1584.1648,1.5602477,7403.333,5.5772815,0,,,,,890.9057180494896,0.00046952072,138.07709950006964,0.00058171496,0.01047457,0.07088724
7402.1587,5.5773773,-0.0037057097,221875,890.9060416044915,138.07771880677296,6849.823,4.7030587,1584.7822,1.561093,7402.1587,5.5773773,0,,,,,890.9060416044915,0.00046958553,138.07771880677296,0.0005817948,0.011253323,0.07118627
7397.4277,5.5753217,-0.0037055567,221876,890.9060933397149,138.07765068487691,6846.758,4.7013254,1583.4531,1.5597239,7397.4277,5.5753217,0,,,,,890.9060933397149,0.00046945002,138.07765068487691,0.00058194925,0.011275597,0.07098388
7395.4966,5.5757875,-0.0037054038,221877,890.9058185200885,138.0776134941712,6844.159,4.7017183,1584.1522,1.5601802,7395.4966,5.5757875,0,,,,,890.9058185200885,0.00046954758,138.0776134941712,0.0005819346,0.009982691,0.07080318
7391.614,5.575318,-0.0037052508,221878,890.9063246030429,138.07763747095527,6840.467,4.701322,1585.17,1.5610943,7391.614,5.575318,0,,,,,890.9063246030429,0.00047006088,138.07763747095527,0.00058261026,0.011315699,0.07055529
7396.2607,5.576663,-0.003705098,221879,890.905459354124,138.07813225815113,6844.35,4.7024565,1583.9016,1.5607404,7396.2607,5.576663,0,,,,,890.905459354124,0.0004700205,138.07813225815113,0.0005820039,0.010636718,0.07113589
7400.0474,5.5769176,-0.003704945,221880,890.9055551719817,138.07712158339774,6847.7334,4.7026715,1584.6465,1.5610821,7400.0474,5.5769176,0,,,,,890.9055551719817,0.00046959752,138.07712158339774,0.0005820532,0.010844007,0.07055828
7393.0386,5.57422,-0.0037047924,221881,890.9069321171323,138.07622792881227,6840.9243,4.7003965,1584.8812,1.5602765,7393.0386,5.57422,0,,,,,890.9069321171323,0.00047011324,138.07622792881227,0.0005824936,0.011405534,0.06973099
7413.9307,5.5794415,-0.0037046394,221882,890.9055534126765,138.0772745856692,6859.374,4.7047997,1583.2488,1.5595908,7413.9307,5.5794415,0,,,,,890.9055534126765,0.0004692051,138.0772745856692,0.0005815665,0.010924125,0.07081066
7394.5425,5.5761466,-0.0037044866,221883,890.9057639999753,138.076197327489,6843.5015,4.702021,1586.4213,1.5611821,7394.5425,5.5761466,0,,,,,890.9057639999753,0.00046995227,138.076197327489,0.00058212195,0.010573067,0.0699157
7403.7095,5.577668,-0.003704334,221884,890.9063565500109,138.078596620818,6848.938,4.703304,1585.0242,1.5608395,7403.7095,5.577668,0,,,,,890.9063565500109,0.00046984144,138.078596620818,0.0005821754,0.011681511,0.07067928
7398.405,5.578457,-0.0037041812,221885,890.905089286973,138.0774255048883,6845.517,4.703969,1586.6356,1.563954,7398.405,5.578457,0,,,,,890.905089286973,0.00046966173,138.0774255048883,0.0005824172,0.010123722,0.072154544
7401.4805,5.5768933,-0.0037040284,221886,890.9055264733465,138.07685325589503,6848.3096,4.7026505,1582.5312,1.5599676,7401.4805,5.5768933,0,,,,,890.9055264733465,0.00046972788,138.07685325589503,0.00058174186,0.010919537,0.07013509
7398.5986,5.575461,-0.0037038757,221887,890.9059768293297,138.0762731284193,6844.9404,4.7014427,1582.2418,1.55985,7398.5986,5.575461,0,,,,,890.9059768293297,0.00046984936,138.0762731284193,0.0005822002,0.011127279,0.069774285
7399.888,5.5767636,-0.0037037232,221888,890.9071872413062,138.07746469006085,6844.081,4.7025414,1582.8403,1.560495,7399.888,5.5767636,0,,,,,890.9071872413062,0.00047023015,138.07746469006085,0.00058266264,0.01147346,0.07029662
7392.8696,5.574846,-0.0037035705,221889,890.9056101186698,138.07766002438885,6840.8433,4.700924,1585.8291,1.560803,7392.8696,5.574846,0,,,,,890.9056101186698,0.0004700246,138.07766002438885,0.0005826933,0.010551153,0.070804365
7405.076,5.5791993,-0.003703418,221890,890.9058324936652,138.07698816368838,6851.2324,4.7045956,1583.0946,1.5611088,7405.076,5.5791993,0,,,,,890.9058324936652,0.00046981435,138.07698816368838,0.0005818055,0.011041308,0.07133382
7399.357,5.573703,-0.0037032655,221891,890.9063932208286,138.07678840607682,6844.735,4.69996,1581.0175,1.5591835,7399.357,5.573703,0,,,,,890.9063932208286,0.00046962945,138.07678840607682,0.00058207905,0.010946843,0.06971465
7403.227,5.5784764,-0.003703113,221892,890.9048992184423,138.07708544395618,6850.204,4.7039857,1583.5685,1.5607326,7403.227,5.5784764,0,,,,,890.9048992184423,0.00046947942,138.07708544395618,0.00058184814,0.010528828,0.07132256
7414.187,5.5805244,-0.0037029604,221893,890.9070910649449,138.07531631540488,6857.825,4.7057123,1580.9054,1.5590554,7414.187,5.5805244,0,,,,,890.9070910649449,0.00046950963,138.07531631540488,0.0005816207,0.011826942,0.06933868
7395.2036,5.5739484,-0.003702808,221894,890.9050163320973,138.07771822546485,6842.8594,4.700167,1582.0906,1.5592076,7395.2036,5.5739484,0,,,,,890.9050163320973,0.0004696509,138.07771822546485,0.0005822624,0.010955825,0.07129402
7398.942,5.5737324,-0.0037026554,221895,890.9078251795631,138.07582809007675,6844.045,4.6999855,1582.5059,1.5583205,7398.942,5.5737324,0,,,,,890.9078251795631,0.00046982864,138.07582809007675,0.00058221153,0.0110840285,0.068427205
7400.666,5.5757794,-0.0037025032,221896,890.9052425055285,138.0779108490286,6846.3384,4.701711,1582.1614,1.5595368,7400.666,5.5757794,0,,,,,890.9052425055285,0.00046959054,138.0779108490286,0.00058215205,0.009995732,0.071639776
7404.6963,5.5764155,-0.003702351,221897,890.9056880860558,138.07720820984287,6850.746,4.7022476,1582.3862,1.5594999,7404.6963,5.5764155,0,,,,,890.9056880860558,0.00046936297,138.07720820984287,0.0005818574,0.011059298,0.070397004
7408.0474,5.5772667,-0.0037021984,221898,890.9066609372601,138.0763584131877,6852.2817,4.7029653,1579.753,1.5590526,7408.0474,5.5772667,0,,,,,890.9066609372601,0.00046948539,138.0763584131877,0.00058182236,0.012005079,0.06956557
7402.84,5.577094,-0.0037020461,221899,890.905134449335,138.07727198970198,6847.587,4.70282,1583.7294,1.5617245,7402.84,5.577094,0,,,,,890.905134449335,0.0004696675,138.07727198970198,0.0005821168,0.009860567,0.07158854
7402.8345,5.576586,-0.0037018938,221900,890.9049558753504,138.0773121269656,6848.5776,4.7023916,1581.391,1.5599847,7402.8345,5.576586,0,,,,,890.9049558753504,0.00046959345,138.0773121269656,0.00058208476,0.010378375,0.07041892
7394.5894,5.5734563,-0.0037017418,221901,890.9062121079401,138.07675807973112,6840.59,4.6997523,1580.7755,1.5614185,7394.5894,5.5734563,0,,,,,890.9062121079401,0.0004698738,138.07675807973112,0.00058214995,0.011925327,0.06909981
7406.5913,5.575246,-0.0037015895,221902,890.90507115596,138.07760732747656,6851.1045,4.7012615,1579.954,1.5589068,7406.5913,5.575246,0,,,,,890.90507115596,0.00046949383,138.07760732747656,0.000581544,0.010256442,0.07078937
7406.8687,5.574768,-0.0037014375,221903,890.9057842708003,138.0767514075139,6850.023,4.700859,1579.2411,1.5581859,7406.8687,5.574768,0,,,,,890.9057842708003,0.0004694098,138.0767514075139,0.00058194326,0.010611119,0.06949839
7408.6763,5.575614,-0.0037012855,221904,890.9056051314722,138.07765558794563,6853.6206,4.701572,1579.6945,1.5584736,7408.6763,5.575614,0,,,,,890.9056051314722,0.00046917933,138.07765558794563,0.00058150385,0.010832351,0.0704842
7398.551,5.573286,-0.0037011332,221905,890.9052265824089,138.07753894897724,6843.0474,4.699609,1580.7028,1.5587356,7398.551,5.573286,0,,,,,890.9052265824089,0.00046986117,138.07753894897724,0.00058217323,0.010107024,0.07098611
7411.123,5.577193,-0.0037009814,221906,890.9062392469398,138.07702822322938,6853.3267,4.7029033,1578.9641,1.5588201,7411.123,5.577193,0,,,,,890.9062392469398,0.00046939272,138.07702822322938,0.00058138254,0.010691833,0.0701172
7397.679,5.5734477,-0.0037008293,221907,890.9059253255099,138.07746170524197,6843.3086,4.6997457,1581.1807,1.5585732,7397.679,5.5734477,0,,,,,890.9059253255099,0.00046978638,138.07746170524197,0.00058187137,0.010641547,0.070745
7409.4307,5.5759745,-0.0037006773,221908,890.9060700231678,138.07629485926358,6853.2056,4.701876,1576.4252,1.5576936,7409.4307,5.5759745,0,,,,,890.9060700231678,0.00046922005,138.07629485926358,0.00058153865,0.011148684,0.06935135
7417.426,5.5780697,-0.0037005255,221909,890.9048898253334,138.07782104267656,6859.2974,4.7036424,1578.9794,1.5604966,7417.426,5.5780697,0,,,,,890.9048898253334,0.0004687177,138.07782104267656,0.0005812386,0.010145933,0.070362516
7399.3975,5.5762067,-0.0037003737,221910,890.9056076475894,138.07787672162237,6843.905,4.7020717,1581.122,1.5606041,7399.3975,5.5762067,0,,,,,890.9056076475894,0.00046945643,138.07787672162237,0.0005824883,0.010286322,0.07003979
7398.038,5.5725694,-0.0037002217,221911,890.905039380219,138.07718875941535,6843.7803,4.6990047,1577.6366,1.5582141,7398.038,5.5725694,0,,,,,890.905039380219,0.00046977957,138.07718875941535,0.00058190426,0.011411018,0.06928788
7401.771,5.5743213,-0.00370007,221912,890.9047346952323,138.07786241301002,6845.3647,4.700482,1580.1627,1.559662,7401.771,5.5743213,0,,,,,890.9047346952323,0.0004696267,138.07786241301002,0.0005822527,0.009403612,0.070770584
7407.9053,5.5750957,-0.0036999183,221913,890.9053340791645,138.07733019765615,6850.712,4.7011347,1579.4418,1.5581399,7407.9053,5.5750957,0,,,,,890.9053340791645,0.00046933157,138.07733019765615,0.0005814615,0.010602984,0.07140761
7405.672,5.5749598,-0.0036997665,221914,890.9065625469028,138.07636116502707,6849.787,4.7010202,1579.8717,1.5591922,7405.672,5.5749598,0,,,,,890.9065625469028,0.00046938364,138.07636116502707,0.00058170134,0.010260879,0.06883942
7399.9175,5.575007,-0.003699615,221915,890.9050674862002,138.0768585649603,6843.7744,4.7010603,1579.1665,1.5591569,7399.9175,5.575007,0,,,,,890.9050674862002,0.00046997456,138.0768585649603,0.0005821797,0.009470673,0.07033474
7400.568,5.5725837,-0.0036994633,221916,890.9062605770882,138.07664053384687,6844.667,4.6990166,1578.2479,1.5575314,7400.568,5.5725837,0,,,,,890.9062605770882,0.00046970035,138.07664053384687,0.00058173854,0.011138155,0.06984739
7402.4814,5.5704746,-0.0036993115,221917,890.9051398919986,138.07697047142597,6845.398,4.6972384,1574.2777,1.5564008,7402.4814,5.5704746,0,,,,,890.9051398919986,0.00046926967,138.07697047142597,0.0005816064,0.010231785,0.07026659
7402.641,5.5739355,-0.0036991602,221918,890.9066306419668,138.07743515038067,6844.678,4.7001567,1577.261,1.5585244,7402.641,5.5739355,0,,,,,890.9066306419668,0.0004699028,138.07743515038067,0.00058214384,0.01070811,0.0698587
7410.3457,5.575842,-0.0036990086,221919,890.9047186586098,138.0773126156732,6854.0923,4.701764,1578.2856,1.5584297,7410.3457,5.575842,0,,,,,890.9047186586098,0.00046912432,138.0773126156732,0.0005814356,0.009822985,0.0703877
7399.819,5.5721655,-0.003698857,221920,890.9061912947095,138.0784383511217,6845.2666,4.698664,1575.2954,1.5561213,7399.819,5.5721655,0,,,,,890.9061912947095,0.00046960489,138.0784383511217,0.00058200373,0.010836682,0.071109444
7393.117,5.570832,-0.0036987057,221921,890.9060363187216,138.07665467683702,6838.437,4.6975393,1577.2145,1.5578538,7393.117,5.570832,0,,,,,890.9060363187216,0.00046964886,138.07665467683702,0.00058223004,0.01108106,0.069633015
7403.054,5.573939,-0.0036985544,221922,890.904496262581,138.07748424228473,6845.042,4.7001595,1576.7335,1.5604814,7403.054,5.573939,0,,,,,890.904496262581,0.000469567,138.07748424228473,0.00058208837,0.009432407,0.06997092
7404.974,5.5727687,-0.003698403,221923,890.9055652164171,138.07652115501185,6849.3413,4.6991725,1574.4335,1.5579168,7404.974,5.5727687,0,,,,,890.9055652164171,0.0004692345,138.07652115501185,0.0005815735,0.009982547,0.06966795
7406.9526,5.5737033,-0.0036982517,221924,890.9043779782609,138.07674090369395,6849.076,4.6999607,1574.9148,1.5595208,7406.9526,5.5737033,0,,,,,890.9043779782609,0.00046931932,138.07674090369395,0.00058155623,0.009132051,0.07033329
7410.049,5.5733104,-0.0036981006,221925,890.9058127816198,138.07626191838338,6851.0093,4.6996293,1575.8649,1.5566381,7410.049,5.5733104,0,,,,,890.9058127816198,0.00046913425,138.07626191838338,0.0005816621,0.01023869,0.06863906
7393.9727,5.5695004,-0.0036979492,221926,890.9058437655711,138.07651962700092,6838.897,4.696417,1574.8396,1.5575842,7393.9727,5.5695004,0,,,,,890.9058437655711,0.0004694892,138.07651962700092,0.0005819707,0.0092392545,0.07020425
7406.198,5.574562,-0.0036977981,221927,890.9064645480596,138.0763538662675,6850.607,4.700685,1575.5865,1.5573558,7406.198,5.574562,0,,,,,890.9064645480596,0.00046938643,138.0763538662675,0.0005816507,0.010997196,0.06926973
7394.9736,5.572061,-0.003697647,221928,890.9055413091291,138.07740217332116,6841.3115,4.6985765,1574.7806,1.5578078,7394.9736,5.572061,0,,,,,890.9055413091291,0.0004697429,138.07740217332116,0.000582071,0.010225689,0.069774434
7396.0303,5.5705943,-0.003697496,221929,890.9051802135139,138.0762158173809,6841.3447,4.697339,1575.8341,1.5566963,7396.0303,5.5705943,0,,,,,890.9051802135139,0.00046975442,138.0762158173809,0.00058209035,0.0107744215,0.069294445
7400.1646,5.572196,-0.003697345,221930,890.9058271272818,138.07659914153913,6845.7905,4.69869,1575.1959,1.5570605,7400.1646,5.572196,0,,,,,890.9058271272818,0.0004694501,138.07659914153913,0.0005815097,0.010362569,0.06999376
7399.91,5.5732017,-0.003697194,221931,890.9056110413612,138.07774549688773,6845.559,4.699538,1576.5352,1.558633,7399.91,5.5732017,0,,,,,890.9056110413612,0.00046946044,138.07774549688773,0.0005819203,0.009696734,0.069895744
7405.0225,5.5724745,-0.003697043,221932,890.9061531694352,138.0762454963891,6848.763,4.6989245,1573.1659,1.5570377,7405.0225,5.5724745,0,,,,,890.9061531694352,0.00046934403,138.0762454963891,0.0005817875,0.010656107,0.06885169
7397.574,5.570955,-0.0036968922,221933,890.9061201693809,138.0758239863143,6843.5723,4.697643,1573.297,1.5573466,7397.574,5.570955,0,,,,,890.9061201693809,0.00046918768,138.0758239863143,0.0005816884,0.010626328,0.06841845
7400.3203,5.574029,-0.0036967413,221934,890.9050307868172,138.0776420424149,6845.682,4.7002354,1575.8762,1.5577568,7400.3203,5.574029,0,,,,,890.9050307868172,0.00046961082,138.0776420424149,0.00058199925,0.008764772,0.06923961
7396.0996,5.571911,-0.0036965907,221935,890.906929548389,138.07596547897097,6841.5303,4.698449,1576.1998,1.5574651,7396.0996,5.571911,0,,,,,890.906929548389,0.00046990925,138.07596547897097,0.0005822716,0.011982037,0.06806802
7398.2954,5.5705137,-0.0036964398,221936,890.9060310973964,138.07744875398458,6843.489,4.6972713,1574.7632,1.556541,7398.2954,5.5705137,0,,,,,890.9060310973964,0.00046947988,138.07744875398458,0.00058180414,0.009436352,0.07063423
7399.159,5.5724015,-0.0036962891,221937,890.9051219221702,138.0754809581831,6847.1914,4.698863,1573.9955,1.5567001,7399.159,5.5724015,0,,,,,890.9051219221702,0.00046936612,138.0754809581831,0.0005815403,0.010332034,0.06916433
7393.181,5.568969,-0.0036961385,221938,890.9056320254894,138.0769791838818,6839.683,4.695968,1574.3904,1.5561838,7393.181,5.568969,0,,,,,890.9056320254894,0.00046959505,138.0769791838818,0.0005816855,0.010229049,0.070488036
7406.952,5.573041,-0.0036959879,221939,890.9043795085227,138.07804302482137,6852.43,4.6994023,1572.3245,1.5555129,7406.952,5.573041,0,,,,,890.9043795085227,0.00046924248,138.07804302482137,0.0005812947,0.009499479,0.070422366
7405.791,5.5734262,-0.0036958375,221940,890.905417195056,138.07692783900248,6850.5586,4.699727,1573.2208,1.5561653,7405.791,5.5734262,0,,,,,890.905417195056,0.00046933108,138.07692783900248,0.0005816617,0.010138237,0.06947252
7393.678,5.5701585,-0.0036956868,221941,890.9051493864915,138.0751412603856,6838.523,4.6969714,1575.1768,1.5573952,7393.678,5.5701585,0,,,,,890.9051493864915,0.00046977223,138.0751412603856,0.0005822049,0.009924024,0.06826741
7406.9883,5.572434,-0.0036955364,221942,890.9047246445114,138.076490095652,6852.744,4.69889,1571.5352,1.5556457,7406.9883,5.572434,0,,,,,890.9047246445114,0.00046889597,138.076490095652,0.00058118306,0.009326106,0.06981493
7404.4653,5.5734577,-0.003695386,221943,890.9050251278805,138.07696057426978,6849.923,4.6997538,1575.4037,1.5570378,7404.4653,5.5734577,0,,,,,890.9050251278805,0.00046916844,138.07696057426978,0.0005817564,0.010006628,0.068821795
7397.0234,5.571277,-0.0036952358,221944,890.9058333790985,138.0757997766158,6844.887,4.697915,1573.0073,1.5576656,7397.0234,5.571277,0,,,,,890.9058333790985,0.00046933745,138.0757997766158,0.0005814868,0.01062111,0.069082156
7402.054,5.571303,-0.0036950854,221945,890.9049113135792,138.07596524132157,6847.282,4.6979365,1571.8228,1.5556797,7402.054,5.571303,0,,,,,890.9049113135792,0.00046954624,138.07596524132157,0.00058159104,0.010040996,0.06861139
7386.8794,5.5681043,-0.0036949352,221946,890.9047598321255,138.07730654453502,6836.099,4.6952395,1571.7737,1.555715,7386.8794,5.5681043,0,,,,,890.9047598321255,0.00046974493,138.07730654453502,0.00058170373,0.009052226,0.07041808
7394.5146,5.570419,-0.003694785,221947,890.9054828584136,138.07743106385854,6842.4395,4.697191,1573.2952,1.5563997,7394.5146,5.570419,0,,,,,890.9054828584136,0.00046931833,138.07743106385854,0.0005820612,0.01013755,0.069560215
7405.397,5.575504,-0.003694635,221948,890.9048394538003,138.07598095839663,6852.263,4.701479,1572.6628,1.5593333,7405.397,5.575504,0,,,,,890.9048394538003,0.0004692931,138.07598095839663,0.00058129296,0.0092641385,0.06971792
7400.199,5.5716624,-0.0036944847,221949,890.9054351009111,138.0761915034064,6847.946,4.69824,1569.8601,1.5574702,7400.199,5.5716624,0,,,,,890.9054351009111,0.00046907266,138.0761915034064,0.00058149075,0.010563345,0.0693451
7398.919,5.570736,-0.0036943348,221950,890.9053149181581,138.07672738671377,6845.62,4.6974583,1571.5557,1.5571446,7398.919,5.570736,0,,,,,890.9053149181581,0.00046922476,138.07672738671377,0.00058184343,0.009785276,0.06895349
7399.497,5.571102,-0.0036941848,221951,890.9052012898826,138.07566853961941,6847.007,4.6977673,1572.0021,1.5565742,7399.497,5.571102,0,,,,,890.9052012898826,0.00046887642,138.07566853961941,0.00058110565,0.009910691,0.06877544
7402.0977,5.571561,-0.0036940349,221952,890.9052592680886,138.07621957621294,6850.532,4.698154,1570.3025,1.5553828,7402.0977,5.571561,0,,,,,890.9052592680886,0.0004690992,138.07621957621294,0.00058125966,0.009731397,0.067890175
7400.8516,5.573246,-0.003693885,221953,890.9042671891008,138.07642134353281,6848.5093,4.699575,1573.4042,1.558967,7400.8516,5.573246,0,,,,,890.9042671891008,0.0004692038,138.07642134353281,0.0005816337,0.009731605,0.0695505
7402.043,5.5708833,-0.003693735,221954,890.9049105610441,138.07651952874158,6849.382,4.6975827,1570.1006,1.5549648,7402.043,5.5708833,0,,,,,890.9049105610441,0.00046918824,138.07651952874158,0.00058095524,0.009920546,0.0696005
7399.7627,5.5715857,-0.0036935853,221955,890.9040465180501,138.076247843218,6847.676,4.698175,1572.8453,1.5572512,7399.7627,5.5715857,0,,,,,890.9040465180501,0.0004691929,138.076247843218,0.00058136793,0.008859506,0.069941714
7391.0723,5.572618,-0.0036934356,221956,890.9051950062899,138.0763163513873,6841.215,4.6990457,1571.2885,1.5576725,7391.0723,5.572618,0,,,,,890.9051950062899,0.00046998213,138.0763163513873,0.00058208394,0.00922972,0.068973474
7395.2393,5.5720177,-0.0036932859,221957,890.9054586411886,138.07638234867315,6844.546,4.6985393,1571.6116,1.5577226,7395.2393,5.5720177,0,,,,,890.9054586411886,0.00046950867,138.07638234867315,0.0005819202,0.009898944,0.06893737
7401.718,5.5722933,-0.0036931364,221958,890.9056348292598,138.07655006027434,6849.0586,4.698772,1573.3336,1.5568308,7401.718,5.5722933,0,,,,,890.9056348292598,0.00046943902,138.07655006027434,0.00058130076,0.009456471,0.06965505
7391.7954,5.5695705,-0.0036929867,221959,890.9050927033063,138.07655375122283,6841.718,4.696476,1571.2993,1.5563053,7391.7954,5.5695705,0,,,,,890.9050927033063,0.00046927706,138.07655375122283,0.00058179186,0.010141025,0.068413824
7389.3774,5.5689282,-0.0036928372,221960,890.9046841132578,138.0769838366855,6840.2695,4.6959343,1570.8481,1.5561708,7389.3774,5.5689282,0,,,,,890.9046841132578,0.00046948227,138.0769838366855,0.0005817029,0.009096364,0.06984967
7392.322,5.569254,-0.0036926877,221961,890.9055294586251,138.07576985376528,6842.624,4.696209,1570.4338,1.5552908,7392.322,5.569254,0,,,,,890.9055294586251,0.0004694652,138.07576985376528,0.00058172527,0.009764945,0.06788426
7388.126,5.568842,-0.0036925385,221962,890.905532651821,138.07626009458397,6838.212,4.6958613,1569.9099,1.5565735,7388.126,5.568842,0,,,,,890.905532651821,0.00046967436,138.07626009458397,0.0005823875,0.010346498,0.06841712
7395.8296,5.5693765,-0.003692389,221963,890.9053584987417,138.07657355741446,6845.5757,4.696312,1568.3546,1.5545645,7395.8296,5.5693765,0,,,,,890.9053584987417,0.000469174,138.07657355741446,0.0005814886,0.008891797,0.06915842
7394.387,5.570566,-0.0036922398,221964,890.905047440531,138.07672496387397,6844.115,4.6973157,1568.5631,1.5564488,7394.387,5.570566,0,,,,,890.905047440531,0.00046946228,138.07672496387397,0.00058204035,0.009797526,0.06820123
7393.0454,5.5682907,-0.0036920905,221965,890.9053492570704,138.0764914792528,6843.3726,4.6953964,1568.5432,1.554521,7393.0454,5.5682907,0,,,,,890.9053492570704,0.00046929592,138.0764914792528,0.0005814267,0.0090659605,0.069695264
7396.0854,5.5698147,-0.0036919413,221966,890.9052852569125,138.07569225305636,6846.488,4.6966815,1569.7043,1.5546083,7396.0854,5.5698147,0,,,,,890.9052852569125,0.00046912167,138.07569225305636,0.00058136025,0.00939104,0.06798421
7399.5786,5.570586,-0.0036917923,221967,890.9053755006031,138.07684361911595,6847.0903,4.6973324,1569.7021,1.5564294,7399.5786,5.570586,0,,,,,890.9053755006031,0.00046920887,138.07684361911595,0.00058158836,0.009366262,0.068730235
7394.4175,5.569746,-0.003691643,221968,890.9059079428771,138.07603960845134,6844.747,4.696624,1568.0907,1.5556338,7394.4175,5.569746,0,,,,,890.9059079428771,0.0004692819,138.07603960845134,0.00058132806,0.009115009,0.06804199
7399.245,5.570866,-0.003691494,221969,890.904920577356,138.0776042269826,6850.951,4.6975684,1566.943,1.5550169,7399.245,5.570866,0,,,,,890.904920577356,0.00046900817,138.0776042269826,0.0005810897,0.010117142,0.07023822
7386.537,5.5674996,-0.0036913452,221970,890.9052786103064,138.0756547960493,6839.1294,4.69473,1568.659,1.554767,7386.537,5.5674996,0,,,,,890.9052786103064,0.0004694231,138.0756547960493,0.0005819544,0.009742209,0.06765479
7392.1626,5.5711756,-0.0036911962,221971,890.9039038220417,138.07686192393345,6844.1265,4.6978292,1571.5891,1.5574812,7392.1626,5.5711756,0,,,,,890.9039038220417,0.00046943253,138.07686192393345,0.00058178266,0.009154976,0.06818376
7389.918,5.5687804,-0.0036910474,221972,890.905692937637,138.0760246451794,6844.9033,4.69581,1568.253,1.5542151,7389.918,5.5687804,0,,,,,890.905692937637,0.00046905276,138.0760246451794,0.0005813584,0.009172552,0.06830006
7405.0283,5.571922,-0.0036908987,221973,890.9049861009003,138.07637290336615,6856.737,4.6984587,1565.7302,1.5538913,7405.0283,5.571922,0,,,,,890.9049861009003,0.00046840907,138.07637290336615,0.0005805616,0.009280715,0.06863345
7392.0923,5.5701528,-0.0036907499,221974,890.9046734543426,138.07654686854565,6846.4287,4.6969666,1568.8438,1.5560702,7392.0923,5.5701528,0,,,,,890.9046734543426,0.00046907863,138.07654686854565,0.00058133516,0.009496554,0.06965826
7390.0913,5.5674596,-0.003690601,221975,890.9052641258385,138.0760224282309,6843.0527,4.694696,1566.9252,1.5540351,7390.0913,5.5674596,0,,,,,890.9052641258385,0.0004693398,138.0760224282309,0.00058125966,0.010095555,0.06875516
7392.115,5.5701017,-0.0036904525,221976,890.9057324538303,138.07510197616577,6846.902,4.696924,1568.1383,1.5542912,7392.115,5.5701017,0,,,,,890.9057324538303,0.00046898902,138.07510197616577,0.00058147253,0.009960033,0.06785696
7391.781,5.5676847,-0.003690304,221977,890.9057125264632,138.07662278037083,6845.65,4.6948853,1564.6637,1.5529215,7391.781,5.5676847,0,,,,,890.9057125264632,0.00046921414,138.07662278037083,0.0005808645,0.009840558,0.067915946
7386.5015,5.5678067,-0.0036901555,221978,890.9052859829122,138.07679948790988,6841.207,4.6949887,1567.5092,1.5550758,7386.5015,5.5678067,0,,,,,890.9052859829122,0.00046940095,138.07679948790988,0.00058150786,0.008430978,0.069626
